{"FCI": -0.9543386010184702, "Energy": -0.9200352055497769, "Loss": [-0.3844210863908135, -0.38521348310336156, -0.38610448970145056, -0.3871039366572468, -0.3882154609482318, -0.38944237823377414, -0.39078797455634495, -0.39225554216582514, -0.3938483669909677, -0.39556970458357377, -0.39742275366844904, -0.3994106298882309, -0.4015363404637672, -0.40380275991911, -0.40621260685653543, -0.40876842173807404, -0.4114725456436487, -0.414327099999719, -0.41733396729514605, -0.4204947728194621, -0.4238108674722834, -0.42728331170181877, -0.4309128606357987, -0.4346999504705984, -0.438644686184274, -0.4427468306372495, -0.44700579512091054, -0.4514206314095928, -0.4559900253657712, -0.4607122921417836, -0.46558537301438024, -0.47060683388083907, -0.4757738654375188, -0.48108328505359355, -0.4865315403443614, -0.4921147144400797, -0.49782853293775065, -0.5036683725147701, -0.5096292711747964, -0.5157059400878142, -0.521892776977993, -0.52818388100477, -0.5345730690746048, -0.5410538935130347, -0.5476196610191751, -0.5542634528175843, -0.5609781459154844, -0.5677564353668908, -0.5745908574390379, -0.5814738135709141, -0.5883975950085336, -0.5953544079969921, -0.6023363994053521, -0.6093356826569405, -0.6163443638349392, -0.6233545678310758, -0.6303584644038286, -0.637348294012037, -0.64431639328992, -0.6512552200305461, -0.6581573775465328, -0.6650156382794408, -0.6718229665327433, -0.6785725402075975, -0.6852577714257718, -0.6918723259300757, -0.6984101411594125, -0.7048654429032105, -0.7112327604483009, -0.7175069401404425, -0.7236831572924606, -0.7297569263813753, -0.7357241094879813, -0.7415809229437667, -0.747323942162142, -0.7529501046432767, -0.7584567111544467, -0.7638414251006879, -0.7691022701134365, -0.7742376258977202, -0.7792462223912779, -0.784127132301393, -0.788879762097395, -0.7935038415483125, -0.7979994119060609, -0.8023668128446617, -0.8066066682750949, -0.8107198711634728, -0.8147075674870539, -0.8185711394680797, -0.8223121882295223, -0.8259325160192879, -0.8294341081502971, -0.8328191148031465, -0.8360898328354583, -0.8392486877380299, -0.8422982158718997, -0.8452410471132552, -0.8480798880241424, -0.8508175056568119, -0.8534567120882579, -0.8560003497691796, -0.858451277758626, -0.8608123589020847, -0.8630864479969995, -0.8652763809759961, -0.8673849651245747, -0.8694149703370124, -0.8713691214019496, -0.8732500912976924, -0.8750604954669386, -0.876802887031477, -0.8784797528995605, -0.8800935107121237, -0.8816465065688958, -0.8831410134716926, -0.8845792304196713, -0.8859632820901804, -0.8872952190387503, -0.8885770183527745, -0.8898105846953483, -0.8909977516783968, -0.8921402835076196, -0.8932398768455451, -0.8942981628433012, -0.8953167092961204, -0.8962970228822219, -0.8972405514493442, -0.8981486863178034, -0.8990227645733812, -0.8998640713275378, -0.9006738419265313, -0.901453264094629, -0.9022034800000184, -0.9029255882350874, -0.9036206457054481, -0.9042896694244332, -0.9049336382118925, -0.9055534942978037, -0.9061501448327063, -0.9067244633080672, -0.9072772908906707, -0.9078094376757376, -0.9083216838640152, -0.9088147808683452, -0.9092894523553567, -0.9097463952279798, -0.9101862805543228, -0.9106097544482755, -0.9110174389070235, -0.9114099326101298, -0.9117878116847642, -0.9121516304409927, -0.9125019220808627, -0.9128391993844289, -0.913163955375621, -0.9134766639703328, -0.9137777806087872, -0.9140677428739163, -0.9143469710970497, -0.9146158689520276, -0.9148748240384765, -0.9151242084548022, -0.9153643793611856, -0.9155956795327419, -0.915818437902784, -0.9160329700960064, -0.9162395789513619, -0.9164385550342455, -0.9166301771375797, -0.9168147127713591, -0.9169924186401859, -0.9171635411083456, -0.91732831665192, -0.9174869722975841, -0.917639726047636, -0.9177867872909369, -0.9179283571994772, -0.9180646291103169, -0.9181957888927499, -0.9183220153005534, -0.9184434803093068, -0.9185603494387834, -0.9186727820605096, -0.9187809316906104, -0.9188849462681972, -0.9189849684194941, -0.919081135708041, -0.9191735808713437, -0.919262432044328, -0.9193478129700546, -0.919429843198156, -0.9195086382714731, -0.9195843099014086, -0.9196569661325218, -0.9197267114968939, -0.9197936471588177, -0.91985787105035, -0.9199194779982685, -0.9199785598429525]}