{"FCI": -1.0791924385860894, "Energy": -1.0771623098124947, "Loss": [-0.564629809369508, -0.5701794013911661, -0.5756879912822235, -0.5811532451880443, -0.586572839202951, -0.5919444645904572, -0.5972658334596992, -0.6025346846928857, -0.6077487900549109, -0.6129059604332102, -0.6180040521591885, -0.6230409733634875, -0.6280146903181548, -0.6329232337199262, -0.6377647048704673, -0.6425372817115548, -0.6472392246757883, -0.6518688823164089, -0.6564246966832326, -0.6609052084152842, -0.6653090615246429, -0.6696350078499624, -0.6738819111622092, -0.6780487509092475, -0.6821346255898304, -0.6861387557515364, -0.6900604866108375, -0.6938992902970051, -0.6976547677248619, -0.7013266501043676, -0.7049148000977308, -0.7084192126372052, -0.711840015418773, -0.7151774690887911, -0.7184319671421249, -0.7216040355515219, -0.724694332148853, -0.7277036457795094, -0.7306328952515313, -0.7334831281011671, -0.7362555191963289, -0.7389513691990145, -0.7415721029069623, -0.744119267493964, -0.746594530666928, -0.7489996787563161, -0.751336614754792, -0.7536073563168144, -0.7558140337294925, -0.7579588878622999, -0.7600442681001017, -0.7620726302605269, -0.764046534492868, -0.7659686431514141, -0.7678417186316345, -0.7696686211525718, -0.7714523064636367, -0.7731958234484296, -0.774902311592544, -0.7765749982765842, -0.7782171958498728, -0.7798322984349488, -0.7814237784078738, -0.782995182494989, -0.7845501274232544, -0.7860922950589666, -0.7876254269686005, -0.7891533183363009, -0.7906798111750934, -0.7922087867735498, -0.7937441573265972, -0.7952898567084535, -0.7968498303572351, -0.7984280242546316, -0.8000283729999395, -0.8016547869953063, -0.8033111387779466, -0.8050012485547382, -0.8067288690145571, -0.8084976695130175, -0.8103112197427703, -0.8121729730190302, -0.8140862493243055, -0.8160542182679061, -0.8180798821239782, -0.8201660591168989, -0.8223153671242083, -0.8245302079653479, -0.8268127524393144, -0.8291649262663693, -0.8315883970784927, -0.8340845625910236, -0.836654540074071, -0.8392991572277035, -0.8420189445497657, -0.844814129269945, -0.8476846309087162, -0.8506300585052501, -0.8536497095443166, -0.8567425705987954, -0.8599073196914716, -0.8631423303675172, -0.8664456774569479, -0.8698151444947502, -0.8732482327549437, -0.8767421718434971, -0.880293931784051, -0.8839002365193827, -0.8875575787410316, -0.8912622359491854, -0.8950102876352121, -0.8987976334701749, -0.9026200123744157, -0.9064730223360487, -0.9103521408401742, -0.914252745765809, -0.9181701366041797, -0.9220995558501474, -0.9260362104182285, -0.9299752929358426, -0.9339120027693204, -0.9378415666423416, -0.9417592587123758, -0.9456604199775677, -0.9495404768949338, -0.9533949590999868, -0.9572195161282133, -0.9610099330498971, -0.9647621449414109, -0.9684722501282008, -0.9721365221470912, -0.975751420388004, -0.979313599387658, -0.9828199167601264, -0.9862674397609684, -0.9896534504933224, -0.9929754497751286, -0.9962311596970228, -0.9994185249099196, -1.002535712689983, -1.0055811118365263, -1.008553330465197, -1.011451192764723, -1.0142737347904267, -1.0170201993716006, -1.0196900302128127, -1.022282865271239, -1.0247985294930873, -1.0272370269924822, -1.0295985327554946, -1.0318833839505632, -1.0340920709245371, -1.0362252279607684, -1.038283623872435, -1.0402681525005322, -1.042179823181789, -1.0440197512473826, -1.0457891486085016, -1.0474893144800728, -1.0491216262889302, -1.0506875308077541, -1.0521885355511191, -1.0536262004651862, -1.05500212993773, -1.0563179651507784, -1.0575753767936462, -1.05877605815011, -1.0599217185696495, -1.0610140773289747, -1.062054857886928, -1.0630457825327295, -1.0639885674248877, -1.0648849180156514, -1.0657365248537811, -1.0665450597565145, -1.06731217234002, -1.06803948689633, -1.0687285996034896, -1.0693810760549745, -1.0699984490935033, -1.0705822169340247, -1.0711338415602456, -1.0716547473788642, -1.072146320115667, -1.0726099059376555, -1.0730468107855937, -1.0734582999016122, -1.073845597536824, -1.0742098868244105, -1.0745523098040004, -1.0748739675837977, -1.0751759206273803, -1.0754591891527572, -1.0757247536318564, -1.0759735553792296, -1.0762064972194294, -1.0764244442231412, -1.0766282245027534, -1.0768186300587523, -1.0769964176688576]}