{"FCI": -1.0523215656204707, "Energy": -1.008450442548742, "Loss": [-0.4953767072913968, -0.4986282321835596, -0.5019611446024864, -0.5053747065082025, -0.5088681798019368, -0.5124408094155908, -0.5160918076363686, -0.5198203395410635, -0.5236255095394273, -0.5275063490376326, -0.531461805232454, -0.5354907310446607, -0.5395918761976215, -0.5437638794444837, -0.548005261944345, -0.5523144217846344, -0.5566896296432811, -0.5611290255803191, -0.5656306169443513, -0.5701922773748045, -0.5748117468762537, -0.5794866329364204, -0.5842144126546808, -0.5889924358432919, -0.593817929059058, -0.5986880005188506, -0.6035996458484013, -0.6085497546100385, -0.6135351175517725, -0.6185524345170992, -0.6235983229524011, -0.6286693269466944, -0.6337619267368205, -0.6388725486099608, -0.6439975751345841, -0.6491333556506381, -0.6542762169498985, -0.6594224740779927, -0.6645684411905389, -0.669710442397265, -0.6748448225297207, -0.6799679577703485, -0.6850762660831303, -0.6901662173888672, -0.695234343431241, -0.7002772472831653, -0.7052916124466176, -0.7102742115029107, -0.7152219142744768, -0.7201316954633867, -0.7250006417361702, -0.7298259582289212, -0.7346049744511723, -0.7393351495715206, -0.7440140770725011, -0.7486394887667287, -0.7532092581706489, -0.7577214032366234, -0.7621740884481953, -0.7665656262874069, -0.7708944780867991, -0.7751592542823768, -0.7793587140870631, -0.7834917646072893, -0.7875574594281048, -0.7915549966946204, -0.7954837167197659, -0.7993430991501053, -0.8031327597229173, -0.8068524466488513, -0.8105020366552373, -0.8140815307255836, -0.8175910495708486, -0.821030828867898, -0.8244012143000853, -0.8277026564340032, -0.8309357054655395, -0.8341010058669771, -0.8371992909655122, -0.8402313774818149, -0.8431981600555276, -0.8461006057826606, -0.8489397487878174, -0.8517166848522101, -0.8544325661162535, -0.8570885958735383, -0.8596860234708935, -0.8622261393272915, -0.8647102700824169, -0.8671397738839296, -0.8695160358207755, -0.8718404635082401, -0.8741144828291194, -0.8763395338340433, -0.878517066802794, -0.8806485384675752, -0.882735408398277, -0.8847791355490768, -0.8867811749652142, -0.8887429746482921, -0.8906659725781622, -0.8925515938892555, -0.8944012481990876, -0.8962163270866564, -0.8979982017184424, -0.8997482206198646, -0.9014677075900938, -0.9031579597583135, -0.9048202457796398, -0.9064558041691004, -0.908065841772116, -0.9096515323701544, -0.9112140154202093, -0.9127543949268407, -0.9142737384454936, -0.9157730762157973, -0.9172534004233739, -0.918715664588654, -0.9201607830808871, -0.9215896307553977, -0.9230030427118193, -0.924401814170732, -0.925786700465832, -0.9271584171483682, -0.9285176402002459, -0.9298650063517924, -0.9312011134998853, -0.9325265212216477, -0.9338417513787535, -0.9351472888068991, -0.9364435820848209, -0.9377310443769515, -0.9390100543435879, -0.9402809571123028, -0.9415440653041992, -0.9427996601085639, -0.9440479923994325, -0.9452892838876429, -0.9465237283020382, -0.9477514925935964, -0.9489727181564912, -0.9501875220602662, -0.9513959982876149, -0.9525982189725335, -0.9537942356339474, -0.9549840804002754, -0.9561677672207844, -0.957345293059939, -0.9585166390713648, -0.9596817717484664, -0.9608406440491051, -0.9619931964921363, -0.9631393582239871, -0.9642790480538564, -0.9654121754563494, -0.9665386415408088, -0.9676583399868276, -0.9687711579456578, -0.9698769769075694, -0.9709756735353022, -0.9720671204640191, -0.973151187068237, -0.9742277401964013, -0.9752966448737781, -0.9763577649744426, -0.9774109638631588, -0.9784561050079565, -0.9794930525641896, -0.9805216719308018, -0.981541830279562, -0.9825533970578613, -0.9835562444656586, -0.9845502479070696, -0.9855352864170062, -0.9865112430631666, -0.9874780053236658, -0.9884354654403688, -0.989383520748136, -0.9903220739798602, -0.9912510335473472, -0.9921703137979014, -0.9930798352464872, -0.9939795247833475, -0.9948693158568638, -0.9957491486315593, -0.9966189701210614, -0.9974787342959488, -0.9983284021664085, -0.999167941839701, -0.9999973285525134, -1.0008165446783395, -1.0016255797101368, -1.0024244302186, -1.0032130997864754, -1.003991598919525, -1.0047599449347338, -1.005518161826617, -1.00626628011249, -1.0070043366577328, -1.0077323744821574]}