{"FCI": -1.120559964469384, "Energy": -1.0941093231406962, "Loss": [-0.3009995562583221, -0.3017607635082191, -0.30268078307038304, -0.303760797912466, -0.3050032089369987, -0.3064109659531141, -0.3079873422028109, -0.30973580750074087, -0.31165993936750924, -0.31376335371113784, -0.31604964740229335, -0.31852234886549313, -0.32118487445895005, -0.3240404892642208, -0.3270922713961948, -0.3303430792488531, -0.33379552129210116, -0.3374519281701752, -0.34131432694520447, -0.3453844173940071, -0.3496635503106956, -0.3541527077978316, -0.35885248554856375, -0.3637630771341988, -0.36888426031786226, -0.37421538541686583, -0.3797553657350728, -0.38550267008284006, -0.3914553173966281, -0.3976108734635502, -0.4039664497484359, -0.41051870431263965, -0.41726384480514667, -0.4241976334976012, -0.43131539432601623, -0.4386120218930474, -0.44608199237610513, -0.4537193762781826, -0.46151785295026476, -0.46947072680647484, -0.4775709451459386, -0.48581111748849287, -0.4941835363251599, -0.5026801991784499, -0.5112928318623677, -0.5200129128272891, -0.5288316984707336, -0.5377402492915617, -0.5467294567621427, -0.5557900707907382, -0.5649127276446115, -0.5740879782032959, -0.5833063164109873, -0.592558207797212, -0.6018341179357316, -0.6111245407130923, -0.6204200262803098, -0.6297112085638821, -0.6389888322156234, -0.6482437788847443, -0.6574670927000654, -0.6666500048553192, -0.6757839571960377, -0.6848606247126199, -0.6938719368506858, -0.702810097556819, -0.7116676039850875, -0.7204372637974954, -0.7291122109994311, -0.7376859202594538, -0.7461522196711559, -0.7545053019233787, -0.7627397338537641, -0.7708504643691907, -0.7788328307254143, -0.7866825631666634, -0.7943957879344987, -0.8019690286633808, -0.8093992061885056, -0.8166836367991125, -0.8238200289779515, -0.8308064786746179, -0.8376414631671303, -0.8443238335723657, -0.8508528060717366, -0.8572279519238367, -0.8634491863405702, -0.8695167563075975, -0.8754312274337807, -0.8811934699175203, -0.8868046437207163, -0.8922661830432865, -0.8975797801928702, -0.9027473689455991, -0.9077711074944671, -0.9126533610819795, -0.9173966844134653, -0.9220038039465661, -0.926477600151033, -0.9308210898311925, -0.9350374086009885, -0.9391297935987735, -0.9431015665255784, -0.9469561170868891, -0.9506968869135374, -0.9543273540327121, -0.9578510179547406, -0.9612713854358086, -0.9645919569706934, -0.967816214063244, -0.9709476073156988, -0.9739895453709436, -0.9769453847347277, -0.9798184204975651, -0.9826118779687265, -0.9853289052274533, -0.9879725665892231, -0.9905458369780118, -0.9930515971885643, -0.9954926300164038, -0.9978716172272367, -1.000191137331867, -1.0024536641278603, -1.0046615659647382, -1.0068171056858302, -1.0089224411968092, -1.0109796266086266, -1.0129906139008633, -1.0149572550505166, -1.0168813045709757, -1.018764422406192, -1.0206081771259732, -1.022414049369836, -1.0241834354886727, -1.0259176513359647, -1.0276179361629634, -1.029285456575256, -1.030921310511467, -1.0325265312082315, -1.0341020911191274, -1.0356489057588985, -1.0371678374478281, -1.0386596989347368, -1.040125256880496, -1.04156523518732, -1.0429803181622084, -1.0443711535059936, -1.0457383551221187, -1.047082505741979, -1.0484041593658424, -1.0497038435206103, -1.0509820613374559, -1.0522392934540636, -1.053475999747601, -1.0546926209056775, -1.0558895798436467, -1.0570672829772114, -1.058226121360045, -1.0593664716964097, -1.060488697239064, -1.0615931485828252, -1.0626801643640957, -1.0637500718765127, -1.0648031876125794, -1.0658398177407686, -1.066860258527166, -1.0678647967101504, -1.0688537098360607, -1.0698272665631994, -1.0707857269407797, -1.0717293426689058, -1.072658357344808, -1.0735730067000198, -1.0744735188324217, -1.0753601144364757, -1.0762330070342547, -1.0770924032093547, -1.077938502845198, -1.078771499368595, -1.0795915799991374, -1.0803989260044078, -1.081193712960668, -1.0819761110183943, -1.0827462851716532, -1.0835043955302188, -1.0842505975930528, -1.0849850425216814, -1.085707877411962, -1.0864192455626573, -1.087119286739278, -1.0878081374316608, -1.0884859311038972, -1.0891527984352738, -1.0898088675510182, -1.090454264241866, -1.091089112171526, -1.0917135330713623, -1.0923276469217593, -1.0929315721198505, -1.0935254256333735]}