{"FCI": -1.0523215656204707, "Energy": -1.0296759958663553, "Loss": [-0.35032053182131484, -0.35273718549825583, -0.35515738110948053, -0.3575797076607656, -0.3600027930603604, -0.36242530430262065, -0.3648459485265181, -0.36726347474253207, -0.3696766761541006, -0.3720843930150446, -0.37448551596638535, -0.3768789897959183, -0.37926381756381017, -0.38163906503786116, -0.3840038653829878, -0.38635742405107615, -0.3886990238196175, -0.3910280299303475, -0.39334389528270386, -0.395646165640986, -0.397934484818805, -0.40020859980962403, -0.4024683658378574, -0.40471375131104226, -0.40694484265995856, -0.4091618490601371, -0.41136510703481893, -0.41355508494610377, -0.41573238738746876, -0.41789775949699404, -0.42005209121635423, -0.42219642152560843, -0.4243319426880146, -0.4264600045420842, -0.4285821188797482, -0.43069996394944987, -0.43281538912083994, -0.4349304197431927, -0.43704726222220897, -0.43916830932900613, -0.44129614574035325, -0.4434335537900016, -0.44558351938673796, -0.4477492380250121, -0.4499341207783325, -0.45214180012355587, -0.45437613539597255, -0.4566412176206971, -0.45894137340627184, -0.4612811675227464, -0.46366540372109044, -0.4660991232864013, -0.4685876007580488, -0.47113633620055434, -0.4737510433756073, -0.47643763315475673, -0.4792021915312898, -0.4820509516454971, -0.48499025933634987, -0.48802653187898115, -0.4911662097633513, -0.49441570161314474, -0.4977813226291362, -0.5012692272563954, -0.5048853371032095, -0.5086352654601458, -0.5125242400557551, -0.5165570259153202, -0.520737850336995, -0.5250703320465835, -0.5295574165270733, -0.5342013193409799, -0.5390034789826582, -0.5439645204349088, -0.5490842301878773, -0.5543615430419566, -0.5597945405932916, -0.5653804609202231, -0.5711157186738541, -0.5769959345391843, -0.5830159728793732, -0.5891699863002641, -0.5954514658656141, -0.6018532957411956, -0.6083678111330667, -0.6149868584967446, -0.6217018571169928, -0.6285038612820096, -0.6353836223935329, -0.6423316504609675, -0.649338274520605, -0.6563937015996537, -0.6634880739096424, -0.6706115240062764, -0.6777542276946973, -0.6849064544923826, -0.6920586154884532, -0.6992013084596623, -0.7063253601213388, -0.7134218654072257, -0.7204822236864953, -0.7274981718399638, -0.73446181413115, -0.7413656488217639, -0.7482025914956074, -0.7549659950698179, -0.7616496664880192, -0.7682478801060113, -0.7747553877972607, -0.7811674258222727, -0.7874797185230433, -0.7936884789207822, -0.7997904063119986, -0.8057826809745273, -0.8116629561110966, -0.817429347173262, -0.8230804187230463, -0.8286151690029551, -0.834033012397344, -0.8393337599790469, -0.8445175983447365, -0.849585066950438, -0.8545370341650228, -0.8593746722641646, -0.8640994315899678, -0.8687130141026413, -0.87321734654947, -0.8776145534736869, -0.8819069302809248, -0.8860969165744037, -0.8901870699613873, -0.8941800405232068, -0.898078546129101, -0.9018853487605749, -0.905603231997981, -0.9092349798047438, -0.9127833567274002, -0.9162510896114134, -0.9196408509140128, -0.9229552436761599, -0.9261967881966033, -0.9293679104318144, -0.9324709321270923, -0.9355080626660299, -0.9384813926085731, -0.9413928888718652, -0.9442443914934364, -0.9470376119031154, -0.9497741326184658, -0.9524554082685568, -0.9550827678428162, -0.9576574180552406, -0.9601804477096294, -0.9626528329486184, -0.9650754432679407, -0.9674490481776788, -0.9697743243939776, -0.9720518634475677, -0.97428217959975, -0.9764657179614609, -0.9786028627170802, -0.9806939453612176, -0.9827392528638744, -0.984739035686836, -0.9866935155819294, -0.9886028931095749, -0.9904673548238825, -0.9922870800782662, -0.9940622474130163, -0.9957930404935427, -0.9974796535748734, -0.9991222964744975, -1.000721199041769, -1.0022766151177223, -1.0037888259843528, -1.0052581433071688, -1.006684911579057, -1.0080695100773407, -1.0094123543492675, -1.0107138972440943, -1.0119746295124206, -1.013195079995601, -1.0143758154297409, -1.0155174398902307, -1.0166205939037976, -1.0176859532558309, -1.0187142275212362, -1.019706158347239, -1.0206625175166073, -1.0215841048194716, -1.022471745761537, -1.0233262891358643, -1.0241486044846242, -1.024939579476357, -1.0257001172232325, -1.0264311335616856, -1.027133554318586, -1.0278083125838062, -1.0284563460087246, -1.0290785941487126]}