{"FCI": -1.011800010850166, "Energy": -1.0027727659647685, "Loss": [-0.6245008129422979, -0.6297087059187936, -0.634956265688373, -0.6402412645638148, -0.6455614051323182, -0.6509143154047144, -0.6562975449856856, -0.661708562137332, -0.6671447517383948, -0.6726034141526458, -0.6780817650167261, -0.6835769359514636, -0.6890859761935786, -0.6946058551371628, -0.7001334657670213, -0.7056656289585648, -0.711199098612017, -0.7167305675819888, -0.7222566743572326, -0.7277740104396816, -0.733279128366653, -0.7387685503154757, -0.7442387772258705, -0.749686298371969, -0.755107601313236, -0.7604991821514372, -0.7658575560194094, -0.7711792677265721, -0.7764609024859661, -0.7816990966479467, -0.7868905483666706, -0.7920320281269375, -0.7971203890609372, -0.8021525769868549, -0.8071256401041463, -0.8120367382835134, -0.8168831518931785, -0.8216622901069806, -0.8263716986439651, -0.8310090668936179, -0.8355722343854624, -0.8400591965666949, -0.8444681098564061, -0.8487972959501247, -0.8530452453536249, -0.8572106201301676, -0.86129225585072, -0.8652891627419406, -0.869200526032081, -0.8730257055000968, -0.8767642342384987, -0.8804158166454424, -0.883980325666467, -0.8874577993110011, -0.890848436473288, -0.8941525920916207, -0.8973707716838188, -0.9005036253006273, -0.9035519409420877, -0.9065166374850426, -0.9093987571726233, -0.9121994577188937, -0.9149200040837531, -0.9175617599746586, -0.9201261791327818, -0.9226147964618472, -0.9250292190579453, -0.9273711171984067, -0.9296422153468735, -0.9318442832306041, -0.9339791270442347, -0.9360485808321123, -0.9380544980987437, -0.9399987436940433, -0.9418831860165682, -0.9437096895745078, -0.9454801079401183, -0.9471962771292035, -0.9488600094328434, -0.950473087724082, -0.9520372602576771, -0.9535542359763365, -0.9550256803322598, -0.9564532116282028, -0.9578383978777788, -0.9591827541804995, -0.9604877406028445, -0.9617547605528368, -0.9629851596320622, -0.9641802249457581, -0.9653411848487253, -0.9664692091022227, -0.9675654094148457, -0.9686308403386035, -0.9696665004899484, -0.9706733340645306, -0.971652232613738, -0.9726040370508052, -0.9735295398542892, -0.9744294874370468, -0.9753045826495317, -0.9761554873870306, -0.976982825271735, -0.9777871843817479, -0.978569120000739, -0.979329157363571, -0.9800677943750142, -0.9807855042805589, -0.9814827382701685, -0.9821599279979305, -0.9828174880023266, -0.9834558180140486, -0.9840753051399679, -0.9846763259139802, -0.9852592482070819, -0.9858244329909545, -0.9863722359508827, -0.9869030089454585, -0.9874171013120469, -0.9879148610182912, -0.9883966356612616, -0.9888627733170088, -0.9893136232443398, -0.9897495364475737, -0.9901708661038774, -0.9905779678615446, -0.9909712000161741, -0.9913509235722576, -0.9917175021981158, -0.9920713020824967, -0.9924126917013427, -0.9927420415034799, -0.9930597235239956, -0.9933661109341875, -0.9936615775368067, -0.9939464972152858, -0.9942212433454483, -0.9944861881778991, -0.9947417021991553, -0.9949881534790791, -0.9952259070119589, -0.9954553240581088, -0.9956767614924135, -0.9958905711658438, -0.9960970992854703, -0.9962966858179848, -0.9964896639212633, -0.9966763594080045, -0.9968570902449281, -0.9970321660905326, -0.9972018878739188, -0.9973665474166518, -0.9975264270991743, -0.9976817995728321, -0.9978329275180821, -0.9979800634490784, -0.9981234495643803, -0.9982633176431829, -0.9983998889861194, -0.9985333743993536, -0.9986639742203985, -0.9987918783838449, -0.9989172665249455, -0.9990403081188439, -0.999161162653005, -0.9992799798303595, -0.9993968998005033, -0.9995120534162629, -0.9996255625128821, -0.9997375402070579, -0.9998480912131074, -0.9999573121734956, -1.0000652920011044, -1.000172112230635, -1.000277847376633, -1.0003825652957574, -1.000486327551022, -1.0005891897758188, -1.000691202035801, -1.0007924091866884, -1.0008928512263366, -1.0009925636394976, -1.001091577733898, -1.0011899209664015, -1.0012876172581324, -1.0013846872977346, -1.001481148831875, -1.0015770169424607, -1.0016723043100333, -1.0017670214629888, -1.0018611770124166, -1.0019547778724056, -1.0020478294658663, -1.0021403359159107, -1.0022323002230265, -1.002323724428293, -1.002414609762977, -1.002504956784952, -1.0025947655023768, -1.0026840354851583]}