{"FCI": -1.035185713956801, "Energy": -1.021499240347643, "Loss": [-0.2320259250336561, -0.23287405062972846, -0.2337507880640709, -0.23465577372281987, -0.23558867104077652, -0.23654916207875365, -0.23753694033991962, -0.23855170458028407, -0.23959315350649688, -0.24066098128220703, -0.24175487377879995, -0.24287450551666373, -0.24401953725072942, -0.2451896141594764, -0.2463843646001511, -0.24760339939503379, -0.24884631161437953, -0.25011267682148236, -0.2514020537444114, -0.25271398533749634, -0.2540480001940129, -0.25540361426973013, -0.2567803328754436, -0.25817765289535594, -0.25959506518736813, -0.26103205712117117, -0.2624881152103668, -0.26396272779591545, -0.26545538773983673, -0.2669655950903357, -0.2684928596823395, -0.2700367036407981, -0.2715966637580049, -0.2731722937206665, -0.27476316616750635, -0.2763688745638754, -0.27798903488617566, -0.27962328711595036, -0.2812712965512356, -0.28293275495123793, -0.2846073815395727, -0.2862949239011411, -0.2879951588181832, -0.2897078931021127, -0.29143296448923445, -0.29317024268043845, -0.2949196306171812, -0.29668106609850614, -0.29845452385628823, -0.3002400182180945, -0.30203760649875844, -0.30384739327255533, -0.30566953568715266, -0.3075042499876746, -0.30935181942308937, -0.31121260370664794, -0.31308705019540484, -0.31497570693904575, -0.3168792377226694, -0.31879843918892586, -0.3207342600686037, -0.32268782247187333, -0.32466044509156483, -0.32665366804251017, -0.3286692789061491, -0.3307093393690198, -0.3327762116433682, -0.33487258364927325, -0.337001491738551, -0.33916633957650255, -0.34137091169964584, -0.3436193802704626, -0.34591630368597176, -0.34826661598774106, -0.3506756064700069, -0.3531488894668442, -0.3556923649658264, -0.35831217136522914, -0.36101463227087455, -0.36380619962731114, -0.36669339563128456, -0.36968275575931314, -0.37278077488006056, -0.3759938578823977, -0.37932827562386584, -0.38279012638778837, -0.38638530251072184, -0.3901194614561761, -0.3939980003842801, -0.3980260331903799, -0.40220836903029394, -0.406549491479256, -0.41105353764929725, -0.41572427678586654, -0.4205650880570031, -0.4255789374244957, -0.4307683536396539, -0.436135403535633, -0.4416816668950065, -0.4474082112583991, -0.4533155671102892, -0.4594037039337705, -0.4656720076683205, -0.4721192601339681, -0.4787436210010373, -0.4855426128861565, -0.4925131101412145, -0.49965133187167643, -0.5069528396734697, -0.5144125405139963, -0.5220246951034163, -0.5297829320092557, -0.5376802676631447, -0.5457091322963185, -0.5538614017242757, -0.5621284347844637, -0.5705011161180059, -0.5789699038809132, -0.5875248818748787, -0.5961558155052428, -0.6048522109055628, -0.6136033765154375, -0.6223984863610855, -0.6312266442661271, -0.6400769482123077, -0.6489385540752828, -0.6578007379775804, -0.6666529565280883, -0.6754849042534995, -0.684286567570842, -0.6930482747006601, -0.7017607409767804, -0.7104151090706807, -0.7190029837159213, -0.7275164605910694, -0.7359481490981111, -0.7442911888576035, -0.7525392598318634, -0.7606865860829669, -0.7687279332726474, -0.7766586001153324, -0.7844744041016336, -0.7921716619156002, -0.7997471650717183, -0.8071981513939063, -0.81452227304446, -0.8217175618822423, -0.8287823929824875, -0.8357154471817105, -0.8425156735179892, -0.8491822524172843, -0.8557145604303014, -0.8621121372526246, -0.868374655665991, -0.87450189492437, -0.8804937179800779, -0.886350052808082, -0.8920708779470964, -0.8976562122400693, -0.9031061086298178, -0.9084206517524859, -0.9135999589760375, -0.9186441844553876, -0.9235535257212939, -0.9283282322868125, -0.9329686157417848, -0.9374750608108096, -0.9418480368708686, -0.9460881094586335, -0.9501959513414509, -0.9541723527772972, -0.9580182306451489, -0.9617346361856253, -0.9653227611506339, -0.9687839422184161, -0.9721196635854642, -0.9753315576983217, -0.9784214041356649, -0.9813911266935207, -0.9842427887640388, -0.9869785871303197, -0.9896008443267101, -0.9921119997353048, -0.9945145996055431, -0.9968112861946278, -0.9990047862322967, -1.0010978989145056, -1.00309348362695, -1.004994447591695, -1.006803733618581, -1.0085243081283704, -1.010159149596992, -1.0117112375506458, -1.0131835422203204, -1.014579014942258, -1.0159005793686369, -1.0171511235309256, -1.0183334927774508, -1.0194504835873235, -1.0205048382453983]}