{"FCI": -0.9543386010184702, "Energy": -0.9530034974787778, "Loss": [-0.4420734846990837, -0.44353359484469734, -0.44505674237832615, -0.4466421238934234, -0.4482890571700019, -0.4499969360368749, -0.4517651922489594, -0.45359326467441907, -0.45548057475222603, -0.45742650706196764, -0.45943039405934394, -0.4614915042808563, -0.46360903353149424, -0.4657820987289068, -0.4680097341943199, -0.470290890264884, -0.47262443416340866, -0.47500915310652003, -0.4774437596663163, -0.4799268994271621, -0.48245716100099284, -0.48503308848306725, -0.48765319644666977, -0.49031598759036565, -0.4930199731649478, -0.4957636963185851, -0.498545758506199, -0.5013648491102103, -0.5042197784103978, -0.507109514014605, -0.510033220811246, -0.5129903044175055, -0.5159804579595028, -0.5190037118146409, -0.5220604856517775, -0.5251516417014285, -0.5282785376596255, -0.5314430769706252, -0.5346477534628116, -0.5378956864826658, -0.5411906418881739, -0.5445370336911209, -0.547939901000298, -0.5514048554668584, -0.5549379958888068, -0.558545789089171, -0.5622349195124483, -0.5660121137673919, -0.5698839498989732, -0.5738566636992913, -0.5779359651947278, -0.5821268772793604, -0.5864336055203689, -0.5908594441141094, -0.5954067187226258, -0.6000767633004638, -0.604869925561911, -0.6097855945878303, -0.6148222440574271, -0.6199774853629858, -0.6252481260408046, -0.6306302302120856, -0.6361191788649639, -0.6417097287203064, -0.6473960690862692, -0.6531718765438712, -0.6590303675638194, -0.6649643492823716, -0.6709662687047837, -0.6770282605924768, -0.6831421942489129, -0.6892997193654519, -0.6954923110320959, -0.7017113139648714, -0.7079479859543161, -0.7141935404993851, -0.720439188558072, -0.7266761793198463, -0.7328958398848349, -0.7390896137199902, -0.7452490977525641, -0.7513660779553283, -0.7574325632757993, -0.7634408177627452, -0.7693833907469706, -0.7752531449396547, -0.7810432823200081, -0.7867473676943851, -0.7923593498212714, -0.7978735800101906, -0.8032848281177679, -0.8085882958804231, -0.8137796275404241, -0.8188549177401827, -0.8238107166783087, -0.828644032540123, -0.8333523312347081, -0.8379335334899675, -0.8423860093764222, -0.846708570349332, -0.8509004589170018, -0.8549613360605951, -0.8588912665472982, -0.8626907022938821, -0.8663604639515955, -0.8699017208956624, -0.8733159698130797, -0.876605012091173, -0.8797709302158488, -0.8828160633930556, -0.8857429826091093, -0.8885544653456089, -0.8912534701623044, -0.8938431113567398, -0.8963266339026693, -0.8987073888603596, -0.9009888094409381, -0.9031743878941649, -0.905267653374529, -0.9072721509247121, -0.9091914216983182, -0.9110289845256987, -0.9127883189079916, -0.9144728495054253, -0.9160859321666375, -0.9176308415269184, -0.9191107601846403, -0.9205287694474583, -0.9218878416230818, -0.9231908338138233, -0.9244404831600064, -0.9256394034646614, -0.926790083121044, -0.927894884255224, -0.9289560429887128, -0.9299756707203564, -0.9309557563229843, -0.931898169148147, -0.9328046627317581, -0.933676879094466, -0.9345163535330218, -0.9353245198024221, -0.936102715593356, -0.9368521882150652, -0.937574100399971, -0.9382695361533882, -0.938939506578838, -0.939584955617081, -0.9402067656445474, -0.9408057628845328, -0.9413827225919255, -0.9419383739795044, -0.9424734048607276, -0.9429884659904479, -0.9434841750909665, -0.943961120556469, -0.9444198648338236, -0.9448609474821763, -0.9452848879177587, -0.9456921878535834, -0.9460833334466157, -0.9464587971672228, -0.946819039407607, -0.9471645098472258, -0.9474956485941369, -0.9478128871217621, -0.9481166490207755, -0.9484073505856403, -0.948685401255028, -0.9489512039246264, -0.9492051551501611, -0.9494476452573869, -0.9496790583747632, -0.9498997724034126, -0.9501101589376082, -0.9503105831478912, -0.9505014036376123, -0.9506829722823744, -0.9508556340607358, -0.9510197268832647, -0.9511755814259525, -0.9513235209729286, -0.9514638612724913, -0.9515969104094554, -0.9517229686961889, -0.9518423285838191, -0.9519552745945347, -0.9520620832753874, -0.9521630231734519, -0.952258354831875, -0.9523483308059655, -0.9524331956983297, -0.9525131862117262, -0.9525885312183116, -0.9526594518437745, -0.952726161564895, -0.9527888663189487, -0.952847764623552, -0.9529030477054616, -0.9529548996369885]}