{"FCI": -1.0791924385860894, "Energy": -1.0791924245923563, "Loss": [-1.0040371474518515, -1.0069386816652095, -1.0097853464509874, -1.0125747471753601, -1.0153045900418851, -1.0179727044848657, -1.0205770661449298, -1.0231158193560446, -1.025587297924901, -1.0279900427372215, -1.0303228145612615, -1.0325846004449608, -1.0347746124243742, -1.0368922779518368, -1.0389372225096505, -1.0409092461760594, -1.042808297200471, -1.0446344465832695, -1.0463878679182732, -1.048068826161143, -1.0496776775846361, -1.0512148812541335, -1.0526810203285155, -1.054076829790961, -1.0554032261556348, -1.056661334422381, -1.057852508041432, -1.0589783387605654, -1.0600406547391308, -1.0610415069663548, -1.06198314554488, -1.0628679885499934, -1.0636985867789965, -1.064477587705663, -1.0652077014235308, -1.0658916704765375, -1.0665322444637448, -1.0671321593791652, -1.0676941209550814, -1.0682207908833323, -1.0687147746856303, -1.0691786101368113, -1.0696147554400168, -1.0700255767350364, -1.0704133349250682, -1.070780172178321, -1.071128098754873, -1.07145898099292, -1.0717745313406963, -1.0720763012364884, -1.0723656774332722, -1.072643882069847, -1.0729119764547161, -1.0731708682064092, -1.0734213211350065, -1.073663967090929, -1.0738993189650226, -1.0741277840927856, -1.0743496774695753, -1.0745652343841887, -1.0747746222823902, -1.0749779518419875, -1.0751752873503218, -1.0753666565139324, -1.0755520598043562, -1.0757314793726842, -1.0759048874746726, -1.0760722542648389, -1.0762335547640705, -1.0763887747935874, -1.0765379157016068, -1.0766809977796972, -1.0768180623593893, -1.0769491726771216, -1.077074413678671, -1.0771938909889518, -1.077307729291318, -1.077416070343372, -1.0775190708112987, -1.0776169000448932, -1.0777097378559408, -1.0777977723157848, -1.0778811975626212, -1.077960211606779, -1.078035014139088, -1.0781058043745897, -1.0781727789909175, -1.0782361302384482, -1.0782960443018013, -1.0783526999782302, -1.078406267711373, -1.0784569089849363, -1.0785047760482518, -1.0785500119208966, -1.078592750610924, -1.0786331174816597, -1.0786712297128138, -1.078707196818399, -1.0787411212008933, -1.0787730987338773, -1.0788032193710548, -1.0788315677783138, -1.0788582239788442, -1.0788832639931163, -1.0789067604489972, -1.0789287831352683, -1.078949399475272, -1.078968674905587, -1.0789866731553956, -1.0790034564328481, -1.0790190855326385, -1.0790336198829469, -1.0790471175494496, -1.0790596352104305, -1.0790712281119856, -1.079081950007709, -1.0790918530844305, -1.079100987875377, -1.079109403163629, -1.0791171458815931, -1.0791242610143315, -1.07913079151573, -1.0791367782453771, -1.0791422599316451, -1.0791472731627925, -1.0791518524045753, -1.079156030040238, -1.0791598364277, -1.0791632999690186, -1.0791664471884328, -1.0791693028168088, -1.079171889881506, -1.0791742298010563, -1.0791763424838186, -1.0791782464288446, -1.0791799588264852, -1.0791814956556782, -1.0791828717751981, -1.0791841010067438, -1.0791851962090013, -1.0791861693429612, -1.0791870315295489, -1.079187793101046, -1.0791884636476063, -1.0791890520598273, -1.0791895665678015, -1.0791900147767879, -1.0791904036996782, -1.0791907397865212, -1.0791910289518085, -1.0791912766003477, -1.0791914876526931, -1.0791916665708905, -1.0791918173849313, -1.0791919437199375, -1.079192048823791, -1.0791921355947414, -1.0791922066085569, -1.079192264144966, -1.0791923102132206, -1.0791923465767648, -1.0791923747770382, -1.079192396156271, -1.0791924118791414, -1.0791924229529812, -1.0791924302463463, -1.0791924345057193, -1.079192436370347, -1.0791924363853413, -1.079192435013154, -1.0791924326437508, -1.0791924296035846, -1.0791924261635322, -1.079192422545894, -1.079192418930478, -1.0791924154598953, -1.0791924122441592, -1.079192409364733, -1.0791924068781935, -1.0791924048196102, -1.0791924032057105, -1.079192402037859, -1.0791924013048426, -1.0791924009854046, -1.07919240105055, -1.0791924014656027, -1.079192402192039, -1.0791924031891207, -1.079192404415342, -1.079192405829667, -1.0791924073925563, -1.0791924090667875, -1.0791924108180235, -1.0791924126151946, -1.0791924144306861, -1.0791924162404005, -1.0791924180237034, -1.0791924197632947, -1.0791924214450122, -1.0791924230575842]}