{"FCI": -1.120559964469384, "Energy": -1.1172586997805434, "Loss": [-0.16271606880696465, -0.16789605690090972, -0.17308798741566767, -0.17828894258320685, -0.18349592793489086, -0.18870587319516677, -0.1939156349434032, -0.1991220009571591, -0.2043216962880086, -0.20951139114034217, -0.21468771062918246, -0.21984724649661258, -0.22498657087009333, -0.23010225215056795, -0.23519087312397846, -0.24024905139685016, -0.24527346226482677, -0.2502608641321384, -0.2552081266095805, -0.26011226142760213, -0.26497045630828847, -0.2697801119432349, -0.2745388822206185, -0.2792447178300926, -0.2838959133428837, -0.2884911578094397, -0.2930295888288449, -0.29751084991156845, -0.30193515076655497, -0.3063033298804458, -0.3106169184062146, -0.3148782039289318, -0.3190902921230918, -0.3232571636676872, -0.3273837230720947, -0.33147583534872227, -0.3355403458461445, -0.33958507816996986, -0.3436188051426498, -0.347651188374196, -0.3516926833881666, -0.35575440943587705, -0.3598479860469647, -0.3639853417189219, -0.3681785034609344, -0.3724393785778186, -0.37677954152767396, -0.38121003852190305, -0.38574122069493383, -0.3903826134599, -0.3951428256866805, -0.40002949831582263, -0.40504928861027095, -0.4102078838787667, -0.4155100373294889, -0.4209596186267658, -0.4265596724601312, -0.43231247966567077, -0.4382196168596597, -0.44428201192101846, -0.4504999938463219, -0.4568733364317126, -0.4634012959010445, -0.47008264302627467, -0.47691569051927896, -0.48389831656290927, -0.49102798533834946, -0.4983017653333315, -0.5057163461102191, -0.5132680540950846, -0.5209528678322923, -0.5287664330421474, -0.5367040777261224, -0.5447608274866869, -0.5529314211665037, -0.561210326863638, -0.5695917583433084, -0.578069691840976, -0.5866378832338184, -0.5952898855463332, -0.6040190667492443, -0.6128186278076622, -0.6216816209336331, -0.6306009679987572, -0.6395694790640003, -0.6485798709855628, -0.6576247860573812, -0.6666968106524163, -0.6757884938259852, -0.6848923658451955, -0.694000956608768, -0.7031068139214414, -0.7122025215865788, -0.7212807172797369, -0.7303341101647345, -0.73935549821241, -0.7483377851806605, -0.7572739972127258, -0.7661572990089949, -0.7749810095259525, -0.783738617154385, -0.7924237943274937, -0.8010304115084318, -0.8095525505058216, -0.8179845170652067, -0.8263208526841662, -0.8345563455989531, -0.8426860408912198, -0.8507052496645344, -0.8586095572421217, -0.8663948303396745, -0.8740572231699971, -0.8815931824400304, -0.8889994512052326, -0.8962730715513821, -0.9034113860799501, -0.9104120381797698, -0.9172729710752588, -0.9239924256495955, -0.93056893705015, -0.9370013300928164, -0.9432887134919975, -0.9494304729532131, -0.9554262631760342, -0.961275998825646, -0.9669798445420191, -0.9725382040659745, -0.9779517085711756, -0.9832212043001686, -0.9883477396106601, -0.9933325515450253, -0.9981770520415413, -1.0028828139095372, -1.0074515566927782, -1.0118851325453635, -1.016185512242608, -1.020354771445308, -1.0243950773299586, -1.0283086756894455, -1.0320978785991899, -1.0357650527324191, -1.0393126083956257, -1.0427429893417237, -1.0460586634040472, -1.0492621139796545, -1.0523558323757258, -1.055342311018522, -1.0582240375107177, -1.0610034895102616, -1.0636831303925545, -1.0662654056478749, -1.0687527399576247, -1.0711475348866328, -1.0734521671239752, -1.07566898720196, -1.0778003186218685, -1.0798484573155192, -1.0818156713738507, -1.0837042009771336, -1.085516258465916, -1.0872540284973378, -1.0889196682376003, -1.0905153075480325, -1.0920430491291826, -1.0935049685943208, -1.094903114450744, -1.096239507973809, -1.0975161429649694, -1.0987349853907946, -1.0998979729050702, -1.1010070142605786, -1.1020639886209498, -1.1030707447859638, -1.1040291003461646, -1.1049408407841532, -1.1058077185410464, -1.1066314520669054, -1.1074137248738491, -1.1081561846098502, -1.108860442170233, -1.1095280708624458, -1.1101606056380193, -1.1107595424037933, -1.1113263374224485, -1.1118624068103715, -1.1123691261387774, -1.112847830141983, -1.1132998125348572, -1.113726325939571, -1.1141285819201794, -1.1145077511221124, -1.114864963512295, -1.1152013087146295, -1.1155178364346643, -1.1158155569665917, -1.1160954417753293, -1.1163584241460331, -1.1166053998934051, -1.1168372281231043, -1.1170547320377873]}