{"FCI": -1.122767536167744, "Energy": -1.0366993055922937, "Loss": [-0.08303387247206753, -0.0872322773161299, -0.09151809223985505, -0.09589039624553777, -0.10034827525055692, -0.10489080804291642, -0.10951705326878089, -0.11422603734949457, -0.11901674335054604, -0.12388810083400398, -0.1288389767220163, -0.13386816719277367, -0.13897439062376715, -0.144156281590555, -0.14941238592264264, -0.15474115681150621, -0.16014095195923775, -0.16561003174979388, -0.1711465584184341, -0.17674859618866437, -0.18241411233993562, -0.18814097916353564, -0.19392697675860765, -0.19976979661509323, -0.20566704592572177, -0.21161625256492148, -0.2176148706688876, -0.22366028674792976, -0.22974982625977913, -0.2358807605707498, -0.24205031423058573, -0.24825567248650066, -0.25449398896239983, -0.26076239343052077, -0.26705799960485727, -0.273377912888664, -0.27971923801213416, -0.2860790865009858, -0.29245458392216417, -0.2988428768591037, -0.3052411395760141, -0.3116465803383194, -0.31805644736460564, -0.32446803439416444, -0.33087868586325214, -0.3372858016923185, -0.3436868416957008, -0.3500793296341043, -0.35646085693871293, -0.36282908614348564, -0.3691817540690373, -0.37551667480711665, -0.38183174255893565, -0.38812493438322776, -0.39439431291072924, -0.400638029080686, -0.40685432495188434, -0.4130415366355388, -0.41919809739018443, -0.4253225409096395, -0.4314135048241762, -0.43746973442263104, -0.44349008658947153, -0.4494735339361061, -0.4554191690905276, -0.46132620909390504, -0.46719399983751375, -0.4730220204588928, -0.4788098876026092, -0.4845573594391176, -0.4902643393250739, -0.4959308789807023, -0.5015571810544875, -0.5071436009430728, -0.5126906477348191, -0.5181989841493136, -0.523669425352243, -0.5291029365355744, -0.5345006291668308, -0.539863755828422, -0.5451937035882076, -0.5504919858656377, -0.5557602327834739, -0.5610001800229294, -0.5662136562295165, -0.5714025690473618, -0.5765688898905368, -0.5817146375903652, -0.5868418610866851, -0.5919526213580246, -0.5970489728094514, -0.6021329443568723, -0.6072065204617098, -0.6122716223797076, -0.6173300898914339, -0.6223836637795473, -0.627433969308892, -0.6324825009501831, -0.6375306085666606, -0.6425794852563188, -0.6476301570109408, -0.6526834743181404, -0.6577401057951842, -0.6628005339045778, -0.6678650527626477, -0.6729337680147177, -0.6780065987151287, -0.6830832811180909, -0.6881633742571622, -0.6932462671673333, -0.6983311875847154, -0.7034172119448372, -0.7085032764912859, -0.7135881893018646, -0.7186706430390016, -0.7237492282344067, -0.7288224469243938, -0.7338887264612433, -0.7389464333368915, -0.7439938868675369, -0.7490293726009962, -0.7540511553222806, -0.7590574915466314, -0.7640466414028753, -0.769016879823087, -0.7739665069672416, -0.7788938578236049, -0.7837973109370576, -0.7886752962284194, -0.7935263018781809, -0.7983488802579818, -0.803141652902614, -0.8079033145246378, -0.8126326360825891, -0.8173284669226332, -0.8219897360220354, -0.8266154523712885, -0.8312047045398522, -0.8357566594783413, -0.8402705606173766, -0.8447457253301401, -0.849181541831904, -0.8535774655949593, -0.8579330153616628, -0.8622477688413666, -0.8665213581786552, -0.8707534652805922, -0.8749438170894053, -0.8790921808841434, -0.8831983596904449, -0.8872621878715825, -0.8912835269666037, -0.8952622618328285, -0.8991982971401866, -0.9030915542546325, -0.9069419685367063, -0.9107494870702486, -0.914514066825115, -0.9182356732470632, -0.9219142792578935, -0.9255498646399288, -0.9291424157709658, -0.9326919256693936, -0.9361983943040897, -0.9396618291203537, -0.9430822457313892, -0.9464596687245433, -0.9497941325329914, -0.9530856823261598, -0.9563343748761214, -0.9595402793622153, -0.9627034780817859, -0.9658240670412997, -0.9689021564085896, -0.9719378708137838, -0.9749313494927629, -0.9778827462732942, -0.9807922294093919, -0.9836599812744465, -0.986486197927541, -0.9892710885706839, -0.9920148749167239, -0.9947177904891014, -0.9973800798748818, -1.0000019979520773, -1.0025838091110393, -1.0051257864878336, -1.0076282112252433, -1.0100913717742093, -1.0125155632457266, -1.014901086820133, -1.0172482492177568, -1.0195573622322294, -1.0218287423250294, -1.0240627102779103, -1.0262595908978756, -1.0284197127681551, -1.0305434080377285, -1.0326310122414497, -1.0346828641428996]}