{"FCI": -1.011800010850166, "Energy": -0.8039339540277917, "Loss": [-0.6796497957531883, -0.684997960107493, -0.6887607517047224, -0.691820906214443, -0.6944617989071206, -0.6968162458873514, -0.698958989690895, -0.7009369914006176, -0.7027820293382162, -0.7045167904257205, -0.7061581409598863, -0.7077190247584402, -0.7092096329106576, -0.710638160025652, -0.7120113126740066, -0.7133346625610206, -0.714612898718178, -0.7158500119043468, -0.7170494322394709, -0.7182141337984626, -0.7193467153711588, -0.7204494637084599, -0.7215244036847714, -0.7225733385405507, -0.7235978825024793, -0.7245994874752089, -0.7255794650709015, -0.7265390049350645, -0.7274791901026177, -0.7284010099522049, -0.7293053712026324, -0.7301931073015125, -0.7310649864845105, -0.7319217187283661, -0.7327639617778406, -0.7335923263931295, -0.7344073809375545, -0.7352096554042292, -0.7359996449633699, -0.7367778130982576, -0.7375445943866832, -0.7383003969757415, -0.7390456047902805, -0.7397805795092923, -0.7405056623393426, -0.74122117561, -0.7419274242126241, -0.7426246969009063, -0.7433132674691142, -0.7439933958217639, -0.7446653289467544, -0.7453293018023981, -0.7459855381274766, -0.7466342511823554, -0.7472756444281871, -0.7479099121504345, -0.7485372400321589, -0.7491578056819943, -0.7497717791210601, -0.7503793232326873, -0.7509805941783495, -0.7515757417828903, -0.752164909891729, -0.7527482367025397, -0.7533258550735756, -0.7538978928106306, -0.7544644729344211, -0.7550257139299937, -0.7555817299796179, -0.7561326311804882, -0.7566785237484162, -0.7572195102086203, -0.7577556895745802, -0.7582871575158716, -0.7588140065157903, -0.7593363260195208, -0.7598542025735419, -0.7603677199568774, -0.760876959304781, -0.7613819992253859, -0.7618829159097876, -0.7623797832360237, -0.7628726728673505, -0.763361654345186, -0.7638467951770985, -0.7643281609201237, -0.7648058152597375, -0.7652798200847463, -0.7657502355583552, -0.7662171201856419, -0.766680530877676, -0.7671405230124498, -0.7675971504928603, -0.7680504658018701, -0.768500520055048, -0.768947363050607, -0.7693910433171287, -0.7698316081590522, -0.7702691037000904, -0.7707035749246817, -0.7711350657175722, -0.7715636189016425, -0.771989276274076, -0.7724120786409356, -0.7728320658502695, -0.7732492768237821, -0.7736637495871738, -0.7740755212992144, -0.7744846282795969, -0.7748911060356509, -0.7752949892879722, -0.7756963119950043, -0.77609510737664, -0.7764914079369035, -0.7768852454857059, -0.7772766511597899, -0.777665655442833, -0.7780522881848078, -0.7784365786205814, -0.7788185553878372, -0.7791982465443108, -0.7795756795843934, -0.7799508814551322, -0.7803238785716328, -0.7806946968319136, -0.7810633616312446, -0.7814298978759295, -0.781794329996661, -0.7821566819613633, -0.782516977287607, -0.7828752390545994, -0.7832314899147557, -0.7835857521048815, -0.7839380474569814, -0.7842883974087074, -0.7846368230134431, -0.7849833449500939, -0.785327983532512, -0.7856707587186514, -0.7860116901194113, -0.7863507970071959, -0.7866880983242107, -0.7870236126904934, -0.787357358411691, -0.787689353486604, -0.7880196156144804, -0.7883481622021087, -0.7886750103706837, -0.7890001769624507, -0.7893236785471837, -0.7896455314284395, -0.7899657516496427, -0.7902843549999858, -0.7906013570201611, -0.7909167730079222, -0.7912306180234863, -0.7915429068947847, -0.7918536542225562, -0.7921628743853081, -0.7924705815441259, -0.7927767896473565, -0.7930815124351605, -0.7933847634439334, -0.7936865560106098, -0.7939869032768581, -0.7942858181931434, -0.7945833135226952, -0.7948794018453711, -0.7951740955614002, -0.7954674068950496, -0.7957593478981809, -0.7960499304537179, -0.7963391662790184, -0.7966270669291747, -0.7969136438002095, -0.7971989081322062, -0.7974828710123474, -0.7977655433778902, -0.7980469360190539, -0.7983270595818442, -0.7986059245708003, -0.7988835413516854, -0.7991599201540983, -0.7994350710740378, -0.7997090040763746, -0.7999817289973051, -0.8002532555467132, -0.8005235933104897, -0.8007927517527956, -0.8010607402182714, -0.8013275679341934, -0.8015932440125711, -0.8018577774522302, -0.80212117714079, -0.802383451856655, -0.8026446102709194, -0.8029046609492412, -0.8031636123536882, -0.8034214728445181, -0.8036782506819313]}