{"FCI": -1.1361895496530567, "Energy": -1.1182429989355431, "Loss": [-0.4103718161361894, -0.41299464876781555, -0.4155399614970776, -0.41800555916620863, -0.42038980797655934, -0.4226918462303003, -0.4249118566862692, -0.42705140452647017, -0.42911383176501233, -0.4311046734601246, -0.4330320222124978, -0.43490672393573987, -0.43674226617687983, -0.4385542598326121, -0.4403595357565871, -0.442175033039332, -0.4440167399164463, -0.44589889607823396, -0.44783353635266016, -0.44983036215187333, -0.45189689287840823, -0.4540388215838915, -0.4562604652274973, -0.4585651984175004, -0.460955800295036, -0.4634346952331211, -0.4660041011758491, -0.46866611082756543, -0.4714227293132552, -0.47427588591701353, -0.47722743153184033, -0.48027912894934666, -0.48343264012236603, -0.4866895126780185, -0.4900511668617642, -0.4935188834679921, -0.4970937929697883, -0.5007768658815439, -0.5045689043020866, -0.5084705345511719, -0.5124822008047079, -0.5166041596398931, -0.5208364754133626, -0.5251790164089735, -0.5296314517050815, -0.5341932487230202, -0.5388636714285074, -0.5436417791659873, -0.5485264261123662, -0.553516261341533, -0.558609729494639, -0.5638050720534833, -0.5691003292157439, -0.574493342371393, -0.5799817571794532, -0.5855630272436199, -0.591234418384037, -0.5969930135010005, -0.6028357180244825, -0.6087592659412739, -0.6147602263892596, -0.6208350108059162, -0.6269798806156125, -0.6331909554377525, -0.6394642217952388, -0.6457955423001496, -0.652180665291145, -0.6586152348945701, -0.6650948014790575, -0.6716148324711678, -0.678170723497668, -0.6847578098180931, -0.691371378009674, -0.6980066778651034, -0.7046589344624228, -0.7113233603650961, -0.7179951679095312, -0.7246695815364957, -0.7313418501223621, -0.7380072592657431, -0.7446611434847864, -0.7512988982803342, -0.7579159920201066, -0.764507977599132, -0.7710705038317892, -0.7775993265309514, -0.7840903192298664, -0.790539483502603, -0.7969429588389536, -0.8032970320297845, -0.8095981460189268, -0.815842908177653, -0.8220280979579423, -0.8281506738807021, -0.8342077798154123, -0.8401967505079241, -0.8461151163138012, -0.8519606070954524, -0.857731155242794, -0.8634248977790164, -0.8690401775157857, -0.8745755432256399, -0.8800297488037945, -0.8854017513970683, -0.8906907084843473, -0.8958959739009049, -0.9010170928081487, -0.9060537956207894, -0.9110059909152506, -0.9158737573558814, -0.9206573346893742, -0.9253571138722011, -0.9299736264107459, -0.9345075330086194, -0.938959611630035, -0.9433307451016026, -0.9476219083868995, -0.9518341556783385, -0.955968607458411, -0.9600264376872509, -0.9640088612748431, -0.9679171219941721, -0.971752480985669, -0.9755162059937528, -0.979209561462851, -0.9828337996035647, -0.9863901525198298, -0.9898798254656778, -0.9933039912760687, -0.9966637859911265, -0.9999603056675588, -1.0031946043461621, -1.0063676931205299, -1.0094805402306062, -1.012534072085656, -1.0155291751056117, -1.0184666982576154, -1.0213474561563878, -1.0241722325928413, -1.0269417843550213, -1.0296568452089863, -1.0323181299141222, -1.0349263381573666, -1.0374821583033578, -1.0399862708720717, -1.0424393516714487, -1.0448420745294287, -1.047195113586769, -1.0494991451289943, -1.051754848951657, -1.0539629092680871, -1.0561240151818343, -1.0582388607573876, -1.0603081447319993, -1.062332569918275, -1.0643128423520754, -1.066249670242546, -1.0681437627816313, -1.0699958288685967, -1.0718065758019746, -1.0735767079863276, -1.0753069256954622, -1.076997923926827, -1.0786503913745462, -1.0802650095410857, -1.0818424520000793, -1.0833833838158298, -1.084888461118525, -1.086358330828537, -1.087793630518349, -1.0891949883969554, -1.0905630233987686, -1.0918983453573983, -1.093201555244013, -1.094473245450108, -1.0957140000955907, -1.0969243953447574, -1.0981049997149062, -1.0992563743649522, -1.1003790733541603, -1.1014736438640074, -1.1025406263789717, -1.1035805548246742, -1.1045939566641467, -1.1055813529550251, -1.106543258372054, -1.1074801812005044, -1.1083926233068322, -1.1092810800932753, -1.1101460404431083, -1.1109879866628285, -1.1118073944269524, -1.1126047327303614, -1.1133804638519555, -1.1141350433325683, -1.114868919968779, -1.115582535823446, -1.116276326252727, -1.1169507199485298, -1.1176061389948249]}