{"FCI": -0.9808567065778034, "Energy": -0.9790514117204452, "Loss": [-0.4449427671685825, -0.4466494943507863, -0.4484803581921619, -0.45043647932370007, -0.45251918379875083, -0.4547299585658428, -0.457070408280894, -0.45954221460075084, -0.4621470983174717, -0.46488678429029606, -0.4677629689668832, -0.4707772902407422, -0.4739312994036347, -0.47722643498693085, -0.48066399832764056, -0.48424513073541603, -0.4879707921726554, -0.4918417413899952, -0.49585851748380505, -0.500021422861342, -0.504330507613594, -0.5087855553062549, -0.5133860702062337, -0.5181312659653675, -0.5230200557848598, -0.528051044083906, -0.5332225196944089, -0.5385324506007595, -0.5439784802397655, -0.54955792537106, -0.5552677755229589, -0.5611046940128005, -0.5670650205345977, -0.5731447753002556, -0.5793396647139357, -0.585645088552295, -0.5920561486165815, -0.5985676588156706, -0.6051741566325011, -0.6118699159197724, -0.6186489609643471, -0.6255050817537268, -0.6324318503719919, -0.6394226384470488, -0.6464706355657999, -0.653568868568939, -0.6607102216326084, -0.6678874570401857, -0.6750932365438165, -0.6823201432123394, -0.6895607036596314, -0.6968074105454903, -0.7040527452396866, -0.7112892005390277, -0.7185093033270608, -0.7257056370663875, -0.7328708640146923, -0.7399977470571154, -0.7470791710500218, -0.7541081635740552, -0.7610779149979755, -0.7679817977588745, -0.774813384769189, -0.7815664668661446, -0.7882350692252251, -0.7948134666654804, -0.8012961977814388, -0.8076780778434891, -0.8139542104162899, -0.8201199976526339, -0.8261711492283667, -0.8321036898923343, -0.8379139656138948, -0.843598648318979, -0.8491547392144062, -0.8545795707085755, -0.8598708069450762, -0.86502644297393, -0.8700448025930599, -0.874924534900223, -0.8796646096027514, -0.8842643111392261, -0.8887232316734107, -0.8930412630264749, -0.8972185876185543, -0.9012556684952309, -0.9051532385181771, -0.9089122888024321, -0.91253405648506, -0.9160200119117149, -0.9193718453285488, -0.922591453167214, -0.9256809240102956, -0.9286425243234098, -0.9314786840385452, -0.9341919820708496, -0.9367851318482361, -0.9392609669298085, -0.9416224267851908, -0.9438725428027013, -0.9460144245895609, -0.9480512466225435, -0.9499862353022525, -0.9518226564589609, -0.9535638033524123, -0.9552129852026257, -0.9567735162831503, -0.9582487056027703, -0.959641847196429, -0.9609562110407732, -0.962195034604837, -0.9633615150415551, -0.964458802021221, -0.965489991203819, -0.9664581183431746, -0.9673661540122438, -0.9682169989355764, -0.9690134799120664, -0.969758346308435, -0.970454267101719, -0.971103828447015, -0.9717095317452451, -0.9722737921843395, -0.9727989377263578, -0.9732872085123094, -0.9737407566560756, -0.9741616463987008, -0.9745518545943141, -0.9749132714993494, -0.9752477018370743, -0.9755568661101901, -0.9758424021350196, -0.9761058667716436, -0.9763487378255151, -0.9765724160970093, -0.9767782275566875, -0.976967425625199, -0.977141193538025, -0.9773006467765328, -0.9774468355481468, -0.9775807472996875, -0.9777033092491706, -0.9778153909227233, -0.9779178066843474, -0.9780113182475509, -0.9780966371589526, -0.9781744272450598, -0.9782453070144899, -0.9783098520088346, -0.9783685970963467, -0.978422038703474, -0.9784706369800849, -0.9785148178949785, -0.9785549752590101, -0.9785914726737424, -0.9786246454041905, -0.9786548021747332, -0.9786822268877358, -0.9787071802649197, -0.9787299014118803, -0.9787506093064573, -0.9787695042120957, -0.9787867690174523, -0.9788025705038788, -0.9788170605425092, -0.9788303772229098, -0.9788426459153717, -0.9788539802690431, -0.9788644831481761, -0.9788742475088719, -0.9788833572186905, -0.9788918878216231, -0.9788999072507868, -0.9789074764913898, -0.978914650196324, -0.9789214772568526, -0.9789280013307207, -0.9789342613300678, -0.9789402918713885, -0.978946123689763, -0.9789517840195442, -0.9789572969435647, -0.9789626837128758, -0.9789679630389866, -0.9789731513604489, -0.9789782630855624, -0.978983310812936, -0.9789883055315051, -0.9789932568015491, -0.9789981729181824, -0.9790030610587173, -0.9790079274151562, -0.9790127773131039, -0.9790176153182115, -0.9790224453312507, -0.9790272706728488, -0.9790320941587795, -0.9790369181667358, -0.9790417446953822, -0.9790465754164261]}