{"FCI": -1.122767536167744, "Energy": -1.0138542667406771, "Loss": [-0.033374261130009575, -0.03535494752261545, -0.03743793572718884, -0.039622765622404854, -0.0419095011100509, -0.044298562341044345, -0.0467906005453638, -0.049386409206281234, -0.05208686024718451, -0.05489285674631375, -0.057805296649629856, -0.06082504399287239, -0.06395290543389656, -0.0671896106961404, -0.07053579602167703, -0.07399199004553661, -0.07755860170279999, -0.0812359099089707, -0.085024054838061, -0.08892303067751678, -0.09293267977444797, -0.09705268810992351, -0.10128258205140497, -0.1056217263404794, -0.11006932327566657, -0.11462441304953877, -0.11928587519652384, -0.1240524311032283, -0.1289226475273644, -0.13389494106472483, -0.138967583496442, -0.14413870794116074, -0.14940631572900123, -0.1547682839064452, -0.16022237327373862, -0.1657662368492781, -0.17139742864891752, -0.1771134126624658, -0.18291157190505916, -0.18878921741790625, -0.1947435970913753, -0.20077190418389126, -0.2068712854129047, -0.21303884849966626, -0.21927166905793252, -0.22556679672832472, -0.23192126047505363, -0.23833207298014414, -0.24479623409216839, -0.2513107333115342, -0.2578725513222946, -0.26447866061054837, -0.27112602524105267, -0.2778115998956851, -0.2845323283085975, -0.2912851412621168, -0.29806695433311087, -0.30487466560040055, -0.3117051535383927, -0.3185552753294405, -0.32542186582651444, -0.3323017373881358, -0.33919168078911904, -0.3460884673837531, -0.3529888526635545, -0.3598895813107818, -0.3667873938032187, -0.37367903457706886, -0.3805612617052938, -0.38743085800034355, -0.3942846434049616, -0.40111948849436585, -0.40793232887901837, -0.41472018027057234, -0.4214801539549877, -0.42820947240661, -0.43490548477505775, -0.44156568198248836, -0.4481877111815738, -0.4547693893431697, -0.46130871576601823, -0.46780388332774614, -0.47425328832539265, -0.48065553878367967, -0.48700946113887, -0.49331410523449953, -0.4995687475915183, -0.5057728929389257, -0.5119262740113512, -0.518028849637007, -0.5240808011531801, -0.5300825271969959, -0.5360346369271487, -0.5419379417381144, -0.5477934455327735, -0.5536023336229545, -0.5593659603310858, -0.5650858353702828, -0.5707636090855914, -0.5764010566460465, -0.5820000612859167, -0.5875625967040392, -0.5930907087423857, -0.5985864964784635, -0.6040520928804425, -0.6094896451881909, -0.6149012951970236, -0.6202891596330067, -0.6256553108183799, -0.6310017578321331, -0.6363304283735349, -0.6416431515348202, -0.6469416416829955, -0.6522274836397971, -0.6575021193332874, -0.6627668360746426, -0.6680227565901631, -0.6732708309117087, -0.6785118301998471, -0.6837463425434639, -0.6889747707487194, -0.69419733209956, -0.6994140600426095, -0.7046248077216709, -0.7098292532620336, -0.7150269066827155, -0.7202171182958189, -0.7253990884369594, -0.7305718783587573, -0.7357344221111038, -0.7408855392268329, -0.7460239480295665, -0.7511482793814986, -0.7562570906924294, -0.7613488800172781, -0.7664221000771118, -0.7714751720483399, -0.776506498975605, -0.7815144786760817, -0.7864975160158695, -0.7914540344528403, -0.7963824867545573, -0.8012813648142776, -0.8061492085027537, -0.8109846135081301, -0.8157862381307319, -0.8205528090137539, -0.8252831258047171, -0.8299760647559016, -0.8346305812847217, -0.8392457115271226, -0.8438205729283342, -0.8483543639257394, -0.8528463627880559, -0.8572959256833335, -0.8617024840555172, -0.8660655413951848, -0.8703846694946842, -0.874659504281007, -0.8788897413214974, -0.8830751310975328, -0.8872154741400538, -0.891310616117804, -0.8953604429647976, -0.8993648761276569, -0.9033238680063347, -0.9072373976534073, -0.9111054667877934, -0.9149280961686984, -0.918705322364832, -0.9224371949431224, -0.9261237740900284, -0.9297651286679023, -0.9333613346985571, -0.936912474256677, -0.94041863474725, -0.9438799085337117, -0.9472963928775804, -0.95066819014566, -0.9539954082377351, -0.9572781611861909, -0.9605165698786846, -0.9637107628563664, -0.9668608771426501, -0.9699670590611401, -0.9730294650060026, -0.976048262133345, -0.9790236289480241, -0.9819557557664637, -0.9848448450422926, -0.9876911115476613, -0.9904947824088844, -0.9932560970003184, -0.9959753067049799, -0.9986526745543675, -1.0012884747628898, -1.0038829921747043, -1.0064365216419215, -1.008949367353833, -1.011421842136435]}