{"FCI": -1.035185713956801, "Energy": -1.0131768691400724, "Loss": [-0.5863282862259698, -0.5913341551426818, -0.5963815572535709, -0.6014684514140782, -0.6065927582358084, -0.6117523469348121, -0.6169450238693476, -0.6221685225789864, -0.6274204952708708, -0.6326985057180569, -0.6380000235408461, -0.6433224198449361, -0.6486629641918766, -0.6540188228777919, -0.6593870584960174, -0.6647646307580038, -0.6701483985448868, -0.6755351231595149, -0.6809214727456064, -0.6863040278373537, -0.691679287999029, -0.6970436795104438, -0.7023935640502571, -0.7077252483254396, -0.7130349945915837, -0.7183190320053656, -0.7235735687472946, -0.728794804849991, -0.7339789456645992, -0.7391222158955252, -0.7442208741316354, -0.7492712278000033, -0.7542696484666225, -0.7592125874067046, -0.7640965913655182, -0.7689183184289134, -0.7736745539206324, -0.7783622262411037, -0.7829784225595771, -0.7875204042678496, -0.7919856220995374, -0.7963717308134023, -0.8006766033328361, -0.804898344225723, -0.8090353023998132, -0.8130860828781368, -0.8170495575070456, -0.8209248744363994, -0.8247114661975459, -0.8284090561904734, -0.8320176633779922, -0.8355376049727876, -0.8389694968942525, -0.8423142517678932, -0.8455730742428449, -0.8487474534147373, -0.8518391521644241, -0.854850193259977, -0.8577828421217294, -0.860639586219442, -0.8634231111566416, -0.866136273599021, -0.8687820713180749, -0.8713636107434297, -0.8738840725407573, -0.8763466758485575, -0.8787546419075086, -0.8811111578910289, -0.8834193417872149, -0.8856822091838381, -0.8879026427665974, -0.8900833652565585, -0.8922269163899045, -0.8943356343896851, -0.8964116422056458, -0.8984568386166943, -0.9004728941135518, -0.902461251317969, -0.9044231295586024, -0.906359533118705, -0.9082712625997287, -0.9101589288082232, -0.9120229685677387, -0.9138636618787427, -0.9156811498916904, -0.9174754532153622, -0.9192464901484004, -0.9209940944915063, -0.9227180326663522, -0.924418019931924, -0.926093735547395, -0.9277448367813425, -0.9293709717096515, -0.9309717907790468, -0.932546957140093, -0.934096155773674, -0.9356191014493523, -0.937115545563543, -0.9385852819111715, -0.9400281514472401, -0.9414440460954823, -0.9428329116605797, -0.9441947498989193, -0.9455296198009776, -0.9468376381367093, -0.9481189793135928, -0.9493738745959974, -0.9506026107338582, -0.9518055280486493, -0.95298301802509, -0.9541355204579764, -0.9552635202047497, -0.956367543595942, -0.9574481545570914, -0.9585059504971181, -0.9595415580192965, -0.9605556285116078, -0.961548833673388, -0.9625218610345521, -0.9634754095224001, -0.9644101851287319, -0.9653268967269841, -0.9662262520851653, -0.9671089541157285, -0.9679756973980357, -0.9688271650031366, -0.9696640256440879, -0.9704869311683176, -0.9712965144016831, -0.972093387347037, -0.9728781397335852, -0.9736513379071486, -0.974413524045818, -0.9751652156805618, -0.9759069054961873, -0.9766390613847484, -0.9773621267211126, -0.9780765208288192, -0.9787826396038353, -0.9794808562639787, -0.9801715221927856, -0.9808549678483346, -0.9815315037097525, -0.9822014212369758, -0.9828649938223576, -0.9835224777161229, -0.9841741129111424, -0.9848201239759438, -0.9854607208282545, -0.9860960994446059, -0.9867264425043965, -0.9873519199694217, -0.9879726896021163, -0.988588897427523, -0.9892006781454625, -0.9898081555002277, -0.9904114426158548, -0.9910106423050498, -0.9916058473598242, -0.9921971408313538, -0.9927845963059403, -0.9933682781830662, -0.9939482419604729, -0.9945245345301781, -0.9950971944881609, -0.9956662524593412, -0.9962317314385135, -0.9967936471468379, -0.9973520084027451, -0.9979068175053798, -0.9984580706281622, -0.9990057582197065, -0.9995498654090067, -1.0000903724118009, -1.0006272549349648, -1.0011604845760058, -1.001690029214884, -1.0022158533957661, -1.002737918696628, -1.003256184085009, -1.0037706062586633, -1.0042811399701992, -1.0047877383351982, -1.0052903531236557, -1.0057889350348848, -1.0062834339562452, -1.0067737992063572, -1.007259979763505, -1.0077419244801065, -1.00821958228422, -1.008692902368941, -1.0091618343706896, -1.009626328537201, -1.0100863358860577, -1.0105418083544273, -1.0109926989406564, -1.0114389618381971, -1.0118805525622792, -1.0123174280696312, -1.0127495468714973]}