{"FCI": -1.011800010850166, "Energy": -0.878781636267406, "Loss": [-0.7963279111560798, -0.8007882103051946, -0.8051395105086425, -0.8093777896935128, -0.8134991709453124, -0.8174999491303709, -0.8213766183435438, -0.8251258997776679, -0.8287447697255499, -0.8322304874194829, -0.8355806223942222, -0.8387930810393929, -0.8418661319890048, -0.8447984299802654, -0.8475890378020527, -0.8502374459459797, -0.8527435895708143, -0.8551078623948796, -0.8573311271418311, -0.8594147221838858, -0.8613604640537897, -0.8631706455335401, -0.8648480290745759, -0.8663958353613377, -0.8678177268978031, -0.8691177865745305, -0.8703004912611797, -0.8713706805651491, -0.8723335209988445, -0.8731944659038356, -0.8739592115866593, -0.8746336502245977, -0.875223820196454, -0.8757358545791353, -0.8761759286212767, -0.876550207056519, -0.8768647921479952, -0.8771256733594429, -0.8773386795257965, -0.8775094343468077, -0.8776433159521235, -0.877745421187861, -0.8778205351564634, -0.8778731064080754, -0.8779072280382387, -0.8779266247988183, -0.877934646182859, -0.8779342653045943, -0.8779280832681918, -0.8779183386070534, -0.8779069212824611, -0.8778953906581789, -0.8778849968171373, -0.8778767045572714, -0.8778712193951436, -0.8778690149162234, -0.8778703608375527, -0.8778753511892085, -0.8778839320728311, -0.8778959285157873, -0.8779110700053705, -0.8779290143566761, -0.8779493696378253, -0.8779717139455832, -0.8779956128909921, -0.8780206347176595, -0.8780463630333228, -0.87807240718776, -0.8780984103764765, -0.8781240555892886, -0.8781490695561839, -0.8781732248692284, -0.8781963404791856, -0.8782182807790199, -0.8782389534939373, -0.8782583065992997, -0.8782763244844056, -0.8782930235719919, -0.8783084475910937, -0.8783226626853189, -0.8783357525201152, -0.8783478135321369, -0.8783589504418278, -0.8783692721277099, -0.8783788879380517, -0.8783879044933852, -0.878396423012062, -0.8784045371714383, -0.878412331499452, -0.8784198802758616, -0.8784272469093424, -0.8784344837460684, -0.8784416322575666, -0.8784487235502616, -0.8784557791362246, -0.8784628119040516, -0.8784698272301696, -0.8784768241740579, -0.8784837967054709, -0.8784907349175396, -0.8784976261861693, -0.8785044562432728, -0.8785112101386567, -0.8785178730726372, -0.8785244310883886, -0.8785308716194997, -0.8785371838939771, -0.8785433592009849, -0.8785493910306799, -0.8785552751008072, -0.8785610092859943, -0.8785665934671635, -0.878572029319004, -0.8785773200533967, -0.8785824701358133, -0.8785874849903753, -0.8785923707075082, -0.8785971337660095, -0.8786017807791348, -0.8786063182718683, -0.8786107524943458, -0.8786150892740643, -0.8786193339076024, -0.8786234910907024, -0.8786275648841647, -0.8786315587117562, -0.8786354753855128, -0.8786393171532658, -0.8786430857629811, -0.8786467825385031, -0.8786504084615814, -0.8786539642555057, -0.8786574504662322, -0.8786608675376415, -0.8786642158783128, -0.8786674959179368, -0.8786707081522637, -0.8786738531762316, -0.8786769317054497, -0.8786799445868352, -0.8786828927995054, -0.8786857774474837, -0.8786885997458006, -0.878691361001776, -0.8786940625931999, -0.8786967059450448, -0.8786992925061714, -0.8787018237272599, -0.8787043010410037, -0.8787067258452536, -0.8787090994896175, -0.8787114232656914, -0.8787136984009583, -0.8787159260561086, -0.8787181073254214, -0.8787202432397625, -0.8787223347715953, -0.8787243828414937, -0.8787263883254901, -0.8787283520628173, -0.8787302748634682, -0.8787321575152529, -0.8787340007899885, -0.8787358054486248, -0.8787375722451977, -0.8787393019295489, -0.8787409952488814, -0.8787426529482429, -0.8787442757700893, -0.878745864453132, -0.878747419730644, -0.8787489423284615, -0.8787504329628435, -0.8787518923383785, -0.8787533211460856, -0.8787547200617956, -0.8787560897449171, -0.8787574308376015, -0.8787587439643341, -0.8787600297319069, -0.8787612887297622, -0.8787625215305995, -0.8787637286912335, -0.8787649107535632, -0.8787660682456471, -0.8787672016827568, -0.8787683115683913, -0.8787693983951889, -0.8787704626457007, -0.8787715047930308, -0.8787725253013104, -0.8787735246260271, -0.8787745032142067, -0.878775461504518, -0.8787763999272508, -0.8787773189042617, -0.8787782188488914, -0.8787791001658578, -0.8787799632511909, -0.8787808084921853]}