{"FCI": -1.120559964469384, "Energy": -1.053645919907225, "Loss": [-0.4377979932985183, -0.4415076020542569, -0.44524818911954867, -0.44901824741600993, -0.45281630817449325, -0.45664096051327563, -0.4604908762844856, -0.4643648403499412, -0.4682617862266698, -0.47218083643486786, -0.47612134590278243, -0.4800829453819625, -0.4840655800279931, -0.48806953630773214, -0.4920954486826833, -0.4961442768878856, -0.5002172460722794, -0.5043157463936139, -0.5084411958628952, -0.5125948789540425, -0.5167777810813893, -0.5209904425273111, -0.5252328530296985, -0.5295044006033791, -0.5338038779667467, -0.5381295405250249, -0.542479203600949, -0.546850364133047, -0.5512403325616524, -0.5556463626720459, -0.5600657695108314, -0.5644960274494866, -0.5689348419610243, -0.5733801900771198, -0.577830326380652, -0.5822837542453635, -0.5867391659501912, -0.5911953597619788, -0.595651146022058, -0.600105256407473, -0.6045562699533418, -0.6090025660653638, -0.6134423095095526, -0.6178734666781682, -0.6222938476635563, -0.6267011656434843, -0.6310931039414033, -0.635467381544597, -0.6398218093402673, -0.6441543314233569, -0.6484630482475832, -0.6527462209499859, -0.6570022587103395, -0.6612296932747038, -0.665427146461646, -0.6695932972539308, -0.6737268547424993, -0.677826541743688, -0.6818910916304686, -0.6859192582855228, -0.6899098366496557, -0.6938616895760599, -0.6977737758990327, -0.7016451748538567, -0.7054751031117066, -0.709262922435012, -0.7130081379376353, -0.7167103887452475, -0.7203694341374001, -0.7239851387799917, -0.7275574603711885, -0.7310864420621856, -0.7345722106598676, -0.7380149802157656, -0.741415059465466, -0.7447728609113273, -0.7480889092130967, -0.7513638469157464, -0.7545984362617908, -0.7577935567170815, -0.7609501986869128, -0.7640694545424384, -0.7671525084024311, -0.7702006260853184, -0.7732151463057882, -0.7761974736508271, -0.7791490732804057, -0.7820714668041147, -0.7849662284948487, -0.7878349809597536, -0.7906793895767853, -0.7935011553476783, -0.7963020062109627, -0.7990836871980679, -0.8018479500235771, -0.8045965427421883, -0.8073311999912479, -0.8100536341185525, -0.8127655272406098, -0.8154685240570315, -0.8181642251148281, -0.8208541801948761, -0.8235398815741785, -0.8262227570676233, -0.8289041629243428, -0.8315853767985171, -0.8342675910970558, -0.8369519070115515, -0.8396393294764468, -0.8423307631842065, -0.8450270096654889, -0.8477287653405985, -0.8504366203900977, -0.8531510582850241, -0.8558724558524174, -0.8586010838116641, -0.8613371077783952, -0.8640805897759807, -0.86683149030866, -0.869589671034151, -0.8723548980358159, -0.8751268456491691, -0.8779051007593315, -0.8806891674658587, -0.8834784720131675, -0.8862723679052353, -0.8890701411540461, -0.891871015641588, -0.8946741585958927, -0.8974786861877371, -0.9002836692461921, -0.9030881390732397, -0.9058910933169209, -0.9086915018465718, -0.9114883125668501, -0.9142804571110982, -0.9170668563665576, -0.9198464257999187, -0.9226180805661792, -0.9253807403937071, -0.9281333342414141, -0.9308748047215958, -0.9336041122765822, -0.9363202390922087, -0.9390221927289799, -0.9417090094537545, -0.9443797572603347, -0.9470335385746778, -0.9496694926473357, -0.9522867976400557, -0.9548846724147101, -0.9574623780309464, -0.9600192189556741, -0.9625545439843887, -0.9650677468728783, -0.9675582666787277, -0.9700255878151256, -0.9724692398238902, -0.9748887968793036, -0.9772838770380822, -0.9796541412533727, -0.9819992921719325, -0.984319072734128, -0.986613264596818, -0.9888816864000177, -0.9911241918996645, -0.9933406679904828, -0.9955310326446494, -0.9976952327927738, -0.9998332421738226, -1.001945059179341, -1.004030704715567, -1.006090220104604, -1.008123665043583, -1.0101311156386703, -1.0121126625290675, -1.0140684091146341, -1.015998469899223, -1.017902968959932, -1.0197820385503518, -1.021635817843412, -1.0234644518167628, -1.0252680902810682, -1.02704688704921, -1.0288009992422975, -1.030530586726468, -1.0322358116728862, -1.033916838231732, -1.0355738323095574, -1.0372069614381638, -1.0388163947220865, -1.040402302851255, -1.0419648581650536, -1.0435042347544738, -1.045020608589537, -1.0465141576602595, -1.047985062120498, -1.0494335044253706, -1.050859669454208, -1.0522637446124483]}