{"FCI": -1.122767536167744, "Energy": -1.1201876241332593, "Loss": [-0.6260637606524313, -0.6320273408879841, -0.6379551612025778, -0.6438442771087111, -0.6496919736234802, -0.6554958290584288, -0.661253787445517, -0.666964238514094, -0.6726261029806507, -0.6782389190996062, -0.6838029240447863, -0.689319120910956, -0.6947893193685133, -0.7002161360530059, -0.7056029407434278, -0.7109537375033167, -0.7162729770430113, -0.7215653073264837, -0.7268352819844556, -0.7320870570216591, -0.7373241118567471, -0.7425490284759741, -0.747763352664936, -0.7529675468818675, -0.7581610296822276, -0.7633422854618401, -0.7685090225245501, -0.7736583569031434, -0.7787870024320965, -0.7838914523858348, -0.7889681429968648, -0.7940135934171173, -0.7990245198239373, -0.8039979234320264, -0.8089311533830801, -0.8138219461298182, -0.8186684432673894, -0.8234691899875564, -0.8282231165613417, -0.8329295055469395, -0.8375879477641746, -0.8421982904219409, -0.8467605810490918, -0.851275010974571, -0.8557418619573631, -0.8601614591447653, -0.864534132849819, -0.8688601907444402, -0.8731399010599344, -0.877373486384749, -0.8815611267605439, -0.8857029700890048, -0.8897991474269599, -0.8938497905833284, -0.8978550495233238, -0.9018151073951426, -0.9057301914691656, -0.90960057886124, -0.9134265965402002, -0.917208615738703, -0.9209470414442249, -0.9246422980990726, -0.9282948129508566, -0.9319049986464186, -0.9354732366480758, -0.938999862882832, -0.9424851567407538, -0.9459293341584654, -0.9493325451046596, -0.9526948753741202, -0.9560163522365627, -0.9592969532075075, -0.9625366170287083, -0.9657352558698766, -0.9688927677851008, -0.9720090485611104, -0.9750840022590066, -0.9781175499531412, -0.9811096363867753, -0.9840602344725711, -0.9869693477493426, -0.9898370110511245, -0.9926632897428735, -0.9954482779258398, -0.9981920960172699, -1.000894888070432, -1.0035568191319864, -1.0061780728464973, -1.0087588494253472, -1.0112993640107408, -1.0137998453946186, -1.0162605350032987, -1.0186816860343109, -1.0210635626315323, -1.0234064390043913, -1.0257105984311505, -1.0279763321272215, -1.030203938000844, -1.032393719352898, -1.0345459836013187, -1.0366610411200485, -1.0387392042778798, -1.0407807867451402, -1.0427861031094452, -1.0447554688099077, -1.04668920036681, -1.0485876158552327, -1.0504510355497436, -1.0522797826553334, -1.0540741840378594, -1.0558345708749284, -1.057561279163677, -1.059254650042413, -1.060915029906373, -1.0625427703200296, -1.064138227748044, -1.0657017631412296, -1.067233741422571, -1.0687345309206868, -1.0702045027950229, -1.0716440304896793, -1.0730534892426054, -1.0744332556657326, -1.0757837074009509, -1.0771052228479512, -1.0783981809537262, -1.079662961049975, -1.0808999427240642, -1.0821095057105992, -1.0832920297935862, -1.0844478947127492, -1.0855774800708256, -1.0866811652414012, -1.0877593292783918, -1.0888123508287226, -1.0898406080491774, -1.09084447852737, -1.0918243392051756, -1.0927805663019199, -1.0937135352337253, -1.0946236205254616, -1.0955111957122743, -1.0963766332289926, -1.0972203042872253, -1.098042578741727, -1.0988438249489862, -1.0996244096221734, -1.100384697686854, -1.101125052141902, -1.101845833929097, -1.1025474018138883, -1.1032301122783172, -1.1038943194257926, -1.104540374896224, -1.1051686277892196, -1.1057794245926955, -1.1063731091142532, -1.1069500224131732, -1.1075105027314212, -1.1080548854229306, -1.1085835028810953, -1.1090966844650323, -1.1095947564255761, -1.1100780418321154, -1.110546860501382, -1.1110015289290969, -1.1114423602250751, -1.111869664052131, -1.11228374656884, -1.1126849103760266, -1.1130734544667455, -1.1134496741795636, -1.113813861154871, -1.1141663032941347, -1.1145072847220237, -1.1148370857513474, -1.1151559828508142, -1.1154642486154838, -1.1157621517398926, -1.1160499569936195, -1.1163279251991076, -1.1165963132115373, -1.1168553739006024, -1.1171053561340112, -1.1173465047627118, -1.117579060607895, -1.1178032604498442, -1.1180193370188722, -1.1182275189884654, -1.1184280309708565, -1.1186210935150875, -1.1188069231076803, -1.1189857321758414, -1.1191577290931827, -1.1193231181877825, -1.1194820997524886, -1.1196348700572996, -1.1197816213637104, -1.1199225419409369, -1.1200578160839385]}