{"FCI": -1.035185713956801, "Energy": -1.0149356990608984, "Loss": [-0.3334199393027392, -0.33559671437740063, -0.33780864746897116, -0.34005443598647095, -0.34233280838227914, -0.34464251394427586, -0.3469823142007419, -0.349350975796514, -0.35174726478556523, -0.35416994227759196, -0.35661776136795664, -0.35908946527683083, -0.3615837866231919, -0.36409944776093733, -0.36663516210670144, -0.3691896363915052, -0.37176157377082114, -0.37434967772987626, -0.37695265672314743, -0.3795692294889814, -0.38219813098230637, -0.3848381188704787, -0.38748798053962835, -0.39014654056138065, -0.3928126685727074, -0.3954852875248637, -0.3981633822608979, -0.40084600838513496, -0.4035323013922214, -0.40622148602770203, -0.40891288585672403, -0.41160593302196613, -0.4143001781763493, -0.4169953005801455, -0.4196911183555715, -0.42238759889453387, -0.42508486941654045, -0.42778322767343524, -0.4304831527951569, -0.4331853162654678, -0.4358905930080475, -0.4386000725506457, -0.4413150702174969, -0.4440371382769636, -0.4467680769417697, -0.4495099450823459, -0.4522650704693086, -0.455036059308639, -0.45782580477302853, -0.4606374941659661, -0.4634746142834123, -0.46634095446423374, -0.4692406067494832, -0.4721779625079102, -0.475157704838444, -0.4781847960385667, -0.4812644594402733, -0.48440215497260336, -0.4876035479198556, -0.4908744705136207, -0.49422087622561295, -0.49764878691218917, -0.5011642332878481, -0.5047731895541476, -0.5084815033556084, -0.5122948225448611, -0.5162185204844227, -0.5202576217653953, -0.5244167302658752, -0.5286999613977744, -0.533110880207345, -0.5376524467216297, -0.5423269695993527, -0.5471360687838476, -0.5520806475004041, -0.5571608736183551, -0.562376170128677, -0.5677252142803446, -0.5732059447743416, -0.5788155763267226, -0.5845506208715183, -0.59040691466826, -0.5963796505962611, -0.6024634149485271, -0.6086522280751339, -0.6149395882642288, -0.6213185182858955, -0.6277816140586814, -0.6343210949306988, -0.6409288550972463, -0.6475965157052638, -0.6543154772225257, -0.6610769716762602, -0.6678721143923755, -0.6746919548926402, -0.6815275266328913, -0.6883698952907028, -0.69521020533574, -0.702039724640232, -0.7088498869105866, -0.7156323317441816, -0.7223789421377348, -0.729081879295649, -0.7357336146081698, -0.7423269586904396, -0.7488550873943978, -0.755311564726223, -0.7616903626225714, -0.7679858775592506, -0.774192943986225, -0.7803068446028736, -0.7863233175072075, -0.7922385602721618, -0.7980492310210678, -0.803752446592843, -0.8093457779051126, -0.8148272426404279, -0.8201952953966392, -0.8254488154573207, -0.8305870923516879, -0.8356098093856779, -0.8405170253364631, -0.8453091545117529, -0.8499869453825395, -0.8545514580033282, -0.8590040404375963, -0.8633463044076901, -0.8675801003881602, -0.8717074923590141, -0.8757307324312289, -0.8796522355504778, -0.8834745544770289, -0.8872003552298791, -0.8908323931717372, -0.894373489898515, -0.8978265110826921, -0.9011943454045689, -0.9044798846890694, -0.9076860053488136, -0.910815551216672, -0.9138713178333803, -0.9168560382380722, -0.9197723702922302, -0.9226228855505478, -0.9254100596759759, -0.9281362643808159, -0.930803760861423, -0.9334146946808852, -0.9359710920423202, -0.938474857385003, -0.9409277722266132, -0.9433314951675491, -0.9456875629674126, -0.9479973925993277, -0.9502622841850208, -0.9524834247119625, -0.9546618924337991, -0.9567986618562624, -0.9588946092129191, -0.9609505183381811, -0.9629670868488982, -0.9649449325505784, -0.9668845999893467, -0.9687865670764828, -0.9706512517183294, -0.9724790183904862, -0.9742701846014745, -0.9760250271973393, -0.9777437884647834, -0.9794266819964687, -0.9810738982878825, -0.9826856100407021, -0.984261977152747, -0.9858031513795278, -0.9873092806567768, -0.9887805130775738, -0.9902170005212909, -0.9916189019349855, -0.9929863862707814, -0.9943196350854362, -0.9956188448104244, -0.9968842287029298, -0.9981160184895921, -0.9993144657162755, -1.0004798428181247, -1.0016124439249763, -1.0027125854178098, -1.0037806062522807, -1.004816868065579, -1.0058217550829884, -1.0067956738403374, -1.0077390527384176, -1.0086523414451551, -1.0095360101608477, -1.0103905487614964, -1.0112164658345626, -1.012014287621122, -1.012784556877635, -1.0135278316700764, -1.0142446841124144]}