{"FCI": -0.9808567065778034, "Energy": -0.9779784610603527, "Loss": [-0.7064899458486009, -0.7092714149092275, -0.7119965779163767, -0.7146821511472223, -0.7173678720967318, -0.7200835654980667, -0.7228388450615276, -0.7256362347715456, -0.7284766785469983, -0.7313607433997957, -0.7342888722595043, -0.7372614476438377, -0.7402788093722956, -0.7433412548667043, -0.7464490303841049, -0.7496023175711304, -0.7528012182074418, -0.7560457389174582, -0.7593357768283948, -0.7626711066279477, -0.7660513691701318, -0.7694760616205549, -0.7729445290641869, -0.7764559574785704, -0.7800093679789641, -0.7836036122551934, -0.7872373691355571, -0.7909091422278719, -0.7946172585998399, -0.79835986847045, -0.8021349458908628, -0.8059402903977957, -0.8097735296250095, -0.8136321228595299, -0.8175133655290647, -0.8214143946058853, -0.825332194910475, -0.8292636062957423, -0.8332053316894614, -0.8371539459693476, -0.8411059056413775, -0.8450575592881799, -0.8490051587502253, -0.8529448709984642, -0.8568727906528606, -0.8607849530970904, -0.864677348135461, -0.8685459341340845, -0.8723866525842037, -0.87619544302184, -0.8799682582340932, -0.8837010796790288, -0.8873899330427613, -0.8910309038544603, -0.8946201530772947, -0.8981539325911165, -0.9016286004807984, -0.9050406360427389, -0.9083866544211084, -0.9116634207850156, -0.9148678639579343, -0.9179970894115038, -0.9210483915371745, -0.9240192651112776, -0.9269074158717894, -0.9297107701285883, -0.9324274833330712, -0.9350559475381012, -0.9375947976847477, -0.9400429166588393, -0.9423994390674364, -0.9446637536932296, -0.9468355045934209, -0.9489145908188695, -0.9509011647390821, -0.952795628969013, -0.9545986319044124, -0.956311061883717, -0.9579340400059697, -0.9594689116458431, -0.9609172367186921, -0.9622807787601056, -0.9635614928958669, -0.964761512789338, -0.965883136663693, -0.9669288125063448, -0.9679011225717788, -0.9688027673069453, -0.9696365488300933, -0.9704053540992894, -0.9711121379107368, -0.9717599058692943, -0.9723516974741613, -0.9728905694614484, -0.9733795795423119, -0.9738217706704008, -0.9742201559656621, -0.9745777044130821, -0.9748973274447756, -0.9751818665022632, -0.9754340816627634, -0.9756566413992944, -0.9758521135294554, -0.9760229573921783, -0.9761715172759733, -0.9763000171062456, -0.9764105563837258, -0.9765051073510466, -0.9765855133501776, -0.9766534883205049, -0.9767106173752789, -0.9767583583840199, -0.9767980444795306, -0.9768308874012109, -0.9768579815810808, -0.9768803088753399, -0.9768987438425534, -0.9769140594693384, -0.9769269332459672, -0.9769379534969953, -0.9769476258763028, -0.9769563799409632, -0.976964575724667, -0.9769725102381029, -0.9769804238312344, -0.976988506360079, -0.9769969031085345, -0.9770057204238364, -0.9770150310320145, -0.9770248790073621, -0.9770352843771943, -0.9770462473499717, -0.9770577521612183, -0.9770697705373401, -0.9770822647826288, -0.9770951904992229, -0.977108498953677, -0.9771221391070017, -0.9771360593276945, -0.977150208809285, -0.9771645387154122, -0.9771790030763805, -0.9771935594616588, -0.9772081694527948, -0.9772227989409416, -0.9772374182724596, -0.9772520022651991, -0.9772665301168332, -0.9772809852253003, -0.9772953549398486, -0.9773096302596864, -0.977323805495444, -0.9773378779070729, -0.9773518473301159, -0.9773657158005153, -0.9773794871867237, -0.977393166836187, -0.9774067612419214, -0.9774202777336091, -0.977433724196327, -0.977447108819034, -0.9774604398739086, -0.977473725526802, -0.9774869736783515, -0.9775001918346629, -0.977513387006037, -0.9775265656317507, -0.9775397335286898, -0.9775528958613652, -0.9775660571307987, -0.9775792211796641, -0.9775923912111151, -0.9776055698188166, -0.9776187590257757, -0.977631960329784, -0.9776451747533788, -0.9776584028965402, -0.9776716449904495, -0.9776849009508942, -0.9776981704301858, -0.9777114528665408, -0.9777247475302084, -0.9777380535657401, -0.9777513700300065, -0.9777646959257533, -0.9777780302305472, -0.9777913719212035, -0.9778047199938009, -0.9778180734795044, -0.9778314314565372, -0.9778447930585512, -0.9778581574798947, -0.9778715239780728, -0.9778848918738782, -0.9778982605495468, -0.9779116294453702, -0.9779249980550984, -0.9779383659204748, -0.9779517326252603, -0.9779650977889232]}