{"FCI": -0.9981488619840654, "Energy": -0.8968578298166752, "Loss": [-0.5319665188002046, -0.5351135861797118, -0.5382968942996359, -0.5415156204435363, -0.5447688876397001, -0.5480557601175964, -0.5513752393340418, -0.5547262604597253, -0.5581076893516341, -0.5615183200531249, -0.5649568728648481, -0.5684219930280556, -0.5719122500588543, -0.5754261377685037, -0.5789620750008208, -0.5825184071135083, -0.5860934082255144, -0.5896852842477137, -0.593292176708916, -0.5969121673838268, -0.600543283723746, -0.6041835050848411, -0.6078307697423264, -0.6114829826721861, -0.6151380240748039, -0.6187937586071541, -0.6224480452819079, -0.6260987479827942, -0.6297437465359044, -0.6333809482659646, -0.6370082999552776, -0.6406238001104845, -0.6442255114290337, -0.6478115733428377, -0.6513802145014039, -0.6549297650409285, -0.658458668469524, -0.6619654929825467, -0.6654489420064743, -0.6689078637555372, -0.6723412595735753, -0.675748290825366, -0.6791282840984124, -0.6824807344793468, -0.6858053066804892, -0.6891018338129612, -0.6923703136349108, -0.6956109021476048, -0.6988239044690342, -0.7020097629840015, -0.7051690428500684, -0.7083024150279071, -0.7114106370988782, -0.7144945322273182, -0.7175549667144485, -0.7205928266687548, -0.7236089943779385, -0.7266043250046942, -0.7295796242379515, -0.732535627510863, -0.7354729813460333, -0.7383922273099339, -0.7412937889564412, -0.7441779620205428, -0.7470449079953743, -0.7498946510968413, -0.752727078498434, -0.7555419436110009, -0.7583388720936814, -0.7611173702160695, -0.7638768351493574, -0.7666165667450733, -0.7693357803620955, -0.7720336203224865, -0.7747091736108707, -0.7773614834760751, -0.7799895626441058, -0.7825924059043483, -0.7851690018836006, -0.7877183438724382, -0.7902394396143735, -0.7927313200086491, -0.7951930467124209, -0.797623718656701, -0.8000224775136764, -0.8023885121705928, -0.8047210622783865, -0.8070194209518795, -0.8092829367035046, -0.8115110146944923, -0.81370311738729, -0.8158587646804643, -0.8179775336037032, -0.8200590576455429, -0.822103025780718, -0.8241091812578593, -0.8260773202016448, -0.8280072900769813, -0.8298989880561131, -0.8317523593232367, -0.83356739534504, -0.8353441321299104, -0.8370826484932088, -0.8387830643412665, -0.8404455389825353, -0.8420702694705446, -0.8436574889803841, -0.8452074652177118, -0.8467204988575276, -0.8481969220083697, -0.8496370966968219, -0.8510414133667419, -0.8524102893875884, -0.8537441675666412, -0.8550435146605214, -0.8563088198823521, -0.8575405934019403, -0.858739364837623, -0.859905681739589, -0.8610401080657758, -0.8621432226526637, -0.8632156176843218, -0.8642578971640861, -0.8652706753940694, -0.8662545754682983, -0.8672102277857597, -0.8681382685898852, -0.8690393385410848, -0.8699140813288153, -0.8707631423294007, -0.8715871673154193, -0.8723868012219023, -0.8731626869739649, -0.873915464379761, -0.8746457690918883, -0.8753542316395782, -0.8760414765331491, -0.8767081214415603, -0.8773547764429297, -0.8779820433474278, -0.8785905150911012, -0.8791807751987614, -0.8797533973135185, -0.8803089447901185, -0.8808479703489795, -0.8813710157874809, -0.8818786117449646, -0.8823712775177777, -0.8828495209206338, -0.8833138381906303, -0.8837647139302852, -0.8842026210861271, -0.8846280209594618, -0.8850413632461642, -0.8854430861025064, -0.8858336162342314, -0.8862133690063497, -0.8865827485712559, -0.886942148013036, -0.8872919495060374, -0.8876325244858756, -0.8879642338313608, -0.888287428055831, -0.8886024475066504, -0.8889096225716948, -0.8892092738917359, -0.8895017125778176, -0.8897872404326983, -0.89006615017559, -0.8903387256694231, -0.8906052421499785, -0.8908659664562126, -0.891121157261188, -0.8913710653030293, -0.8916159336153794, -0.891855997756838, -0.8920914860389123, -0.8923226197520242, -0.8925496133891786, -0.892772674866851, -0.8929920057428086, -0.8932078014304736, -0.8934202514095678, -0.893629539432757, -0.8938358437280753, -0.8940393371969169, -0.8942401876074293, -0.8944385577831644, -0.8946346057868844, -0.8948284850994151, -0.8950203447935157, -0.8952103297026984, -0.8953985805850005, -0.8955852342817027, -0.8957704238710115, -0.8959542788167353, -0.896136925112015, -0.8963184854181317, -0.8964990791984858, -0.8966788228478119]}