{"FCI": -1.0968840054452296, "Energy": -1.0859873371500401, "Loss": [-0.6140146476657083, -0.6200309052657985, -0.6259730393394726, -0.6318368582878471, -0.6376182038581117, -0.6433129673991524, -0.6489171073185569, -0.6544266674985626, -0.6598377965559157, -0.6651467678381967, -0.6703500000428245, -0.6754440783364261, -0.6804257758434293, -0.6852920753643876, -0.6900401911765389, -0.6946675907614845, -0.6991720162975242, -0.703551505746854, -0.7078044133602956, -0.7119294294143974, -0.7159255989871304, -0.7197923395689698, -0.7235294572956733, -0.7271371615774278, -0.7306160778862336, -0.7339672584497634, -0.7371921905858142, -0.740292802397694, -0.7432714655385909, -0.7461309947437444, -0.7488746438251599, -0.7515060978271406, -0.7540294610551912, -0.7564492407189193, -0.7587703259750048, -0.7609979622220631, -0.763137720587785, -0.7651954626613449, -0.767177300659995, -0.7690895533753284, -0.770938698416062, -0.7727313214419217, -0.7744740632561165, -0.7761735657786577, -0.7778364180452965, -0.7794691034536619, -0.7810779494979373, -0.782669081189117, -0.7842483792476582, -0.7858214439835801, -0.7873935655560533, -0.788969701045629, -0.7905544584962523, -0.7921520878108684, -0.7937664781326887, -0.7954011611295901, -0.7970593194330303, -0.7987437993711051, -0.8004571270787948, -0.8022015270633492, -0.8039789423419372, -0.8057910553428499, -0.807639308860697, -0.8095249264699318, -0.8114489319211486, -0.8134121671630852, -0.8154153087448779, -0.8174588824535509, -0.8195432761288934, -0.8216687506705943, -0.8238354493109077, -0.8260434052706604, -0.8282925479487963, -0.8305827078167939, -0.8329136202013271, -0.8352849281427095, -0.8376961845145721, -0.8401468535833709, -0.8426363121756119, -0.8451638506074848, -0.8477286735164736, -0.8503299007184195, -0.8529665681968697, -0.8556376293148757, -0.8583419563230947, -0.8610783422223072, -0.8638455030235523, -0.8666420804351317, -0.8694666449927657, -0.8723176996374541, -0.8751936837348492, -0.8780929775204657, -0.8810139069466092, -0.8839547488996295, -0.8869137367498406, -0.8898890661911891, -0.8928789013235695, -0.895881380927248, -0.8988946248764618, -0.9019167406375879, -0.9049458297964162, -0.9079799945589061, -0.9110173441704341, -0.914056001199679, -0.9170941076351785, -0.9201298307450035, -0.9231613686528987, -0.9261869555877829, -0.9292048667673604, -0.9322134228809621, -0.9352109941415041, -0.9381960038814144, -0.9411669316728423, -0.9441223159578713, -0.9470607561802524, -0.9499809144159158, -0.9528815165053094, -0.9557613526963267, -0.9586192778121796, -0.9614542109638718, -0.9642651348320207, -0.9670510945473391, -0.9698111962033726, -0.9725446050386236, -0.975250543328346, -0.9779282880286785, -0.9805771682174746, -0.9831965623773528, -0.9857858955665972, -0.9883446365233599, -0.990872294747331, -0.9933684176013841, -0.9958325874732457, -0.9982644190343523, -1.00066355662954, -1.0030296718273886, -1.0053624611568597, -1.007661644051424, -1.0099269610172579, -1.012158172037529, -1.0143550552201426, -1.0165174056917903, -1.0186450347369436, -1.0207377691763044, -1.0227954509755501, -1.0248179370718447, -1.0268050994026494, -1.0287568251188166, -1.0306730169619198, -1.0325535937841297, -1.03439849118775, -1.0362076622608658, -1.0379810783851589, -1.0397187300920898, -1.0414206279440466, -1.0430868034178509, -1.0447173097690858, -1.046312222857001, -1.047871641911316, -1.04939569022394, -1.0508845157504831, -1.052338291608389, -1.0537572164605302, -1.0551415147751724, -1.0564914369552743, -1.057807259332151, -1.0590892840203996, -1.060337838633115, -1.0615532758580222, -1.0627359728970474, -1.06388633077333, -1.065004773511236, -1.0660917471961793, -1.067147718922318, -1.0681731756371269, -1.0691686228928128, -1.070134583515158, -1.0710715962010142, -1.0719802140560375, -1.0728610030844987, -1.0737145406431372, -1.0745414138710023, -1.0753422181070575, -1.0761175553070537, -1.076868032470765, -1.0775942600902648, -1.0782968506292063, -1.0789764170425606, -1.079633571345418, -1.0802689232387108, -1.0808830787989079, -1.0814766392378015, -1.0820501997376735, -1.082604348366209, -1.0831396650745877, -1.0836567207813392, -1.0841560765436518, -1.0846382828169752, -1.0851038788029657, -1.0855533918850304]}