{"FCI": -0.9443745249874615, "Energy": -0.9269927785500918, "Loss": [-0.6158639310392409, -0.6212116523982618, -0.6265879621029204, -0.6319906396425407, -0.6374173722512717, -0.6428657514643392, -0.6483332706081937, -0.6538173231099801, -0.6593152016429858, -0.6648240981365238, -0.6703411046761416, -0.6758632153140268, -0.6813873288025492, -0.6869102522563636, -0.692428705740891, -0.6979393277771551, -0.7034386817452615, -0.7089232631611372, -0.7143895077935649, -0.7198338005813296, -0.7252524853031173, -0.730641874946048, -0.7359982627121923, -0.7413179335962065, -0.746597176461377, -0.7518322965357874, -0.7570196282451437, -0.7621555482939381, -0.7672364889021777, -0.7722589511007644, -0.7772195179849959, -0.7821148678224229, -0.7869417869085958, -0.7916971820621779, -0.7963780926495299, -0.8009817020282913, -0.8055053482999618, -0.8099465342630463, -0.8143029364612728, -0.8185724132258754, -0.8227530116171928, -0.826842973178995, -0.8308407384294295, -0.8347449500249924, -0.8385544545491123, -0.8422683028942637, -0.8458857492262729, -0.8494062485411589, -0.8528294528482999, -0.856155206038143, -0.8593835375176564, -0.862514654721217, -0.865548934627835, -0.8684869144364507, -0.8713292815684657, -0.8740768631799114, -0.8767306153734481, -0.87929161230276, -0.8817610353576845, -0.8841401626083425, -0.886430358670202, -0.8886330651305253, -0.8907497916506844, -0.8927821078296049, -0.8947316358824954, -0.896600044157524, -0.8983890414824615, -0.9001003723050507, -0.9017358125660273, -0.9032971662231206, -0.904786262328837, -0.9062049525543906, -0.9075551090471587, -0.90883862250893, -0.9100574003868721, -0.9112133650776417, -0.9123084520569571, -0.9133446078611972, -0.9143237878636004, -0.9152479538045021, -0.9161190710519715, -0.9169391055858842, -0.917710020713713, -0.9184337735404937, -0.9191123112272396, -0.9197475670822379, -0.9203414565371159, -0.920895873064928, -0.9214126841004491, -0.9218937270234352, -0.9223408052643152, -0.9227556845883634, -0.9231400896095002, -0.9234957005786265, -0.9238241504841092, -0.9241270224939935, -0.9244058477613429, -0.9246621036055056, -0.9248972120741645, -0.9251125388831167, -0.9253093927239684, -0.9254890249235725, -0.9256526294340972, -0.9258013431283821, -0.9259362463722554, -0.9260583638436114, -0.9261686655669974, -0.9262680681325348, -0.9263574360687905, -0.9264375833406211, -0.9265092749451979, -0.9265732285817115, -0.9266301163730599, -0.9266805666206283, -0.9267251655761509, -0.9267644592173319, -0.9267989550166198, -0.9268291236947218, -0.926855400952625, -0.9268781891774935, -0.926897859119288, -0.9269147515359698, -0.9269291788058764, -0.9269414265063849, -0.9269517549581244, -0.9269604007340815, -0.9269675781327666, -0.9269734806144302, -0.9269782821989887, -0.9269821388240501, -0.9269851896611258, -0.9269875583879537, -0.9269893544146129, -0.9269906740611857, -0.9269916016846477, -0.9269922107529343, -0.926992564864259, -0.9269927187102427, -0.9269927189816414, -0.9269926052160667, -0.9269924105875175, -0.9269921626380226, -0.9269918839522534, -0.9269915927763988, -0.9269913035830233, -0.9269910275840378, -0.9269907731942394, -0.9269905464480634, -0.9269903513724873, -0.9269901903190098, -0.9269900642578138, -0.9269899730370846, -0.9269899156104677, -0.9269898902355308, -0.9269898946459261, -0.9269899261998181, -0.9269899820069047, -0.9269900590362727, -0.9269901542069982, -0.9269902644633728, -0.9269903868363522, -0.9269905184927267, -0.9269906567733723, -0.9269907992218126, -0.9269909436042247, -0.9269910879219181, -0.9269912304172798, -0.9269913695740737, -0.9269915041129638, -0.9269916329830188, -0.9269917553500016, -0.9269918705820934, -0.9269919782337436, -0.9269920780281948, -0.926992169839266, -0.926992253672856, -0.9269923296485844, -0.9269923979819269, -0.9269924589671721, -0.9269925129613924, -0.9269925603696185, -0.9269926016313724, -0.9269926372085707, -0.9269926675748764, -0.9269926932064556, -0.9269927145741113, -0.9269927321367168, -0.9269927463358634, -0.9269927575916221, -0.9269927662993147, -0.926992772827195, -0.9269927775148971, -0.926992780672598, -0.9269927825807447, -0.9269927834903158, -0.9269927836234673, -0.9269927831745477, -0.9269927823113917, -0.9269927811768371, -0.9269927798904004]}