{"FCI": -1.1321209324259212, "Energy": -1.0192808188570968, "Loss": [-0.2749724847403834, -0.27708672669783396, -0.2792517070379083, -0.2814671474605053, -0.2837327740856741, -0.28604831015763643, -0.2884134697879993, -0.29082795267124195, -0.29329143983633976, -0.29580359051407945, -0.298364040202267, -0.30097240001121206, -0.3036282573707648, -0.3063311781777135, -0.3090807104579174, -0.31187638961034075, -0.31471774528932384, -0.3176043099657022, -0.3205356291855179, -0.32351127351542297, -0.32653085212462946, -0.32959402790248293, -0.3327005339464053, -0.33585019117514114, -0.3390429267257401, -0.3422787926788037, -0.3455579845266543, -0.3488808586563812, -0.3522479479711169, -0.35565997462894233, -0.3591178587551047, -0.36262272190012657, -0.36617588399835044, -0.3697788526551999, -0.37343330378190187, -0.3771410529219836, -0.38090401707956334, -0.3847241674511935, -0.3886034741427111, -0.39254384465815445, -0.396547058598006, -0.4006147015099976, -0.4047481011165839, -0.408948269143495, -0.4132158516770044, -0.4175510904121954, -0.4219537963898864, -0.4264233369528241, -0.4309586357874903, -0.43555818515054123, -0.4402200687767852, -0.4449419935638273, -0.44972132792946534, -0.45455514471834735, -0.45944026665486964, -0.46437331255458403, -0.46935074277357514, -0.4743689026588469, -0.47942406303736773, -0.4845124570314977, -0.4896303127072262, -0.4947738812485007, -0.499939460509507, -0.505123413932898, -0.5103221849415228, -0.5155323070196031, -0.5207504097996696, -0.5259732215656786, -0.5311975686692331, -0.5364203724322133, -0.5416386441707869, -0.5468494790175137, -0.5520500492349718, -0.5572375977017306, -0.5624094322070683, -0.5675629211145765, -0.5726954908493787, -0.5778046255344432, -0.5828878689563161, -0.5879428288887777, -0.5929671836546999, -0.5979586906715014, -0.6029151966128106, -0.6078346487347643, -0.6127151068641088, -0.6175547555282751, -0.622351915723833, -0.6271050558655091, -0.6318128015281244, -0.6364739436814213, -0.6410874452155854, -0.6456524456555416, -0.6501682640580215, -0.6546344001702558, -0.6590505339985642, -0.6634165239852731, -0.6677324040219023, -0.6719983795355515, -0.6762148228752957, -0.6803822681995546, -0.6845014060274068, -0.6885730775715754, -0.692598268922508, -0.6965781051063763, -0.7005138439981544, -0.7044068700373801, -0.70825868767028, -0.7120709144287165, -0.7158452735535625, -0.7195835860768972, -0.7232877622923818, -0.7269597925643368, -0.7306017374515745, -0.7342157171497693, -0.7378039002842413, -0.7413684921117981, -0.744911722214418, -0.7484358317879762, -0.7519430606453279, -0.7554356340645114, -0.7589157496195378, -0.7623855641334978, -0.7658471808918528, -0.7693026372484629, -0.7727538927486489, -0.7762028178830828, -0.7796511835743225, -0.7831006514847179, -0.7865527652208788, -0.7900089424963694, -0.7934704683008389, -0.7969384891109649, -0.8004140081662323, -0.8038978818209201, -0.8073908169726943, -0.8108933695579157, -0.8144059440941543, -0.8179287942414364, -0.8214620243455081, -0.8250055919188098, -0.8285593110080698, -0.8321228563913435, -0.8356957685422698, -0.8392774592949772, -0.842867218139875, -0.8464642190782381, -0.8500675279622587, -0.8536761102468677, -0.8572888390802674, -0.8609045036615736, -0.8645218177961256, -0.8681394285818183, -0.8717559251631098, -0.8753698474930546, -0.8789796950474665, -0.8825839354394315, -0.8861810128862592, -0.8897693564849615, -0.8933473882560015, -0.8969135309186967, -0.9004662153650039, -0.9040038878015091, -0.9075250165324488, -0.9110280983593625, -0.9145116645755541, -0.9179742865361887, -0.9214145807872192, -0.9248312137388959, -0.9282229058720755, -0.9315884354679946, -0.934926641854911, -0.9382364281675188, -0.9415167636179199, -0.9447666852797039, -0.9479852993896187, -0.9511717821743093, -0.9543253802125684, -0.9574454103466976, -0.9605312591594967, -0.9635823820365417, -0.9665983018362391, -0.9695786071931245, -0.9725229504824373, -0.9754310454765832, -0.9783026647263928, -0.9811376367019355, -0.9839358427294813, -0.9866972137622734, -0.9894217270237825, -0.9921094025623932, -0.9947602997564077, -0.9973745138076541, -0.9999521722608403, -1.0024934315841236, -1.0049984738443047, -1.0074675035073275, -1.0099007443918282, -1.012298436799985, -1.0146608348462005, -1.016988204000222]}