{"FCI": -0.947683849035273, "Energy": -0.9276371600222793, "Loss": [-0.9084352448443347, -0.909944471944844, -0.9113412439630156, -0.9126226589631401, -0.9137866976803761, -0.9148325103580007, -0.915760761400253, -0.9165740177835541, -0.9172771386253041, -0.9178775801742136, -0.9183854841821135, -0.9188134006054083, -0.9191755541069294, -0.9194867163143077, -0.9197609298115961, -0.9200104179027924, -0.9202449291788216, -0.9204715703210263, -0.9206950121561195, -0.9209178929855555, -0.9211412724141969, -0.9213650505376387, -0.9215883198816335, -0.9218096481749167, -0.9220273026409695, -0.9222394286882731, -0.9224441936105067, -0.9226399025075076, -0.9228250905702686, -0.9229985936087866, -0.9231595972805883, -0.9233076648024179, -0.9234427428798848, -0.9235651460635955, -0.9236755206314242, -0.9237747902837651, -0.9238640872643965, -0.9239446737881383, -0.9240178596471453, -0.9240849223713365, -0.9241470361811325, -0.924205215137832, -0.9242602744357589, -0.9243128118742031, -0.9243632094584946, -0.9244116530939807, -0.9244581667054741, -0.9245026560120886, -0.9245449566927813, -0.9245848817809975, -0.9246222637477265, -0.9246569877482093, -0.9246890137743752, -0.92471838682475, -0.9247452355337229, -0.9247697608647915, -0.9247922173611887, -0.9248128899868138, -0.924832069744767, -0.9248500310397372, -0.9248670132087868, -0.9248832078752606, -0.924898752897866, -0.9249137328116916, -0.9249281848972442, -0.9249421094477493, -0.9249554824800545, -0.9249682690605368, -0.9249804355729642, -0.9249919595945224, -0.9250028365069279, -0.9250130824833742, -0.925022733990702, -0.9250318443704867, -0.925040478367225, -0.9250487056298419, -0.9250565942184084, -0.9250642050156372, -0.9250715877042631, -0.9250787786703366, -0.9250858008771319, -0.9250926654705782, -0.925099374661617, -0.9251059253066939, -0.9251123125821423, -0.9251185332138356, -0.9251245878597466, -0.92513048242182, -0.9251362282530734, -0.9251418413965924, -0.9251473411213335, -0.9251527480910691, -0.9251580825130769, -0.9251633625680477, -0.9251686033363261, -0.9251738163261607, -0.9251790095980741, -0.9251841883834409, -0.9251893560287835, -0.9251945150670975, -0.925199668224168, -0.9252048192053973, -0.9252099731671573, -0.9252151368433387, -0.925220318360662, -0.9252255268248635, -0.9252307717877467, -0.9252360627101464, -0.9252414085199696, -0.9252468173332992, -0.9252522963674445, -0.9252578520359936, -0.9252634901840858, -0.9252692164024713, -0.9252750363531194, -0.9252809560467432, -0.9252869820302547, -0.9252931214651919, -0.9252993821017287, -0.9253057721721131, -0.9253123002394756, -0.9253189750413313, -0.9253258053623334, -0.9253327999600072, -0.9253399675531891, -0.9253473168689316, -0.9253548567325076, -0.925362596178751, -0.9253705445618263, -0.9253787116442831, -0.9253871076534024, -0.9253957433014, -0.9254046297741594, -0.9254137786990964, -0.9254232021055215, -0.9254329123905245, -0.9254429223001668, -0.9254532449309776, -0.9254638937515498, -0.9254748826395911, -0.925486225927038, -0.925497938445112, -0.9255100355623551, -0.9255225332112003, -0.9255354479017831, -0.9255487967246516, -0.9255625973460825, -0.9255768680006295, -0.9255916274852259, -0.9256068951577077, -0.9256226909408536, -0.9256390353311335, -0.9256559494098097, -0.9256734548533837, -0.9256915739403032, -0.9257103295516689, -0.9257297451646344, -0.9257498448385104, -0.9257706531944513, -0.9257921953901888, -0.925814497091344, -0.9258375844404739, -0.925861484024392, -0.9258862228396234, -0.9259118282553471, -0.9259383279727882, -0.9259657499801954, -0.9259941225027261, -0.9260234739470456, -0.9260538328410082, -0.9260852277691748, -0.9261176873051989, -0.9261512399422883, -0.9261859140228047, -0.926221737668028, -0.9262587387089538, -0.926296944618903, -0.9263363824487966, -0.9263770787661323, -0.926419059598823, -0.9264623503854573, -0.926506975933599, -0.9265529603880094, -0.9266003272105467, -0.9266490991734272, -0.9266992983672416, -0.9267509462246946, -0.926804063560624, -0.9268586706283078, -0.9269147871914636, -0.9269724326107588, -0.9270316259429857, -0.9270923860502753, -0.9271547317160465, -0.9272186817635232, -0.9272842551719398, -0.9273514711847535, -0.9274203494036722, -0.927490909861778, -0.9275631730688757]}