{"FCI": -0.9981488619840654, "Energy": -0.988448366642849, "Loss": [-0.7367066430919205, -0.740328259124818, -0.7439492577826212, -0.7475670875269183, -0.7511792364350881, -0.7547832165208557, -0.7583765508657144, -0.7619567640918525, -0.7655213760484358, -0.7690678983496867, -0.7725938333665052, -0.7760966753072859, -0.7795739130752852, -0.7830230346393163, -0.786441532695425, -0.7898269114289213, -0.7931766942095992, -0.7964884320701141, -0.7997597128295765, -0.8029881707329785, -0.8061714964831233, -0.8093074475460077, -0.8123938586139701, -0.8154286521135267, -0.8184098486474413, -0.821335577263103, -0.8242040854422181, -0.8270137487101274, -0.8297630797670065, -0.8324507370476744, -0.835075532622009, -0.8376364393538293, -0.840132597242809, -0.842563318881318, -0.8449280939660975, -0.8472265928134106, -0.8494586688355491, -0.851624359946413, -0.853723888874083, -0.8557576623689875, -0.8577262693070501, -0.8596304776982486, -0.8614712306220434, -0.863249641121942, -0.8649669861022333, -0.8666246992799979, -0.8682243632553027, -0.8697677007713563, -0.8712565652445691, -0.8726929306515882, -0.8740788808663569, -0.8754165985450951, -0.8767083536605076, -0.8779564917886491, -0.8791634222524602, -0.8803316062251605, -0.8814635448943723, -0.8825617677841071, -0.8836288213265953, -0.8846672577695867, -0.8856796244971324, -0.8866684538333008, -0.8876362533888411, -0.8885854970006335, -0.8895186163032205, -0.8904379929608, -0.8913459515771087, -0.8922447532898482, -0.8931365900458128, -0.8940235795430153, -0.894907760816888, -0.8957910904393075, -0.8966754392920346, -0.8975625898699479, -0.8984542340646202, -0.8993519713752901, -0.9002573074920627, -0.9011716531953549, -0.9020963235161719, -0.9030325371036513, -0.903981415749386, -0.9049439840222694, -0.9059211689729012, -0.9069137998726641, -0.9079226079595004, -0.9089482261697749, -0.9099911888434384, -0.911051931397628, -0.9121307899717647, -0.9132280010549947, -0.914343701114111, -0.9154779262468767, -0.9166306118917831, -0.9178015926303861, -0.9189906021226424, -0.920197273218804, -0.9214211382934248, -0.9226616298478566, -0.9239180814273329, -0.925189728897126, -0.9264757121197186, -0.927775077071236, -0.9290867784306915, -0.9304096826701982, -0.9317425716680161, -0.9330841468595266, -0.9344330339339725, -0.9357877880771962, -0.9371468997529152, -0.9385088010072791, -0.9398718722737307, -0.9412344496478883, -0.9425948325948831, -0.943951292045034, -0.9453020788275481, -0.9466454323863951, -0.9479795897175998, -0.9493027944630954, -0.9506133060927846, -0.9519094091038953, -0.9531894221649153, -0.9544517071303217, -0.9556946778522225, -0.9569168087155916, -0.9581166428252812, -0.9592927997751367, -0.96044398293258, -0.9615689861756895, -0.9626667000241578, -0.9637361171106473, -0.9647763369445995, -0.9657865699268047, -0.9667661405797173, -0.9677144899656771, -0.9686311772726288, -0.9695158805548342, -0.9703683966240828, -0.9711886400951121, -0.9719766415972526, -0.9727325451725507, -0.9734566048888091, -0.9741491807039038, -0.9748107336254271, -0.9754418202169216, -0.9760430865087655, -0.9766152613778429, -0.9771591494656358, -0.977675623708983, -0.9781656175614855, -0.9786301169863614, -0.9790701523032402, -0.9794867899721096, -0.9798811243970948, -0.9802542698311787, -0.9806073524602086, -0.9809415027406715, -0.9812578480608283, -0.9815575057888777, -0.981841576765077, -0.9821111392872237, -0.982367243630772, -0.9826109071362965, -0.98284310988813, -0.9830647909991066, -0.9832768455074381, -0.9834801218831278, -0.9836754201331821, -0.9838634904872663, -0.9840450326384775, -0.9842206955079513, -0.9843910774967314, -0.9845567271841486, -0.9847181444287553, -0.9848757818255715, -0.9850300464721513, -0.9851813019956168, -0.9853298707932949, -0.9854760364408739, -0.9856200462238824, -0.9857621137508797, -0.9859024216095774, -0.9860411240305776, -0.9861783495268036, -0.9863142034805304, -0.986448770653598, -0.9865821176001277, -0.9867142949646995, -0.9868453396524122, -0.9869752768604951, -0.987104121964198, -0.9872318822524138, -0.9873585585110074, -0.9874841464540186, -0.9876086380047746, -0.9877320224307378, -0.9878542873370914, -0.98797541952542, -0.9880954057245728, -0.98821423320164, -0.9883318902613797]}