{"FCI": -1.035185713956801, "Energy": -1.0324049942353777, "Loss": [-0.6481371761888031, -0.6544860061631076, -0.6608597484499916, -0.6672555343500264, -0.6736704127491624, -0.6801013485750275, -0.6865452223259633, -0.692998830531808, -0.6994588871346347, -0.7059220257876015, -0.7123848030656497, -0.718843702574516, -0.7252951399365862, -0.7317354686240848, -0.7381609866023588, -0.7445679437386802, -0.7509525499251601, -0.7573109838581222, -0.7636394024107508, -0.769933950530991, -0.7761907715925734, -0.782406018123764, -0.7885758628358915, -0.7946965098719708, -0.800764206194757, -0.806775253033311, -0.8127260173076346, -0.8186129429520472, -0.8244325620597308, -0.8301815057732201, -0.83585651484846, -0.8414544498234093, -0.8469723007259619, -0.8524071962601021, -0.8577564124137471, -0.8630173804364873, -0.8681876941405708, -0.8732651164835866, -0.8782475853968963, -0.883133218829308, -0.8879203189811388, -0.8926073757095905, -0.8971930690919855, -0.9016762711392586, -0.906056046657651, -0.9103316532622673, -0.9145025405516246, -0.9185683484576956, -0.9225289047912042, -0.9263842220069121, -0.9301344932184801, -0.9337800874970527, -0.9373215444919377, -0.9407595684158019, -0.9440950214404035, -0.9473289165521076, -0.9504624099194692, -0.9534967928274394, -0.9564334832349988, -0.9592740170144699, -0.962020038931978, -0.9646732934291264, -0.9672356152661827, -0.9697089200866531, -0.9720951949624302, -0.9743964889772735, -0.976614903904747, -0.9787525850344404, -0.9808117121976421, -0.9827944910406923, -0.9847031445906947, -0.9865399051546361, -0.9883070065888682, -0.9900066769716934, -0.9916411317072988, -0.993212567084771, -0.9947231543111688, -0.9961750340330603, -0.9975703113561875, -0.9989110513684009, -1.000199275166572, -1.0014369563839676, -1.0026260182104731, -1.003768330894465, -1.0048657097115008, -1.0059199133820498, -1.0069326429176155, -1.0079055408722972, -1.0088401909747655, -1.0097381181140592, -1.0106007886513275, -1.0114296110287933, -1.012225936646697, -1.0129910609788326, -1.0137262248973924, -1.0144326161783508, -1.0151113711592672, -1.0157635765224429, -1.016390271177393, -1.0169924482180743, -1.0175710569317529, -1.0181270048379345, -1.018661159737623, -1.0191743517547784, -1.019667375353723, -1.020140991318027, -1.0205959286781652, -1.0210328865769818, -1.0214525360637665, -1.0218555218092578, -1.0222424637356198, -1.0226139585566478, -1.0229705812251817, -1.023312886285603, -1.0236414091307364, -1.0239566671633813, -1.0242591608637164, -1.0245493747645866, -1.0248277783374689, -1.0250948267925588, -1.0253509617968395, -1.0255966121145315, -1.0258321941746114, -1.0260581125703638, -1.0262747604960707, -1.026482520126094, -1.0266817629416114, -1.0268728500102509, -1.0270561322238236, -1.0272319504991747, -1.0274006359470709, -1.0275625100138157, -1.0277178846000445, -1.0278670621609312, -1.0280103357917723, -1.0281479893025727, -1.0282802972850285, -1.028407525174989, -1.0285299293131525, -1.0286477570064472, -1.0287612465923095, -1.0288706275077133, -1.0289761203645433, -1.0290779370326688, -1.0291762807317444, -1.0292713461326335, -1.0293633194689695, -1.0294523786592817, -1.0295386934398865, -1.0296224255085105, -1.0297037286785071, -1.0297827490433868, -1.029859625151176, -1.0299344881881185, -1.0300074621710391, -1.030078664147669, -1.0301482044041403, -1.030216186678817, -1.030282708381588, -1.0303478608177106, -1.0304117294153181, -1.0304743939556542, -1.0305359288051223, -1.0305964031482846, -1.0306558812209095, -1.0307144225422524, -1.030772082145773, -1.030828910807491, -1.0308849552713137, -1.0309402584706608, -1.0309948597457401, -1.031048795055967, -1.0311020971869962, -1.0311547959519114, -1.031206918386206, -1.0312584889362129, -1.031309529640686, -1.031360060305313, -1.0314100986700034, -1.031459660568777, -1.0315087600822088, -1.0315574096823772, -1.0316056203703137, -1.031653401806004, -1.0317007624309955, -1.0317477095837375, -1.031794249607795, -1.0318403879530653, -1.0318861292701949, -1.0319314774984405, -1.031976435947129, -1.0320210073709855, -1.032065194039587, -1.0321089978011708, -1.032152420141069, -1.0321954622350598, -1.0322381249978376, -1.0322804091269717, -1.0323223151425185, -1.0323638434226323]}