{"FCI": -1.0523215656204707, "Energy": -0.7678250877999734, "Loss": [-0.6910145123786959, -0.6944680122738669, -0.6968543226934676, -0.6987758863794037, -0.700423679984632, -0.7018865596471945, -0.7032141680170403, -0.7044374324881091, -0.7055770793272552, -0.7066477542819073, -0.7076602380411551, -0.7086227311886374, -0.709541642966867, -0.7104220974340778, -0.7112682703333585, -0.7120836204071297, -0.7128710526575546, -0.7136330364323693, -0.7143716927281761, -0.7150888600121525, -0.7157861447228744, -0.7164649606249618, -0.717126559907138, -0.7177720580633782, -0.7184024540232672, -0.719018646603124, -0.7196214480730487, -0.7202115954382938, -0.7207897598910147, -0.7213565547840446, -0.7219125424007633, -0.7224582397367209, -0.7229941234642915, -0.723520634217495, -0.724038180307631, -0.7245471409596569, -0.7250478691428645, -0.7255406940564295, -0.7260259233199448, -0.7265038449107101, -0.7269747288826616, -0.7274388288963674, -0.7278963835848268, -0.7283476177761788, -0.7287927435912054, -0.7292319614309776, -0.7296654608678033, -0.730093421450807, -0.7305160134359248, -0.730933398448851, -0.731345730088257, -0.7317531544758151, -0.7321558107585617, -0.7325538315686491, -0.7329473434447517, -0.7333364672190151, -0.7337213183728998, -0.7341020073649644, -0.7344786399331888, -0.7348513173742928, -0.7352201368020859, -0.7355851913867738, -0.7359465705769249, -0.7363043603055756, -0.7366586431818649, -0.7370094986694258, -0.7373570032525913, -0.7377012305914977, -0.7380422516668939, -0.7383801349155442, -0.7387149463569269, -0.7390467497119204, -0.7393756065140751, -0.7397015762140465, -0.7400247162776743, -0.7403450822782087, -0.7406627279830608, -0.7409777054355079, -0.7412900650316945, -0.7415998555932466, -0.74190712443582, -0.7422119174338371, -0.7425142790816981, -0.742814252551654, -0.7431118797486156, -0.7434072013620404, -0.7437002569151359, -0.7439910848115036, -0.7442797223794235, -0.7445662059138848, -0.7448505707165405, -0.7451328511336753, -0.7454130805923345, -0.7456912916347022, -0.7459675159508419, -0.7462417844098898, -0.7465141270897893, -0.746784573305652, -0.747053151636826, -0.7473198899527248, -0.747584815437508, -0.7478479546136662, -0.7481093333645653, -0.748368976956006, -0.7486269100568638, -0.74888315675884, -0.7491377405953764, -0.7493906845597906, -0.7496420111226341, -0.7498917422483606, -0.750139899411305, -0.7503865036110111, -0.7506315753869655, -0.7508751348327145, -0.7511172016094665, -0.75135779495913, -0.7515969337168656, -0.751834636323156, -0.7520709208354113, -0.7523058049391416, -0.7525393059587129, -0.7527714408677084, -0.7530022262988941, -0.7532316785538449, -0.7534598136122017, -0.7536866471406075, -0.7539121945013276, -0.7541364707605605, -0.754359490696455, -0.7545812688068608, -0.7548018193168046, -0.7550211561857034, -0.7552392931143539, -0.7554562435516592, -0.7556720207011622, -0.7558866375273248, -0.7561001067616444, -0.7563124409085289, -0.7565236522510099, -0.7567337528562564, -0.7569427545809234, -0.7571506690763156, -0.757357507793408, -0.7575632819876963, -0.7577680027238924, -0.7579716808804913, -0.758174327154185, -0.7583759520641444, -0.758576565956178, -0.7587761790067534, -0.7589748012269179, -0.7591724424660801, -0.7593691124156949, -0.7595648206128469, -0.7597595764437066, -0.7599533891469105, -0.7601462678168319, -0.7603382214067564, -0.7605292587319836, -0.7607193884728198, -0.7609086191775009, -0.7610969592650335, -0.7612844170279521, -0.7614710006350065, -0.7616567181337707, -0.7618415774531833, -0.7620255864060175, -0.7622087526913002, -0.762391083896634, -0.7625725875004923, -0.762753270874434, -0.7629331412852672, -0.7631122058971501, -0.7632904717736534, -0.763467945879748, -0.7636446350837607, -0.7638205461592659, -0.7639956857869462, -0.7641700605563844, -0.764343676967831, -0.7645165414339179, -0.7646886602813309, -0.7648600397524397, -0.7650306860068955, -0.7652006051231779, -0.7653698031001206, -0.7655382858583761, -0.7657060592418804, -0.7658731290192413, -0.7660395008851313, -0.766205180461626, -0.7663701732995178, -0.7665344848795974, -0.7666981206139091, -0.766861085846972, -0.7670233858569777, -0.7671850258569581, -0.7673460109959305, -0.7675063463600083, -0.7676660369735009]}