{"FCI": -1.035185713956801, "Energy": -1.006910609188938, "Loss": [-0.4927585328506027, -0.49673487413983974, -0.5008017594037867, -0.5049583406290638, -0.5092037312584291, -0.5135369918663545, -0.5179571167675754, -0.5224630214575537, -0.5270535309158346, -0.5317273688175914, -0.5364831476984805, -0.541319360114396, -0.5462343708328601, -0.5512264100872597, -0.5562935679190846, -0.561433789626891, -0.5666448723340847, -0.5719244626807007, -0.5772700556375272, -0.5826789944339138, -0.5881484715838664, -0.5936755309883237, -0.5992570710851156, -0.60488984901197, -0.6105704857421962, -0.6162954721472044, -0.6220611759352044, -0.6278638494107842, -0.633699637996167, -0.6395645894513526, -0.6454546637273553, -0.6513657433842022, -0.6572936445033802, -0.663234128022818, -0.6691829114215659, -0.6751356806806392, -0.6810881024465305, -0.6870358363241268, -0.692974547226675, -0.6988999177114977, -0.704807660231898, -0.7106935292375633, -0.716553333058151, -0.7223829455074154, -0.7281783171481759, -0.7339354861617573, -0.7396505887690257, -0.745319869153974, -0.7509396888447782, -0.7565065355115015, -0.7620170311439419, -0.7674679395776706, -0.7728561733408861, -0.7781787997994503, -0.7834330465821723, -0.7886163062732225, -0.7937261403632608, -0.7987602824555969, -0.803716640728329, -0.808593299657917, -0.8133885210140446, -0.8181007441397968, -0.8227285855352864, -0.8272708377665343, -0.8317264677250704, -0.836094614266931, -0.84037458526272, -0.8445658540930902, -0.8486680556263644, -0.8526809817169776, -0.8566045762651324, -0.8604389298793957, -0.8641842741848462, -0.8678409758201115, -0.8714095301667705, -0.874890554854662, -0.878284783086103, -0.8815930568214029, -0.8848163198670085, -0.8879556109063181, -0.8910120565116559, -0.8939868641741526, -0.8968813153862305, -0.8996967588092696, -0.9024346035567135, -0.9050963126203706, -0.9076833964652138, -0.9101974068152773, -0.9126399306507136, -0.9150125844332706, -0.9173170085749718, -0.9195548621620205, -0.9217278179435322, -0.9238375575921185, -0.9258857672411384, -0.927874133301043, -0.929804338555224, -0.9316780585338571, -0.933496958162304, -0.9352626886791543, -0.936976884817436, -0.9386411622412487, -0.9402571152289885, -0.9418263145933832, -0.9433503058277373, -0.9448306074672825, -0.9462687096539484, -0.9476660728926781, -0.9490241269872108, -0.9503442701431948, -0.9516278682266339, -0.952876254165849, -0.9540907274853985, -0.9552725539608343, -0.9564229653835667, -0.9575431594256271, -0.9586342995947019, -0.9596975152703532, -0.9607339018129863, -0.9617445207377449, -0.9627303999461351, -0.9636925340088466, -0.9646318844937913, -0.9655493803340679, -0.9664459182310549, -0.967322363088434, -0.9681795484734569, -0.9690182771021886, -0.9698393213460019, -0.9706434237568862, -0.9714312976095483, -0.972203627458586, -0.9729610697092804, -0.9737042532007839, -0.9744337798006503, -0.975150225009853, -0.9758541385775092, -0.9765460451246407, -0.9772264447763578, -0.9778958138018461, -0.9785546052616282, -0.9792032496614607, -0.979842155612282, -0.9804717104955387, -0.9810922811331926, -0.9817042144616499, -0.9823078382087681, -0.9829034615731098, -0.9834913759044417, -0.9840718553845347, -0.9846451577071672, -0.9852115247562739, -0.9857711832810802, -0.986324345567078, -0.9868712101016277, -0.9874119622330305, -0.987946774821839, -0.9884758088832477, -0.9889992142193661, -0.989517130040262, -0.9900296855726707, -0.99053700065529, -0.991039186319693, -0.9915363453559021, -0.9920285728617488, -0.9925159567752493, -0.9929985783892208, -0.9934765128475481, -0.993949829622547, -0.9944185929728747, -0.9948828623817187, -0.9953426929748711, -0.995798135918533, -0.9962492387966793, -0.9966960459680014, -0.9971385989023971, -0.9975769364971842, -0.998011095373204, -0.998441110151068, -0.9988670137079211, -0.9992888374150911, -0.9997066113570694, -1.0001203645323795, -1.0005301250368512, -1.000935920229926, -1.0013377768846594, -1.0017357213220612, -1.0021297795305355, -1.0025199772711249, -1.0029063401693379, -1.0032888937943265, -1.0036676637262036, -1.0040426756123062, -1.0044139552131588, -1.0047815284389947, -1.005145421377553, -1.005505660313979, -1.0058622717435362, -1.0062152823779338, -1.0065647191459317]}