{"FCI": -1.0523215656204707, "Energy": -1.0316193836621117, "Loss": [-0.4223088277547623, -0.4234219949661736, -0.42459130165678993, -0.42581668485190194, -0.42709811705837686, -0.4284355933987117, -0.42982912082972935, -0.431278709682326, -0.43278436808571996, -0.4343461001705522, -0.43596390945469554, -0.4376378096389951, -0.4393678463910523, -0.4411541359280376, -0.4429969298909772, -0.44489672194893237, -0.44685442063491554, -0.4488716248178775, -0.450951047562689, -0.45309712048700546, -0.4553167247967086, -0.4576197769064228, -0.46001912044623655, -0.46252926342262435, -0.46516431938110747, -0.4679363083090936, -0.4708545846978661, -0.47392615081719836, -0.47715624087599195, -0.48054881055355697, -0.4841068520335576, -0.4878325731826588, -0.4917274942718701, -0.49579250025702765, -0.500027870790336, -0.5044332997949114, -0.5090079106383217, -0.5137502699051525, -0.5186584012306829, -0.5237297998926094, -0.528961448481198, -0.5343498337841325, -0.5398909649320636, -0.5455803928057762, -0.5514132306818268, -0.5573841760788624, -0.5634875337562404, -0.569717239807427, -0.5760668867820906, -0.5825297497624519, -0.5890988133112418, -0.5957667992008229, -0.602526194825509, -0.6093692821923068, -0.6162881673790263, -0.6232748103432608, -0.630321054961046, -0.6374186591702229, -0.6445593250905822, -0.6517347289908972, -0.6589365509718539, -0.6661565042337781, -0.6733863637988089, -0.6806179945589838, -0.6878433785241782, -0.6950546411475705, -0.7022440766105138, -0.7094041719540396, -0.7165276299502003, -0.7236073906132857, -0.7306366512584119, -0.7376088850231439, -0.7445178577766549, -0.7513576433501328, -0.7581226370320476, -0.7648075672820156, -0.7714075056276294, -0.7779178747194055, -0.7843344545300506, -0.7906533866953794, -0.7968711770054574, -0.8029846960656362, -0.8089911781582712, -0.8148882183467346, -0.8206737678739924, -0.8263461279181896, -0.831903941777666, -0.8373461855670993, -0.8426721575153161, -0.8478814659635144, -0.8529740161700964, -0.8579499960350988, -0.8628098608630512, -0.8675543172882129, -0.8721843064901609, -0.8767009868308647, -0.8811057160464928, -0.8854000331281509, -0.8895856400257728, -0.8936643833080926, -0.8976382359094576, -0.9015092790906047, -0.9052796847361538, -0.9089516981058344, -0.912527621149749, -0.9160097964904143, -0.9194005921656112, -0.9227023872167535, -0.9259175581973299, -0.9290484666652503, -0.9320974477116936, -0.9350667995676196, -0.9379587743172864, -0.9407755697364633, -0.9435193222613769, -0.9461921010831238, -0.9487959033513604, -0.9513326504607449, -0.9538041853840105, -0.9562122710066069, -0.9585585894100658, -0.9608447420441119, -0.963072250721797, -0.9652425593669529, -0.9673570364395921, -0.969416977962154, -0.9714236110679653, -0.97337809799263, -0.9752815404295035, -0.9771349841717095, -0.9789394239652747, -0.9806958085007925, -0.9824050454746167, -0.9840680066546011, -0.9856855328899617, -0.9872584390097462, -0.9887875185595674, -0.9902735483316166, -0.9917172926485146, -0.9931195073669787, -0.994480943572845, -0.9958023509443477, -0.9970844807658112, -0.998328088578906, -0.9995339364635634, -1.0007027949450649, -1.0018354445281925, -1.00293267686325, -1.0039952955524025, -1.0050241166081182, -1.006019968578443, -1.0069836923564914, -1.0079161406937573, -1.0088181774389493, -1.0096906765254754, -1.0105345207321665, -1.0113506002427226, -1.012139811030042, -1.012903053092007, -1.0136412285653869, -1.0143552397443363, -1.015045987029577, -1.0157143668337059, -1.0163612694671913, -1.0169875770285546, -1.0175941613210457, -1.0181818818166113, -1.0187515836865797, -1.0193040959166344, -1.0198402295220932, -1.0203607758775306, -1.0208665051729928, -1.0213581650070935, -1.021836479125405, -1.0223021463106337, -1.0227558394291498, -1.0231982046367238, -1.023629860744422, -1.0240513987440996, -1.0244633814912145, -1.0248663435413075, -1.02526079113515, -1.0256472023263277, -1.0260260272439603, -1.0263976884823878, -1.0267625816087838, -1.0271210757791207, -1.0274735144523581, -1.02782021619239, -1.0281614755471236, -1.0284975639938874, -1.02882873094055, -1.029155204771713, -1.0294771939297576, -1.029794888020792, -1.0301084589359673, -1.0304180619791956, -1.0307238369928347, -1.0310259094734708, -1.0313243916706616]}