{"FCI": -1.0968840054452296, "Energy": -1.0963830907087186, "Loss": [-0.9261275284281753, -0.9299656454005139, -0.9336894399784891, -0.9372962595237446, -0.9407840255486268, -0.9441513829737623, -0.9473978745934138, -0.9505241351609574, -0.9535320899101607, -0.9564251278981488, -0.9592082034842112, -0.9618878064318658, -0.9644717446915765, -0.9669687162285363, -0.9693877078196531, -0.9717373274088302, -0.9740252139653629, -0.9762576479124812, -0.9784394157206523, -0.9805739037977318, -0.9826633466778335, -0.9847091440467766, -0.9867121784650335, -0.988673092370027, -0.9905925063596898, -0.9924711762679629, -0.9943100946810609, -0.996110545647009, -0.9978741216326605, -0.9996027108079731, -1.0012984613551892, -1.002963728152607, -1.0046010060938155, -1.0062128536026855, -1.0078018096669836, -1.0093703079429757, -1.0109205920765483, -1.0124546371132896, -1.0139740824033017, -1.0154801814053882, -1.0169737730196955, -1.0184552774857165, -1.019924717659106, -1.0213817639854792, -1.0228257991425744, -1.0242559964837976, -1.0256714053068787, -1.0270710356565247, -1.0284539357948155, -1.02981925651915, -1.0311662980361276, -1.032494536971012, -1.0338036331548734, -1.0350934179048477, -1.0363638673778865, -1.0376150659957486, -1.0388471656943719, -1.0400603467167269, -1.0412547848511227, -1.0424306285702258, -1.0435879877177554, -1.0447269335354823, -1.0458475082131704, -1.046949740987695, -1.0480336672206478, -1.0490993468552983, -1.050146879129134, -1.051176411284634, -1.0521881401357538, -1.0531823065506611, -1.0541591840336013, -1.0551190634698604, -1.0560622366059422, -1.0569889808967146, -1.0578995479638262, -1.0587941571579709, -1.0596729947534287, -1.060536218313729, -1.0613839649349839, -1.0622163615394629, -1.0630335352298117, -1.0638356219233467, -1.0646227719955772, -1.0653951523536582, -1.0661529450888994, -1.0668963434824665, -1.0676255465480171, -1.0683407534288714, -1.0690421588229488, -1.0697299502430693, -1.0704043074293965, -1.0710654037303056, -1.0717134088636748, -1.0723484922377047, -1.0729708259807447, -1.0735805869884356, -1.0741779575904271, -1.0747631247904297, -1.075336278359828, -1.0758976082953953, -1.0764473022437688, -1.0769855434404703, -1.077512509536677, -1.0780283724446007, -1.0785332990862762, -1.079027452739333, -1.0795109945770525, -1.0799840850115279, -1.080446884553496, -1.080899554063904, -1.0813422544439257, -1.0817751459474279, -1.082198387371676, -1.0826121353775808, -1.0830165441200938, -1.08341176525912, -1.0837979483056124, -1.0841752411685566, -1.0845437907272895, -1.084903743266177, -1.0852552446653538, -1.0855984403211811, -1.0859334748482659, -1.0862604916695033, -1.0865796326183688, -1.0868910376584004, -1.0871948447776105, -1.087491190058044, -1.0877802078705778, -1.0880620311162057, -1.0883367914336028, -1.088604619315409, -1.0888656441126865, -1.089119993945005, -1.0893677955609273, -1.0896091742028764, -1.0898442535211985, -1.090073155559816, -1.0902960008091473, -1.090512908300268, -1.09072399570403, -1.090929379401913, -1.0911291745091583, -1.0913234948493464, -1.0915124528958722, -1.091696159704985, -1.0918747248645697, -1.0920482564742875, -1.0922168611599292, -1.0923806441128554, -1.0925397091382496, -1.0926941586954053, -1.0928440939187865, -1.0929896146171774, -1.0931308192566418, -1.093267804937966, -1.0934006673796293, -1.09352950091354, -1.0936543984948526, -1.0937754517215723, -1.0938927508564906, -1.094006384844239, -1.0941164413190951, -1.0942230066034735, -1.0943261657007886, -1.0944260022880279, -1.094522598712993, -1.0946160359986148, -1.0947063938537782, -1.094793750687688, -1.094878183623843, -1.0949597685105952, -1.0950385799269804, -1.0951146911847307, -1.09518817432878, -1.095259100138709, -1.0953275381329426, -1.0953935565759223, -1.0954572224873167, -1.0955186016515577, -1.0955777586262512, -1.0956347567488376, -1.0956896581417692, -1.0957425237173897, -1.0957934131836518, -1.0958423850515553, -1.0958894966443868, -1.095934804108187, -1.0959783624225097, -1.096020225410745, -1.09606044574954, -1.0960990749775807, -1.0961361635041948, -1.0961717606183987, -1.0962059144987355, -1.0962386722239565, -1.0962700797842082, -1.0963001820923879, -1.0963290229953466, -1.0963566452848819]}