{"FCI": -1.1361895496530567, "Energy": -1.0908518547656179, "Loss": [-0.3555223373520062, -0.3614358925232168, -0.3673619156232652, -0.37329771003266, -0.3792405567182624, -0.38518771704801136, -0.39113643656127334, -0.39708394951372916, -0.40302748414404355, -0.40896426861858226, -0.41489153760542835, -0.42080653942147206, -0.42670654368860594, -0.43258884942781944, -0.43845079351349797, -0.4442897594046994, -0.4501031860657182, -0.4558885769851089, -0.46164350920035857, -0.46736564223498783, -0.47305272685576805, -0.47870261356024757, -0.4843132607087411, -0.48988274222041905, -0.4954092547600762, -0.5008911243504891, -0.5063268123548549, -0.5117149207845029, -0.5170541968987329, -0.5223435370758904, -0.5275819899475006, -0.5327687588000042, -0.537903203261078, -0.5429848402991909, -0.5480133445756233, -0.5529885481971488, -0.5579104399245384, -0.5627791638966848, -0.5675950179319851, -0.5723584514675759, -0.5770700631927019, -0.5817305984251864, -0.5863409462693946, -0.590902136580802, -0.5954153367465094, -0.5998818482734208, -0.6043031031570244, -0.6086806599846342, -0.6130161997083998, -0.6173115210066625, -0.6215685351379321, -0.6257892601814119, -0.629975814552066, -0.6341304096779511, -0.6382553417332328, -0.6423529823326777, -0.6464257681123137, -0.6504761891464673, -0.654506776182775, -0.6585200867133619, -0.6625186899407359, -0.6665051507397829, -0.6704820127605804, -0.6744517808587744, -0.6784169030788053, -0.6823797524484745, -0.6863426088692512, -0.690307641403845, -0.6942768912697741, -0.6982522558441717, -0.7022354739710703, -0.7062281128378627, -0.7102315566542337, -0.7142469973254063, -0.718275427264553, -0.722317634438364, -0.7263741996875923, -0.7304454963129973, -0.7345316918685416, -0.7386327520596576, -0.7427484466064133, -0.7468783569001635, -0.7510218852585062, -0.7551782655670131, -0.7593465750870378, -0.7635257472063469, -0.7677145849124838, -0.7719117747768727, -0.7761159012493893, -0.7803254610778396, -0.7845388776831326, -0.7887545153383236, -0.7929706930173477, -0.7971856977964047, -0.8013977977074213, -0.8056052539582594, -0.8098063324482935, -0.813999314520564, -0.8181825069029685, -0.8223542508008915, -0.8265129301126034, -0.8306569787466802, -0.8347848870280209, -0.8388952071857706, -0.8429865579229819, -0.8470576280741663, -0.8511071793633826, -0.8551340482819398, -0.8591371471117024, -0.863115464126854, -0.8670680630142961, -0.8709940815601142, -0.8748927296569788, -0.8787632866944552, -0.8826050984011315, -0.8864175732136763, -0.8902001782534352, -0.8939524349955079, -0.8976739147184358, -0.9013642338240968, -0.9050230491173832, -0.9086500531333408, -0.9122449695955528, -0.9158075490840445, -0.9193375649833767, -0.9228348097725773, -0.9262990917079506, -0.9297302319381695, -0.9331280620784588, -0.9364924222578449, -0.9398231596404004, -0.9431201274088827, -0.946383184187358, -0.9496121938687254, -0.9528070258039661, -0.9559675553023912, -0.9590936643868131, -0.9621852427439783, -0.9652421888093621, -0.968264410926051, -0.9712518285200877, -0.9742043732390349, -0.977121990006371, -0.9800046379514107, -0.982852291182442, -0.9856649393792354, -0.9884425881898602, -0.9911852594252935, -0.9938929910534009, -0.9965658370013888, -0.9992038667821306, -1.0018071649652156, -1.004375830517507, -1.0069099760407616, -1.009409726935175, -1.0118752205178805, -1.014306605124201, -1.0167040392173523, -1.0190676905292808, -1.0213977352515453, -1.0236943572911026, -1.025957747601398, -1.028188103594915, -1.0303856286390063, -1.0325505316331725, -1.0346830266625482, -1.0367833327197145, -1.0388516734849618, -1.040888277153806, -1.0428933763000006, -1.0448672077623948, -1.046810012544528, -1.0487220357172045, -1.0506035263156306, -1.0524547372246322, -1.0542759250473446, -1.0560673499547197, -1.0578292755150742, -1.059561968504561, -1.0612656987008664, -1.0629407386635341, -1.0645873635051104, -1.0662058506576613, -1.0677964796393862, -1.069359531825733, -1.0708952902290279, -1.0724040392899157, -1.0738860646831014, -1.07534165313902, -1.0767710922821476, -1.0781746704858506, -1.0795526767429262, -1.0809054005503176, -1.0822331318061402, -1.0835361607167577, -1.084814777711608, -1.086069273363466, -1.0872999383120419, -1.0885070631890967, -1.0896909385435574]}