{"FCI": -1.0551607375072107, "Energy": -1.0141975689273148, "Loss": [-0.07284006460810587, -0.08075562380852142, -0.08868495000480878, -0.09662425987173415, -0.10456975017967582, -0.11251760919969357, -0.12046403070211317, -0.1284052303800803, -0.13633746462127921, -0.14425705151279222, -0.15216039389993924, -0.1600440042400598, -0.16790453089793533, -0.17573878542145935, -0.18354377021541524, -0.19131670590077146, -0.199055057511673, -0.20675655855019742, -0.214419231801132, -0.22204140572007328, -0.22962172516608878, -0.23715915527510018, -0.2446529773826496, -0.25210277612266135, -0.25950841716364315, -0.2668700154959748, -0.27418789473883587, -0.2814625385604971, -0.288694535950685, -0.29588452268352355, -0.30303312179213376, -0.31014088617305674, -0.3172082464975982, -0.32423546740221154, -0.33122261446869694, -0.33816953382891884, -0.34507584540766917, -0.3519409499374009, -0.35876404902842485, -0.3655441768353286, -0.37228024128094295, -0.37897107241345906, -0.3856154752844215, -0.39221228472853636, -0.3987604195692739, -0.4052589340289883, -0.4117070644501894, -0.4181042698012123, -0.42445026481725306, -0.4307450449963139, -0.43698890301589394, -0.4431824364525791, -0.4493265469692976, -0.4554224313826311, -0.4614715652347082, -0.46747567967094916, -0.4734367325656812, -0.4793568749419097, -0.48523841379857524, -0.4910837724880332, -0.4968954497790361, -0.5026759786976284, -0.5084278861636108, -0.5141536543379494, -0.5198556844729921, -0.5255362639189348, -0.5311975367943244, -0.536841478681916, -0.5424698755704163, -0.548084307132727, -0.5536861343156629, -0.5592764911177126, -0.5648562803507482, -0.5704261731190464, -0.575986611703291, -0.5815378155069487, -0.5870797897054364, -0.5926123362327723, -0.5981350667434723, -0.6036474171975922, -0.609148663731592, -0.6146379394959041, -0.6201142521597982, -0.6255765018045789, -0.6310234989461098, -0.6364539824468668, -0.641866637095591, -0.6472601106495206, -0.6526330301499074, -0.6579840173370095, -0.6633117030061736, -0.6686147401628076, -0.6738918158515649, -0.6791416615544476, -0.6843630620741441, -0.6895548628429031, -0.6947159756235785, -0.699845382597843, -0.7049421388663011, -0.7100053734157515, -0.7150342886390084, -0.7200281585216027, -0.7249863256361493, -0.7299081971081813, -0.7347932397357988, -0.739640974458706, -0.7444509703796549, -0.7492228385424058, -0.7539562256651424, -0.7586508080170067, -0.7633062856084699, -0.7679223768444352, -0.7724988137632084, -0.7770353379558543, -0.7815316972302093, -0.7859876430531177, -0.7904029287747054, -0.7947773086105098, -0.7991105373323697, -0.8034023705977198, -0.807652565829992, -0.8118608835506557, -0.8160270890560339, -0.8201509543294145, -0.8242322600809358, -0.8282707978135934, -0.8322663718231975, -0.8362188010522602, -0.8401279207320691, -0.8439935837627061, -0.8478156617967935, -0.8515940460086391, -0.8553286475454187, -0.8590193976707343, -0.8626662476225994, -0.866269168217673, -0.8698281492407501, -0.8733431986634002, -0.8768143417380074, -0.8802416200135758, -0.8836250903176127, -0.8869648237445923, -0.8902609046862375, -0.8935134299324405, -0.896722507864649, -0.8998882577561734, -0.9030108091866889, -0.9060903015713512, -0.9091268837989823, -0.9121207139686043, -0.9150719592096962, -0.9179807955688503, -0.9208474079439648, -0.9236719900469219, -0.9264547443764763, -0.9291958821849601, -0.9318956234248721, -0.9345541966645633, -0.9371718389656416, -0.9397487957180906, -0.9422853204325666, -0.9447816744921942, -0.9472381268688107, -0.9496549538104911, -0.9520324385084068, -0.9543708707518386, -0.9566705465799279, -0.9589317679383194, -0.9611548423476601, -0.9633400825895408, -0.9654878064137926, -0.9675983362693454, -0.9696719990591336, -0.9717091259180508, -0.9737100520116773, -0.9756751163524715, -0.9776046616296641, -0.9794990340486381, -0.9813585831758371, -0.9831836617854599, -0.9849746257049119, -0.9867318336566281, -0.9884556470947887, -0.9901464300362132, -0.9918045488855903, -0.9934303722557336, -0.9950242707841865, -0.9965866169477718, -0.998117784876841, -0.9996181501710275, -1.0010880897180705, -1.002527981517078, -1.003938204507215, -1.005319138402454, -1.0066711635325756, -1.007994660690367, -1.0092900109845468, -1.0105575956978634, -1.011797796149579, -1.0130109935615728]}