{"FCI": -1.1361895496530567, "Energy": -1.133595761698117, "Loss": [-0.2967313881522631, -0.3030931171634513, -0.3094093545497081, -0.3156761852431086, -0.3218897384810523, -0.3280462070420355, -0.334141869494673, -0.34017311557894797, -0.34613647502056427, -0.3520286501457676, -0.3578465527194965, -0.3635873454819313, -0.36924848890319445, -0.3748277937030228, -0.38032347967537616, -0.3857342412926414, -0.39105932040529695, -0.39629858605275486, -0.4014526208986286, -0.4065228130266656, -0.41151145070881073, -0.4164218162296706, -0.4212582729225214, -0.4260263373502306, -0.4307327263343002, -0.4353853668117285, -0.4399933560315166, -0.44456686126192246, -0.4491169526860517, -0.4536553706669147, -0.4581942382303319, -0.4627457394887333, -0.4673217921296774, -0.47193374455921194, -0.4765921246902876, -0.4813064585336278, -0.4860851652034744, -0.4909355238300583, -0.4958636996862544, -0.5008748127192334, -0.5059730313674171, -0.5111616769029916, -0.516443327206735, -0.5218199127278471, -0.5272928007066218, -0.5328628662451399, -0.5385305504858944, -0.5442959071339458, -0.5501586390176235, -0.5561181264991037, -0.5621734494583095, -0.5683234043806172, -0.5745665178456122, -0.5809010574795773, -0.587325041218748, -0.5938362455430028, -0.6004322131825857, -0.6071102606722122, -0.6138674860241684, -0.6207007767109939, -0.6276068180852095, -0.634582102314818, -0.6416229378761685, -0.6487254596175837, -0.6558856393860523, -0.6630992971936117, -0.6703621128884716, -0.6776696382875786, -0.6850173097213078, -0.6924004609367406, -0.6998143363030822, -0.7072541042608778, -0.7147148709554746, -0.7221916939945293, -0.7296795962691122, -0.7371735797780484, -0.7446686393954272, -0.7521597765217604, -0.7596420125600917, -0.7671104021591927, -0.7745600461672606, -0.7819861042408952, -0.7893838070557193, -0.7967484680670114, -0.8040754947708083, -0.8113603994185024, -0.8185988091407067, -0.8257864754393565, -0.8329192830104397, -0.8399932578635988, -0.8470045747089714, -0.8539495635861184, -0.8608247157146535, -0.8676266885512155, -0.8743523100427522, -0.8809985820715076, -0.8875626830928323, -0.8940419699725243, -0.9004339790363265, -0.9067364263498131, -0.9129472072525253, -0.9190643951757, -0.9250862397780213, -0.9310111644386779, -0.9368377631514424, -0.9425647968673164, -0.9481911893367738, -0.9537160225052559, -0.9591385315177703, -0.9644580993897885, -0.9696742514022957, -0.9747866492788533, -0.9797950852016788, -0.9846994757222811, -0.9894998556200023, -0.9941963717590331, -0.9987892769909952, -1.0032789241464384, -1.0076657601541443, -1.0119503203225921, -1.0161332228129796, -1.0202151633282286, -1.0241969100372648, -1.0280792987488618, -1.031863228344426, -1.0355496564744069, -1.0391395955186202, -1.0426341088067448, -1.0460343070915465, -1.0493413452643203, -1.0525564192991248, -1.0556807634103567, -1.0587156474063244, -1.0616623742202975, -1.0645222775997114, -1.0672967199339267, -1.0699870902009174, -1.0725948020138765, -1.0751212917493986, -1.0775680167400836, -1.0799364535156726, -1.0822280960783939, -1.0844444541999025, -1.0865870517288672, -1.0886574249002605, -1.0906571206391096, -1.0925876948534148, -1.094450710712672, -1.096247736910216, -1.0979803459090673, -1.099650112172684, -1.101258610383106, -1.102807413650378, -1.1042980917180572, -1.1057322091705473, -1.1071113236486456, -1.1084369840802946, -1.1097107289338846, -1.110934084501642, -1.1121085632208032, -1.1132356620401318, -1.114316860839242, -1.115353620907772, -1.1163473834912354, -1.1172995684097116, -1.1182115727550936, -1.1190847696719615, -1.1199205072264675, -1.1207201073669275, -1.1214848649790958, -1.1222160470383242, -1.1229148918601155, -1.1235826084498073, -1.1242203759514435, -1.1248293431951393, -1.1254106283417147, -1.1259653186225778, -1.1264944701724469, -1.1269991079518527, -1.1274802257559573, -1.127938786305767, -1.1283757214174976, -1.12879193224552, -1.1291882895940568, -1.1295656342926461, -1.1299247776302088, -1.130266501842486, -1.1305915606475834, -1.1309006798243642, -1.131194557828444, -1.131473866440728, -1.1317392514434441, -1.1319913333188736, -1.132230707966126, -1.132457947431509, -1.1326736006483578, -1.1328781941823034, -1.13307223297834, -1.1332562011062974, -1.1334305625015433]}