{"FCI": -0.9714263137788843, "Energy": -0.9103371321082716, "Loss": [-0.5023327006040361, -0.506553500032994, -0.5108453146088551, -0.5152074798225527, -0.5196392718919277, -0.5241398969303903, -0.5287084806825371, -0.5333440587354923, -0.5380455672480755, -0.5428118342551117, -0.5476415716050829, -0.5525333675868496, -0.5574856802975607, -0.5624968317996516, -0.5675650031101315, -0.5726882300603549, -0.5778644000592319, -0.583091249787307, -0.5883663638435598, -0.5936871743610554, -0.5990509616017603, -0.6044548555351119, -0.609895838399143, -0.6153707482372899, -0.6208762833984119, -0.6264090079820719, -0.6319653582057743, -0.6375416496656917, -0.6431340854573158, -0.6487387651176822, -0.6543516943460627, -0.6599687954555282, -0.6655859185034735, -0.6711988530449954, -0.6768033404490927, -0.6823950867138175, -0.6879697757129657, -0.6935230828033988, -0.6990506887189505, -0.7045482936738152, -0.7100116315955193, -0.7154364844050393, -0.7208186962593375, -0.7261541876695312, -0.731438969406307, -0.7366691561027955, -0.7418409794642898, -0.7469508009937282, -0.7519951241420699, -0.7569706057933787, -0.7618740669960233, -0.7667025028536489, -0.7714530914928938, -0.7761232020290576, -0.7807104014564319, -0.7852124603966577, -0.7896273576465396, -0.7939532834762411, -0.7981886416396954, -0.8023320500715472, -0.8063823402587664, -0.8103385552903398, -0.8141999466048174, -0.8179659694728515, -0.8216362772698272, -0.8252107146118914, -0.8286893094465636, -0.8320722642063618, -0.8353599461496277, -0.8385528770265747, -0.8416517222199711, -0.8446572795180171, -0.8475704676817942, -0.850392314970383, -0.8531239477835847, -0.855766579574768, -0.8583215001749895, -0.8607900656546494, -0.863173688830685, -0.86547383050677, -0.8676919915115828, -0.8698297055768991, -0.8718885330739936, -0.8738700556042456, -0.8757758714188454, -0.87760759162375, -0.8793668371099536, -0.8810552361361933, -0.8826744224816295, -0.8842260340797513, -0.8857117120418372, -0.8871330999783835, -0.8884918435298057, -0.8897895900229815, -0.8910279881773421, -0.8922086877929865, -0.893333339362923, -0.8944035935620168, -0.8954211005756996, -0.8963875092420639, -0.8973044659910171, -0.8981736135735966, -0.898996589583241, -0.899775024778344, -0.9005105412222103, -0.9012047502618671, -0.9018592503717175, -0.9024756248912724, -0.9030554396884055, -0.9036002407809125, -0.9041115519493861, -0.9045908723739433, -0.9050396743260818, -0.9054594009450097, -0.9058514641253986, -0.9062172425406092, -0.9065580798222321, -0.906875282913387, -0.9071701206096833, -0.9074438222980902, -0.9076975769005156, -0.9079325320253872, -0.9081497933273611, -0.9083504240722567, -0.9085354449016403, -0.9087058337890721, -0.9088625261780658, -0.9090064152900361, -0.9091383525893202, -0.9092591483912968, -0.9093695725990661, -0.9094703555538598, -0.9095621889843137, -0.9096457270400151, -0.909721587395193, -0.909790352409118, -0.909852570330562, -0.9099087565346139, -0.9099593947811672, -0.9100049384854537, -0.9100458119920263, -0.9100824118447578, -0.9101151080463297, -0.9101442453017612, -0.9101701442414101, -0.9101931026196781, -0.9102133964864787, -0.9102312813291042, -0.9102469931827488, -0.9102607497084485, -0.9102727512375115, -0.9102831817819553, -0.9102922100106016, -0.9102999901907849, -0.9103066630956517, -0.91031235687724, -0.910317187905485, -0.9103212615734262, -0.9103246730688318, -0.9103275081125017, -0.9103298436635275, -0.9103317485917604, -0.9103332843177486, -0.9103345054204612, -0.910335460213106, -0.9103361912873774, -0.9103367360265731, -0.9103371270880156, -0.9103373928553228, -0.9103375578611197, -0.9103376431808916, -0.9103376667987191, -0.9103376439457603, -0.9103375874123896, -0.9103375078349993, -0.9103374139585172, -0.9103373128757706, -0.9103372102448517, -0.9103371104857135, -0.9103370169572006, -0.9103369321157669, -0.9103368576571558, -0.9103367946422168, -0.9103367436081347, -0.9103367046662239, -0.9103366775874354, -0.9103366618766775, -0.9103366568370026, -0.9103366616246493, -0.910336675295851, -0.9103366968463051, -0.9103367252440826, -0.910336759456753, -0.9103367984733484, -0.9103368413218641, -0.9103368870828001, -0.910336934899282, -0.9103369839842315, -0.9103370336249854, -0.9103370831857608]}