{"FCI": -0.9981488619840654, "Energy": -0.7388632900734393, "Loss": [-0.605827873617683, -0.6108276100475574, -0.6143827652343489, -0.6172955940492737, -0.6198245726709677, -0.6220910512388458, -0.6241633895029882, -0.6260845682547408, -0.6278836873598477, -0.6295815298351789, -0.6311935514718015, -0.6327316167230977, -0.63420506891533, -0.6356214223868379, -0.636986827966878, -0.6383063963893036, -0.6395844292853031, -0.6408245881175483, -0.6420300202916587, -0.6432034550089001, -0.6443472772872932, -0.6454635859377101, -0.64655423955188, -0.6476208933999487, -0.6486650293421776, -0.6496879803066697, -0.6506909504933139, -0.6516750321822425, -0.6526412198194488, -0.6535904219001524, -0.6545234710567862, -0.6554411326725198, -0.6563441122755702, -0.6572330619188594, -0.6581085857102701, -0.6589712446278084, -0.6598215607295943, -0.6606600208491523, -0.6614870798509339, -0.6623031635084359, -0.6631086710570366, -0.663903977465464, -0.6646894354628713, -0.6654653773529609, -0.6662321166418572, -0.6669899495026497, -0.6677391560961431, -0.6684800017647844, -0.6692127381142811, -0.6699376039956411, -0.6706548263985554, -0.671364621265768, -0.6720671942367993, -0.6727627413283666, -0.673451449558004, -0.6741334975165346, -0.6748090558944694, -0.6754782879667655, -0.6761413500399269, -0.6767983918649407, -0.6774495570192122, -0.6780949832602714, -0.6787348028538122, -0.6793691428782376, -0.6799981255078029, -0.680621868276122, -0.6812404843217146, -0.6818540826170292, -0.6824627681823286, -0.6830666422856005, -0.6836658026296268, -0.6842603435271886, -0.6848503560653275, -0.6854359282594732, -0.6860171451982082, -0.686594089179341, -0.6871668398379349, -0.6877354742668553, -0.6883000671303587, -0.6888606907712234, -0.6894174153118584, -0.6899703087498, -0.6905194370479713, -0.691064864220047, -0.6916066524112625, -0.6921448619749483, -0.6926795515450529, -0.693210778104926, -0.6937385970526079, -0.6942630622627854, -0.6947842261456875, -0.6953021397030676, -0.695816852581435, -0.6963284131227361, -0.6968368684126068, -0.6973422643263364, -0.6978446455727003, -0.6983440557357439, -0.6988405373146587, -0.6993341317618611, -0.6998248795193502, -0.7003128200534467, -0.7007979918880194, -0.7012804326362453, -0.7017601790310193, -0.7022372669540378, -0.7027117314636844, -0.7031836068217159, -0.7036529265188604, -0.7041197232993497, -0.704584029184464, -0.7050458754951088, -0.7055052928735038, -0.705962311304, -0.7064169601330829, -0.7068692680885984, -0.7073192632982307, -0.7077669733072769, -0.7082124250957299, -0.7086556450947561, -0.709096659202511, -0.7095354927994046, -0.7099721707627874, -0.7104067174811077, -0.7108391568675579, -0.7112695123732335, -0.7116978069998101, -0.7121240633118009, -0.7125483034483544, -0.7129705491346672, -0.7133908216929871, -0.713809142053248, -0.7142255307633483, -0.7146400079990693, -0.7150525935736761, -0.7154633069471916, -0.7158721672353693, -0.7162791932183767, -0.716684403349183, -0.7170878157616958, -0.7174894482786204, -0.7178893184190811, -0.718287443406004, -0.7186838401732507, -0.7190785253725532, -0.7194715153802266, -0.719862826303665, -0.7202524739876572, -0.7206404740204995, -0.7210268417399341, -0.7214115922389028, -0.7217947403711258, -0.7221763007565384, -0.7225562877865456, -0.7229347156291294, -0.7233115982338224, -0.7236869493365209, -0.7240607824641706, -0.7244331109393197, -0.7248039478845409, -0.7251733062267335, -0.7255411987013007, -0.7259076378562205, -0.7262726360559921, -0.7266362054854885, -0.7269983581536972, -0.7273591058973609, -0.7277184603845226, -0.7280764331179765, -0.728433035438624, -0.7287882785287447, -0.7291421734151852, -0.7294947309724594, -0.7298459619257733, -0.7301958768539663, -0.7305444861923798, -0.7308918002356626, -0.7312378291404915, -0.7315825829282325, -0.731926071487524, -0.7322683045768219, -0.7326092918268498, -0.7329490427430115, -0.7332875667077333, -0.7336248729827598, -0.7339609707113826, -0.7342958689206215, -0.7346295765233631, -0.7349621023204225, -0.735293455002585, -0.7356236431525887, -0.7359526752470503, -0.7362805596583678, -0.7366073046565552, -0.7369329184110596, -0.7372574089925112, -0.7375807843744614, -0.7379030524350547, -0.7382242209586818, -0.7385442976375851]}