{"FCI": -1.0551607375072107, "Energy": -1.015135505741232, "Loss": [0.09557779088061409, 0.08926835948026819, 0.0828865143028159, 0.07643420033282212, 0.06991338170985634, 0.06332603853886351, 0.05667416127932361, 0.04995974268524346, 0.0431847671369054, 0.036351197198707025, 0.029460957252814196, 0.02251591408718788, 0.015517854360325517, 0.008468458927705723, 0.0013692741015471147, -0.005778319967737949, -0.0129731434466333, -0.020214252971828647, -0.027500979018507607, -0.03483296340459453, -0.042210195508150514, -0.04963304539415349, -0.05710229165149503, -0.06461914136870149, -0.07218523938269346, -0.07980266379059678, -0.08747390480418042, -0.09520182443447503, -0.10298959528796436, -0.11084061796153623, -0.11875841810174485, -0.12674652602204647, -0.13480834364248825, -0.1429470051614389, -0.1511652390067821, -0.15946523901374166, -0.16784855232035498, -0.17631599019334357, -0.18486756608130156, -0.19350246293286424, -0.20221902954821658, -0.21101480375179116, -0.21988655868944726, -0.2288303676555323, -0.23784168252531243, -0.24691542100784278, -0.2560460584042304, -0.26522772021170454, -0.27445427263029143, -0.28371940871425444, -0.2930167285083523, -0.3023398119943962, -0.3116822840451449, -0.32103787085517344, -0.33040044751536657, -0.33976407654624546, -0.3491230373315982, -0.35847184652084385, -0.3678052696136278, -0.37711832411393376, -0.38640627484646994, -0.39566462225977433, -0.40488908478529545, -0.414075576559409, -0.42322018202146133, -0.43231912904900355, -0.44136876235769984, -0.4503655188598593, -0.4593059065338961, -0.46818648811044244, -0.47700387054444776, -0.4857547008419642, -0.49443566837837005, -0.5030435134172464, -0.511575041150402, -0.5200271402585861, -0.5283968047597171, -0.5366811577783192, -0.5448774758374814, -0.5529832123365319, -0.5609960190202328, -0.5689137644511884, -0.576734548746296, -0.584456714109967, -0.5920788509717607, -0.599599799796028, -0.6070186488606346, -0.6143347284887376, -0.6215476023530346, -0.6286570565513991, -0.6356630871757758, -0.6425658870662583, -0.6493658323665645, -0.6560634693862131, -0.6626595021405913, -0.6691547807962399, -0.6755502911077189, -0.6818471448057086, -0.6880465707925995, -0.6941499069274695, -0.7001585921402032, -0.706074158603879, -0.7118982237128222, -0.7176324816557769, -0.7232786944329151, -0.7288386822351806, -0.7343143131772419, -0.7397074924451235, -0.7450201509805516, -0.7502542338724234, -0.7554116886588101, -0.7604944537595413, -0.7655044472602011, -0.7704435562546456, -0.7753136269278489, -0.7801164555269773, -0.7848537803296256, -0.7895272746778027, -0.7941385411073436, -0.7986891065678419, -0.8031804186995313, -0.807613843112173, -0.8119906615968624, -0.816312071194707, -0.820579184045269, -0.8247930279413604, -0.8289545475234518, -0.8330646060552016, -0.837123987729629, -0.8411334004624372, -0.8450934791337111, -0.8490047892412768, -0.8528678309286857, -0.8566830433476824, -0.8604508093105067, -0.8641714601814935, -0.8678452809515679, -0.8714725154338465, -0.8750533715146172, -0.8785880263919287, -0.8820766317342127, -0.8855193186940116, -0.8889162027167394, -0.8922673880913357, -0.8955729721980613, -0.8988330494181748, -0.902047714680081, -0.9052170666263456, -0.9083412103952022, -0.9114202600183485, -0.914454340443893, -0.9174435891989241, -0.920388157710484, -0.9232882123066912, -0.9261439349216907, -0.9289555235290738, -0.9317231923287722, -0.934447171712374, -0.9371277080313987, -0.939765063192709, -0.9423595141047949, -0.9449113519981569, -0.9474208816426918, -0.9498884204844489, -0.9523142977235471, -0.9546988533542355, -0.9570424371870637, -0.9593454078717221, -0.9616081319374725, -0.9638309828660534, -0.9660143402098033, -0.968158588765224, -0.970264117809783, -0.9723313204072819, -0.9743605927846575, -0.9763523337810224, -0.9783069443677332, -0.9802248272367293, -0.9821063864530717, -0.9839520271666605, -0.9857621553774577, -0.987537177748156, -0.9892775014580666, -0.9909835340920272, -0.992655683558278, -0.9942943580295549, -0.9958999659018689, -0.9974729157659453, -0.9990136163866186, -1.0005224766859233, -1.0019999057261364, -1.003446312689454, -1.0048621068515617, -1.0062476975468406, -1.0076034941235215, -1.008929905887639, -1.0102273420351908, -1.0114962115723378, -1.0127369232240122, -1.0139498853316782]}