{"FCI": -1.0523215656204707, "Energy": -1.0509037481964842, "Loss": [-0.6041441275019214, -0.6104226255271764, -0.6167464324865424, -0.6231127452558904, -0.6295186698244212, -0.635961217008008, -0.6424372994078601, -0.6489437294933977, -0.6554772188168357, -0.6620343783763473, -0.668611720139495, -0.6752056597302196, -0.681812520273361, -0.6884285373809884, -0.6950498652552447, -0.7016725838727969, -0.7082927072067987, -0.7149061924333957, -0.7215089500613128, -0.7280968549152479, -0.7346657578963305, -0.7412114984361942, -0.7477299175550475, -0.7542168714285202, -0.7606682453631698, -0.7670799680761655, -0.7734480261708838, -0.7797684786969701, -0.7860374716807518, -0.7922512525097914, -0.798406184053744, -0.8044987584027079, -0.8105256101037474, -0.8164835287764144, -0.822369470988935, -0.8281805712782445, -0.8339141521995469, -0.8395677332944447, -0.8451390388712611, -0.8506260044970744, -0.85602678210828, -0.8613397436556051, -0.8665634832103912, -0.8716968174718038, -0.8767387846298071, -0.8816886415560177, -0.886545859314054, -0.8913101170027944, -0.8959812939696329, -0.9005594604562195, -0.9050448667657961, -0.9094379310685488, -0.9137392259886677, -0.9179494641431644, -0.922069482827141, -0.926100228062018, -0.9300427382412995, -0.9338981276218828, -0.937667569916763, -0.941352282246623, -0.9449535097028823, -0.9484725107629128, -0.9519105437796851, -0.9552688547432744, -0.9585486664813988, -0.9617511694312075, -0.9648775140763671, -0.9679288051032943, -0.9709060972896427, -0.9738103930983013, -0.9766426419125903, -0.9794037408141303, -0.9820945367751232, -0.9847158301121208, -0.9872683790294199, -0.9897529050669233, -0.9921700992599741, -0.99452062881674, -0.9968051441218043, -0.9990242858823488, -1.001178692244694, -1.0032690057234916, -1.005295879802824, -1.0072599850869475, -1.0091620148980391, -1.0110026902382394, -1.0127827640531826, -1.0145030247534732, -1.0161642989689854, -1.0177674535280805, -1.0193133966695478, -1.0208030785093403, -1.022237490796585, -1.0236176660041412, -1.0249446758078815, -1.026219629016001, -1.0274436690151068, -1.0286179708034386, -1.0297437376836283, -1.0308221976879333, -1.031854599807875, -1.032842210097962, -1.0337863077197755, -1.0346881809881658, -1.0355491234760557, -1.0363704302283028, -1.0371533941285724, -1.0378993024563088, -1.0386094336639198, -1.0392850543972592, -1.0399274167757238, -1.0405377559417177, -1.0411172878832415, -1.041667207527793, -1.042188687100942, -1.042682874738749, -1.0431508933396842, -1.0435938396390987, -1.0440127834872877, -1.0444087673108808, -1.044782805736793, -1.045135885357929, -1.0454689646203867, -1.0457829738129074, -1.0460788151407614, -1.0463573628677694, -1.0466194635122186, -1.0468659360842603, -1.047097572354465, -1.0473151371452423, -1.047519368638706, -1.0477109786963885, -1.0478906531878414, -1.048059052326499, -1.0482168110125452, -1.0483645391832728, -1.0485028221723538, -1.048632221079832, -1.0487532731549807, -1.04886649219425, -1.048972368956488, -1.0490713715973277, -1.0491639461243851, -1.0492505168743704, -1.0493314870128052, -1.049407239056455, -1.049478135418056, -1.0495445189724064, -1.0496067136423497, -1.0496650250027675, -1.0497197409002867, -1.0497711320860987, -1.0498194528590736, -1.0498649417161143, -1.049907822006705, -1.0499483025885534, -1.0499865784812599, -1.0500228315151685, -1.0500572309725809, -1.050089934218895, -1.0501210873213527, -1.0501508256534386, -1.0501792744832108, -1.0502065495441717, -1.0502327575875294, -1.0502579969150316, -1.05028235789177, -1.0503059234385554, -1.0503287695038035, -1.0503509655148564, -1.0503725748090071, -1.050393655044474, -1.050414258591756, -1.0504344329058377, -1.0504542208797458, -1.050473661180042, -1.0504927885647652, -1.0505116341844578, -1.0505302258667708, -1.0505485883852081, -1.050566743712562, -1.0505847112595108, -1.0506025080988752, -1.0506201491760148, -1.05063764750581, -1.050655014356688, -1.0506722594221396, -1.0506893909801567, -1.050706416041065, -1.0507233404841954, -1.0507401691838414, -1.0507569061250046, -1.0507735545093955, -1.0507901168521752, -1.0508065950699599, -1.0508229905605704, -1.050839304275026, -1.0508555367823322, -1.0508716883274969, -1.0508877588833385]}