{"FCI": -0.947683849035273, "Energy": -0.9353655970238262, "Loss": [-0.8943302839616808, -0.8957530101401155, -0.8971258648525966, -0.8984465088857099, -0.8997131968348946, -0.9009251023321754, -0.9020827195430743, -0.9031882287374097, -0.9042455774055641, -0.9052599875147982, -0.9062368700270097, -0.9071806166139549, -0.9080938942154813, -0.9089776550518066, -0.909831604020835, -0.9106547686648626, -0.9114459714503294, -0.912204157308123, -0.9129285984864403, -0.9136190100244299, -0.914275598949424, -0.9148990579044937, -0.9154905066870296, -0.9160513854459696, -0.9165833105950717, -0.9170879153434393, -0.917566704960189, -0.9180209565551509, -0.9184516825501674, -0.9188596600321053, -0.9192455115952529, -0.9196098124468596, -0.9199531952551304, -0.9202764275817273, -0.92058044508832, -0.9208663353794848, -0.9211352801609031, -0.9213884740902812, -0.9216270437221225, -0.9218519874629435, -0.9220641488188265, -0.9222642243072183, -0.9224527982774391, -0.9226303917959003, -0.9227975118374631, -0.9229546892339436, -0.9231024979579774, -0.9232415534143008, -0.923372492629867, -0.9234959435933368, -0.9236124933985181, -0.9237226645001037, -0.923826905305803, -0.923925596507317, -0.924019069640851, -0.9241076309815414, -0.9241915829880436, -0.924271237181022, -0.924346915789052, -0.9244189434421348, -0.9244876332834729, -0.9245532731435671, -0.9246161166397977, -0.9246763817528474, -0.9247342565913497, -0.924789909721934, -0.9248435013037841, -0.9248951915106592, -0.9249451440768683, -0.9249935246965634, -0.9250404957672761, -0.9250862100279086, -0.9251308056995309, -0.9251744048631086, -0.9252171154036614, -0.9252590354859314, -0.9253002587098634, -0.925340878075839, -0.9253809875862636, -0.9254206813687387, -0.9254600511698976, -0.9254991835709813, -0.9255381581784968, -0.9255770474655196, -0.9256159181773899, -0.9256548335976095, -0.9256938557195898, -0.9257330465348297, -0.9257724681059178, -0.9258121816219568, -0.9258522460123833, -0.9258927167874567, -0.9259336455772763, -0.9259750804739768, -0.9260170669206114, -0.926059648689051, -0.9261028685141232, -0.9261467681613232, -0.9261913879828918, -0.9262367662296799, -0.9262829384481843, -0.9263299371976067, -0.9263777921357422, -0.9264265303425833, -0.9264761766573193, -0.9265267538278121, -0.9265782823848986, -0.9266307802924427, -0.9266842625210903, -0.9267387407100331, -0.9267942230202646, -0.926850714184279, -0.9269082156727084, -0.9269667258664064, -0.927026240150437, -0.9270867509120978, -0.9271482474900555, -0.9272107161544301, -0.9272741401858602, -0.9273385000783131, -0.9274037738412708, -0.927469937348081, -0.9275369646799458, -0.9276048284434636, -0.9276735000755434, -0.9277429501728729, -0.9278131488833893, -0.9278840663766482, -0.9279556733814205, -0.9280279417578129, -0.9281008450663318, -0.9281743591075758, -0.9282484624240744, -0.9283231367694684, -0.9283983675524914, -0.9284741442547845, -0.9285504608088399, -0.9286273159137481, -0.9287047132666734, -0.9287826616966641, -0.9288611751988463, -0.9289402728754528, -0.9290199787914408, -0.9291003217480545, -0.9291813349714932, -0.9292630557110169, -0.9293455247435799, -0.929428785789405, -0.9295128848514127, -0.9295978694971424, -0.9296837881033658, -0.9297706890817942, -0.9298586201016563, -0.9299476273236804, -0.930037754660895, -0.9301290430833017, -0.9302215299840862, -0.9303152486232984, -0.9304102276609493, -0.9305064907868673, -0.930604056450785, -0.9307029376941444, -0.9308031420842187, -0.9309046717504195, -0.9310075235207795, -0.9311116891533171, -0.931217155652967, -0.9313239056611073, -0.9314319179022517, -0.9315411676714456, -0.9316516273458341, -0.9317632669042059, -0.9318760544389324, -0.9319899566453965, -0.9321049392756843, -0.9322209675455378, -0.9323380064866376, -0.9324560212393596, -0.9325749772838283, -0.9326948406091522, -0.9328155778222429, -0.9329371561990155, -0.9330595436822869, -0.9331827088323693, -0.9333066207380007, -0.9334312488965459, -0.9335565630730904, -0.9336825331483716, -0.9338091289651824, -0.9339363201822983, -0.9340640761440675, -0.9341923657723483, -0.9343211574856851, -0.9344504191485544, -0.9345801180513854, -0.9347102209201498, -0.934840693952867, -0.9349715028791986, -0.9351026130386696, -0.9352339894724816]}