{"FCI": -1.0523215656204707, "Energy": -0.8403270304202116, "Loss": [-0.811855256171867, -0.8120113175657566, -0.8121669500309517, -0.8123221586547049, -0.8124769485089296, -0.8126313246502268, -0.8127852921199298, -0.8129388559441174, -0.8130920211336743, -0.8132447926843003, -0.8133971755765617, -0.813549174775925, -0.8137007952327872, -0.8138520418825229, -0.8140029196455153, -0.8141534334271984, -0.8143035881180942, -0.8144533885938534, -0.814602839715304, -0.8147519463284749, -0.8149007132646526, -0.8150491453404173, -0.8151972473576892, -0.8153450241037654, -0.8154924803513699, -0.8156396208586926, -0.8157864503694341, -0.815932973612856, -0.8160791953038183, -0.8162251201428308, -0.8163707528160922, -0.8165160979955435, -0.8166611603389098, -0.8168059444897486, -0.8169504550774946, -0.8170946967175094, -0.8172386740111284, -0.8173823915457061, -0.8175258538946625, -0.8176690656175426, -0.8178120312600436, -0.8179547553540815, -0.8180972424178367, -0.8182394969557871, -0.8183815234587795, -0.8185233264040577, -0.8186649102553252, -0.8188062794627873, -0.8189474384632003, -0.8190883916799229, -0.8192291435229571, -0.8193696983890139, -0.819510060661538, -0.8196502347107788, -0.8197902248938257, -0.8199300355546617, -0.8200696710242045, -0.8202091356203687, -0.8203484336481017, -0.82048756939944, -0.8206265471535445, -0.8207653711767666, -0.8209040457226815, -0.8210425750321396, -0.8211809633333178, -0.8213192148417621, -0.8214573337604313, -0.8215953242797547, -0.8217331905776653, -0.82187093681966, -0.822008567158828, -0.8221460857359136, -0.8222834966793516, -0.8224208041053138, -0.8225580121177535, -0.822695124808458, -0.8228321462570767, -0.8229690805311779, -0.823105931686289, -0.8232427037659341, -0.823379400801687, -0.8235160268132027, -0.8236525858082635, -0.8237890817828253, -0.823925518721049, -0.8240619005953507, -0.8241982313664331, -0.8243345149833328, -0.824470755383453, -0.8246069564926074, -0.8247431222250574, -0.824879256483544, -0.8250153631593362, -0.825151446132259, -0.8252875092707315, -0.8254235564318058, -0.8255595914611972, -0.8256956181933228, -0.8258316404513358, -0.8259676620471574, -0.8261036867815077, -0.8262397184439433, -0.8263757608128884, -0.82651181765566, -0.8266478927285025, -0.8267839897766229, -0.8269201125342132, -0.8270562647244785, -0.8271924500596731, -0.8273286722411206, -0.8274649349592442, -0.8276012418935904, -0.8277375967128557, -0.827874003074919, -0.8280104646268516, -0.8281469850049489, -0.8282835678347605, -0.8284202167310919, -0.8285569352980505, -0.8286937271290475, -0.8288305958068243, -0.8289675449034808, -0.8291045779804737, -0.8292416985886568, -0.829378910268282, -0.8295162165490231, -0.82965362094999, -0.8297911269797433, -0.8299287381363073, -0.8300664579071828, -0.8302042897693678, -0.8303422371893535, -0.8304803036231527, -0.8306184925162959, -0.83075680730385, -0.8308952514104229, -0.8310338282501681, -0.831172541226803, -0.831311393733597, -0.8314503891533951, -0.8315895308586104, -0.8317288222112339, -0.8318682665628331, -0.8320078672545563, -0.8321476276171319, -0.8322875509708724, -0.8324276406256685, -0.8325678998809956, -0.8327083320258958, -0.8328489403389968, -0.8329897280884888, -0.8331306985321254, -0.8332718549172254, -0.8334132004806541, -0.8335547384488226, -0.833696472037678, -0.8338384044526931, -0.8339805388888575, -0.834122878530664, -0.8342654265520975, -0.8344081861166244, -0.8345511603771717, -0.8346943524761234, -0.8348377655452907, -0.8349814027059085, -0.8351252670686056, -0.8352693617333984, -0.835413689789658, -0.8355582543161032, -0.8357030583807692, -0.8358481050409875, -0.8359933973433633, -0.8361389383237547, -0.8362847310072421, -0.8364307784081035, -0.8365770835297909, -0.8367236493648962, -0.8368704788951229, -0.8370175750912636, -0.8371649409131636, -0.837312579309688, -0.8374604932186877, -0.8376086855669718, -0.8377571592702687, -0.8379059172331885, -0.8380549623491912, -0.838204297500546, -0.8383539255582901, -0.838503849382199, -0.8386540718207323, -0.838804595710999, -0.8389554238787218, -0.8391065591381824, -0.8392580042921788, -0.8394097621319917, -0.8395618354373199, -0.8397142269762503, -0.8398669395051925, -0.8400199757688518, -0.8401733385001541]}