{"FCI": -1.122767536167744, "Energy": -0.913203862824524, "Loss": [-0.47065748165345356, -0.4724322802365899, -0.4742192082778812, -0.4760182582592881, -0.47782942019025443, -0.47965268157546037, -0.48148802738322555, -0.48333544001459816, -0.48519489927315684, -0.4870663823355773, -0.488949863722981, -0.4908453152731105, -0.4927527061133733, -0.4946720026347734, -0.4966031684667846, -0.4985461644531798, -0.5005009486288784, -0.5024674761978211, -0.5044456995119213, -0.5064355680511308, -0.5084370284046376, -0.5104500242532474, -0.5124744963529719, -0.5145103825198648, -0.5165576176161276, -0.5186161335375254, -0.520685859202144, -0.5227667205405121, -0.5248586404871262, -0.5269615389734041, -0.5290753329220909, -0.531199936243155, -0.5333352598311968, -0.5354812115643766, -0.5376376963049255, -0.5398046159012254, -0.5419818691915026, -0.5441693520091352, -0.5463669571896228, -0.5485745745792111, -0.5507920910452018, -0.5530193904879518, -0.5552563538545962, -0.5575028591544842, -0.5597587814763533, -0.5620239930072481, -0.5642983630531921, -0.5665817580616167, -0.568874041645551, -0.5711750746095804, -0.5734847149775669, -0.5758028180221488, -0.5781292362959835, -0.5804638196647681, -0.5828064153420014, -0.5851568679254965, -0.5875150194356245, -0.5898807093552899, -0.5922537746716032, -0.5946340499192557, -0.5970213672255731, -0.5994155563572152, -0.6018164447685244, -0.6042238576514741, -0.6066376179872207, -0.6090575465991933, -0.6114834622077352, -0.6139151814862394, -0.6163525191187423, -0.6187952878589716, -0.6212432985907725, -0.6236963603899032, -0.6261542805871485, -0.6286168648327115, -0.6310839171618492, -0.6335552400616861, -0.6360306345391793, -0.6385099001901977, -0.6409928352696195, -0.6434792367624578, -0.6459689004559169, -0.6484616210123528, -0.6509571920430717, -0.6534554061829113, -0.6559560551655597, -0.6584589298995391, -0.6609638205448124, -0.6634705165899377, -0.6659788069297272, -0.6684884799433366, -0.6709993235727327, -0.6735111254014804, -0.6760236727337654, -0.6785367526736323, -0.6810501522043265, -0.6835636582677196, -0.686077057843725, -0.6885901380296643, -0.6911026861194993, -0.6936144896828926, -0.6961253366440102, -0.6986350153600172, -0.701143314699215, -0.7036500241187285, -0.7061549337417116, -0.7086578344340003, -0.7111585178801627, -0.7136567766588646, -0.7161524043175167, -0.7186451954461475, -0.7211349457504246, -0.7236214521237939, -0.726104512718672, -0.7285839270166379, -0.7310594958975793, -0.7335310217077492, -0.7359983083266641, -0.7384611612328286, -0.7409193875682043, -0.7433727962014313, -0.7458211977896877, -0.7482644048392274, -0.7507022317645013, -0.7531344949458488, -0.7555610127857092, -0.7579816057633503, -0.7603960964880475, -0.7628043097507121, -0.7652060725739201, -0.7676012142603275, -0.7699895664394576, -0.7723709631128132, -0.7747452406973157, -0.7771122380670535, -0.779471796593298, -0.7818237601828124, -0.7841679753144112, -0.7865042910737676, -0.788832559186469, -0.7911526340493091, -0.7934643727598005, -0.7957676351439353, -0.7980622837821567, -0.8003481840335676, -0.8026252040583746, -0.804893214838558, -0.8071520901967957, -0.8094017068136382, -0.8116419442429331, -0.8138726849255332, -0.8160938142012784, -0.8183052203192971, -0.8205067944465945, -0.8226984306749918, -0.8248800260264144, -0.8270514804565398, -0.8292126968568514, -0.8313635810550992, -0.8335040418141891, -0.8356339908295607, -0.8377533427250197, -0.8398620150471137, -0.8419599282580338, -0.8440470057271018, -0.8461231737208394, -0.8481883613916913, -0.8502425007653931, -0.8522855267270445, -0.8543173770059029, -0.8563379921589511, -0.8583473155532286, -0.8603452933470355, -0.8623318744699522, -0.8643070106017932, -0.8662706561504763, -0.868222768228855, -0.8701633066305775, -0.8720922338049586, -0.8740095148309452, -0.8759151173901907, -0.8778090117392734, -0.8796911706811077, -0.8815615695355677, -0.8834201861093638, -0.885267000665241, -0.8871019958904578, -0.8889251568646785, -0.8907364710272296, -0.8925359281438132, -0.894323520272664, -0.8960992417302535, -0.8978630890564798, -0.899615060979466, -0.9013551583799575, -0.9030833842553417, -0.9047997436833454, -0.9065042437854487, -0.9081968936900056, -0.9098777044951449, -0.9115466892314581]}