{"FCI": -0.9443745249874615, "Energy": -0.584735214207962, "Loss": [-0.47790009888704243, -0.4782880803961702, -0.47867747686448026, -0.4790682909234385, -0.4794605251809486, -0.47985418222103243, -0.4802492646034979, -0.4806457748636161, -0.48104371551178793, -0.4814430890332142, -0.4818438978875655, -0.48224614450864983, -0.4826498313040761, -0.4830549606549209, -0.48346153491539573, -0.4838695564125022, -0.4842790274457014, -0.48468995028657424, -0.485102327178476, -0.48551616033620143, -0.4859314519456421, -0.4863482041634416, -0.4867664191166526, -0.4871860989023978, -0.48760724558751717, -0.488029861208228, -0.4884539477697783, -0.4888795072460946, -0.4893065415794443, -0.4897350526800765, -0.4901650424258796, -0.4905965126620333, -0.49102946520065466, -0.49146390182045024, -0.49189982426636375, -0.4923372342492281, -0.4927761334454112, -0.49321652349646466, -0.4936584060087745, -0.49410178255320314, -0.494546654664745, -0.49499302384216626, -0.49544089154765747, -0.495890259206477, -0.49634112820660165, -0.4967934998983715, -0.4972473755941371, -0.4977027565679069, -0.49815964405499635, -0.4986180392516745, -0.4990779433148088, -0.499539357361518, -0.5000022824688156, -0.5004667196732631, -0.5009326699706149, -0.501400134315472, -0.5018691136209256, -0.5023396087582142, -0.5028116205563691, -0.5032851498018712, -0.5037601972382979, -0.5042367635659788, -0.5047148494416487, -0.5051944554781048, -0.5056755822438543, -0.5061582302627825, -0.5066424000137949, -0.5071280919304897, -0.5076153064008081, -0.5081040437666988, -0.5085943043237748, -0.5090860883209815, -0.5095793959602546, -0.5100742273961908, -0.5105705827357142, -0.5110684620377351, -0.5115678653128318, -0.5120687925229143, -0.5125712435808945, -0.5130752183503693, -0.5135807166452857, -0.5140877382296252, -0.5145962828170823, -0.5151063500707397, -0.5156179396027589, -0.5161310509740629, -0.5166456836940165, -0.5171618372201251, -0.5176795109577185, -0.5181987042596463, -0.5187194164259765, -0.519241646703685, -0.5197653942863645, -0.5202906583139211, -0.5208174378722825, -0.5213457319931013, -0.5218755396534706, -0.5224068597756303, -0.5229396912266864, -0.523474032818328, -0.5240098833065471, -0.5245472413913618, -0.5250861057165466, -0.525626474869356, -0.5261683473802621, -0.526711721722686, -0.5272565963127392, -0.5278029695089645, -0.5283508396120812, -0.5289002048647351, -0.5294510634512467, -0.5300034134973691, -0.5305572530700479, -0.5311125801771799, -0.5316693927673805, -0.5322276887297553, -0.5327874658936722, -0.5333487220285362, -0.5339114548435713, -0.5344756619876097, -0.5350413410488726, -0.5356084895547707, -0.5361771049716972, -0.5367471847048247, -0.5373187260979211, -0.5378917264331476, -0.5384661829308806, -0.5390420927495222, -0.5396194529853303, -0.5401982606722415, -0.5407785127816994, -0.5413602062224988, -0.5419433378406164, -0.5425279044190646, -0.5431139026777347, -0.5437013292732564, -0.5442901807988554, -0.544880453784216, -0.545472144695354, -0.546065249934491, -0.5466597658399294, -0.5472556886859382, -0.5478530146826492, -0.5484517399759428, -0.5490518606473522, -0.5496533727139704, -0.5502562721283564, -0.5508605547784555, -0.5514662164875175, -0.5520732530140282, -0.5526816600516355, -0.5532914332290927, -0.5539025681101989, -0.554515060193753, -0.5551289049135005, -0.5557440976381034, -0.5563606336711007, -0.5569785082508837, -0.5575977165506708, -0.5582182536784988, -0.5588401146772038, -0.5594632945244239, -0.5600877881325991, -0.560713590348977, -0.5613406959556363, -0.561969099669493, -0.5625987961423403, -0.5632297799608719, -0.5638620456467269, -0.5644955876565314, -0.5651304003819544, -0.5657664781497583, -0.5664038152218728, -0.5670424057954563, -0.5676822440029794, -0.568323323912307, -0.5689656395267844, -0.5696091847853404, -0.5702539535625807, -0.5708999396689098, -0.5715471368506384, -0.5721955387901043, -0.5728451391058096, -0.573495931352552, -0.5741479090215645, -0.5748010655406707, -0.5754553942744354, -0.5761108885243295, -0.5767675415289, -0.5774253464639407, -0.5780842964426843, -0.578744384515981, -0.5794056036724997, -0.5800679468389333, -0.5807314068802039, -0.581395976599678, -0.5820616487393961, -0.5827284159802951, -0.5833962709424481, -0.5840652061853097]}