{"FCI": -0.947683849035273, "Energy": -0.8980982390413946, "Loss": [-0.7439708407166326, -0.7451206439841924, -0.7462677640757196, -0.7474121623561624, -0.7485538006107167, -0.7496926410488627, -0.7508286463082917, -0.7519617794586771, -0.7530920040053296, -0.7542192838927207, -0.755343583507871, -0.7564648676835993, -0.7575831017016584, -0.7586982512957168, -0.7598102826542318, -0.7609191624231718, -0.7620248577086154, -0.7631273360792175, -0.7642265655685526, -0.7653225146773128, -0.7664151523753875, -0.7675044481038077, -0.7685903717765656, -0.7696728937823002, -0.7707519849858642, -0.7718276167297478, -0.7728997608353978, -0.7739683896043852, -0.7750334758194761, -0.7760949927455564, -0.777152914130443, -0.7782072142055693, -0.7792578676865592, -0.7803048497736645, -0.7813481361520997, -0.7823877029922457, -0.7834235269497477, -0.7844555851654931, -0.7854838552654682, -0.7865083153605207, -0.7875289440459865, -0.7885457204012255, -0.7895586239890399, -0.7905676348549848, -0.7915727335265778, -0.7925739010123983, -0.7935711188010848, -0.7945643688602323, -0.7955536336351954, -0.7965388960477742, -0.7975201394948269, -0.798497347846767, -0.7994705054459871, -0.8004395971051621, -0.8014046081054959, -0.8023655241948485, -0.8033223315857988, -0.8042750169536111, -0.8052235674341133, -0.8061679706215099, -0.807108214566093, -0.8080442877718998, -0.8089761791942627, -0.8099038782373177, -0.8108273747514104, -0.8117466590304537, -0.8126617218091949, -0.8135725542604361, -0.8144791479921656, -0.8153814950446481, -0.8162795878874356, -0.817173419416322, -0.8180629829502357, -0.8189482722280917, -0.8198292814055614, -0.8207060050518054, -0.8215784381461553, -0.8224465760747345, -0.8233104146270432, -0.8241699499924825, -0.8250251787568424, -0.8258760978987512, -0.8267227047860696, -0.8275649971722526, -0.8284029731926699, -0.8292366313609043, -0.8300659705649763, -0.8308909900635947, -0.8317116894823124, -0.832528068809698, -0.8333401283934596, -0.834147868936541, -0.8349512914931939, -0.8357503974650373, -0.8365451885970742, -0.8373356669737045, -0.8381218350147149, -0.8389036954712343, -0.8396812514217039, -0.8404545062678047, -0.8412234637303879, -0.8419881278453772, -0.842748502959677, -0.843504593727068, -0.8442564051040774, -0.8450039423458682, -0.845747211002105, -0.8464862169128184, -0.8472209662042716, -0.8479514652848243, -0.8486777208407836, -0.8493997398322845, -0.8501175294891334, -0.850831097306688, -0.8515404510417209, -0.8522455987082996, -0.8529465485736631, -0.8536433091541197, -0.8543358892109336, -0.8550242977462353, -0.8557085439989472, -0.8563886374406988, -0.8570645877717731, -0.8577364049170593, -0.8584040990220199, -0.8590676804486747, -0.8597271597715928, -0.8603825477739165, -0.8610338554433867, -0.8616810939683884, -0.8623242747340341, -0.8629634093182338, -0.8635985094878234, -0.8642295871946735, -0.8648566545718579, -0.8654797239298223, -0.8660988077525785, -0.8667139186939264, -0.8673250695737013, -0.8679322733740398, -0.8685355432356782, -0.8691348924542703, -0.8697303344767423, -0.8703218828976531, -0.8709095514556099, -0.87149335402969, -0.8720733046359006, -0.8726494174236654, -0.8732217066723393, -0.8737901867877577, -0.8743548722987994, -0.8749157778540102, -0.8754729182182224, -0.8760263082692246, -0.8765759629944674, -0.8771218974877895, -0.8776641269461636, -0.8782026666665089, -0.8787375320425088, -0.8792687385614633, -0.8797963018011823, -0.8803202374269099, -0.8808405611882738, -0.8813572889162806, -0.8818704365203313, -0.8823800199852824, -0.8828860553685218, -0.8833885587971112, -0.8838875464649221, -0.8843830346298311, -0.8848750396109503, -0.8853635777858728, -0.8858486655879755, -0.8863303195037235, -0.8868085560700594, -0.8872833918717634, -0.8877548435389014, -0.8882229277442748, -0.8886876612009196, -0.8891490606596313, -0.8896071429065279, -0.890061924760642, -0.8905134230715528, -0.8909616547170521, -0.8914066366008314, -0.8918483856502166, -0.892286918813932, -0.892722253059888, -0.8931544053730254, -0.893583392753158, -0.8940092322128853, -0.8944319407755009, -0.8948515354729714, -0.8952680333439139, -0.895681451431628, -0.8960918067821506, -0.8964991164423394, -0.8969033974579975, -0.897304666872025, -0.8977029417226019]}