{"FCI": -1.0551607375072107, "Energy": -1.0383762540056543, "Loss": [-0.8305098177571655, -0.833199812766204, -0.8358629671128127, -0.8384994106838872, -0.8411092760628223, -0.8436926984473574, -0.84624981556768, -0.8487807676047783, -0.8512856971091369, -0.8537647489198449, -0.8562180700841022, -0.8586458097772363, -0.8610481192232227, -0.8634251516158117, -0.8657770620402365, -0.8681040073956044, -0.8704061463179598, -0.872683639104098, -0.8749366476361355, -0.8771653353068771, -0.8793698669460288, -0.8815504087472532, -0.8837071281961395, -0.8858401939990732, -0.8879497760130436, -0.8900360451764403, -0.8920991734408177, -0.8941393337036678, -0.8961566997422369, -0.8981514461483696, -0.9001237482644152, -0.9020737821202225, -0.904001724371202, -0.9059077522375069, -0.9077920434443053, -0.9096547761631928, -0.9114961289547008, -0.9133162807119832, -0.9151154106055917, -0.9168936980294283, -0.9186513225478342, -0.9203884638438105, -0.9221053016684292, -0.9238020157913414, -0.9254787859524687, -0.92713579181483, -0.9287732129185114, -0.930391228635771, -0.9319900181272924, -0.9335697602995492, -0.935130633763307, -0.936672816793239, -0.9381964872886492, -0.9397018227352911, -0.9411890001682931, -0.942658196136156, -0.9441095866658227, -0.9455433472288215, -0.9469596527084465, -0.9483586773679968, -0.9497405948200217, -0.9511055779966019, -0.9524537991206281, -0.9537854296780631, -0.9551006403911997, -0.9563996011928538, -0.9576824812015446, -0.958949448697572, -0.9602006711000539, -0.9614363149448368, -0.9626565458633176, -0.963861528562145, -0.9650514268037732, -0.9662264033878658, -0.9673866201335339, -0.9685322378624001, -0.9696634163824388, -0.9707803144726308, -0.9718830898683685, -0.972971899247631, -0.9740468982178798, -0.9751082413037037, -0.9761560819351441, -0.9771905724367421, -0.9782118640172349, -0.979220106759944, -0.9802154496137789, -0.9811980403849067, -0.9821680257290074, -0.9831255511441518, -0.9840707609642638, -0.9850037983531457, -0.9859248052990699, -0.9868339226099134, -0.987731289908822, -0.9886170456303845, -0.9894913270173111, -0.9903542701176062, -0.9912060097822021, -0.9920466796630606, -0.9928764122117272, -0.993695338678303, -0.9945035891108545, -0.9953012923552234, -0.9960885760552247, -0.9968655666532521, -0.9976323893912286, -0.9983891683119209, -0.9991360262606325, -0.9998730848871769, -1.0006004646482305, -1.0013182848099564, -1.002026663450969, -1.002725717465556, -1.0034155625671948, -1.0040963132923613, -1.0047680830045596, -1.0054309838986313, -1.0060851270053, -1.0067306221959413, -1.0073675781875902, -1.0079961025481374, -1.008616301701752, -1.0092282809344963, -1.009832144400117, -1.0104279951260302, -1.011015935019465, -1.0115960648737705, -1.0121684843748973, -1.0127332921080006, -1.0132905855641974, -1.0138404611474607, -1.0143830141816308, -1.0149183389175458, -1.015446528540295, -1.015967675176576, -1.0164818699021392, -1.0169892027493401, -1.0174897627147834, -1.0179836377670266, -1.01847091485439, -1.0189516799128133, -1.0194260178737948, -1.0198940126723803, -1.0203557472552183, -1.020811303588655, -1.0212607626668762, -1.0217042045201123, -1.0221417082228492, -1.0225733519020908, -1.0229992127456529, -1.023419367010464, -1.0238338900309096, -1.0242428562271808, -1.0246463391136327, -1.025044411307169, -1.0254371445356123, -1.0258246096461003, -1.0262068766134602, -1.026584014548602, -1.026956091706887, -1.027323175496497, -1.0276853324867965, -1.0280426284166735, -1.0283951282028623, -1.0287428959482599, -1.0290859949502043, -1.0294244877087402, -1.0297584359348675, -1.0300879005587347, -1.0304129417378332, -1.030733618865142, -1.0310499905772426, -1.031362114762401, -1.0316700485686185, -1.0319738484116252, -1.0322735699828633, -1.0325692682573924, -1.0328609975017933, -1.0331488112819915, -1.0334327624710604, -1.0337129032569599, -1.0339892851502495, -1.0342619589917232, -1.0345309749600273, -1.034796382579206, -1.0350582307262002, -1.0353165676382967, -1.035571440920526, -1.0358228975530053, -1.0360709838982258, -1.0363157457082732, -1.036557228132024, -1.0367954757222577, -1.0370305324427187, -1.0372624416751284, -1.0374912462261299, -1.0377169883341875, -1.0379397096764087, -1.0381594513753392]}