{"FCI": -0.9543386010184702, "Energy": -0.8872266437721935, "Loss": [-0.8187279282141942, -0.8192894403332681, -0.8198482530066188, -0.8204043704755953, -0.8209577971067741, -0.821508537390253, -0.8220565959379476, -0.822601977481878, -0.8231446868724752, -0.8236847290768736, -0.8242221091772013, -0.824756832368901, -0.8252889039590185, -0.8258183293645135, -0.8263451141105752, -0.8268692638289282, -0.8273907842561584, -0.8279096812320323, -0.828425960697819, -0.828939628694629, -0.8294506913617513, -0.829959154934982, -0.8304650257449946, -0.8309683102156716, -0.8314690148624769, -0.831967146290826, -0.8324627111944388, -0.8329557163537462, -0.8334461686342609, -0.8339340749849702, -0.8344194424367519, -0.8349022781007723, -0.8353825891669115, -0.8358603829021863, -0.8363356666491882, -0.8368084478245241, -0.837278733917274, -0.8377465324874518, -0.8382118511644693, -0.838674697645631, -0.8391350796946115, -0.8395930051399659, -0.8400484818736333, -0.8405015178494589, -0.8409521210817283, -0.8414002996437001, -0.8418460616661769, -0.842289415336039, -0.8427303688948421, -0.8431689306373947, -0.8436051089103468, -0.8440389121108038, -0.8444703486849459, -0.8448994271266479, -0.8453261559761316, -0.8457505438186098, -0.8461725992829547, -0.8465923310403735, -0.8470097478030959, -0.847424858323072, -0.8478376713906892, -0.848248195833491, -0.8486564405149141, -0.8490624143330412, -0.8494661262193559, -0.8498675851375167, -0.8502668000821443, -0.8506637800776198, -0.8510585341768945, -0.8514510714603049, -0.8518414010344234, -0.8522295320308891, -0.8526154736052828, -0.8529992349359873, -0.8533808252230806, -0.8537602536872305, -0.8541375295686101, -0.854512662125812, -0.8548856606347953, -0.8552565343878221, -0.8556252926924304, -0.855991944870399, -0.8563565002567407, -0.8567189681986933, -0.8570793580547392, -0.8574376791936242, -0.8577939409933993, -0.8581481528404601, -0.8585003241286222, -0.8588504642581838, -0.8591985826350144, -0.8595446886696648, -0.8598887917764595, -0.8602309013726341, -0.860571026877469, -0.8609091777114347, -0.8612453632953531, -0.8615795930495673, -0.8619118763931377, -0.8622422227430215, -0.862570641513292, -0.8628971421143585, -0.8632217339521986, -0.863544426427594, -0.8638652289354024, -0.8641841508638084, -0.8645012015936154, -0.8648163904975302, -0.8651297269394645, -0.8654412202738543, -0.8657508798449786, -0.8660587149863008, -0.866364735019812, -0.8666689492553965, -0.8669713669901882, -0.867271997507969, -0.8675708500785474, -0.8678679339571658, -0.8681632583839144, -0.8684568325831528, -0.8687486657629432, -0.8690387671145062, -0.8693271458116549, -0.8696138110102885, -0.8698987718478434, -0.8701820374427921, -0.8704636168941374, -0.8707435192809191, -0.8710217536617263, -0.8712983290742339, -0.8715732545347201, -0.87184653903763, -0.8721181915551212, -0.8723882210366348, -0.8726566364084551, -0.8729234465733096, -0.8731886604099517, -0.8734522867727632, -0.8737143344913679, -0.8739748123702483, -0.8742337291883727, -0.874491093698835, -0.8747469146284975, -0.8750012006776482, -0.8752539605196606, -0.8755052028006645, -0.8757549361392285, -0.8760031691260433, -0.8762499103236173, -0.8764951682659877, -0.8767389514584198, -0.8769812683771345, -0.8772221274690355, -0.8774615371514376, -0.8776995058118175, -0.8779360418075518, -0.8781711534656879, -0.8784048490826988, -0.8786371369242554, -0.8788680252250073, -0.8790975221883678, -0.879325635986308, -0.87955237475915, -0.8797777466153793, -0.8800017596314549, -0.8802244218516304, -0.8804457412877746, -0.8806657259192101, -0.8808843836925472, -0.881101722521529, -0.8813177502868839, -0.8815324748361811, -0.8817459039836942, -0.8819580455102685, -0.8821689071631972, -0.8823784966560952, -0.8825868216687971, -0.8827938898472367, -0.8829997088033481, -0.8832042861149676, -0.8834076293257457, -0.8836097459450475, -0.8838106434478842, -0.8840103292748255, -0.884208810831936, -0.8844060954907007, -0.884602190587963, -0.8847971034258698, -0.8849908412718241, -0.8851834113584182, -0.88537482088341, -0.8855650770096746, -0.8857541868651633, -0.8859421575428837, -0.8861289961008668, -0.8863147095621408, -0.8864993049147263, -0.8866827891116063, -0.8868651690707217, -0.8870464516749693]}