{"FCI": -0.9601614321588791, "Energy": -0.7910774680796515, "Loss": [-0.5963270563479408, -0.5972905442624324, -0.5982563947169929, -0.5992245807024061, -0.600195074893634, -0.6011678496522288, -0.602142877028828, -0.6031201287657378, -0.6040995762995933, -0.6050811907641096, -0.6060649429929226, -0.607050803522494, -0.6080387425951167, -0.6090287301619971, -0.6100207358864242, -0.6110147291470076, -0.6120106790410141, -0.6130085543877729, -0.6140083237321626, -0.6150099553481879, -0.6160134172426159, -0.6170186771587164, -0.6180257025800482, -0.6190344607343554, -0.6200449185975121, -0.6210570428975615, -0.622070800118808, -0.6230861565060161, -0.6241030780686396, -0.6251215305851554, -0.6261414796074535, -0.6271628904652975, -0.628185728270847, -0.6292099579232674, -0.6302355441133762, -0.6312624513283813, -0.6322906438566591, -0.6333200857926167, -0.6343507410415927, -0.6353825733248395, -0.636415546184542, -0.6374496229889075, -0.638484766937309, -0.6395209410654761, -0.6405581082507376, -0.6415962312173309, -0.64263527254173, -0.643675194658059, -0.6447159598635125, -0.6457575303238537, -0.6467998680789366, -0.6478429350482652, -0.6488866930366152, -0.649931103739664, -0.6509761287496797, -0.652021729561232, -0.6530678675769382, -0.6541145041132377, -0.6551616004062042, -0.6562091176173743, -0.657257016839601, -0.6583052591029425, -0.6593538053805551, -0.6604026165946215, -0.6614516536222863, -0.6625008773016129, -0.6635502484375466, -0.6645997278079012, -0.6656492761693423, -0.6666988542633892, -0.6677484228224201, -0.6687979425756696, -0.6698473742552561, -0.6708966786021732, -0.6719458163723128, -0.6729947483424609, -0.6740434353162964, -0.6750918381303883, -0.676139917660173, -0.6771876348259265, -0.6782349505987137, -0.6792818260063466, -0.6803282221392892, -0.6813741001565746, -0.6824194212916849, -0.6834641468584146, -0.6845082382567028, -0.685551656978446, -0.6865943646132778, -0.6876363228543244, -0.6886774935039122, -0.6897178384792615, -0.6907573198181371, -0.6917958996844505, -0.6928335403738402, -0.693870204319199, -0.6949058540961651, -0.6959404524285661, -0.6969739621938134, -0.6980063464282581, -0.6990375683324945, -0.7000675912766018, -0.7010963788053508, -0.7021238946433495, -0.7031501027001232, -0.7041749670751605, -0.7051984520628742, -0.7062205221575283, -0.707241142058083, -0.7082602766729937, -0.7092778911249298, -0.7102939507554483, -0.7113084211295826, -0.7123212680403764, -0.7133324575133398, -0.7143419558108498, -0.7153497294364597, -0.7163557451391553, -0.7173599699175278, -0.7183623710238768, -0.7193629159682395, -0.720361572522334, -0.7213583087234412, -0.7223530928781992, -0.7233458935663253, -0.7243366796442502, -0.7253254202486807, -0.7263120848000761, -0.7272966430060575, -0.7282790648647024, -0.7292593206678022, -0.7302373810039986, -0.7312132167618528, -0.732186799132832, -0.7331580996142056, -0.7341270900118692, -0.7350937424430556, -0.7360580293389937, -0.7370199234474637, -0.7379793978352649, -0.7389364258906105, -0.7398909813254133, -0.7408430381775132, -0.7417925708127964, -0.7427395539272437, -0.7436839625488681, -0.7446257720396082, -0.745564958097077, -0.7465014967562831, -0.7474353643912297, -0.7483665377164282, -0.7492949937883525, -0.750220710006767, -0.7511436641160126, -0.7520638342061752, -0.7529811987141835, -0.7538957364248154, -0.7548074264716363, -0.7557162483378295, -0.756622181856961, -0.7575252072136583, -0.7584253049442031, -0.7593224559370472, -0.7602166414332407, -0.7611078430267875, -0.7619960426649167, -0.7628812226482699, -0.763763365631027, -0.7646424546209294, -0.7655184729792478, -0.7663914044206636, -0.7672612330130704, -0.7681279431773191, -0.7689915196868613, -0.7698519476673436, -0.7707092125961202, -0.7715633003016908, -0.7724141969630718, -0.7732618891091018, -0.7741063636176696, -0.7749476077148847, -0.7757856089741648, -0.7766203553152767, -0.7774518350033044, -0.7782800366475426, -0.7791049492003485, -0.7799265619559136, -0.7807448645489827, -0.7815598469535113, -0.7823714994812695, -0.7831798127803785, -0.7839847778338, -0.7847863859577588, -0.7855846288001281, -0.7863794983387431, -0.7871709868796793, -0.7879590870554618, -0.7887437918232438, -0.7895250944629214, -0.7903029885752039]}