{"FCI": -1.035185713956801, "Energy": -0.8193633765951714, "Loss": [-0.6223211665997725, -0.6236659860033185, -0.6250089450435369, -0.6263499972857907, -0.6276890965631996, -0.6290261969837226, -0.6303612529371379, -0.6316942191019361, -0.6330250504521352, -0.6343537022639925, -0.6356801301226215, -0.637004289928516, -0.6383261379039783, -0.6396456305994357, -0.6409627248996669, -0.6422773780299158, -0.6435895475618999, -0.6448991914197109, -0.6462062678856071, -0.6475107356056947, -0.6488125535954936, -0.650111681245386, -0.6514080783259575, -0.6527017049932117, -0.6539925217936735, -0.655280489669366, -0.6565655699626691, -0.6578477244210611, -0.6591269152017236, -0.6604031048760384, -0.6616762564339436, -0.6629463332881792, -0.6642132992783887, -0.6654771186751121, -0.6667377561836278, -0.6679951769476952, -0.669249346553135, -0.6705002310313043, -0.6717477968624329, -0.6729920109788283, -0.6742328407679505, -0.6754702540753531, -0.6767042192075062, -0.6779347049344654, -0.6791616804924318, -0.6803851155861631, -0.681604980391277, -0.6828212455563865, -0.6840338822051478, -0.6852428619381431, -0.6864481568346533, -0.6876497394542945, -0.6888475828385248, -0.690041660512023, -0.6912319464839374, -0.6924184152490178, -0.6936010417886087, -0.6947798015715141, -0.6959546705547536, -0.6971256251841793, -0.6982926423949752, -0.699455699612034, -0.7006147747502102, -0.7017698462144553, -0.702920892899831, -0.7040678941914126, -0.7052108299640587, -0.7063496805820796, -0.7074844268987884, -0.7086150502559349, -0.7097415324830265, -0.7108638558965469, -0.7119820032990574, -0.7130959579781897, -0.714205703705542, -0.715311224735459, -0.7164125058037136, -0.7175095321260894, -0.7186022893968558, -0.7196907637871547, -0.7207749419432793, -0.7218548109848644, -0.7229303585029786, -0.7240015725581291, -0.7250684416781776, -0.7261309548561564, -0.7271891015480122, -0.72824287167025, -0.7292922555975134, -0.7303372441600593, -0.7313778286411768, -0.7324140007745038, -0.7334457527412902, -0.7344730771675759, -0.7354959671212948, -0.7365144161093092, -0.7375284180743835, -0.738537967392079, -0.7395430588675904, -0.7405436877325191, -0.7415398496415858, -0.7425315406692787, -0.7435187573064472, -0.7445014964568435, -0.7454797554336027, -0.7464535319556758, -0.7474228241442146, -0.7483876305189002, -0.7493479499942319, -0.7503037818757705, -0.7512551258563337, -0.7522019820121524, -0.753144350798996, -0.7540822330482501, -0.7550156299629517, -0.7559445431138156, -0.7568689744352003, -0.7577889262210569, -0.7587044011208492, -0.7596154021354503, -0.7605219326129943, -0.7614239962447291, -0.7623215970608319, -0.7632147394262033, -0.7641034280362499, -0.7649876679126445, -0.7658674643990725, -0.7667428231569615, -0.7676137501611953, -0.7684802516958268, -0.7693423343497701, -0.7702000050124872, -0.7710532708696739, -0.7719021393989292, -0.7727466183654201, -0.7735867158175714, -0.7744224400826994, -0.7752537997627074, -0.7760808037297329, -0.77690346112182, -0.7777217813386008, -0.7785357740369646, -0.7793454491267354, -0.780150816766377, -0.7809518873586749, -0.7817486715464579, -0.7825411802083078, -0.7833294244542873, -0.7841134156216909, -0.7848931652707986, -0.7856686851806349, -0.78643998734477, -0.787207083967115, -0.7879699874577393, -0.7887287104287201, -0.7894832656899878, -0.7902336662452055, -0.7909799252876824, -0.7917220561962725, -0.7924600725313328, -0.7931939880306851, -0.7939238166056078, -0.7946495723368479, -0.7953712694706659, -0.7960889224148981, -0.796802545735055, -0.7975121541504373, -0.7982177625302854, -0.7989193858899639, -0.7996170393871584, -0.8003107383181151, -0.8010004981139085, -0.8016863343367342, -0.8023682626762441, -0.8030462989458982, -0.80372045907936, -0.8043907591269156, -0.8050572152519399, -0.8057198437273747, -0.8063786609322571, -0.8070336833482791, -0.8076849275563713, -0.8083324102333357, -0.808976148148498, -0.8096161581604098, -0.8102524572135693, -0.810885062335202, -0.8115139906320409, -0.8121392592871822, -0.8127608855569433, -0.813378886767779, -0.8139932803132278, -0.8146040836508845, -0.8152113142994275, -0.8158149898356636, -0.8164151278916266, -0.8170117461516958, -0.8176048623497703, -0.8181944942664631, -0.8187806597263328]}