{"FCI": -1.0968840054452296, "Energy": -0.7226035605360785, "Loss": [-0.5496380765684669, -0.5504021893890767, -0.5511680596295926, -0.5519356792923584, -0.5527050402844873, -0.553476134418174, -0.5542489534110232, -0.5550234888863886, -0.5557997323737285, -0.5565776753089793, -0.5573573090349304, -0.5581386248016393, -0.5589216137668274, -0.5597062669963201, -0.5604925754644816, -0.5612805300546803, -0.5620701215597503, -0.5628613406824843, -0.5636541780361318, -0.564448624144915, -0.5652446694445562, -0.5660423042828227, -0.5668415189200882, -0.5676423035299014, -0.5684446481995749, -0.5692485429307858, -0.5700539776401928, -0.5708609421600687, -0.5716694262389379, -0.57247941954224, -0.5732909116530058, -0.5741038920725332, -0.5749183502210997, -0.5757342754386668, -0.5765516569856166, -0.5773704840434885, -0.5781907457157405, -0.579012431028509, -0.5798355289314023, -0.5806600282982903, -0.5814859179281195, -0.582313186545727, -0.5831418228026869, -0.5839718152781501, -0.5848031524797079, -0.5856358228442752, -0.5864698147389639, -0.5873051164619896, -0.5881417162435849, -0.5889796022469181, -0.5898187625690305, -0.5906591852417908, -0.5915008582328405, -0.5923437694465796, -0.5931879067251422, -0.5940332578493872, -0.594879810539909, -0.5957275524580522, -0.596576471206932, -0.5974265543324777, -0.5982777893244804, -0.5991301636176412, -0.59998366459265, -0.6008382795772551, -0.6016939958473514, -0.60255080062808, -0.6034086810949266, -0.6042676243748398, -0.6051276175473538, -0.605988647645717, -0.6068507016580375, -0.607713766528421, -0.6085778291581334, -0.6094428764067631, -0.6103088950933869, -0.6111758719977518, -0.6120437938614565, -0.6129126473891416, -0.6137824192496912, -0.614653096077431, -0.6155246644733375, -0.6163971110062555, -0.617270422214118, -0.6181445846051701, -0.6190195846591954, -0.6198954088287577, -0.6207720435404338, -0.6216494751960588, -0.6225276901739707, -0.6234066748302641, -0.6242864155000363, -0.6251668984986514, -0.6260481101229929, -0.62693003665273, -0.6278126643515742, -0.628695979468548, -0.6295799682392536, -0.6304646168871338, -0.6313499116247452, -0.6322358386550305, -0.6331223841725798, -0.6340095343649053, -0.6348972754137121, -0.6357855934961617, -0.6366744747861474, -0.6375639054555541, -0.638453871675527, -0.6393443596177413, -0.6402353554556531, -0.6411268453657673, -0.642018815528895, -0.6429112521314027, -0.6438041413664681, -0.6446974694353304, -0.6455912225485285, -0.6464853869271459, -0.6473799488040465, -0.6482748944251053, -0.6491702100504346, -0.6500658819556091, -0.6509618964328835, -0.6518582397923968, -0.6527548983633837, -0.6536518584953709, -0.6545491065593727, -0.655446628949072, -0.6563444120820036, -0.6572424424007233, -0.658140706373974, -0.6590391904978377, -0.6599378812968937, -0.6608367653253483, -0.6617358291681746, -0.6626350594422261, -0.6635344427973622, -0.6644339659175428, -0.6653336155219295, -0.6662333783659725, -0.6671332412424783, -0.6680331909826838, -0.6689332144573056, -0.6698332985775886, -0.6707334302963347, -0.6716335966089312, -0.672533784554356, -0.6734339812161814, -0.6743341737235597, -0.6752343492522057, -0.6761344950253504, -0.6770345983146994, -0.6779346464413737, -0.6788346267768319, -0.6797345267437871, -0.6806343338171074, -0.6815340355247024, -0.6824336194484006, -0.6833330732248073, -0.6842323845461531, -0.6851315411611301, -0.6860305308757042, -0.686929341553931, -0.6878279611187379, -0.6887263775527074, -0.6896245788988375, -0.6905225532612863, -0.6914202888061117, -0.6923177737619861, -0.6932149964208978, -0.6941119451388459, -0.6950086083365036, -0.6959049744998878, -0.6968010321809941, -0.6976967699984251, -0.6985921766380065, -0.6994872408533761, -0.7003819514665722, -0.7012762973685935, -0.7021702675199496, -0.7030638509511986, -0.7039570367634533, -0.7048498141288985, -0.7057421722912619, -0.7066341005662975, -0.7075255883422289, -0.7084166250801937, -0.7093072003146595, -0.7101973036538359, -0.711086924780062, -0.7119760534501782, -0.7128646794958853, -0.7137527928240883, -0.7146403834172168, -0.715527441333545, -0.7164139567074712, -0.7172999197498079, -0.7181853207480368, -0.719070150066555, -0.7199543981469108, -0.7208380555080149, -0.7217211127463333]}