{"FCI": -1.035185713956801, "Energy": -0.8270267466550075, "Loss": [-0.5336619964431885, -0.5349924378961717, -0.536327115618713, -0.5376660059465901, -0.539009084676766, -0.5403563270666794, -0.5417077078336479, -0.543063201154408, -0.5444227806647692, -0.5457864194594149, -0.5471540900918176, -0.5485257645742924, -0.5499014143781911, -0.5512810104342223, -0.5526645231329073, -0.5540519223251821, -0.5554431773231296, -0.5568382569008573, -0.5582371292955087, -0.559639762208428, -0.5610461228064556, -0.5624561777233771, -0.563869893061508, -0.5652872343934352, -0.5667081667638919, -0.5681326546917923, -0.569560662172401, -0.5709921526796607, -0.5724270891686684, -0.5738654340782848, -0.5753071493339234, -0.5767521963504522, -0.5782005360352787, -0.5796521287915628, -0.5811069345215916, -0.5825649126302966, -0.5840260220289262, -0.5854902211388692, -0.5869574678956196, -0.5884277197529031, -0.5899009336869429, -0.5913770662008714, -0.5928560733293091, -0.5943379106430671, -0.595822533254011, -0.5973098958200682, -0.5987999525503755, -0.6002926572105827, -0.6017879631282812, -0.6032858231985977, -0.6047861898899061, -0.6062890152497004, -0.6077942509105921, -0.6093018480964463, -0.6108117576286665, -0.6123239299325958, -0.6138383150440628, -0.6153548626160592, -0.6168735219255388, -0.6183942418803502, -0.6199169710262974, -0.6214416575543188, -0.6229682493077896, -0.6244966937899464, -0.6260269381714275, -0.6275589292979276, -0.6290926136979763, -0.6306279375908023, -0.6321648468943364, -0.6337032872332982, -0.6352432039473966, -0.6367845420996279, -0.6383272464846698, -0.6398712616373798, -0.6414165318413731, -0.6429630011376969, -0.6445106133335986, -0.6460593120113555, -0.6476090405372215, -0.649159742070405, -0.6507113595721689, -0.6522638358149664, -0.6538171133916644, -0.6553711347248236, -0.656925842076042, -0.6584811775553621, -0.6600370831307212, -0.6615935006374746, -0.6631503717879395, -0.6647076381810022, -0.6662652413117701, -0.6678231225812437, -0.669381223306043, -0.670939484728147, -0.6724978480246742, -0.6740562543176831, -0.6756146446839844, -0.6771729601649877, -0.6787311417765376, -0.6802891305187826, -0.6818468673860351, -0.683404293376642, -0.6849613495028376, -0.6865179768006204, -0.6880741163395913, -0.6896297092328005, -0.6911846966465659, -0.692739019810277, -0.6942926200261832, -0.6958454386791342, -0.6973974172463184, -0.6989484973069446, -0.7004986205518994, -0.7020477287933554, -0.7035957639743493, -0.7051426681782893, -0.7066883836384434, -0.7082328527473384, -0.709776018066134, -0.7113178223339086, -0.7128582084769026, -0.7143971196176835, -0.7159344990842398, -0.7174702904190086, -0.719004437387821, -0.7205368839887687, -0.7220675744609907, -0.723596453293374, -0.7251234652331636, -0.7266485552944832, -0.7281716687667622, -0.7296927512230696, -0.7312117485283387, -0.7327286068475038, -0.7342432726535221, -0.735755692735293, -0.7372658142054689, -0.738773584508153, -0.7402789514264901, -0.741781863090124, -0.7432822679825668, -0.7447801149484127, -0.746275353200462, -0.7477679323267001, -0.7492578022971625, -0.7507449134706647, -0.7522292166014078, -0.7537106628454553, -0.7551892037670735, -0.7566647913449354, -0.7581373779781994, -0.759606916492446, -0.7610733601454722, -0.7625366626329592, -0.7639967780939834, -0.7654536611164064, -0.7669072667421052, -0.768357550472072, -0.7698044682713663, -0.7712479765739177, -0.7726880322871977, -0.7741245927967244, -0.7755576159704485, -0.7769870601629665, -0.7784128842196056, -0.7798350474803575, -0.7812535097836514, -0.7826682314700086, -0.7840791733855177, -0.7854862968851785, -0.7868895638361084, -0.7882889366205769, -0.7896843781389158, -0.7910758518122675, -0.7924633215851956, -0.7938467519281469, -0.7952261078397672, -0.7966013548490757, -0.7979724590174841, -0.7993393869406902, -0.8007021057504125, -0.802060583115984, -0.8034147872458219, -0.80476468688873, -0.8061102513350823, -0.8074514504178594, -0.808788254513548, -0.8101206345429047, -0.8114485619715861, -0.8127720088106369, -0.8140909476168582, -0.8154053514930314, -0.8167151940880223, -0.8180204495967446, -0.8193210927600054, -0.82061709886422, -0.8219084437410056, -0.823195103766647, -0.8244770558614413, -0.8257542774889336]}