{"FCI": -0.9981488619840654, "Energy": -0.9706850029763253, "Loss": [-0.9417089376142482, -0.9419099303189309, -0.9421102704332579, -0.9423099593470923, -0.9425089984485193, -0.9427073891239042, -0.942905132757911, -0.9431022307335408, -0.9432986844321676, -0.9434944952335726, -0.9436896645159734, -0.9438841936560619, -0.9440780840290334, -0.9442713370086198, -0.9444639539671121, -0.9446559362754067, -0.9448472853030221, -0.9450380024181351, -0.9452280889876066, -0.9454175463770152, -0.9456063759506788, -0.9457945790716834, -0.9459821571019159, -0.9461691114020813, -0.9463554433317445, -0.9465411542493339, -0.9467262455121844, -0.9469107184765579, -0.9470945744976602, -0.9472778149296767, -0.9474604411257807, -0.9476424544381733, -0.9478238562180934, -0.9480046478158425, -0.9481848305808087, -0.948364405861484, -0.948543375005488, -0.948721739359585, -0.9488995002697087, -0.9490766590809713, -0.9492532171376956, -0.9494291757834221, -0.9496045363609309, -0.9497793002122606, -0.9499534686787214, -0.950127043100918, -0.9503000248187545, -0.9504724151714646, -0.9506442154976145, -0.9508154271351243, -0.9509860514212789, -0.951156089692744, -0.9513255432855752, -0.9514944135352434, -0.9516627017766307, -0.9518304093440557, -0.9519975375712797, -0.952164087791516, -0.95233006133745, -0.9524954595412397, -0.9526602837345287, -0.9528245352484633, -0.9529882154136936, -0.9531513255603832, -0.9533138670182227, -0.9534758411164386, -0.9536372491837962, -0.9537980925486051, -0.9539583725387377, -0.9541180904816262, -0.9542772477042739, -0.9544358455332598, -0.954593885294743, -0.954751368314471, -0.9549082959177886, -0.9550646694296283, -0.9552204901745326, -0.9553757594766501, -0.9555304786597346, -0.9556846490471612, -0.9558382719619117, -0.9559913487265979, -0.9561438806634468, -0.9562958690943159, -0.9564473153406854, -0.956598220723664, -0.9567485865639933, -0.9568984141820486, -0.9570477048978258, -0.9571964600309641, -0.9573446809007319, -0.9574923688260238, -0.957639525125378, -0.9577861511169573, -0.9579322481185528, -0.9580778174475894, -0.9582228604211209, -0.9583673783558206, -0.9585113725679948, -0.958654844373566, -0.9587977950880784, -0.9589402260266946, -0.9590821385041888, -0.9592235338349453, -0.9593644133329561, -0.9595047783118212, -0.9596446300847374, -0.959783969964496, -0.9599227992634805, -0.96006111929366, -0.9601989313665901, -0.9603362367933969, -0.9604730368847857, -0.960609332951019, -0.9607451263019272, -0.9608804182468947, -0.9610152100948509, -0.9611495031542734, -0.9612832987331689, -0.961416598139079, -0.961549402679068, -0.961681713659713, -0.9618135323871038, -0.9619448601668268, -0.9620756983039657, -0.9622060481030918, -0.962335910868246, -0.9624652879029523, -0.9625941805101847, -0.9627225899923834, -0.9628505176514238, -0.9629779647886212, -0.9631049327047214, -0.9632314226998888, -0.963357436073692, -0.963482974125109, -0.9636080381525065, -0.96373262945363, -0.9638567493256021, -0.9639803990649052, -0.9641035799673772, -0.9642262933281951, -0.9643485404418742, -0.9644703226022491, -0.96459164110247, -0.964712497234987, -0.9648328922915375, -0.9649528275631505, -0.9650723043401204, -0.9651913239119944, -0.9653098875675781, -0.9654279965949116, -0.9655456522812591, -0.9656628559131042, -0.9657796087761332, -0.9658959121552224, -0.9660117673344305, -0.9661271755969926, -0.9662421382252913, -0.9663566565008661, -0.9664707317043872, -0.9665843651156468, -0.9666975580135474, -0.966810311676098, -0.9669226273803886, -0.9670345064025859, -0.9671459500179234, -0.9672569595006844, -0.9673675361241884, -0.9674776811607841, -0.9675873958818388, -0.967696681557717, -0.9678055394577769, -0.9679139708503489, -0.9680219770027384, -0.9681295591811958, -0.9682367186509155, -0.9683434566760155, -0.9684497745195382, -0.9685556734434215, -0.9686611547084943, -0.9687662195744661, -0.9688708692999105, -0.9689751051422538, -0.9690789283577607, -0.9691823402015279, -0.9692853419274563, -0.9693879347882597, -0.9694901200354397, -0.9695918989192668, -0.9696932726887839, -0.9697942425917806, -0.9698948098747862, -0.9699949757830535, -0.9700947415605551, -0.9701941084499561, -0.9702930776926153, -0.9703916505285637, -0.9704898281964971, -0.9705876119337548]}