{"FCI": -1.1321209324259212, "Energy": -0.8404809001544462, "Loss": [-0.4302399310084035, -0.43181298456683836, -0.4333950666511852, -0.43498616723912803, -0.4365862752025866, -0.43819537829772537, -0.43981346315513425, -0.44144051527022427, -0.44307651899381145, -0.44472145752292214, -0.44637531289180954, -0.4480380659631963, -0.44970969641974556, -0.4513901827557752, -0.4530795022692023, -0.4547776310537583, -0.45648454399144095, -0.45820021474524764, -0.4599246157521621, -0.4616577182164348, -0.4633994921031344, -0.4651499061319891, -0.46690892777153836, -0.468676523233568, -0.47045265746786313, -0.4722372941572817, -0.4740303957131328, -0.475831923270899, -0.47764183668627613, -0.4794600945315696, -0.4812866540924097, -0.4831214713648418, -0.48496450105275674, -0.48681569656568574, -0.4886750100169575, -0.4905423922222387, -0.49241779269842756, -0.49430115966295396, -0.4961924400334413, -0.4980915794277762, -0.4999985221645602, -0.5019132112639659, -0.503835588448993, -0.5057655941471295, -0.5077031674924274, -0.5096482463279854, -0.5116007672088503, -0.5135606654053431, -0.5155278749067967, -0.5175023284257325, -0.5194839574024511, -0.5214726920100643, -0.5234684611599529, -0.5254711925076593, -0.5274808124592175, -0.5294972461779206, -0.5315204175915194, -0.5335502493998739, -0.5355866630830322, -0.5376295789097504, -0.5396789159464668, -0.5417345920666963, -0.5437965239608801, -0.5458646271466707, -0.5479388159796564, -0.5500190036645178, -0.5521051022666311, -0.5541970227240995, -0.5562946748602198, -0.5583979673963769, -0.5605068079653793, -0.5626211031252009, -0.5647407583731633, -0.5668656781605326, -0.5689957659075277, -0.5711309240187515, -0.5732710538990275, -0.5754160559696324, -0.5775658296849459, -0.5797202735494871, -0.5818792851353334, -0.5840427610999462, -0.5862105972043568, -0.5883826883317377, -0.590558928506337, -0.5927392109127805, -0.5949234279157204, -0.5971114710798461, -0.5993032311902199, -0.601498598272963, -0.6036974616162635, -0.6058997097916945, -0.6081052306758572, -0.6103139114723224, -0.612525638733864, -0.6147402983849831, -0.6169577757447026, -0.6191779555496426, -0.6214007219773436, -0.6236259586698473, -0.62585354875751, -0.6280833748830517, -0.6303153192258348, -0.6325492635263305, -0.6347850891108102, -0.6370226769162071, -0.6392619075151762, -0.6415026611413007, -0.6437448177144812, -0.6459882568664498, -0.6482328579664309, -0.6504785001469322, -0.6527250623296316, -0.654972423251386, -0.657220461490318, -0.6594690554919838, -0.6617180835956088, -0.6639674240603938, -0.6662169550918293, -0.668466554868085, -0.6707161015663919, -0.6729654733894366, -0.6752145485917701, -0.6774632055061782, -0.6797113225700359, -0.6819587783516337, -0.6842054515764346, -0.686451221153282, -0.6886959662005283, -0.6909395660720814, -0.693181900383353, -0.6954228490371004, -0.6976622922491359, -0.6999001105739279, -0.70213618493004, -0.7043703966254233, -0.7066026273825374, -0.708832759363309, -0.7110606751938894, -0.71328625798922, -0.7155093913773911, -0.717729959523779, -0.7199478471549499, -0.7221629395823386, -0.724375122725657, -0.7265842831360667, -0.7287903080190615, -0.7309930852570847, -0.7331925034318569, -0.7353884518463968, -0.7375808205467619, -0.7397695003434384, -0.741954382832442, -0.7441353604160692, -0.7463123263233207, -0.7484851746299641, -0.7506538002782575, -0.7528180990963032, -0.754977967817041, -0.757133304096852, -0.7592840065337998, -0.7614299746854705, -0.7635711090864186, -0.7657073112652288, -0.7678384837611492, -0.7699645301403419, -0.7720853550116875, -0.7742008640422022, -0.7763109639720037, -0.7784155626288691, -0.7805145689423444, -0.7826078929574348, -0.7846954458478456, -0.7867771399287828, -0.7888528886693104, -0.7909226067042641, -0.7929862098457114, -0.7950436150939687, -0.7970947406481487, -0.7991395059162822, -0.801177831524955, -0.8032096393285142, -0.8052348524178037, -0.8072533951284468, -0.8092651930486741, -0.811270173026708, -0.8132682631776605, -0.8152593928900133, -0.8172434928316179, -0.8192204949552626, -0.8211903325037684, -0.823152940014664, -0.8251082533243855, -0.82705620957206, -0.8289967472028205, -0.8309298059707025, -0.8328553269411041, -0.8347732524927909, -0.8366835263195093, -0.8385860934311392]}