{"FCI": -1.0551607375072107, "Energy": -0.5195405517728492, "Loss": [0.08290300567573454, 0.08120005973088722, 0.07948456470563496, 0.07775642654898922, 0.07601555163926875, 0.07426184681192993, 0.07249521938791864, 0.07071557720253958, 0.06892282863483883, 0.0671168826375053, 0.06529764876727859, 0.06346503721587199, 0.061618958841397106, 0.059759325200293464, 0.05788604857975564, 0.05599904203065566, 0.05409821940095409, 0.05218349536959359, 0.05025478548087327, 0.048312006179289615, 0.046355074844847285, 0.04438390982882222, 0.042398430489976324, 0.04039855723120819, 0.03838421153664011, 0.03635531600912151, 0.034311794408145066, 0.03225357168816122, 0.030180574037281735, 0.02809272891635871, 0.02598996509842523, 0.02387221270848744, 0.021739403263650356, 0.01959146971356379, 0.017428346481175874, 0.015249969503771527, 0.01305627627428789, 0.010847205882878908, 0.008622699058722955, 0.006382698212042973, 0.00412714747632735, 0.0018559927507299234, -0.0004308182573739133, -0.002733335989694663, -0.00505160899422169, -0.007385683882326494, -0.009735605285795895, -0.01210141581382558, -0.014483156009990256, -0.01688086430922507, -0.0192945769948394, -0.021724328155585948, -0.024170149642823796, -0.026632071027792317, -0.029110119559029743, -0.031604320119964946, -0.03411469518671363, -0.03664126478610463, -0.039184046453974775, -0.04174305519375364, -0.04431830343538248, -0.04690980099458687, -0.04951755503254712, -0.05214157001599232, -0.054781847677755485, -0.05743838697782211, -0.06011118406490806, -0.06280023223860362, -0.06550552191210891, -0.06822704057561356, -0.07096477276033811, -0.07371870000328486, -0.07648880081273332, -0.07927505063450717, -0.08207742181906262, -0.08489588358942357, -0.08773040201000427, -0.09058093995635966, -0.09344745708589287, -0.0963299098095572, -0.09922825126459567, -0.10214243128834465, -0.10507239639314651, -0.10801808974239582, -0.1109794511277648, -0.1139564169476387, -0.11694892018679019, -0.11995689039733694, -0.12298025368100673, -0.12601893267274833, -0.1290728465257148, -0.13214191089765942, -0.13522603793876303, -0.1383251362809383, -0.14143911102862017, -0.14456786375109365, -0.14771129247636094, -0.1508692916866035, -0.15404175231523437, -0.15722856174558808, -0.1604296038112615, -0.16364475879812523, -0.16687390344803404, -0.17011691096425166, -0.17337365101860483, -0.17664398976039306, -0.17992778982705765, -0.18322491035663502, -0.18653520700200196, -0.18985853194692087, -0.19319473392390316, -0.19654365823388759, -0.19990514676775484, -0.20327903802966724, -0.20666516716224773, -0.2100633659735958, -0.21347346296613864, -0.21689528336732192, -0.2203286491621275, -0.22377337912741857, -0.22722928886810623, -0.2306961908551216, -0.23417389446519038, -0.2376622060223933, -0.24116092884149504, -0.24466986327303267, -0.24818880675014443, -0.2517175538371047, -0.2552558962795721, -0.2588036230564928, -0.2623605204336669, -0.26592637201891944, -0.2695009588188798, -0.27308405929731105, -0.2766754494349683, -0.2802749027909641, -0.2838821905655792, -0.2874970816645032, -0.2911193427644654, -0.2947487383801992, -0.2983850309327146, -0.3020279808188352, -0.3056773464819393, -0.3093328844838871, -0.3129943495780534, -0.31666149478344824, -0.32033407145985515, -0.3240118293839506, -0.3276945168263418, -0.33138188062947455, -0.3350736662863662, -0.3387696180200923, -0.3424694788639869, -0.34617299074249214, -0.34987989455260926, -0.353589930245878, -0.3573028369108455, -0.36101835285595696, -0.3647362156928048, -0.3684561624196926, -0.3721779295054427, -0.37590125297338395, -0.3796258684854819, -0.38335151142652785, -0.38707791698834504, -0.39080482025394137, -0.39453195628156085, -0.3982590601885644, -0.4019858672350911, -0.4057121129074353, -0.4094375330010922, -0.4131618637034003, -0.41688484167573886, -0.4206062041352205, -0.42432568893582295, -0.42804303464890403, -0.43175798064305976, -0.4354702671632553, -0.43917963540919286, -0.4428858276128598, -0.44658858711521837, -0.45028765844196567, -0.45398278737834974, -0.4576737210429761, -0.46136020796056626, -0.4650419981336183, -0.468718843112956, -0.47239049606709005, -0.4760567118503764, -0.47971724706993707, -0.4833718601512897, -0.48702031140267626, -0.49066236307804206, -0.49429777943863584, -0.49792632681321813, -0.5015477736568255, -0.5051618906080911, -0.508768450545079, -0.5123672286396195, -0.515958002410123]}