{"FCI": -0.9543386010184702, "Energy": -0.9134752457297448, "Loss": [-0.9025195542188733, -0.9025888385883727, -0.9026579196391051, -0.9027267985281857, -0.9027954764054409, -0.902863954413458, -0.9029322336876251, -0.9030003153561763, -0.9030682005402382, -0.9031358903538754, -0.9032033859041264, -0.9032706882910613, -0.9033377986078106, -0.9034047179406164, -0.9034714473688786, -0.903537987965185, -0.9036043407953691, -0.9036705069185416, -0.9037364873871381, -0.9038022832469566, -0.9038678955372046, -0.9039333252905347, -0.9039985735330923, -0.9040636412845485, -0.9041285295581505, -0.9041932393607527, -0.9042577716928609, -0.9043221275486794, -0.9043863079161366, -0.904450313776936, -0.9045141461065896, -0.9045778058744635, -0.9046412940438073, -0.9047046115718033, -0.9047677594095974, -0.9048307385023419, -0.9048935497892298, -0.9049561942035361, -0.9050186726726509, -0.9050809861181252, -0.9051431354557012, -0.9052051215953484, -0.9052669454413073, -0.9053286078921173, -0.9053901098406634, -0.9054514521741989, -0.9055126357743953, -0.9055736615173721, -0.9056345302737281, -0.905695242908581, -0.9057558002816052, -0.905816203247062, -0.9058764526538375, -0.9059365493454743, -0.9059964941602074, -0.9060562879309982, -0.9061159314855678, -0.9061754256464336, -0.9062347712309384, -0.9062939690512823, -0.9063530199145691, -0.9064119246228183, -0.9064706839730149, -0.9065292987571373, -0.9065877697621822, -0.9066460977702069, -0.9067042835583554, -0.906762327898893, -0.9068202315592353, -0.9068779953019811, -0.9069356198849432, -0.9069931060611792, -0.9070504545790221, -0.9071076661821116, -0.9071647416094222, -0.9072216815952999, -0.9072784868694818, -0.9073351581571361, -0.9073916961788838, -0.9074481016508322, -0.9075043752846076, -0.9075605177873749, -0.9076165298618741, -0.9076724122064487, -0.9077281655150686, -0.907783790477367, -0.9078392877786594, -0.907894658099976, -0.9079499021180956, -0.9080050205055588, -0.9080600139307105, -0.9081148830577164, -0.9081696285465979, -0.9082242510532532, -0.9082787512294836, -0.9083331297230308, -0.9083873871775869, -0.9084415242328319, -0.908495541524461, -0.9085494396842012, -0.9086032193398453, -0.908656881115275, -0.9087104256304822, -0.9087638535016027, -0.9088171653409336, -0.9088703617569632, -0.9089234433543941, -0.9089764107341649, -0.9090292644934783, -0.909082005225828, -0.9091346335210138, -0.9091871499651751, -0.9092395551408095, -0.9092918496267973, -0.9093440339984249, -0.9093961088274124, -0.9094480746819261, -0.9094999321266164, -0.9095516817226268, -0.9096033240276263, -0.9096548595958261, -0.9097062889780079, -0.909757612721538, -0.9098088313703969, -0.9098599454651991, -0.9099109555432124, -0.9099618621383834, -0.9100126657813579, -0.9100633669994983, -0.9101139663169108, -0.9101644642544666, -0.910214861329816, -0.9102651580574161, -0.9103153549485492, -0.9103654525113418, -0.9104154512507885, -0.91046535166877, -0.9105151542640713, -0.9105648595324091, -0.9106144679664433, -0.9106639800557986, -0.9107133962870901, -0.9107627171439356, -0.9108119431069777, -0.9108610746539081, -0.9109101122594728, -0.9109590563955101, -0.9110079075309518, -0.9110566661318568, -0.9111053326614129, -0.9111539075799742, -0.9112023913450652, -0.9112507844114066, -0.9112990872309303, -0.9113473002527946, -0.9113954239234121, -0.9114434586864543, -0.9114914049828781, -0.9115392632509421, -0.9115870339262222, -0.9116347174416277, -0.9116823142274233, -0.9117298247112391, -0.9117772493180953, -0.9118245884704146, -0.9118718425880348, -0.9119190120882361, -0.9119660973857482, -0.912013098892769, -0.9120600170189845, -0.9121068521715836, -0.9121536047552651, -0.912200275172268, -0.9122468638223804, -0.9122933711029496, -0.9123397974089112, -0.91238614313279, -0.9124324086647229, -0.9124785943924784, -0.9125247007014591, -0.9125707279747295, -0.912616676593027, -0.9126625469347704, -0.9127083393760844, -0.9127540542908048, -0.9127996920505007, -0.9128452530244883, -0.9128907375798343, -0.9129361460813908, -0.9129814788917867, -0.9130267363714608, -0.9130719188786593, -0.913117026769465, -0.9131620603977991, -0.9132070201154416, -0.913251906272041, -0.9132967192151308, -0.9133414592901443, -0.9133861268404182, -0.9134307222072178]}