{"FCI": -0.9443745249874615, "Energy": -0.8742806216342695, "Loss": [-0.7463984079040463, -0.7473613079907505, -0.7483214642895015, -0.7492788538050448, -0.750233453881288, -0.7511852422026326, -0.7521341967951947, -0.7530802960279792, -0.7540235186139334, -0.7549638436109558, -0.7559012504227929, -0.7568357187998797, -0.7577672288400793, -0.7586957609893568, -0.7596212960423663, -0.7605438151429541, -0.7614632997845977, -0.7623797318107581, -0.7632930934151427, -0.7642033671419177, -0.7651105358858213, -0.7660145828922038, -0.7669154917570102, -0.7678132464266655, -0.768707831197901, -0.7695992307175041, -0.770487429981989, -0.7713724143372077, -0.7722541694778837, -0.7731326814470699, -0.7740079366355547, -0.7748799217811813, -0.7757486239681075, -0.776614030626003, -0.7774761295291756, -0.7783349087956343, -0.779190356886087, -0.780042462602878, -0.7808912150888696, -0.781736603826241, -0.7825786186352607, -0.7834172496729662, -0.7842524874318102, -0.7850843227382426, -0.7859127467512224, -0.7867377509607105, -0.787559327186062, -0.7883774675744037, -0.7891921645989471, -0.7900034110572385, -0.7908112000693859, -0.7916155250762081, -0.7924163798373632, -0.7932137584294104, -0.7940076552438401, -0.7947980649850482, -0.7955849826682819, -0.7963684036175314, -0.797148323463382, -0.7979247381408366, -0.7986976438870886, -0.7994670372392603, -0.8002329150321064, -0.8009952743956823, -0.8017541127529835, -0.8025094278175321, -0.8032612175909606, -0.804009480360536, -0.8047542146966739, -0.8054954194504236, -0.8062330937509028, -0.8069672370027394, -0.8076978488834539, -0.808424929340847, -0.8091484785903473, -0.8098684971123303, -0.8105849856494387, -0.8112979452038593, -0.8120073770345912, -0.8127132826547045, -0.8134156638285522, -0.8141145225690091, -0.814809861134645, -0.8155016820269374, -0.8161899879874153, -0.8168747819948449, -0.8175560672623606, -0.8182338472346007, -0.8189081255848469, -0.8195789062121334, -0.82024619323836, -0.8209099910053964, -0.821570304072177, -0.8222271372117984, -0.8228804954086001, -0.8235303838552568, -0.8241768079498487, -0.8248197732929581, -0.8254592856847252, -0.8260953511219453, -0.8267279757951421, -0.8273571660856387, -0.8279829285626543, -0.8286052699803715, -0.8292241972750406, -0.8298397175620589, -0.8304518381330693, -0.8310605664530721, -0.8316659101575252, -0.8322678770494506, -0.8328664750965784, -0.8334617124284629, -0.8340535973336155, -0.8346421382566771, -0.835227343795549, -0.835809222698587, -0.8363877838617572, -0.8369630363258476, -0.8375349892736655, -0.8381036520272492, -0.8386690340450992, -0.8392311449194261, -0.8397899943734061, -0.8403455922584507, -0.8408979485514888, -0.841447073352282, -0.841992976880735, -0.8425356694742264, -0.8430751615849669, -0.8436114637773631, -0.8441445867254086, -0.8446745412100791, -0.8452013381167652, -0.8457249884327003, -0.8462455032444295, -0.8467628937352853, -0.8472771711828856, -0.8477883469566453, -0.8482964325153226, -0.8488014394045731, -0.8493033792545281, -0.8498022637773922, -0.8502981047650657, -0.8507909140867844, -0.8512807036867877, -0.8517674855819937, -0.8522512718597103, -0.8527320746753698, -0.8532099062502665, -0.8536847788693401, -0.8541567048789648, -0.8546256966847743, -0.8550917667494932, -0.8555549275908048, -0.8560151917792412, -0.8564725719360884, -0.8569270807313182, -0.8573787308815437, -0.857827535148011, -0.8582735063345796, -0.8587166572857657, -0.8591570008847842, -0.8595945500516282, -0.8600293177411542, -0.8604613169412156, -0.8608905606707932, -0.8613170619781725, -0.8617408339391308, -0.8621618896551502, -0.8625802422516561, -0.8629959048762851, -0.8634088906971547, -0.8638192129011897, -0.8642268846924407, -0.8646319192904477, -0.8650343299286145, -0.8654341298526078, -0.8658313323187886, -0.866225950592664, -0.8666179979473414, -0.8670074876620397, -0.8673944330206004, -0.8677788473100297, -0.8681607438190554, -0.8685401358367171, -0.8689170366509799, -0.8692914595473447, -0.8696634178075328, -0.8700329247081252, -0.8703999935192872, -0.8707646375034747, -0.8711268699141725, -0.8714867039946645, -0.8718441529768148, -0.8721992300798718, -0.8725519485092931, -0.8729023214555944, -0.8732503620932242, -0.873596083579443, -0.8739394990532438]}