{"FCI": -1.0968840054452296, "Energy": -0.6124640611475732, "Loss": [-0.16532699953252386, -0.1668309455221266, -0.16834426668568958, -0.1698669742924574, -0.17139907889817688, -0.1729405903368363, -0.17449151771248125, -0.1760518693911051, -0.17762165299262264, -0.17920087538292553, -0.1807895426660305, -0.1823876601763112, -0.18399523247083466, -0.18561226332178932, -0.18723875570901422, -0.1888747118126372, -0.19052013300581813, -0.19217501984760776, -0.1938393720759171, -0.19551318860060704, -0.19719646749670286, -0.19888920599772927, -0.2005914004891779, -0.2023030465021012, -0.20402413870684946, -0.20575467090693766, -0.20749463603305957, -0.20924402613724363, -0.21100283238715792, -0.21277104506056327, -0.2145486535399272, -0.21633564630718283, -0.21813201093866005, -0.21993773410017264, -0.22175280154227087, -0.22357719809566595, -0.2254109076668224, -0.22725391323372804, -0.2291061968418342, -0.23096773960018407, -0.23283852167771624, -0.23471852229975224, -0.23660771974467668, -0.23850609134080045, -0.24041361346341655, -0.2423302615320537, -0.24425601000791816, -0.2461908323915429, -0.24813470122062473, -0.2500875880680741, -0.2520494635402628, -0.25402029727547804, -0.25600005794258396, -0.25798871323988914, -0.2599862298942295, -0.26199257366025885, -0.26400770931995265, -0.2660316006823267, -0.2680642105833704, -0.2701055008861988, -0.2721554324814187, -0.2742139652877146, -0.2762810582526549, -0.2783566693537147, -0.2804407555995262, -0.2825332730313349, -0.28463417672469976, -0.28674342079139215, -0.2888609583815337, -0.2909867416859435, -0.29312072193872163, -0.295262849420037, -0.2974130734591567, -0.29957134243767647, -0.30173760379299097, -0.30391180402197204, -0.3060938886848744, -0.30828380240945685, -0.3104814888953251, -0.31268689091848956, -0.31489995033614215, -0.3171206080916519, -0.3193488042197684, -0.321584477852047, -0.3238275672224794, -0.3260780096733376, -0.32833574166123247, -0.3306006987633716, -0.3328728156840275, -0.33515202626121227, -0.3374382634735508, -0.33973145944735855, -0.3420315454639137, -0.3443384519669286, -0.34665210857021445, -0.3489724440655426, -0.35129938643068526, -0.35363286283765527, -0.35597279966112105, -0.35831912248701386, -0.3606717561212999, -0.36303062459894625, -0.36539565119305367, -0.3677667584241544, -0.37014386806968586, -0.37252690117363374, -0.3749157780563256, -0.37731041832439594, -0.3797107408808971, -0.382116663935575, -0.384528105015283, -0.3869449809745503, -0.389367208006293, -0.39179470165266134, -0.3942273768160285, -0.3966651477701091, -0.3991079281712083, -0.40155563106960124, -0.40400816892102875, -0.40646545359831787, -0.40892739640311526, -0.41139390807773324, -0.41386489881710875, -0.4163402782808595, -0.4188199556054446, -0.42130383941643074, -0.42379183784083874, -0.42628385851959255, -0.4287798086200453, -0.43127959484859807, -0.43378312346339254, -0.4362903002870744, -0.43880103071964394, -0.441315219751359, -0.443832771975711, -0.4463535916024628, -0.44887758247074133, -0.45140464806218117, -0.4539346915141289, -0.4564676156328836, -0.4590033229069804, -0.46154171552052703, -0.4640826953665571, -0.46662616406043594, -0.469172022953276, -0.47172017314539405, -0.4742705154997807, -0.47682295065559543, -0.47937737904167055, -0.48193370089003373, -0.48449181624943427, -0.48705162499887755, -0.48961302686116265, -0.49217592141641875, -0.49474020811563296, -0.4973057862941811, -0.49987255518533624, -0.502440413933776, -0.5050092616090639, -0.5075789972191153, -0.5101495197236485, -0.512720728047597, -0.5152925210944994, -0.5178647977598712, -0.5204374569445229, -0.523010397567857, -0.5255835185811198, -0.5281567189806149, -0.5307298978208691, -0.5333029542277595, -0.5358757874115837, -0.538448296680077, -0.5410203814513946, -0.5435919412670075, -0.5461628758045731, -0.5487330848907125, -0.5513024685137532, -0.5538709268363923, -0.5564383602082886, -0.5590046691786031, -0.561569754508443, -0.5641335171832604, -0.5666958584251501, -0.5692566797050854, -0.5718158827550716, -0.5743733695802153, -0.5769290424707112, -0.5794828040137531, -0.5820345571053352, -0.5845842049619974, -0.5871316511324494, -0.5896767995091297, -0.5922195543396422, -0.5947598202381346, -0.5972975021965388, -0.5998325055957516, -0.6023647362166824, -0.6048941002512307, -0.6074205043131325, -0.6099438554487201]}