{"FCI": -1.1361895496530567, "Energy": -0.2679272763642768, "Loss": [-0.18275708090744563, -0.18320469849309762, -0.18365214525729476, -0.18409942134006244, -0.18454652684682293, -0.18499346184891943, -0.18544022638413454, -0.18588682045720717, -0.186333244040349, -0.18677949707376199, -0.18722557946614798, -0.1876714910952219, -0.1881172318082226, -0.18856280142241594, -0.18900819972560665, -0.18945342647663804, -0.18989848140589538, -0.19034336421580578, -0.19078807458133568, -0.19123261215048531, -0.19167697654478483, -0.19212116735978219, -0.19256518416553423, -0.1930090265070915, -0.19345269390498343, -0.19389618585569898, -0.19433950183216536, -0.1947826412842258, -0.19522560363911007, -0.1956683883019107, -0.19611099465604717, -0.19655342206373133, -0.19699566986643446, -0.1974377373853416, -0.19787962392181252, -0.19832132875783515, -0.19876285115647568, -0.19920419036232656, -0.1996453456019519, -0.20008631608433092, -0.20052710100129384, -0.20096769952796012, -0.20140811082316779, -0.20184833402990626, -0.20228836827573815, -0.20272821267322447, -0.20316786632034303, -0.20360732830090245, -0.20404659768495728, -0.2044856735292133, -0.20492455487743544, -0.20536324076084694, -0.20580173019853032, -0.20624002219781956, -0.20667811575468964, -0.20711600985414824, -0.20755370347061441, -0.20799119556829965, -0.20842848510158568, -0.20886557101539502, -0.2093024522455573, -0.2097391277191788, -0.2101755963549975, -0.21061185706374375, -0.2110479087484919, -0.21148375030500954, -0.21191938062210006, -0.2123547985819486, -0.21279000306045392, -0.21322499292756567, -0.2136597670476111, -0.21409432427961977, -0.2145286634776475, -0.21496278349109008, -0.21539668316499694, -0.21583036134038197, -0.21626381685452634, -0.21669704854127902, -0.21713005523135498, -0.21756283575262586, -0.21799538893041012, -0.21842771358775478, -0.21885980854571782, -0.21929167262364274, -0.21972330463943135, -0.22015470340980992, -0.22058586775059508, -0.22101679647694952, -0.22144748840364092, -0.22187794234529085, -0.22230815711662213, -0.22273813153270197, -0.22316786440917918, -0.22359735456252156, -0.22402660081024173, -0.22445560197112785, -0.22488435686546326, -0.22531286431524522, -0.22574112314439662, -0.22616913217898033, -0.2265968902473996, -0.22702439618060316, -0.22745164881228147, -0.22787864697905896, -0.22830538952068685, -0.22873187528022415, -0.22915810310422272, -0.22958407184290178, -0.23000978035032288, -0.23043522748455875, -0.23086041210785846, -0.2312853330868086, -0.23170998929249131, -0.23213437960063843, -0.2325585028917792, -0.23298235805138906, -0.2334059439700289, -0.2338292595434835, -0.23425230367289762, -0.23467507526490528, -0.23509757323175645, -0.235519796491441, -0.23594174396780743, -0.2363634145906785, -0.23678480729596346, -0.23720592102576588, -0.23762675472848863, -0.23804730735893648, -0.23846757787841116, -0.2388875652548067, -0.23930726846270223, -0.23972668648344314, -0.24014581830523168, -0.240564662923202, -0.2409832193395015, -0.2414014865633588, -0.24181946361115925, -0.24223714950650815, -0.24265454328029723, -0.2430716439707634, -0.24348845062354502, -0.2439049622917385, -0.24432117803594808, -0.2447370969243322, -0.24515271803265176, -0.24556804044430866, -0.24598306325038463, -0.24639778554968084, -0.2468122064487453, -0.24722632506190728, -0.24764014051130306, -0.24805365192689968, -0.24846685844651714, -0.2488797592158463, -0.24929235338846684, -0.2497046401258597, -0.2501166185974173, -0.25052828798045257, -0.250939647460205, -0.2513506962298438, -0.2517614334904655, -0.2521718584510979, -0.25258197032869156, -0.25299176834811443, -0.25340125174214356, -0.25381041975145374, -0.2542192716246028, -0.2546278066180188, -0.2550360239959797, -0.2554439230305944, -0.2558515030017804, -0.2562587631972406, -0.2566657029124368, -0.2570723214505611, -0.25747861812250594, -0.2578845922468324, -0.25829024314973775, -0.25869557016501726, -0.25910057263402764, -0.2595052499056505, -0.25990960133624613, -0.26031362628961763, -0.26071732413695947, -0.2611206942568177, -0.2615237360350403, -0.26192644886472644, -0.262328832146179, -0.26273088528685173, -0.2631326077012952, -0.2635339988111033, -0.2639350580448567, -0.264335784838064, -0.2647361786331075, -0.2651362388791797, -0.2655359650322219, -0.26593535655486583, -0.2663344129163656, -0.26673313359253825, -0.26713151806569435, -0.2675295658245734]}