{"FCI": -1.0791924385860894, "Energy": -0.183222446561962, "Loss": [-0.1205653510986786, -0.12073677151574991, -0.12090907526775763, -0.12108226825624206, -0.12125635642261857, -0.12143134574839505, -0.12160724225538179, -0.12178405200590843, -0.12196178110303511, -0.12214043569076892, -0.12232002195427592, -0.12250054612009566, -0.12268201445635514, -0.12286443327298284, -0.12304780892192152, -0.12323214779734265, -0.12341745633585921, -0.12360374101673947, -0.1237910083621198, -0.12397926493721657, -0.1241685173505403, -0.12435877225410709, -0.12455003634364994, -0.12474231635883187, -0.12493561908345528, -0.12512995134567428, -0.125325320018204, -0.12552173201853095, -0.1257191943091219, -0.12591771389763462, -0.12611729783712222, -0.12631795322624478, -0.12651968720947387, -0.12672250697729998, -0.12692641976643693, -0.12713143286002848, -0.12733755358785032, -0.12754478932651414, -0.1277531474996707, -0.12796263557820906, -0.12817326108045918, -0.12838503157239012, -0.12859795466780805, -0.12881203802855512, -0.12902728936470362, -0.1292437164347514, -0.12946132704581684, -0.12968012905382936, -0.1299001303637224, -0.13012133892962163, -0.13034376275503334, -0.13056740989303284, -0.13079228844644783, -0.13101840656804298, -0.13124577246070296, -0.1314743943776112, -0.13170428062242912, -0.13193543954947412, -0.13216787956389348, -0.13240160912183763, -0.1326366367306319, -0.13287297094894557, -0.13311062038695917, -0.13334959370652882, -0.1335898996213497, -0.13383154689711585, -0.13407454435167973, -0.13431890085520656, -0.1345646253303291, -0.13481172675229686, -0.1350602141491264, -0.13531009660174542, -0.13556138324413552, -0.13581408326347444, -0.13606820590027083, -0.1363237604484997, -0.136580756255734, -0.13683920272327246, -0.13709910930626462, -0.13736048551383234, -0.13762334090919004, -0.13788768510975744, -0.1381535277872733, -0.1384208786679011, -0.13868974753233698, -0.13896014421590785, -0.13923207860866904, -0.1395055606554973, -0.1397806003561806, -0.14005720776550298, -0.14033539299332437, -0.1406151662046587, -0.1408965376197459, -0.14117951751411909, -0.14146411621866894, -0.1417503441197019, -0.14203821165899472, -0.14232772933384313, -0.14261890769710703, -0.14291175735725004, -0.1432062889783718, -0.14350251328024016, -0.14380044103831274, -0.14410008308375552, -0.14440145030345725, -0.1447045536400346, -0.14500940409183577, -0.1453160127129344, -0.14562439061312013, -0.14593454895788258, -0.14624649896838798, -0.14656025192145145, -0.14687581914950054, -0.14719321204053448, -0.14751244203807573, -0.147833520641114, -0.1481564594040461, -0.14848126993660343, -0.14880796390378054, -0.1491365530257482, -0.14946704907776254, -0.14979946389006987, -0.15013380934779788, -0.15047009739084194, -0.15080834001374577, -0.15114854926556942, -0.15149073724975276, -0.1518349161239692, -0.15218109809997055, -0.15252929544342447, -0.15287952047374276, -0.15323178556389994, -0.15358610314024412, -0.15394248568229807, -0.15430094572255126, -0.15466149584624117, -0.15502414869112802, -0.15538891694725598, -0.15575581335670824, -0.15612485071334825, -0.1564960418625549, -0.1568693997009431, -0.15724493717607751, -0.1576226672861735, -0.15800260307978792, -0.15838475765549914, -0.15876914416157517, -0.15915577579563175, -0.15954466580427804, -0.1599358274827507, -0.16032927417453674, -0.16072501927098448, -0.16112307621090122, -0.16152345848014055, -0.16192617961117528, -0.16233125318266045, -0.1627386928189791, -0.1631485121897796, -0.1635607250094987, -0.1639753450368686, -0.16439238607441525, -0.1648118619679372, -0.1652337866059776, -0.16565817391927504, -0.16608503788020618, -0.1665143925022105, -0.16694625183920103, -0.16738062998496217, -0.16781754107253094, -0.16825699927356283, -0.168699018797685, -0.1691436138918297, -0.16959079883955808, -0.1700405879603616, -0.17049299560895273, -0.17094803617453747, -0.17140572408007046, -0.17186607378149593, -0.17232909976696947, -0.17279481655606532, -0.17326323869896618, -0.17373438077563264, -0.17420825739496082, -0.17468488319391626, -0.17516427283665503, -0.17564644101362425, -0.17613140244064635, -0.1766191718579806, -0.17710976402937256, -0.17760319374108044, -0.17809947580088342, -0.17859862503707102, -0.17910065629741412, -0.1796055844481163, -0.18011342437274358, -0.18062419097113727, -0.18113789915830586, -0.18165456386329548, -0.18217420002804247, -0.18269682260620235]}