{"FCI": -0.9601614321588791, "Energy": -0.7926237960167276, "Loss": [-0.623834659064388, -0.624646193510136, -0.6254589815798612, -0.6262730128016235, -0.627088276609299, -0.6279047623427232, -0.6287224592478337, -0.6295413564768392, -0.6303614430883882, -0.6311827080477483, -0.6320051402270066, -0.6328287284052777, -0.6336534612689193, -0.6344793274117628, -0.6353063153353609, -0.6361344134492377, -0.6369636100711605, -0.6377938934274153, -0.6386252516531031, -0.6394576727924394, -0.6402911447990789, -0.6411256555364351, -0.641961192778035, -0.6427977442078634, -0.6436352974207382, -0.6444738399226861, -0.6453133591313432, -0.6461538423763548, -0.6469952768998012, -0.6478376498566287, -0.6486809483150975, -0.6495251592572384, -0.6503702695793309, -0.6512162660923889, -0.6520631355226542, -0.6529108645121203, -0.6537594396190485, -0.6546088473185212, -0.6554590740029868, -0.6563101059828256, -0.6571619294869393, -0.6580145306633495, -0.6588678955797881, -0.6597220102243345, -0.6605768605060551, -0.6614324322556426, -0.6622887112260829, -0.6631456830933397, -0.6640033334570364, -0.6648616478411653, -0.6657206116948109, -0.6665802103928757, -0.6674404292368303, -0.6683012534554683, -0.669162668205695, -0.670024658573298, -0.6708872095737556, -0.6717503061530528, -0.6726139331885113, -0.6734780754896276, -0.6743427177989293, -0.6752078447928475, -0.6760734410825981, -0.6769394912150765, -0.6778059796737708, -0.6786728908796793, -0.6795402091922519, -0.6804079189103369, -0.681276004273142, -0.6821444494612124, -0.683013238597419, -0.6838823557479591, -0.6847517849233652, -0.6856215100795411, -0.6864915151187971, -0.6873617838908992, -0.6882323001941371, -0.6891030477763965, -0.6899740103362534, -0.6908451715240718, -0.6917165149431139, -0.6925880241506707, -0.6934596826591923, -0.6943314739374392, -0.6952033814116417, -0.6960753884666675, -0.6969474784472087, -0.6978196346589691, -0.6986918403698684, -0.6995640788112633, -0.7004363331791613, -0.7013085866354658, -0.7021808223092189, -0.703053023297849, -0.7039251726684507, -0.7047972534590491, -0.7056692486798869, -0.7065411413147206, -0.7074129143221182, -0.70828455063678, -0.7091560331708535, -0.7100273448152614, -0.7108984684410407, -0.7117693869006926, -0.7126400830295346, -0.7135105396470555, -0.7143807395582903, -0.715250665555201, -0.7161203004180491, -0.7169896269167921, -0.7178586278124807, -0.7187272858586585, -0.7195955838027764, -0.7204635043876035, -0.721331030352644, -0.7221981444355802, -0.7230648293736767, -0.7239310679052444, -0.7247968427710623, -0.7256621367158315, -0.7265269324896197, -0.7273912128493206, -0.728254960560106, -0.7291181583968855, -0.7299807891457735, -0.7308428356055503, -0.7317042805891355, -0.7325651069250589, -0.7334252974589268, -0.7342848350549043, -0.735143702597185, -0.7360018829914742, -0.7368593591664584, -0.7377161140752954, -0.7385721306970796, -0.7394273920383352, -0.7402818811344812, -0.741135581051316, -0.7419884748864966, -0.742840545771012, -0.7436917768706527, -0.7445421513874927, -0.7453916525613499, -0.7462402636712687, -0.7470879680369689, -0.7479347490203225, -0.7487805900268013, -0.749625474506946, -0.7504693859578067, -0.7513123079244015, -0.7521542240011506, -0.7529951178333202, -0.7538349731184626, -0.7546737736078324, -0.7555115031078224, -0.7563481454813703, -0.7571836846493817, -0.758018104592128, -0.7588513893506442, -0.7596835230281203, -0.7605144897912981, -0.7613442738718287, -0.7621728595676502, -0.7630002312443532, -0.7638263733365277, -0.7646512703491044, -0.765474906858696, -0.7662972675149206, -0.7671183370417162, -0.7679381002386456, -0.7687565419822027, -0.7695736472270814, -0.7703894010074709, -0.7712037884383048, -0.772016794716523, -0.7728284051223177, -0.7736386050203495, -0.7744473798609868, -0.7752547151814981, -0.7760605966072532, -0.7768650098529029, -0.7776679407235555, -0.7784693751159223, -0.7792692990194757, -0.7800676985175659, -0.7808645597885476, -0.7816598691068751, -0.7824536128442017, -0.7832457774704397, -0.7840363495548355, -0.7848253157670074, -0.7856126628779735, -0.7863983777611756, -0.7871824473934768, -0.7879648588561398, -0.7887455993358063, -0.7895246561254475, -0.7903020166252995, -0.7910776683437868, -0.7918515988984276]}