{"FCI": -0.9443745249874615, "Energy": -0.7332828675187502, "Loss": [-0.5317764746761383, -0.532589960538786, -0.5334067047694051, -0.5342267011294196, -0.5350499431034496, -0.535876423897608, -0.5367061364378143, -0.5375390733681613, -0.5383752270492991, -0.5392145895568786, -0.5400571526800119, -0.5409029079197889, -0.5417518464878226, -0.5426039593048437, -0.5434592369993327, -0.5443176699061939, -0.5451792480654771, -0.5460439612211442, -0.5469117988198773, -0.5477827500099327, -0.5486568036400555, -0.549533948258417, -0.5504141721116308, -0.5512974631437989, -0.5521838089956119, -0.5530731970035061, -0.5539656141988764, -0.5548610473073247, -0.5557594827479843, -0.5566609066328907, -0.5575653047663984, -0.5584726626446757, -0.5593829654552327, -0.5602961980765278, -0.5612123450776262, -0.5621313907179052, -0.5630533189468506, -0.5639781134038768, -0.5649057574182373, -0.5658362340089897, -0.5667695258850156, -0.5677056154451148, -0.5686444847781611, -0.5695861156633184, -0.5705304895703314, -0.5714775876598747, -0.5724273907839692, -0.5733798794864791, -0.5743350340036522, -0.575292834264754, -0.5762532598927538, -0.5772162902050894, -0.5781819042144921, -0.5791500806298967, -0.5801207978574069, -0.5810940340013402, -0.5820697668653407, -0.5830479739535693, -0.5840286324719566, -0.5850117193295332, -0.5859972111398364, -0.5869850842223796, -0.5879753146042026, -0.5889678780214944, -0.5899627499212832, -0.5909599054632033, -0.5919593195213386, -0.5929609666861356, -0.5939648212663836, -0.5949708572912831, -0.5959790485125765, -0.5969893684067493, -0.5980017901773167, -0.5990162867571703, -0.6000328308110036, -0.6010513947378135, -0.6020719506734664, -0.6030944704933368, -0.6041189258150257, -0.6051452880011439, -0.6061735281621627, -0.607203617159351, -0.6082355256077568, -0.609269223879284, -0.6103046821058186, -0.611341870182447, -0.6123807577707092, -0.6134213143019506, -0.6144635089807252, -0.6155073107882639, -0.6165526884860161, -0.6175996106192561, -0.6186480455207408, -0.6196979613144432, -0.6207493259193508, -0.6218021070533079, -0.6228562722369406, -0.623911788797628, -0.6249686238735332, -0.6260267444176957, -0.6270861172021812, -0.6281467088222858, -0.6292084857007869, -0.630271414092269, -0.6313354600874801, -0.6324005896177487, -0.6334667684594513, -0.6345339622385308, -0.6356021364350585, -0.636671256387841, -0.6377412872990795, -0.6388121942390741, -0.6398839421509538, -0.6409564958554722, -0.6420298200558268, -0.6431038793425164, -0.6441786381982479, -0.6452540610028717, -0.646330112038342, -0.6474067554937297, -0.6484839554702466, -0.6495616759863188, -0.650639880982667, -0.6517185343274371, -0.6527975998213298, -0.6538770412027788, -0.6549568221531363, -0.6560369063018776, -0.6571172572318391, -0.6581978384844507, -0.6592786135650052, -0.6603595459479348, -0.6614405990820884, -0.6625217363960345, -0.6636029213033672, -0.6646841172080178, -0.6657652875095766, -0.6668463956086086, -0.6679274049119832, -0.6690082788381952, -0.6700889808226973, -0.6711694743232063, -0.6722497228250296, -0.6733296898463709, -0.6744093389436304, -0.6754886337167005, -0.676567537814237, -0.6776460149389395, -0.6787240288527896, -0.6798015433822946, -0.6808785224237025, -0.6819549299482023, -0.6830307300070918, -0.6841058867369423, -0.6851803643647167, -0.686254127212883, -0.687327139704469, -0.6883993663681353, -0.6894707718431624, -0.6905413208844425, -0.691610978367435, -0.6926797092930619, -0.6937474787925934, -0.6948142521324798, -0.6958799947191463, -0.696944672103747, -0.6980082499868823, -0.6990706942232547, -0.7001319708263002, -0.7011920459727584, -0.7022508860071953, -0.7033084574464885, -0.7043647269842435, -0.705419661495169, -0.7064732280394052, -0.7075253938667745, -0.7085761264210028, -0.7096253933438706, -0.7106731624793, -0.7117194018774001, -0.7127640797984379, -0.7138071647167527, -0.7148486253246117, -0.7158884305359916, -0.7169265494903183, -0.7179629515561095, -0.7189976063345844, -0.7200304836631857, -0.7210615536190357, -0.7220907865223408, -0.7231181529397059, -0.7241436236873902, -0.7251671698344935, -0.7261887627060696, -0.7272083738861671, -0.7282259752207968, -0.7292415388208323, -0.7302550370648321, -0.7312664426017949, -0.7322757283538255]}