{"FCI": -1.035185713956801, "Energy": -0.7198551584607218, "Loss": [-0.5384043891621307, -0.5392533202659399, -0.5401045656087788, -0.5409581090169296, -0.5418139340164274, -0.5426720238335183, -0.5435323613951795, -0.5443949293297112, -0.5452597099674003, -0.5461266853412453, -0.5469958371877544, -0.5478671469478191, -0.5487405957676464, -0.5496161644997667, -0.5504938337041184, -0.5513735836491905, -0.5522553943132494, -0.5531392453856271, -0.5540251162680851, -0.5549129860762521, -0.5558028336411261, -0.5566946375106603, -0.557588375951399, -0.558484026950218, -0.5593815682161077, -0.5602809771820385, -0.5611822310069043, -0.5620853065775258, -0.5629901805107392, -0.5638968291555362, -0.5648052285953037, -0.5657153546501054, -0.566627182879052, -0.5675406885827402, -0.5684558468057562, -0.5693726323392503, -0.5702910197235863, -0.5712109832510553, -0.5721324969686609, -0.5730555346809659, -0.5739800699530211, -0.574906076113344, -0.5758335262569783, -0.5767623932486119, -0.5776926497257621, -0.5786242681020309, -0.5795572205704089, -0.580491479106667, -0.5814270154727883, -0.5823638012204752, -0.5833018076947127, -0.5842410060373935, -0.5851813671910023, -0.5861228619023585, -0.5870654607264161, -0.5880091340301263, -0.5889538519963424, -0.5898995846277967, -0.5908463017511182, -0.5917939730209065, -0.5927425679238602, -0.5936920557829565, -0.5946424057616732, -0.595593586868266, -0.5965455679600902, -0.597498317747969, -0.5984518048006059, -0.5994059975490419, -0.6003608642911495, -0.6013163731961793, -0.6022724923093292, -0.6032291895563698, -0.6041864327482924, -0.6051441895859999, -0.6061024276650333, -0.6070611144803186, -0.6080202174309631, -0.6089797038250693, -0.6099395408845762, -0.610899695750135, -0.6118601354860085, -0.6128208270849834, -0.6137817374733212, -0.6147428335157217, -0.6157040820203014, -0.6166654497435987, -0.6176269033955917, -0.6185884096447232, -0.6195499351229529, -0.6205114464308068, -0.6214729101424485, -0.6224342928107456, -0.6233955609723583, -0.6243566811528182, -0.6253176198716175, -0.6262783436473022, -0.627238819002559, -0.6281990124693057, -0.6291588905937775, -0.6301184199416092, -0.6310775671029013, -0.6320362986972972, -0.6329945813790361, -0.6339523818419973, -0.6349096668247355, -0.6358664031154975, -0.6368225575572266, -0.6377780970525525, -0.638732988568747, -0.6396871991426799, -0.6406406958857428, -0.6415934459887369, -0.642545416726767, -0.643496575464073, -0.6444468896588648, -0.6453963268680989, -0.646344854752251, -0.6472924410800359, -0.6482390537331004, -0.6491846607106889, -0.6501292301342576, -0.6510727302520626, -0.6520151294437025, -0.6529563962246178, -0.6538964992505616, -0.6548354073220121, -0.655773089388546, -0.6567095145531676, -0.6576446520765945, -0.6585784713814793, -0.659510942056609, -0.6604420338610228, -0.661371716728104, -0.6622999607696066, -0.6632267362796298, -0.6641520137385374, -0.6650757638168264, -0.6659979573789349, -0.6669185654869886, -0.6678375594044982, -0.6687549105999913, -0.6696705907505798, -0.6705845717454809, -0.6714968256894552, -0.6724073249062028, -0.6733160419416828, -0.6742229495673728, -0.6751280207834651, -0.676031228821989, -0.6769325471498874, -0.6778319494719999, -0.6787294097339971, -0.679624902125243, -0.680518401081586, -0.681409881288089, -0.6822993176816716, -0.6831866854537135, -0.684071960052557, -0.684955117185964, -0.6858361328234771, -0.6867149831987365, -0.6875916448117135, -0.6884660944308623, -0.6893383090952232, -0.6902082661164322, -0.6910759430806761, -0.691941317850566, -0.692804368566939, -0.6936650736505973, -0.6945234118039563, -0.6953793620126499, -0.6962329035470323, -0.6970840159636327, -0.6979326791065273, -0.6987788731086346, -0.6996225783929582, -0.7004637756737387, -0.7013024459575422, -0.7021385705442827, -0.7029721310281704, -0.7038031092985876, -0.7046314875408968, -0.7054572482371819, -0.7062803741669194, -0.7071008484075749, -0.7079186543351418, -0.7087337756246047, -0.7095461962503388, -0.7103559004864411, -0.7111628729069975, -0.7119670983862785, -0.7127685620988787, -0.7135672495197861, -0.7143631464243851, -0.7151562388884012, -0.7159465132877835, -0.7167339562985184, -0.7175185548963865, -0.7183002963566594, -0.719079168253736]}