{"FCI": -1.011800010850166, "Energy": -0.49637166103112945, "Loss": [-0.4005825082579629, -0.40090310606789165, -0.40122499281758855, -0.401548173156411, -0.4018726517381978, -0.4021984332211578, -0.4025255222677515, -0.4028539235445814, -0.4031836417222693, -0.40351468147534286, -0.4038470474821119, -0.4041807444245512, -0.40451577698818236, -0.40485214986194534, -0.40518986773808147, -0.40552893531200446, -0.40586935728218054, -0.40621113834999606, -0.4065542832196382, -0.4068987965979592, -0.40724468319435125, -0.4075919477206156, -0.40794059489083256, -0.40829062942122574, -0.4086420560300328, -0.4089948794373669, -0.4093491043650866, -0.4097047355366523, -0.4100617776769973, -0.4104202355123814, -0.41078011377025475, -0.41114141717911934, -0.4115041504683827, -0.41186831836821813, -0.41223392560942146, -0.4126009769232619, -0.4129694770413426, -0.4133394306954477, -0.4137108426173983, -0.4140837175388988, -0.414458060191394, -0.41483387530591104, -0.415211167612908, -0.4155899418421248, -0.415970202722424, -0.4163519549816401, -0.41673520334641556, -0.4171199525420496, -0.41750620729233834, -0.4178939723194119, -0.4182832523435742, -0.41867405208314645, -0.41906637625429577, -0.41946022957087414, -0.41985561674425664, -0.4202525424831687, -0.4206510114935245, -0.4210510284782541, -0.4214525981371333, -0.4218557251666174, -0.42226041425966465, -0.4226666701055648, -0.4230744973897662, -0.4234839007936956, -0.423894884994589, -0.42430745466530656, -0.4247216144741592, -0.4251373690847274, -0.42555472315567705, -0.4259736813405815, -0.4263942482877369, -0.4268164286399745, -0.4272402270344807, -0.42766564810260527, -0.42809269646967757, -0.42852137675481233, -0.42895169357072405, -0.429383651523534, -0.42981725521257447, -0.43025250923020075, -0.4306894181615919, -0.43112798658455453, -0.43156821906932785, -0.43201012017838086, -0.432453694466219, -0.43289894647917765, -0.4333458807552188, -0.43379450182373286, -0.4342448142053302, -0.4346968224116378, -0.4351505309450865, -0.4356059442987101, -0.4360630669559278, -0.43652190339034164, -0.43698245806551644, -0.437444735434771, -0.4379087399409596, -0.4383744760162603, -0.4388419480819543, -0.43931116054820757, -0.4397821178138506, -0.44025482426616014, -0.44072928428063235, -0.44120550222076044, -0.4416834824378076, -0.4421632292705851, -0.44264474704521917, -0.44312804007492224, -0.443613112659767, -0.4440999690864446, -0.44458861362804186, -0.44507905054379904, -0.4455712840788738, -0.44606531846410813, -0.4465611579157827, -0.4470588066353819, -0.4475582688093471, -0.44805954860883507, -0.4485626501894736, -0.44906757769111516, -0.44957433523758134, -0.45008292693642565, -0.4505933568786741, -0.4511056291385736, -0.4516197477733387, -0.4521357168228974, -0.4526535403096299, -0.4531732222381127, -0.4536947665948576, -0.45421817734804726, -0.4547434584472764, -0.4552706138232828, -0.4557996473876798, -0.45633056303268904, -0.4568633646308701, -0.45739805603485056, -0.4579346410770476, -0.45847312356939407, -0.459013507303068, -0.45955579604820274, -0.460099993553615, -0.4606461035465193, -0.4611941297322424, -0.4617440757939405, -0.46229594539231184, -0.46284974216530256, -0.4634054697278175, -0.4639631316714342, -0.4645227315640935, -0.4650842729498159, -0.4656477593483963, -0.4662131942551031, -0.46678058114037824, -0.46734992344953047, -0.4679212246024315, -0.4684944879932025, -0.46906971698990824, -0.4696469149342435, -0.47022608514121833, -0.47080723089883886, -0.4713903554677942, -0.47197546208113084, -0.4725625539439308, -0.47315163423299045, -0.4737427060964866, -0.47433577265365695, -0.4749308369944577, -0.4755279021792399, -0.47612697123840736, -0.4767280471720825, -0.4773311329497645, -0.47793623150998726, -0.4785433457599751, -0.47915247857529686, -0.47976363279951706, -0.480376811243841, -0.4809920166867649, -0.4816092518737185, -0.48222851951670737, -0.4828498222939509, -0.48347316284952063, -0.4840985437929742, -0.48472596769898735, -0.4853554371069823, -0.48598695452075874, -0.4866205224081154, -0.4872561432004726, -0.4878938192924934, -0.48853355304170115, -0.48917534676809, -0.48981920275374646, -0.4904651232424467, -0.4911131104392752, -0.4917631665102242, -0.49241529358179303, -0.4930694937405951, -0.4937257690329451, -0.4943841214644639, -0.4950445529996622, -0.49570706556153]}