{"FCI": -0.9443745249874615, "Energy": -0.7255630864893335, "Loss": [-0.5485400804762434, -0.5493030241782545, -0.5500682000077585, -0.5508356003043114, -0.5516052172426051, -0.5523770428319271, -0.5531510689156698, -0.5539272871708218, -0.5547056891075188, -0.555486266068582, -0.5562690092290946, -0.5570539095959934, -0.5578409580076844, -0.558630145133669, -0.5594214614742112, -0.5602148973600086, -0.5610104429518918, -0.5618080882405512, -0.5626078230462808, -0.563409637018744, -0.5642135196367674, -0.5650194602081579, -0.5658274478695406, -0.5666374715862242, -0.5674495201520839, -0.5682635821894828, -0.569079646149206, -0.5698977003104199, -0.5707177327806706, -0.571539731495893, -0.5723636842204565, -0.5731895785472271, -0.5740174018976684, -0.574847141521959, -0.5756787844991437, -0.5765123177373064, -0.5773477279737794, -0.5781850017753712, -0.5790241255386266, -0.5798650854901178, -0.5807078676867573, -0.5815524580161447, -0.582398842196946, -0.5832470057792877, -0.5840969341451985, -0.5849486125090658, -0.5858020259181328, -0.5866571592530142, -0.5875139972282534, -0.5883725243929036, -0.5892327251311353, -0.5900945836628876, -0.5909580840445314, -0.5918232101695781, -0.5926899457694178, -0.5935582744140768, -0.594428179513021, -0.5952996443159755, -0.5961726519137931, -0.597047185239334, -0.5979232270683915, -0.5988007600206453, -0.5996797665606381, -0.6005602289988028, -0.6014421294924929, -0.6023254500470732, -0.6032101725170191, -0.6040962786070627, -0.6049837498733619, -0.6058725677247055, -0.6067627134237418, -0.6076541680882493, -0.6085469126924316, -0.6094409280682422, -0.6103361949067493, -0.611232693759517, -0.6121304050400354, -0.6130293090251591, -0.6139293858566037, -0.6148306155424421, -0.615732977958665, -0.6166364528507325, -0.6175410198351984, -0.6184466584013216, -0.6193533479127477, -0.6202610676091839, -0.6211697966081338, -0.6220795139066365, -0.6229901983830515, -0.6239018287988617, -0.6248143838005106, -0.6257278419212705, -0.626642181583124, -0.6275573810986916, -0.6284734186731713, -0.6293902724063186, -0.6303079202944366, -0.6312263402324091, -0.6321455100157506, -0.6330654073426815, -0.6339860098162313, -0.6349072949463646, -0.6358292401521363, -0.6367518227638683, -0.637675020025336, -0.6385988090960082, -0.6395231670532832, -0.640448070894757, -0.641373497540515, -0.6422994238354434, -0.6432258265515624, -0.6441526823903736, -0.6450799679852413, -0.6460076599037784, -0.6469357346502662, -0.6478641686680744, -0.6487929383421167, -0.6497220200013205, -0.6506513899210994, -0.6515810243258618, -0.6525108993915271, -0.653440991248052, -0.6543712759819766, -0.655301729638992, -0.6562323282265071, -0.6571630477162408, -0.6580938640468192, -0.6590247531263899, -0.6599556908352426, -0.6608866530284452, -0.6618176155384926, -0.6627485541779493, -0.6636794447421219, -0.6646102630117289, -0.6655409847555765, -0.6664715857332448, -0.6674020416977796, -0.6683323283983987, -0.66926242158318, -0.6701922970017804, -0.6711219304081483, -0.6720512975632208, -0.6729803742376674, -0.673909136214585, -0.674837559292231, -0.6757656192867381, -0.6766932920348372, -0.6776205533965698, -0.6785473792580191, -0.6794737455340122, -0.6803996281708389, -0.6813250031489584, -0.6822498464857053, -0.6831741342379883, -0.6840978425049881, -0.6850209474308381, -0.6859434252073096, -0.6868652520764889, -0.687786404333437, -0.6887068583288481, -0.6896265904716908, -0.6905455772318573, -0.6914637951427756, -0.6923812208040299, -0.693297830883963, -0.6942136021222621, -0.6951285113325365, -0.6960425354048793, -0.6969556513084117, -0.6978678360938142, -0.6987790668958441, -0.6996893209358372, -0.7005985755241823, -0.701506808062785, -0.7024139960475231, -0.7033201170706563, -0.7042251488232496, -0.7051290690975518, -0.7060318557893563, -0.7069334869003582, -0.7078339405404647, -0.7087331949301032, -0.7096312284024968, -0.710528019405914, -0.7114235465059034, -0.7123177883875, -0.7132107238574025, -0.7141023318461296, -0.7149925914101466, -0.7158814817339708, -0.716768982132251, -0.7176550720518093, -0.7185397310736616, -0.7194229389150159, -0.7203046754312326, -0.7211849206177571, -0.7220636546120287, -0.722940857695358, -0.7238165102947682, -0.7246905929848055]}