{"FCI": -1.0791924385860894, "Energy": -0.45109931785248725, "Loss": [-0.23240848619122267, -0.2332019919662973, -0.23399862940031585, -0.2347984011327376, -0.23560130973526114, -0.2364073577115841, -0.23721654749717438, -0.23802888145901774, -0.23884436189537858, -0.2396629910355517, -0.24048477103960672, -0.2413097039981331, -0.24213779193197968, -0.24296903679198412, -0.24380344045870603, -0.24464100474214753, -0.2454817313814705, -0.24632562204471023, -0.2471726783284751, -0.2480229017576527, -0.24887629378509327, -0.2497328557913007, -0.25059258908410276, -0.25145549489832536, -0.25232157439545033, -0.25319082866326614, -0.2540632587155142, -0.2549388654915241, -0.25581764985583066, -0.25669961259779855, -0.2575847544312219, -0.2584730759939195, -0.25936457784731987, -0.2602592604760334, -0.2611571242874135, -0.262058169611108, -0.2629623966985974, -0.2638698057227185, -0.2647803967771813, -0.2656941698760652, -0.26661112495331274, -0.26753126186219633, -0.2684545803747846, -0.2693810801813862, -0.27031076088998185, -0.27124362202564134, -0.27217966302993046, -0.273118883260293, -0.27406128198942564, -0.2750068584046351, -0.2759556116071775, -0.2769075406115853, -0.2778626443449724, -0.2788209216463269, -0.2797823712657883, -0.28074699186390145, -0.28171478201086, -0.28268574018572556, -0.2836598647756377, -0.28463715407499734, -0.2856176062846367, -0.2866012195109726, -0.2875879917651356, -0.2885779209620859, -0.28957100491970866, -0.29056724135788886, -0.29156662789756943, -0.29256916205979006, -0.2935748412647048, -0.29458366283058307, -0.2955956239727894, -0.29661072180274456, -0.2976289533268654, -0.2986503154454879, -0.2996748049517699, -0.3007024185305726, -0.30173315275732293, -0.3027670040968595, -0.30380396890225103, -0.3048440434136074, -0.3058872237568594, -0.3069335059425248, -0.30798288586445555, -0.3090353592985651, -0.3100909219015313, -0.3111495692094921, -0.31221129663670744, -0.31327609947421753, -0.3143439728884704, -0.315414911919937, -0.3164889114817079, -0.3175659663580733, -0.318646071203079, -0.31972922053907366, -0.3208154087552331, -0.3219046301060696, -0.32299687870992644, -0.3240921485474519, -0.3251904334600635, -0.3262917271483905, -0.3273960231707068, -0.3285033149413461, -0.32961359572910554, -0.33072685865563206, -0.3318430966937962, -0.3329623026660593, -0.33408446924282, -0.3352095889407537, -0.3363376541211408, -0.3374686569881822, -0.33860258958730655, -0.3397394438034702, -0.34087921135944144, -0.34202188381408866, -0.3431674525606454, -0.34431590882498153, -0.34546724366386616, -0.3466214479632182, -0.3477785124363596, -0.3489384276222646, -0.3501011838838005, -0.3512667714059708, -0.35243518019415676, -0.35360640007235783, -0.35478042068142857, -0.3559572314773266, -0.35713682172934946, -0.3583191805183873, -0.3595042967351708, -0.36069215907852514, -0.36188275605363585, -0.3630760759703121, -0.364272106941267, -0.3654708368804013, -0.36667225350109545, -0.36787634431452015, -0.3690830966279468, -0.37029249754308774, -0.3715045339544286, -0.37271919254760205, -0.37393645979775036, -0.3751563219679277, -0.37637876510750795, -0.3776037750506172, -0.3788313374145863, -0.38006143759842476, -0.3812940607813182, -0.3825291919211467, -0.383766815753039, -0.38500691678793997, -0.3862494793112128, -0.38749448738127124, -0.3887419248282384, -0.38999177525264417, -0.39124402202414105, -0.3924986482802707, -0.3937556369252545, -0.39501497062882357, -0.3962766318250866, -0.3975406027114384, -0.39880686524750286, -0.400075401154124, -0.40134619191239196, -0.4026192187627193, -0.40389446270396256, -0.4051719044925802, -0.4064515246418476, -0.4077333034211187, -0.4090172208551341, -0.41030325672337953, -0.4115913905595038, -0.41288160165077975, -0.41417386903762515, -0.4154681715131792, -0.41676448762293267, -0.4180627956644186, -0.41936307368695713, -0.4206652994914688, -0.4219694506303364, -0.42327550440734196, -0.42458343787765435, -0.42589322784788797, -0.42720485087622734, -0.42851828327260966, -0.4298335010989854, -0.43115048016963337, -0.4324691960515572, -0.4337896240649436, -0.43511173928368885, -0.436435516536005, -0.4377609304050907, -0.4390879552298772, -0.44041656510584526, -0.4417467338859217, -0.44307843518144385, -0.44441164236320285, -0.44574632856256496, -0.44708246667266227, -0.44842002934967, -0.44975898901415123]}