{"FCI": -0.9601614321588791, "Energy": -0.8482710941951302, "Loss": [-0.7606699870803886, -0.761249609397968, -0.761827923784596, -0.7624049253078502, -0.7629806091096966, -0.763554970406413, -0.7641280044885191, -0.7646997067206924, -0.7652700725416759, -0.7658390974641788, -0.7664067770747751, -0.766973107033787, -0.7675380830751628, -0.768101701006357, -0.7686639567081759, -0.7692248461346622, -0.7697843653129187, -0.7703425103429743, -0.7708992773976, -0.7714546627221546, -0.7720086626344003, -0.7725612735243146, -0.7731124918539106, -0.7736623141570298, -0.7742107370391472, -0.7747577571771537, -0.7753033713191422, -0.7758475762841911, -0.7763903689621291, -0.7769317463132998, -0.7774717053683293, -0.778010243227878, -0.7785473570623803, -0.7790830441117962, -0.7796173016853447, -0.7801501271612413, -0.7806815179864132, -0.7812114716762267, -0.7817399858142057, -0.7822670580517371, -0.7827926861077779, -0.7833168677685584, -0.7838396008872748, -0.7843608833837814, -0.784880713244281, -0.7853990885209977, -0.7859160073318641, -0.7864314678601905, -0.7869454683543312, -0.7874580071273554, -0.7879690825567015, -0.7884786930838379, -0.7889868372139112, -0.7894935135154038, -0.7899987206197662, -0.7905024572210742, -0.7910047220756498, -0.7915055140017073, -0.792004831878984, -0.7925026746483619, -0.7929990413114965, -0.7934939309304397, -0.7939873426272519, -0.7944792755836261, -0.7949697290404933, -0.7954587022976344, -0.7959461947132958, -0.7964322057037789, -0.7969167347430524, -0.7973997813623513, -0.7978813451497732, -0.7983614257498735, -0.7988400228632533, -0.7993171362461631, -0.7997927657100772, -0.8002669111212941, -0.8007395724005067, -0.801210749522403, -0.801680442515231, -0.8021486514603944, -0.802615376492018, -0.8030806177965305, -0.8035443756122458, -0.8040066502289276, -0.8044674419873673, -0.8049267512789579, -0.8053845785452618, -0.8058409242775844, -0.8062957890165426, -0.8067491733516302, -0.8072010779207821, -0.807651503409959, -0.8081004505526871, -0.8085479201296477, -0.8089939129682315, -0.809438429942102, -0.8098814719707599, -0.8103230400191173, -0.8107631350970477, -0.8112017582589588, -0.811638910603353, -0.8120745932723943, -0.8125088074514645, -0.8129415543687344, -0.8133728352947232, -0.8138026515418711, -0.8142310044640856, -0.8146578954563268, -0.8150833259541599, -0.8155072974333261, -0.815929811409304, -0.8163508694368777, -0.8167704731097096, -0.8171886240599014, -0.8176053239575636, -0.8180205745103897, -0.8184343774632207, -0.818846734597616, -0.8192576477314307, -0.8196671187183858, -0.8200751494476404, -0.8204817418433665, -0.8208868978643267, -0.821290619503455, -0.8216929087874245, -0.8220937677762399, -0.8224931985628086, -0.8228912032725271, -0.8232877840628656, -0.8236829431229463, -0.8240766826731419, -0.8244690049646497, -0.8248599122790965, -0.8252494069281077, -0.825637491252923, -0.8260241676239778, -0.8264094384404983, -0.8267933061301073, -0.8271757731484115, -0.8275568419786177, -0.8279365151311181, -0.8283147951431122, -0.8286916845781976, -0.8290671860259894, -0.8294413021017262, -0.8298140354458798, -0.8301853887237753, -0.8305553646252051, -0.8309239658640362, -0.8312911951778543, -0.83165705532756, -0.8320215490970032, -0.8323846792926247, -0.8327464487430535, -0.8331068602987683, -0.833465916831706, -0.8338236212349135, -0.8341799764221772, -0.8345349853276642, -0.8348886509055592, -0.8352409761297189, -0.8355919639933085, -0.8359416175084528, -0.8362899397058896, -0.83663693363462, -0.8369826023615673, -0.8373269489712248, -0.8376699765653329, -0.838011688262523, -0.838352087198001, -0.8386911765231955, -0.8390289594054413, -0.8393654390276499, -0.8397006185879747, -0.8400345012994994, -0.840367090389909, -0.8406983891011816, -0.8410284006892569, -0.8413571284237371, -0.8416845755875728, -0.8420107454767524, -0.8423356413999932, -0.8426592666784465, -0.8429816246453881, -0.8433027186459268, -0.8436225520367068, -0.8439411281856093, -0.8442584504714665, -0.8445745222837755, -0.8448893470224046, -0.8452029280973191, -0.8455152689282918, -0.8458263729446291, -0.8461362435848978, -0.8464448842966458, -0.8467522985361317, -0.847058489768067, -0.8473634614653308, -0.8476672171087275, -0.8479697601867108]}