{"FCI": -1.0523215656204707, "Energy": -0.640707363346869, "Loss": [-0.4817138253643872, -0.48218393305652907, -0.48265693695235434, -0.4831328488390721, -0.4836116804569879, -0.4840934434977944, -0.4845781496028515, -0.48506581036144186, -0.4855564373090135, -0.4860500419254114, -0.4865466356330779, -0.4870462297952518, -0.4875488357141447, -0.48805446462909785, -0.4885631277147301, -0.48907483607906527, -0.48958960076164487, -0.49010743273162394, -0.4906283428858541, -0.4911523420469509, -0.4916794409613421, -0.4922096502973077, -0.4927429806429982, -0.4932794425044435, -0.4938190463035441, -0.494361802376053, -0.4949077209695364, -0.49545681224132876, -0.4960090862564659, -0.4965645529856119, -0.4971232223029718, -0.4976851039841903, -0.4982502077042325, -0.4988185430352673, -0.49939011944452283, -0.4999649462921407, -0.500543032829013, -0.5011243881946177, -0.5017090214148259, -0.5022969413997201, -0.5028881569413878, -0.5034826767117072, -0.5040805092601318, -0.5046816630114601, -0.5052861462635906, -0.5058939671852848, -0.5065051338139068, -0.507119654053168, -0.5077375356708511, -0.5083587862965416, -0.5089834134193469, -0.5096114243856057, -0.5102428263966018, -0.5108776265062667, -0.5115158316188761, -0.5121574484867485, -0.5128024837079388, -0.5134509437239264, -0.5141028348173028, -0.5147581631094593, -0.5154169345582698, -0.516079154955774, -0.5167448299258639, -0.5174139649219642, -0.5180865652247223, -0.5187626359396874, -0.5194421819950061, -0.5201252081391098, -0.5208117189384087, -0.5215017187749897, -0.5221952118443215, -0.5228922021529594, -0.5235926935162594, -0.5242966895560959, -0.5250041936985912, -0.525715209171844, -0.5264297390036772, -0.527147786019384, -0.5278693528394865, -0.5285944418775157, -0.5293230553377801, -0.5300551952131659, -0.5307908632829399, -0.5315300611105634, -0.5322727900415332, -0.5330190512012166, -0.5337688454927157, -0.5345221735947426, -0.5352790359595183, -0.5360394328106706, -0.5368033641411739, -0.5375708297112853, -0.5383418290465152, -0.5391163614356118, -0.5398944259285723, -0.5406760213346594, -0.5414611462204614, -0.5422497989079638, -0.5430419774726419, -0.5438376797415907, -0.5446369032916627, -0.5454396454476454, -0.5462459032804663, -0.5470556736054077, -0.5478689529803796, -0.548685737704189, -0.5495060238148655, -0.5503298070880023, -0.5511570830351338, -0.5519878469021489, -0.552822093667725, -0.5536598180418151, -0.5545010144641501, -0.5553456771027827, -0.5561937998526812, -0.5570453763343308, -0.5579003998924086, -0.5587588635944566, -0.5596207602296359, -0.5604860823074789, -0.56135482205672, -0.5622269714241359, -0.5631025220734522, -0.5639814653842724, -0.5648637924510642, -0.5657494940821864, -0.5666385607989548, -0.5675309828347579, -0.5684267501342188, -0.5693258523524063, -0.5702282788540842, -0.5711340187130145, -0.5720430607113125, -0.5729553933388415, -0.5738710047926693, -0.5747898829765596, -0.5757120155005342, -0.5766373896804621, -0.5775659925377244, -0.5784978107989187, -0.5794328308956158, -0.5803710389641793, -0.5813124208456222, -0.5822569620855437, -0.5832046479340941, -0.5841554633460163, -0.5851093929807291, -0.5860664212024738, -0.5870265320805163, -0.5879897093894064, -0.5889559366092958, -0.5899251969263077, -0.5908974732329754, -0.5918727481287305, -0.5928510039204534, -0.593832222623083, -0.5948163859602865, -0.5958034753651846, -0.5967934719811462, -0.5977863566626308, -0.598782109976099, -0.5997807122009846, -0.6007821433307184, -0.6017863830738278, -0.6027934108550786, -0.6038032058166979, -0.6048157468196359, -0.60583101244491, -0.6068489809949962, -0.6078696304952851, -0.6088929386956022, -0.6099188830717811, -0.6109474408273108, -0.6119785888950298, -0.6130123039388877, -0.6140485623557737, -0.6150873402773805, -0.6161286135721719, -0.6171723578473616, -0.6182185484509903, -0.6192671604740367, -0.620318168752606, -0.6213715478701614, -0.6224272721598297, -0.6234853157067498, -0.6245456523504942, -0.6256082556875322, -0.626673099073765, -0.6277401556271087, -0.6288093982301326, -0.6298807995327564, -0.6309543319550052, -0.6320299676898162, -0.6331076787058896, -0.6341874367506142, -0.6352692133530268, -0.6363529798268357, -0.6374387072734824, -0.6385263665852708, -0.6396159284485384]}