{"FCI": -0.9601614321588791, "Energy": -0.9175396599479354, "Loss": [-0.5283854057311911, -0.5290422923190243, -0.5302957860987095, -0.5320960243452251, -0.534401587181316, -0.5371778688505804, -0.5403957360641538, -0.5440304217920213, -0.548060610298718, -0.5524676765830873, -0.557235050129091, -0.5623476787890532, -0.5677915736594177, -0.5735534200208511, -0.5796202428880455, -0.5859791185502425, -0.5926169257786433, -0.5995201322172583, -0.6066746129327636, -0.6140654992352863, -0.6216770567432015, -0.6294925922872835, -0.637494389661423, -0.645663674450808, -0.6539806082223691, -0.6624243122625089, -0.6709729208096332, -0.6796036633703169, -0.6882929752470949, -0.6970166348642256, -0.7057499258799679, -0.7144678214474703, -0.7231451873613127, -0.7317570002344427, -0.7402785763225673, -0.7486858061805601, -0.7569553900254458, -0.7650650685163182, -0.7729938436595102, -0.7807221847169264, -0.7882322143372107, -0.7955078706354735, -0.8025350416008586, -0.8093016689877452, -0.8157978197147927, -0.8220157237205967, -0.8279497781669528, -0.833596518801904, -0.8389545601582812, -0.8440245070363085, -0.8488088403743517, -0.8533117811299226, -0.8575391361613691, -0.861498130315094, -0.8651972289866557, -0.8686459553469323, -0.8718547062218993, -0.874834570306236, -0.8775971519993858, -0.8801544037009781, -0.8825184689143605, -0.8847015380040308, -0.886715717954757, -0.8885729170038665, -0.8902847445770441, -0.8918624265619061, -0.8933167356094092, -0.8946579358643213, -0.8958957412934351, -0.8970392866025152, -0.8980971096069886, -0.8990771438425129, -0.8999867201645685, -0.900832576085021, -0.9016208716223826, -0.9023572104952621, -0.9030466655596472, -0.9036938074751875, -0.9043027356788982, -0.9048771108429267, -0.9054201880925882, -0.9059348503595019, -0.906423641339751, -0.9068887976172268, -0.907332279596354, -0.9077558009654937, -0.9081608564819732, -0.9085487479317601, -0.9089206081712641, -0.9092774232058597, -0.9096200522997923, -0.9099492461455083, -0.9102656631479206, -0.9105698839006598, -0.9108624239482606, -0.911143744940365, -0.9114142642923432, -0.9116743634716538, -0.9119243950312255, -0.9121646885107485, -0.9123955553241916, -0.9126172927479227, -0.9128301871183033, -0.9130345163414522, -0.9132305518108165, -0.9134185598208013, -0.9135988025570747, -0.9137715387364671, -0.9139370239618027, -0.9140955108496449, -0.9142472489817978, -0.9143924847248353, -0.9145314609555443, -0.9146644167245395, -0.9147915868848104, -0.9149132017074207, -0.915029486502005, -0.9151406612561046, -0.9152469403039305, -0.9153485320322089, -0.9154456386283285, -0.9155384558739013, -0.9156271729849697, -0.9157119724988259, -0.9157930302060919, -0.9158705151259339, -0.9159445895215264, -0.9160154089524437, -0.9160831223603115, -0.9161478721839337, -0.9162097944999725, -0.9162690191853708, -0.9163256700977992, -0.9163798652705513, -0.9164317171186243, -0.9164813326528418, -0.9165288136992855, -0.9165742571214843, -0.9166177550431457, -0.9166593950694643, -0.9166992605054016, -0.916737430569404, -0.9167739806015288, -0.9168089822649299, -0.9168425037400415, -0.9168746099108721, -0.9169053625430481, -0.9169348204533929, -0.916963039670901, -0.9169900735891652, -0.9170159731103198, -0.9170407867807058, -0.9170645609184854, -0.9170873397334968, -0.9171091654397128, -0.9171300783605919, -0.9171501170277667, -0.9171693182733964, -0.9171877173166177, -0.9172053478444202, -0.9172222420873948, -0.917238430890628, -0.9172539437801868, -0.9172688090254462, -0.917283053697637, -0.917296703724846, -0.9173097839438252, -0.9173223181487768, -0.9173343291374251, -0.9173458387545437, -0.917356867933175, -0.9173674367336754, -0.9173775643808175, -0.9173872692990185, -0.9173965691459143, -0.9174054808443244, -0.9174140206127698, -0.9174222039946247, -0.9174300458859672, -0.9174375605622638, -0.9174447617038936, -0.9174516624206202, -0.9174582752750594, -0.9174646123051784, -0.9174706850458947, -0.9174765045498047, -0.91748208140708, -0.9174874257645822, -0.9174925473441997, -0.9174974554604811, -0.9175021590375332, -0.9175066666252873, -0.917510986415072, -0.9175151262546001, -0.9175190936623289, -0.9175228958412436, -0.9175265396920986, -0.9175300318260998, -0.9175333785770777, -0.9175365860131535]}