{"FCI": -0.9543386010184702, "Energy": -0.9526178702979662, "Loss": [-0.5004135602473212, -0.5009890599755786, -0.5020887949444521, -0.5036717792003591, -0.505705277204556, -0.5081631650232937, -0.5110246052816659, -0.5142729724082911, -0.5178949759718687, -0.5218799398541545, -0.526219203473819, -0.5309056183299216, -0.5359331189230407, -0.541296351818919, -0.5469903504253533, -0.5530102461233152, -0.5593510088696948, -0.5660072123894556, -0.5729728206937764, -0.5802409939719861, -0.5878039129649159, -0.5956526217772727, -0.6037768897561977, -0.6121650935722641, -0.6208041210006332, -0.6296792981215551, -0.6387743417453339, -0.6480713388203755, -0.6575507544069987, -0.667191469499125, -0.6769708495578048, -0.6868648440959397, -0.6968481170373024, -0.7068942068847495, -0.7169757149960089, -0.7270645195083639, -0.7371320117063892, -0.7471493509218625, -0.7570877334243461, -0.7669186702355747, -0.7766142684080249, -0.7861475100704619, -0.7954925234768384, -0.8046248404080814, -0.8135216345693144, -0.8221619360896408, -0.830526817851429, -0.8385995501275612, -0.8463657208587061, -0.8538133198247807, -0.860932785918854, -0.867717017681558, -0.8741613481641355, -0.880263486026869, -0.8860234255196443, -0.8914433286112833, -0.896527383019265, -0.90128164023347, -0.9057138378250578, -0.90983321038929, -0.9136502933989763, -0.9171767240576172, -0.9204250429558587, -0.9234084999710738, -0.9261408674282868, -0.9286362630816013, -0.9309089849980389, -0.9329733599477625, -0.9348436064412986, -0.9365337131180896, -0.9380573327913682, -0.9394276920988823, -0.9406575164019517, -0.9417589693184859, -0.9427436060691667, -0.9436223396579261, -0.9444054187954198, -0.945102416402817, -0.9457222274988369, -0.946273075269878, -0.9467625241466138, -0.947197498755328, -0.9475843076739198, -0.9479286709963259, -0.9482357507915691, -0.9485101836308891, -0.9487561144459709, -0.9489772310703585, -0.9491767989032016, -0.9493576952176029, -0.9495224427143237, -0.9496732419942407, -0.9498120026896778, -0.9499403730549297, -0.950059767870084, -0.9501713945597827, -0.950276277469811, -0.9503752802799683, -0.9504691265617008, -0.9505584185139784, -0.9506436539313035, -0.9507252414739433, -0.9508035143229489, -0.950878742311742, -0.9509511426322872, -0.9510208892176849, -0.9510881209046106, -0.9511529484789172, -0.951215460705949, -0.9512757294443064, -0.9513338139378894, -0.9513897643763969, -0.9514436248093637, -0.9514954354931974, -0.9515452347448985, -0.9515930603703394, -0.9516389507289532, -0.9516829454910487, -0.9517250861381938, -0.9517654162518457, -0.9518039816301532, -0.9518408302680779, -0.9518760122314988, -0.9519095794516815, -0.9519415854628029, -0.9519720851016003, -0.9520011341851419, -0.9520287891798579, -0.9520551068724559, -0.9520801440511245, -0.9521039572035226, -0.95212660223631, -0.9521481342196035, -0.9521686071584929, -0.9521880737927317, -0.9522065854248551, -0.9522241917763857, -0.952240940871122, -0.9522568789441967, -0.9522720503752431, -0.9522864976437782, -0.9523002613048279, -0.9523133799826916, -0.9523258903807827, -0.952337827305484, -0.9523492237020191, -0.9523601107004676, -0.9523705176701139, -0.9523804722805052, -0.9523900005676855, -0.9523991270042441, -0.9524078745719202, -0.9524162648357162, -0.9524243180185279, -0.9524320530754796, -0.9524394877672875, -0.9524466387320155, -0.9524535215548026, -0.9524601508351325, -0.9524665402513925, -0.9524727026224535, -0.952478649966165, -0.9524843935546772, -0.9524899439665083, -0.9524953111354226, -0.9525005043961179, -0.952505532526832, -0.9525104037889416, -0.9525151259636736, -0.9525197063861041, -0.9525241519765072, -0.9525284692692857, -0.9525326644395865, -0.9525367433277758, -0.9525407114619078, -0.9525445740783683, -0.9525483361407935, -0.9525520023574475, -0.9525555771971607, -0.9525590649039618, -0.9525624695105162, -0.9525657948505082, -0.9525690445700106, -0.9525722221380033, -0.9525753308560632, -0.9525783738673527, -0.9525813541649562, -0.9525842745996088, -0.9525871378869338, -0.9525899466141609, -0.9525927032464573, -0.9525954101328333, -0.9525980695117089, -0.952600683516184, -0.9526032541789649, -0.9526057834370827, -0.952608273136328, -0.9526107250354792, -0.9526131408103157, -0.9526155220574493]}