{"FCI": -0.9714263137788843, "Energy": -0.9103316176388929, "Loss": [-0.3971524673860411, -0.3972588526633297, -0.39746204084289327, -0.3977542926222201, -0.3981293903144997, -0.39858238681981334, -0.3991094092210056, -0.3997075048576727, -0.4003745205390238, -0.401109007708509, -0.40191014802128355, -0.40277769505688515, -0.4037119288540253, -0.40471362069145844, -0.40578400610151993, -0.4069247645315476, -0.4081380043941608, -0.4094262524936183, -0.41079244700037365, -0.4122399332829667, -0.41377246200600326, -0.4153941889729499, -0.4171096762387835, -0.41892389404470487, -0.4208422231384526, -0.42287045704197285, -0.4250148038151934, -0.4272818868420626, -0.42967874413415363, -0.43221282560910873, -0.4348919877572451, -0.43772448506075046, -0.4407189574775643, -0.44388441324768363, -0.44723020622510845, -0.4507660068863002, -0.45450176611846005, -0.4584476708515, -0.4626140905701652, -0.4670115137318627, -0.47165047312669395, -0.47654145925478997, -0.4816948208689563, -0.4871206519448381, -0.4928286645037089, -0.49882804693201255, -0.5051273077239857, -0.5117341049252428, -0.5186550619809981, -0.5258955711948138, -0.5334595865820717, -0.5413494085517585, -0.5495654635610011, -0.5581060826430102, -0.5669672834882249, -0.5761425615299105, -0.5856226962118709, -0.5953955792518019, -0.6054460722082909, -0.6157559009569, -0.6263035947244574, -0.637064477066379, -0.6480107155521492, -0.6591114359142299, -0.6703329049985467, -0.6816387850362237, -0.6929904595700681, -0.7043474288788713, -0.7156677700425915, -0.7269086540048473, -0.7380269092622137, -0.7489796193037785, -0.7597247388040859, -0.7702217119932445, -0.7804320757221819, -0.7903200296043801, -0.799852956297153, -0.8090018764801392, -0.817741825334449, -0.8260521402072019, -0.8339166525023167, -0.8413237804755687, -0.8482665233196398, -0.8547423604930321, -0.8607530634820079, -0.8663044299258341, -0.8714059521632629, -0.8760704337020271, -0.8803135678525943, -0.8841534928288017, -0.8876103370674254, -0.8907057674526384, -0.8934625516653544, -0.8959041441361283, -0.8980543031860675, -0.8999367450062642, -0.9015748382497164, -0.9029913412683751, -0.9042081824785354, -0.9052462830165307, -0.9061254197708641, -0.9068641260480093, -0.9074796265356673, -0.9079878028487175, -0.9084031857526935, -0.9087389701275219, -0.9090070488299409, -0.9092180618065933, -0.9093814570744503, -0.9095055604963485, -0.9095976516170483, -0.9096640431721016, -0.909710162225033, -0.9097406312176384, -0.9097593475267342, -0.9097695604035054, -0.9097739444263219, -0.9097746688232011, -0.9097734622163357, -0.9097716725091463, -0.9097703217780981, -0.9097701561486575, -0.909771690730115, -0.9097752497593505, -0.9097810021618228, -0.9097889927810127, -0.9097991695576366, -0.9098114069589986, -0.9098255259687457, -0.9098413109495376, -0.9098585236874708, -0.9098769149182183, -0.9098962336225792, -0.9099162343637772, -0.9099366829216463, -0.9099573604603388, -0.9099780664468686, -0.9099986205184005, -0.9100188634768331, -0.9100386575703596, -0.9100578862036173, -0.9100764532007677, -0.9100942817296584, -0.9101113129802721, -0.9101275046766963, -0.9101428294892984, -0.910157273402338, -0.9101708340820317, -0.9101835192809917, -0.9101953453069604, -0.9102063355768576, -0.9102165192711189, -0.9102259300982338, -0.9102346051751053, -0.9102425840252866, -0.9102499076942816, -0.9102566179788264, -0.9102627567652046, -0.9102683654703878, -0.9102734845788824, -0.9102781532674247, -0.910282409109481, -0.9102862878513064, -0.9102898232514531, -0.9102930469758221, -0.9102959885407267, -0.9102986752968554, -0.9103011324475064, -0.9103033830950501, -0.9103054483100418, -0.910307347218064, -0.9103090970998595, -0.9103107135008865, -0.9103122103469241, -0.9103136000628596, -0.9103148936922048, -0.9103161010153462, -0.9103172306648676, -0.9103182902366529, -0.9103192863957492, -0.9103202249762745, -0.9103211110748647, -0.9103219491373081, -0.9103227430383034, -0.9103234961542696, -0.9103242114293756, -0.9103248914349644, -0.9103255384226798, -0.9103261543716233, -0.9103267410298932, -0.9103272999509371, -0.9103278325251295, -0.9103283400069435, -0.9103288235381943, -0.9103292841677223, -0.9103297228678795, -0.9103301405482582, -0.9103305380669195, -0.910330916239499, -0.9103312758464834]}