{"FCI": -0.9601614321588791, "Energy": -0.9594130304558511, "Loss": [-0.534906230532956, -0.535312663132181, -0.5360874095796949, -0.5371982435615554, -0.5386178571474671, -0.540323061429937, -0.5422941285189073, -0.5445142477938878, -0.546969074493665, -0.5496463529650621, -0.552535600335833, -0.5556278391563467, -0.5589153697898956, -0.5623915751251876, -0.5660507516227546, -0.5698879618605682, -0.5738989046706465, -0.5780797997042169, -0.5824272838656326, -0.5869383175441727, -0.5916100989721332, -0.5964399853659593, -0.6014254197795743, -0.6065638628274098, -0.6118527286281966, -0.6172893244867268, -0.6228707939751656, -0.6285940632023631, -0.6344557901724159, -0.6404523172345047, -0.6465796267167183, -0.6528332999176966, -0.6592084797022398, -0.6656998370101597, -0.6723015416412922, -0.6790072377228659, -0.6858100242972984, -0.6927024414877482, -0.6996764627040947, -0.7067234933420772, -0.7138343764019135, -0.720999405408859, -0.7282083449560389, -0.7354504591092683, -0.7427145478147381, -0.7499889913340306, -0.7572618025988161, -0.7645206872316669, -0.7717531108230884, -0.7789463728917541, -0.7860876867896133, -0.7931642646510437, -0.8001634063312141, -0.8070725911388746, -0.8138795710488864, -0.8205724639851086, -0.8271398457001474, -0.8335708387485408, -0.8398551970576467, -0.845983384647349, -0.8519466471358208, -0.8577370747930043, -0.8633476560629606, -0.8687723206666766, -0.8740059716124661, -0.8790445056750144, -0.8838848221489224, -0.8885248199300464, -0.8929633832203311, -0.8972003563811386, -0.9012365086693641, -0.9050734897739676, -0.9087137772227571, -0.9121606168473254, -0.9154179575756001, -0.9184903818663129, -0.9213830331086457, -0.9241015412855218, -0.9266519481438572, -0.9290406330335343, -0.9312742404736943, -0.9333596103851052, -0.9353037117959311, -0.9371135806902771, -0.9387962625287917, -0.9403587598328902, -0.9418079850920327, -0.9431507191302113, -0.9443935749554135, -0.9455429670162144, -0.9466050857034265, -0.9475858768629276, -0.9484910260275922, -0.949325947032013, -0.9500957746418957, -0.9508053608100525, -0.9514592741614709, -0.9520618023095684, -0.9526169566132018, -0.9531284789979584, -0.9535998504842941, -0.9540343010880492, -0.9544348207847424, -0.9548041712565188, -0.9551448981693141, -0.9554593437563794, -0.9557496595126834, -0.9560178188320249, -0.9562656294446603, -0.9564947455377031, -0.9567066794629769, -0.956902812957687, -0.9570844078216855, -0.9572526160116858, -0.9574084891271618, -0.9575529872753007, -0.957686987312958, -0.9578112904726332, -0.9579266293867592, -0.9580336745306041, -0.958133040108635, -0.958225289412659, -0.9583109396824878, -0.9583904665013481, -0.9584643077590994, -0.9585328672163754, -0.9585965177023502, -0.9586556039780657, -0.958710445295927, -0.9587613376846508, -0.9588085559872326, -0.9588523556777199, -0.9588929744807667, -0.9589306338160556, -0.9589655400877356, -0.9589978858372447, -0.959027850776119, -0.9590556027135874, -0.9590812983922461, -0.9591050842435784, -0.9591270970735998, -0.9591474646877639, -0.9591663064629957, -0.959183733873654, -0.9591998509773518, -0.9592147548656251, -0.9592285360837396, -0.9592412790232642, -0.9592530622904248, -0.9592639590528268, -0.9592740373666235, -0.9592833604859378, -0.9592919871559373, -0.9592999718908417, -0.9593073652377677, -0.9593142140273306, -0.9593205616116164, -0.9593264480901557, -0.9593319105243939, -0.9593369831410682, -0.9593416975249217, -0.9593460828010945, -0.9593501658075347, -0.9593539712577601, -0.9593575218942743, -0.959360838632975, -0.9593639406988683, -0.9593668457533823, -0.9593695700136382, -0.9593721283639921, -0.9593745344601616, -0.9593768008263119, -0.9593789389453773, -0.9593809593430108, -0.9593828716654541, -0.9593846847516642, -0.9593864067000442, -0.9593880449300692, -0.9593896062391224, -0.9593910968548721, -0.9593925224834365, -0.9593938883536707, -0.9593951992577827, -0.9593964595886352, -0.9593976733738528, -0.95939884430709, -0.9593999757766185, -0.9594010708914333, -0.9594021325051256, -0.9594031632376674, -0.9594041654952853, -0.9594051414885975, -0.9594060932491617, -0.9594070226445447, -0.9594079313920929, -0.9594088210714581, -0.9594096931360513, -0.9594105489234748, -0.9594113896650429, -0.9594122164944783]}