{"FCI": -0.9601614321588791, "Energy": -0.9523148826258421, "Loss": [-0.7605176997857231, -0.7690998022944995, -0.7773914029795382, -0.7853841180743665, -0.7930725340939232, -0.8004539786151476, -0.8075282625247702, -0.8142974051832029, -0.8207653527243101, -0.8269376982244039, -0.8328214108692638, -0.8384245796409553, -0.8437561755255707, -0.8488258348702077, -0.8536436653295632, -0.8582200748555421, -0.8625656233973273, -0.8666908963824203, -0.8706063986222262, -0.8743224670051718, -0.8778492001813595, -0.8811964033811123, -0.8843735465230481, -0.8873897338355625, -0.8902536833221935, -0.8929737145321849, -0.8955577432416929, -0.8980132818000224, -0.9003474440427208, -0.9025669538147226, -0.9046781562791906, -0.9066870313094675, -0.9085992083714756, -0.9104199824021634, -0.9121543302760485, -0.9138069275274479, -0.9153821650611632, -0.916884165640195, -0.9183167999865112, -0.9196837023707016, -0.9209882855997125, -0.9222337553393513, -0.9234231237308752, -0.9245592222792359, -0.9256447140053303, -0.9266821048661606, -0.927673754455921, -0.9286218860079123, -0.9295285957223073, -0.9303958614484692, -0.9312255507529714, -0.9320194284059753, -0.9327791633193279, -0.9335063349698365, -0.9342024393408166, -0.9348688944142269, -0.9355070452446812, -0.9361181686454096, -0.9367034775147992, -0.9372641248307961, -0.9378012073387574, -0.9383157689569618, -0.9388088039223608, -0.9392812596976525, -0.9397340396593259, -0.9401680055848507, -0.9405839799558897, -0.9409827480930647, -0.941365060136608, -0.9417316328860768, -0.942083151511207, -0.9424202711449893, -0.9427436183690775, -0.943053792600805, -0.943351367390201, -0.9436368916347353, -0.9439108907187265, -0.9441738675838002, -0.94442630373614, -0.9446686601957517, -0.9449013783924726, -0.9451248810130268, -0.9453395728029768, -0.9455458413270944, -0.9457440576912951, -0.9459345772290323, -0.9461177401547007, -0.9462938721864018, -0.9464632851401837, -0.9466262774976457, -0.9467831349486591, -0.9469341309107362, -0.9470795270264695, -0.9472195736403561, -0.9473545102560974, -0.9474845659755198, -0.9476099599200191, -0.9477309016354356, -0.9478475914811493, -0.9479602210041782, -0.9480689732988895, -0.9481740233530221, -0.9482755383805631, -0.948373678142019, -0.9484685952526046, -0.9485604354788086, -0.9486493380237685, -0.9487354358018759, -0.9488188557030328, -0.9488997188468671, -0.9489781408273376, -0.9490542319479802, -0.9491280974482044, -0.949199837720873, -0.9492695485215131, -0.9493373211693925, -0.9494032427408063, -0.9494673962547566, -0.9495298608513298, -0.9495907119630298, -0.9496500214792538, -0.9497078579042073, -0.9497642865084229, -0.9498193694741598, -0.9498731660348393, -0.9499257326087858, -0.9499771229274121, -0.9500273881581033, -0.9500765770219318, -0.9501247359064412, -0.95017190897365, -0.9502181382634456, -0.9502634637925675, -0.9503079236493053, -0.9503515540841149, -0.950394389596269, -0.9504364630167181, -0.9504778055873024, -0.9505184470364448, -0.950558415651501, -0.950597738347826, -0.9506364407347812, -0.9506745471787261, -0.9507120808631643, -0.9507490638461279, -0.950785517114954, -0.9508214606385065, -0.9508569134170237, -0.950891893529592, -0.950926418179461, -0.9509605037371951, -0.9509941657818005, -0.9510274191399354, -0.9510602779232141, -0.9510927555637684, -0.9511248648481049, -0.9511566179493179, -0.9511880264577713, -0.9512191014102865, -0.9512498533179174, -0.9512802921923794, -0.9513104275711703, -0.9513402685414885, -0.9513698237629439, -0.9513991014891822, -0.9514281095884135, -0.9514568555629315, -0.9514853465676768, -0.951513589427847, -0.9515415906556544, -0.9515693564662255, -0.9515968927927102, -0.9516242053006176, -0.9516512994014622, -0.9516781802656633, -0.9517048528348422, -0.9517313218334704, -0.9517575917799291, -0.9517836669969937, -0.9518095516218007, -0.9518352496152984, -0.9518607647711871, -0.9518861007244492, -0.9519112609593876, -0.9519362488172903, -0.9519610675036659, -0.9519857200951297, -0.9520102095459229, -0.952034538694089, -0.9520587102673299, -0.9520827268885733, -0.9521065910812236, -0.9521303052741619, -0.9521538718064619, -0.9521772929318894, -0.9522005708231394, -0.9522237075758563, -0.952246705212459, -0.9522695656857457, -0.9522922908823225]}