{"FCI": -1.011800010850166, "Energy": -0.9910598646305417, "Loss": [-0.5493091962417351, -0.5560936511573278, -0.5631402820187551, -0.5704432883667722, -0.5779947978004113, -0.585784797857742, -0.5938011006246815, -0.6020293442243873, -0.6104530345090444, -0.6190536292043651, -0.6278106654774805, -0.6367019304612446, -0.6457036727386173, -0.6547908512477081, -0.6639374165960876, -0.6731166184566604, -0.682301331634974, -0.691464392614074, -0.7005789379446565, -0.709618735779547, -0.7185585021534112, -0.7273741942585611, -0.7360432739226676, -0.744544935694423, -0.7528602953174132, -0.7609725358435948, -0.7688670101286917, -0.7765312998898812, -0.783955232828418, -0.7911308604749682, -0.7980524003666647, -0.8047161468900277, -0.811120355615317, -0.817265106210698, -0.8231521490757301, -0.8287847406976245, -0.8341674724418996, -0.8393060970753711, -0.8442073568189367, -0.8488788161739819, -0.8533287021899633, -0.857565754268388, -0.8615990850514, -0.865438053438117, -0.8690921503201144, -0.8725708972358106, -0.8758837578150411, -0.8790400616191153, -0.8820489397754392, -0.8849192716542481, -0.8876596417323325, -0.8902783057281175, -0.89278316506723, -0.8951817487412033, -0.8974812016479616, -0.8996882785455882, -0.9018093428057257, -0.903850369215604, -0.9058169501445745, -0.9077143044594964, -0.9095472886410368, -0.9113204096183771, -0.9130378389017104, -0.91470342764952, -0.9163207223605051, -0.9178929809277973, -0.9194231888360207, -0.9209140753196533, -0.9223681293345151, -0.9237876152230795, -0.9251745879792929, -0.9265309080399451, -0.9278582555475583, -0.9291581440450241, -0.9304319335747494, -0.9316808431655105, -0.9329059626986314, -0.9341082641520245, -0.9352886122260148, -0.9364477743592932, -0.937586430146524, -0.9387051801719153, -0.9398045542747263, -0.9408850192643122, -0.941946986103121, -0.942990816576851, -0.9440168294712687, -0.9450253062755449, -0.9460164964319512, -0.9469906221517744, -0.9479478828172068, -0.9488884589888487, -0.949812516038165, -0.950720207424177, -0.9516116776332387, -0.9524870648006467, -0.9533465030324368, -0.9541901244454606, -0.955018060943506, -0.9558304457468783, -0.9566274146924792, -0.9574091073210447, -0.9581756677677435, -0.9589272454719296, -0.9596639957213037, -0.9603860800453059, -0.9610936664719116, -0.9617869296615854, -0.9624660509313819, -0.9631312181817535, -0.9637826257378495, -0.9644204741165322, -0.9650449697296504, -0.9656563245334591, -0.9662547556334119, -0.9668404848528672, -0.9674137382736535, -0.9679747457556865, -0.9685237404423255, -0.9690609582574294, -0.9695866373995252, -0.970101017837915, -0.9706043408150047, -0.9710968483585527, -0.9715787828071635, -0.9720503863516935, -0.9725119005949888, -0.9729635661318228, -0.9734056221505891, -0.9738383060579325, -0.9742618531271877, -0.9746764961711896, -0.9750824652398007, -0.975479987342188, -0.9758692861937506, -0.9762505819873937, -0.9766240911886305, -0.976990026353972, -0.9773485959718117, -0.9777000043250312, -0.9780444513744133, -0.9783821326619033, -0.9787132392327068, -0.9790379575751973, -0.9793564695775587, -0.9796689525001192, -0.9799755789622592, -0.9802765169429052, -0.9805719297934721, -0.9808619762623342, -0.9811468105297332, -0.9814265822522393, -0.9817014366157609, -0.9819715143963054, -0.9822369520275493, -0.9824978816744665, -0.9827544313122529, -0.9830067248097811, -0.9832548820169792, -0.983499018855432, -0.9837392474116542, -0.9839756760324986, -0.9842084094221477, -0.9844375487402781, -0.9846631917009225, -0.9848854326716784, -0.9851043627728805, -0.9853200699764197, -0.9855326392039495, -0.985742152424174, -0.9859486887490199, -0.9861523245284715, -0.9863531334439303, -0.9865511865998615, -0.9867465526136832, -0.9869392977037339, -0.9871294857752352, -0.9873171785041712, -0.9875024354190177, -0.9876853139803078, -0.9878658696579241, -0.988044156006187, -0.988220224736643, -0.9883941257886193, -0.9885659073974961, -0.9887356161607472, -0.9889032971017487, -0.9890689937313901, -0.9892327481075219, -0.9893946008922684, -0.9895545914072489, -0.9897127576867523, -0.9898691365289138, -0.9900237635449275, -0.9901766732063714, -0.9903278988906621, -0.9904774729247267, -0.9906254266269154, -0.9907717903472383, -0.9909165935059479]}