{"FCI": -0.947683849035273, "Energy": -0.9476150198947682, "Loss": [-0.6815115623833903, -0.6961257410651662, -0.7065346825951239, -0.715096447657395, -0.7225625862470624, -0.7292825777271738, -0.7354513731742242, -0.7411902759389714, -0.7465805031350352, -0.7516793771246111, -0.7565290019910598, -0.7611612895457041, -0.7656010516876939, -0.7698679970101012, -0.7739780718799582, -0.7779443914745529, -0.7817779045556381, -0.7854878797439611, -0.7890822687776321, -0.7925679829050063, -0.7959511065867579, -0.799237065039177, -0.8024307571404415, -0.8055366618556798, -0.8085589240221086, -0.8115014237084736, -0.814367832194485, -0.8171616567595817, -0.8198862758326574, -0.8225449655756835, -0.8251409186192276, -0.8276772554182059, -0.830157028547089, -0.8325832202091656, -0.8349587333041535, -0.8372863765908141, -0.8395688447957873, -0.841808694936686, -0.8440083205971901, -0.8461699263305974, -0.8482955046634785, -0.8503868182018044, -0.8524453890166195, -0.8544724967833551, -0.8564691861476611, -0.8584362826679923, -0.8603744156722498, -0.8622840456757669, -0.8641654937650197, -0.8660189705547408, -0.8678446028615744, -0.8696424569309815, -0.8714125577337619, -0.8731549043928519, -0.874869482155905, -0.8765562714996137, -0.8782152549793166, -0.8798464223753404, -0.8814497745841533, -0.8830253265924732, -0.8845731097758296, -0.8860931736879352, -0.887585587453665, -0.889050440843311, -0.8904878450838409, -0.8918979334502876, -0.8932808616730914, -0.8946368081933674, -0.895965974295821, -0.8972685841475292, -0.8985448847699471, -0.8997951459705027, -0.9010196602595641, -0.902218742777888, -0.9033927312592239, -0.9045419860524773, -0.9056668902277101, -0.9067678497904287, -0.9078452940288366, -0.9088996760192477, -0.9099314733152828, -0.9109411888468038, -0.9119293520544265, -0.9128965202843686, -0.9138432804657247, -0.9147702510868219, -0.9156780844776169, -0.9165674693887972, -0.9174391338320482, -0.9182938481055809, -0.9191324278681372, -0.9199557370360576, -0.9207646901525506, -0.9215602537070737, -0.9223434456599807, -0.9231153321558493, -0.9238770201099453, -0.924629644080982, -0.9253743457046537, -0.9261122441214085, -0.926844396500522, -0.9275717491343133, -0.9282950816967293, -0.9290149498508598, -0.9297316337366626, -0.9304451009400543, -0.9311549914283961, -0.9318606284612447, -0.9325610545532003, -0.9332550868506911, -0.9339413833688215, -0.9346185111065318, -0.9352850087221733, -0.9359394391688594, -0.9365804304136071, -0.9372067044474941, -0.9378170960426615, -0.9384105632388426, -0.9389861915782193, -0.9395431938771021, -0.940080906989081, -0.940598786674547, -0.9410964013933425, -0.9415734255960077, -0.9420296329045224, -0.9424648894369367, -0.9428791474322122, -0.9432724392631309, -0.943644871876129, -0.9439966216683511, -0.944327929781744, -0.944639097800097, -0.9449304837794562, -0.9452024986400889, -0.9454556026962817, -0.9456903026154858, -0.945907147386247, -0.9461067223985771, -0.9462896065249904, -0.946456072757891, -0.9466026429495983, -0.9467183204933527, -0.9468017030471914, -0.9469387652859016, -0.9470489359473827, -0.9471393863095706, -0.9472158013971891, -0.9472818198942696, -0.94733888753952, -0.9473880212719242, -0.9474299720318832, -0.9474654484685928, -0.9474950265843494, -0.9475192073780669, -0.9475380697802036, -0.9475513424614288, -0.9475573023410104, -0.9475572650666937, -0.9475565126039858, -0.947565521968559, -0.9475784364635241, -0.9475894448113726, -0.9475966520117246, -0.9476011888902459, -0.94760395658654, -0.9476056060434616, -0.9476063691518144, -0.9476063304485408, -0.9476053162932475, -0.9476031968419829, -0.9475999470568781, -0.9475965771238108, -0.9475947130076354, -0.9475957509976483, -0.9475989275777177, -0.9476027413716448, -0.9476060199689303, -0.9476084596042363, -0.9476100714994079, -0.9476109981324095, -0.9476113078070124, -0.9476110553771508, -0.9476102575404318, -0.9476090471967262, -0.9476076960968443, -0.947606710632974, -0.9476065456768232, -0.9476073909962893, -0.947608978210329, -0.947610868446529, -0.9476126559567015, -0.9476141259284918, -0.9476151865234532, -0.9476158354954121, -0.9476160936567223, -0.9476160159677985, -0.9476156828358706, -0.947615235845575, -0.9476148564878741, -0.947614743266402]}