{"FCI": -1.1321209324259212, "Energy": -1.1307433133201112, "Loss": [-0.5139329435958319, -0.5330611940934658, -0.5453476752872387, -0.5546996454362377, -0.5623226810908712, -0.5687697478594483, -0.574347403482556, -0.5792461415290007, -0.5835938512106593, -0.5874813934818949, -0.5909762196330733, -0.5941302218696365, -0.5969845466081743, -0.5995726959986769, -0.6019226111983467, -0.6040581230520274, -0.6059999958670215, -0.6077667023373612, -0.6093750175198868, -0.6108404899983407, -0.6121778301425459, -0.6134012438401475, -0.6145247324140858, -0.6155623737787532, -0.6165285947608999, -0.6174384384765209, -0.6183078221098385, -0.6191537677111395, -0.6199945706458637, -0.6208498483354186, -0.6217403924086146, -0.6226877447547907, -0.6237134525220269, -0.6248380416046305, -0.6260798645210701, -0.6274540670059969, -0.6289719096400043, -0.6306405642102259, -0.6324633476235116, -0.6344402496405734, -0.6365685911290011, -0.6388436896531131, -0.6412594631467001, -0.6438089430098956, -0.6464846907296281, -0.6492791227759164, -0.652184753165749, -0.6551943651145546, -0.6583011239131054, -0.6614986429727523, -0.6647810140750966, -0.6681428114706438, -0.6715790778433053, -0.6750852985100169, -0.678657368708901, -0.6822915575282388, -0.6859844709699577, -0.6897330158168354, -0.693534365354061, -0.6973859275470518, -0.7012853159628227, -0.7052303235093402, -0.7092188989295152, -0.7132491259025293, -0.7173192045588355, -0.7214274351943067, -0.7255722039648728, -0.7297519703494756, -0.7339652561817521, -0.7382106360668121, -0.7424867290166905, -0.74679219115542, -0.7511257093612835, -0.7554859957293428, -0.7598717827515504, -0.7642818191245678, -0.7687148661067742, -0.7731696943561236, -0.7776450811893435, -0.7821398082107668, -0.7866526592659105, -0.7911824186807961, -0.7957278697531691, -0.8002877934662671, -0.8048609673996389, -0.8094461648148835, -0.8140421538971463, -0.8186476971356479, -0.8232615508288548, -0.8278824647016713, -0.832509181623771, -0.8371404374196448, -0.8417749607620975, -0.8464114731420996, -0.8510486889088279, -0.8556853153744898, -0.8603200529793227, -0.8649515955127104, -0.8695786303869192, -0.8741998389604136, -0.878813896908119, -0.8834194746363043, -0.8880152377401088, -0.8925998475019266, -0.8971719614290967, -0.9017302338295636, -0.9062733164242311, -0.9107998589949379, -0.9153085100670335, -0.9197979176256352, -0.9242667298646772, -0.9287135959679125, -0.9331371669211187, -0.9375360963546394, -0.9419090414155569, -0.9462546636686536, -0.9505716300254048, -0.954858613700156, -0.9591142951926561, -0.9633373632960726, -0.9675265161295696, -0.9716804621945168, -0.9757979214533137, -0.979877626429821, -0.9839183233302977, -0.9879187731837283, -0.9918777530003474, -0.9957940569471457, -0.9996664975390686, -1.0034939068446036, -1.0072751377043507, -1.0110090649611698, -1.014694586700474, -1.0183306254990956, -1.0219161296812618, -1.0254500745800732, -1.0289314638028861, -1.0323593304990428, -1.035732738628309, -1.0390507842284251, -1.0423125966802487, -1.0455173399689164, -1.0486642139396247, -1.0517524555466113, -1.0547813400941497, -1.057750182468414, -1.0606583383593235, -1.0635052054716174, -1.066290224724739, -1.0690128814412871, -1.0716727065241796, -1.0742692776229663, -1.0768022202900682, -1.0792712091281154, -1.0816759689298614, -1.0840162758125746, -1.0862919583489363, -1.0885028986969063, -1.090649033730989, -1.0927303561774273, -1.0947469157557088, -1.0966988203283539, -1.0985862370605668, -1.1004093935902723, -1.1021685792081102, -1.1038641460454137, -1.1054965102662684, -1.107066153257544, -1.1085736228078997, -1.1100195342636185, -1.1114045716450183, -1.1127294887030044, -1.1139951098899037, -1.1152023312131019, -1.1163521209333376, -1.1174455200623385, -1.1184836426064948, -1.1194676754948862, -1.1203988781211476, -1.1212785814197426, -1.1221081863889228, -1.1228891619651402, -1.1236230421484252, -1.1243114222758557, -1.1249559543423988, -1.1255583412767356, -1.1261203300958806, -1.1266437038884118, -1.1271302726137986, -1.1275818627555112, -1.1280003059291166, -1.1283874266217957, -1.1287450293241859, -1.129074885402955, -1.1293787201460845, -1.1296582004808076, -1.129914923905769, -1.1301504091812913, -1.130366089275332, -1.1305633069623942]}