{"FCI": -1.0523215656204707, "Energy": -1.0470071651579742, "Loss": [-0.6495792251899355, -0.665951655461575, -0.6777882364096395, -0.6876345005071101, -0.6963052343480977, -0.7041799351054981, -0.7114704136136779, -0.7183084359292137, -0.7247821407500045, -0.7309536241269947, -0.7368683676337558, -0.7425607013426572, -0.7480571651832467, -0.753378678795539, -0.7585419983018071, -0.7635607268975223, -0.7684460356535581, -0.7732071900330334, -0.7778519425364576, -0.7823868308745323, -0.7868174080566169, -0.7911484224885326, -0.7953839607480292, -0.7995275620753259, -0.8035823111358782, -0.8075509138865814, -0.8114357601553434, -0.8152389756666584, -0.8189624656065496, -0.822607951348718, -0.8261770016115959, -0.8296710590504389, -0.8330914630860075, -0.8364394696157932, -0.839716268132878, -0.8429229966832461, -0.8460607550180348, -0.8491306162384902, -0.8521336371845474, -0.8550708677804754, -0.8579433595209757, -0.8607521732566442, -0.8634983864179363, -0.8661830998003743, -0.8688074440200059, -0.8713725857362457, -0.8738797337284196, -0.8763301449018738, -0.8787251302883815, -0.8810660610929558, -0.8833543748235854, -0.8855915815204122, -0.8877792700744388, -0.8899191145906495, -0.8920128807033512, -0.8940624316894827, -0.8960697341446248, -0.8980368628831803, -0.8999660045959885, -0.9018594596453335, -0.903719641203489, -0.9055490707589142, -0.9073503688482502, -0.9091262397630958, -0.9108794489874329, -0.9126127923214195, -0.9143290561227678, -0.9160309689131729, -0.9177211457611837, -0.9194020282673365, -0.9210758244057007, -0.9227444535531846, -0.9244095023541118, -0.9260721963227143, -0.9277333902598716, -0.9293935779982424, -0.9310529193254481, -0.9327112798572004, -0.9343682786093577, -0.936023338134383, -0.9376757330673475, -0.9393246343092139, -0.9409691474241461, -0.9426083448668248, -0.9442412923004466, -0.9458670695714388, -0.9474847869907446, -0.9490935975483332, -0.9506927056355626, -0.952281372804773, -0.9538589210624167, -0.9554247341626145, -0.9569782573318186, -0.9585189958081098, -0.9600465125217094, -0.961560425182301, -0.9630604029800505, -0.9645461630559371, -0.9660174668559351, -0.967474116453046, -0.9689159509000523, -0.9703428426620819, -0.9717546941691559, -0.9731514345230317, -0.9745330163878435, -0.9758994130893583, -0.977250615942135, -0.97858663181759, -0.9799074809587562, -0.9812131950402802, -0.9825038154651295, -0.9837793918836482, -0.9850399809162047, -0.9862856450580436, -0.9875164517441658, -0.9887324725526289, -0.9899337825264093, -0.9911204595961997, -0.9922925840890308, -0.9934502383099606, -0.9945935061861263, -0.9957224729642922, -0.9968372249542811, -0.9979378493119431, -0.999024433856096, -1.0000970669146043, -1.0011558371954627, -1.0022008336790995, -1.003232145528721, -1.0042498620158666, -1.0052540724586587, -1.0062448661706898, -1.0072223324186353, -1.0081865603870868, -1.0091376391491966, -1.0100756576420777, -1.0110007046459248, -1.0119128687661398, -1.0128122384177214, -1.0136989018114515, -1.0145729469413765, -1.015434461573256, -1.0162835332336915, -1.0171202491997096, -1.0179446964886447, -1.0187569618481631, -1.019557131746405, -1.020345292362113, -1.0211215295747873, -1.0218859289547815, -1.0226385757535388, -1.0233795548933375, -1.0241089509588888, -1.0248268481824288, -1.0255333304542513, -1.0262284812257807, -1.0269123837628578, -1.0275851166801626, -1.0282466749915566, -1.028893921432791, -1.0294595141596339, -1.0300671686226655, -1.030748668520497, -1.031363024318016, -1.0319578740371376, -1.0325412765317314, -1.0331144854475465, -1.0336777666362789, -1.0342311905468686, -1.034774800941862, -1.0353086283975816, -1.03583270898592, -1.0363470706539515, -1.0368517375544133, -1.0373466802052838, -1.0378317339019194, -1.0383060874449197, -1.0387676323482897, -1.0392124565141478, -1.039654652115258, -1.04009635616874, -1.04053010268609, -1.0409541444271415, -1.0413663476942099, -1.0417689348931756, -1.0421614555628023, -1.0425448983381067, -1.0429190732169604, -1.0432843329827075, -1.0436404239041617, -1.0439874107034446, -1.0443250799829393, -1.044653772705182, -1.044974196618481, -1.045287656791936, -1.0455938091153758, -1.0458931799680629, -1.0461839123497367, -1.0464668592354358, -1.0467409849255285]}