{"FCI": -0.9808567065778034, "Energy": -0.9249822428245792, "Loss": [-0.4771332160582911, -0.49056009746777496, -0.5005414588120891, -0.5090043123148958, -0.5165719670966902, -0.5235361631285883, -0.5300602152341606, -0.5362459264493494, -0.5421614951604316, -0.5478550269746233, -0.5533617950059904, -0.5587084548489328, -0.5639156430162504, -0.5689996579211589, -0.5739735915272219, -0.5788481174130548, -0.5836320561012989, -0.5883327917319738, -0.5929565872635065, -0.5975088293767461, -0.6019942244980329, -0.6064169613589189, -0.6107808519101611, -0.6150894604688709, -0.6193462303371079, -0.6235546176734402, -0.6277182441850991, -0.6318410833873612, -0.6359276997778461, -0.6399835655991438, -0.6440154828647287, -0.6480321297620038, -0.6520447077469685, -0.6560675455505599, -0.6601182748569259, -0.6642168993865263, -0.6683831382478695, -0.6726324323479848, -0.6769725451386954, -0.6814027780528398, -0.6859158212401538, -0.6905005803664276, -0.695144531909299, -0.699835168266967, -0.7045607063554644, -0.7093103538305017, -0.714074350717643, -0.7188439113345607, -0.723611129550377, -0.7283688766930436, -0.7331107046658856, -0.7378307589474785, -0.7425237025842207, -0.7471846507571208, -0.751809114917022, -0.7563929553207616, -0.7609323408248404, -0.765423714891986, -0.7698637668885441, -0.7742494078737151, -0.7785777501959597, -0.7828460903135405, -0.7870518943447443, -0.7911927859295533, -0.7952665360494703, -0.7992710545073974, -0.8032043828161098, -0.8070646882833576, -0.810850259114777, -0.8145595003839459, -0.8181909307425387, -0.8217431797635125, -0.8252149858271477, -0.828605194473989, -0.8319127571608728, -0.8351367303664443, -0.8382762750011817, -0.8413306560844644, -0.8442992426573421, -0.8471815079050691, -0.8499770294679189, -0.8526854899226296, -0.8553066774199332, -0.8578404864662745, -0.8602869188398712, -0.8626460846328701, -0.8649182034123729, -0.8671036054937694, -0.8692027333197642, -0.8712161429379489, -0.8731445055685073, -0.8749886092516037, -0.876749360561003, -0.8784277863664101, -0.8800250356215745, -0.8815423811481811, -0.8829812213766768, -0.8843430819939311, -0.8856296174338358, -0.8868426121299682, -0.887983981428922, -0.8890557720384872, -0.8900601618561306, -0.8909994589902043, -0.8918760997492268, -0.8926926453344738, -0.8934517769296438, -0.8941562888418418, -0.8948090793154279, -0.8954131386214516, -0.8959715340302692, -0.8964873913156531, -0.896963872529859, -0.8974041499449922, -0.8978113762894353, -0.8981886517235398, -0.8985389883885262, -0.8988652737986863, -0.8991702347782226, -0.8994564039952654, -0.8997260913279284, -0.8999813622260802, -0.9002240248544945, -0.9004556271224589, -0.9006774637988535, -0.9008905929231404, -0.9010958598293471, -0.9012939264662274, -0.9014853034260182, -0.9016703822029504, -0.9018494656227021, -0.902022794991798, -0.902190573173617, -0.9023529833905306, -0.9025102040075221, -0.9026624198473762, -0.9028098307326029, -0.9029526579791747, -0.9030911495220663, -0.903225584269934, -0.903356276194349, -0.9034835785758477, -0.9036078887632587, -0.9037296537561686, -0.9038493768885957, -0.9039676258667028, -0.9040850423813896, -0.9042023534590269, -0.9043203846027211, -0.9044400745741825, -0.9045624913212518, -0.9046888480075574, -0.9048205172924004, -0.904959040924445, -0.9051061304417645, -0.9052636536065239, -0.9054336007275983, -0.905618026086998, -0.9058189631037228, -0.9060383177895102, -0.9062777522270442, -0.9065385754826214, -0.9068216604643569, -0.9071274003853074, -0.907455709345514, -0.9078060619407049, -0.9081775603190266, -0.9085690151460422, -0.9089790286470735, -0.9094060713992185, -0.9098485481968521, -0.9103048512248882, -0.9107734007157746, -0.911252674366834, -0.9117412272890021, -0.9122377043641351, -0.9127408467711022, -0.913249494212675, -0.9137625841080841, -0.9142791487523573, -0.9147983112063174, -0.9153192804801602, -0.9158413464106404, -0.916363874504645, -0.9168863009252405, -0.9174081277250514, -0.9179289183805518, -0.9184482936450824, -0.9189659277141576, -0.9194815446810319, -0.9199949152509125, -0.9205058536771269, -0.9210142148805073, -0.9215198917133847, -0.922022812331316, -0.9225229376383864, -0.9230202587757026, -0.9235147946269339, -0.9240065893198425, -0.9244957097081994]}