{"FCI": -1.0551607375072107, "Energy": -1.055142002752581, "Loss": [-0.441850431094752, -0.47772391564211547, -0.5031361727447822, -0.5239921393410689, -0.5421657599337623, -0.5585269208025292, -0.5735606526512355, -0.5875689375045747, -0.6007543036461978, -0.6132601021373387, -0.6251920666736883, -0.6366307908914384, -0.6476393977603755, -0.6582684845426436, -0.6685594360823903, -0.6785467141671985, -0.6882594773893171, -0.69772274638241, -0.7069582490055031, -0.7159850323070786, -0.7248198992528048, -0.7334777109482418, -0.7419715853474874, -0.7503130186738939, -0.7585119540763601, -0.7665768216262636, -0.7745145728651468, -0.7823307302383167, -0.7900294661211849, -0.7976137181421517, -0.8050853386669125, -0.812445268765678, -0.8196937225356605, -0.826830366999132, -0.8338544853712032, -0.8407651158835555, -0.8475611630191625, -0.8542414818387482, -0.8608049385656005, -0.8672504517675861, -0.873577018649253, -0.8797837305314039, -0.8858697808820769, -0.8918344684961061, -0.8976771977258713, -0.9033974770942175, -0.9089949171796381, -0.9144692283384901, -0.9198202185981047, -0.9250477918957672, -0.9301519467335473, -0.9351327752527636, -0.9399904626930118, -0.9447252871805505, -0.949337619782083, -0.9538279247580571, -0.9581967599501577, -0.9624447772386356, -0.9665727230045519, -0.970581438529489, -0.9744718602604938, -0.9782450198610388, -0.9819020439603839, -0.9854441535040741, -0.9888726625985356, -0.9921889767335643, -0.9953945902593091, -0.9984910829905715, -1.0014801158130124, -1.004363425175259, -1.007142816370858, -1.0098201555471624, -1.0123973604269807, -1.014876389795458, -1.0172592318888234, -1.0195478919221184, -1.0217443791042076, -1.0238506936013791, -1.0258688140129704, -1.0278006859971553, -1.0296482127147786, -1.0314132477279419, -1.03309759088736, -1.0347029875676954, -1.0362311313749122, -1.0376836701789651, -1.0390622150545965, -1.0403683514812512, -1.0416036519963996, -1.042769689437025, -1.0438680499474042, -1.044900345063046, -1.045868222371331, -1.0467733744613628, -1.0476175460719168, -1.0484025394989285, -1.0491302184181357, -1.0498025103130126, -1.050421407683407, -1.0509889681629274, -1.0515073136102837, -1.0519786281758454, -1.0524051552601936, -1.0527891918598875, -1.0531330085106587, -1.053434708913449, -1.0535969602205209, -1.0538993610930758, -1.054143090133656, -1.0543315557727875, -1.0544878916302156, -1.0546195707480623, -1.0547300836453397, -1.0548220122611802, -1.0548976455305998, -1.0549591021123408, -1.0550083405820747, -1.0550471259580516, -1.0550769336048331, -1.0550986760498349, -1.0551119674623457, -1.055114144034344, -1.055104739496411, -1.0550983744233553, -1.0551074059149377, -1.0551237226224914, -1.0551370836548284, -1.0551453187683595, -1.0551498433838815, -1.0551520989298437, -1.055152908451658, -1.055152608681857, -1.0551511985365913, -1.0551484368633026, -1.0551440308504911, -1.0551381739959107, -1.0551323951938363, -1.0551294005653713, -1.0551306990169236, -1.0551349730618798, -1.0551398181419447, -1.0551437552736032, -1.0551463929019476, -1.0551478307493096, -1.0551482485741823, -1.0551477633673265, -1.0551464290870554, -1.0551443143589736, -1.0551416410397711, -1.0551389223707779, -1.0551369231977104, -1.0551362979883123, -1.0551371484606598, -1.0551389844118482, -1.0551411083531166, -1.0551429816349083, -1.0551443253439932, -1.0551450492873782, -1.0551451589427892, -1.0551447045021172, -1.05514377523183, -1.0551425214552157, -1.0551411753498245, -1.055140032174316, -1.0551393679586005, -1.0551393256527941, -1.0551398526041873, -1.0551407407855726, -1.0551417312225155, -1.0551426046448094, -1.0551432196564576, -1.0551435099661517, -1.0551434678103337, -1.0551431310283077, -1.055142577343856, -1.055141919955623, -1.0551412948680876, -1.0551408340236477, -1.0551406294749697, -1.0551407053941668, -1.0551410144209221, -1.055141460057631, -1.0551419310069936, -1.0551423304600864, -1.0551425921346271, -1.0551426845538647, -1.0551426089114035, -1.0551423945479956, -1.0551420930044275, -1.0551417695100342, -1.055141488307819, -1.0551412162229556, -1.0551377011129104, -1.0550359131079645, -1.0549813059633673, -1.0551038647028332, -1.0551340688288668, -1.0551400998158984, -1.0551415374044226, -1.05514194480808]}