{"FCI": -1.011800010850166, "Energy": -1.0117144351659304, "Loss": [-0.41818954518545237, -0.42028478222540766, -0.42179071205466573, -0.4231066756690317, -0.4244088735808895, -0.4258933145642305, -0.42783145520192506, -0.43040110239040275, -0.4335744478778136, -0.4372479031152676, -0.4413255950767556, -0.44573379978789507, -0.45041773726913237, -0.45533650489162414, -0.46045901748765516, -0.46576112120788415, -0.47122360215797104, -0.4768308152599635, -0.48256973207346754, -0.48842927107973055, -0.4943998199224688, -0.5004728897045753, -0.5066408614080457, -0.512896797510709, -0.5192343004015946, -0.525647404848175, -0.5321304955611363, -0.5386782434807909, -0.5452855561861202, -0.5519475390679376, -0.5586594647847714, -0.5654167491478733, -0.572214932036385, -0.5790496622764262, -0.5859166856641658, -0.5928118354968741, -0.5997310251147251, -0.6066702420617205, -0.6136255435551139, -0.6205930530154109, -0.6275689574578349, -0.6345495055845176, -0.641531006446906, -0.6485098285720109, -0.6554823994653577, -0.6624452054189778, -0.6693947915653635, -0.6763277621284232, -0.6832407808308497, -0.690130571424086, -0.696993918312746, -0.7038276672499449, -0.7106287260838732, -0.7173940655391782, -0.7241207200193642, -0.7308057884187295, -0.7374464349341956, -0.7440398898690364, -0.7505834504218316, -0.7570744814551453, -0.7635104162393812, -0.7698887571681354, -0.7762070764420405, -0.782463016718754, -0.7886542917272367, -0.7947786868449351, -0.8008340596368865, -0.8068183403560982, -0.8127295324048666, -0.8185657127569458, -0.82432503234073, -0.8300057163838181, -0.835606064719485, -0.8411244520558144, -0.8465593282083131, -0.8519092182970472, -0.8571727229093877, -0.8623485182296634, -0.8674353561370152, -0.8724320642729607, -0.8773375460801751, -0.8821507808141787, -0.8868708235296477, -0.8914968050431533, -0.8960279318742753, -0.9004634861670548, -0.9048028255938637, -0.9090453832438325, -0.9131906674980889, -0.9172382618940849, -0.9211878249813801, -0.9250390901713641, -0.928791865583367, -0.9324460338897664, -0.9360015521626945, -0.9394584517249825, -0.9428168380080282, -0.9460768904193158, -0.9492388622221893, -0.9523030804306221, -0.9552699457214808, -0.9581399323668063, -0.9609135881884026, -0.9635915345368297, -0.9661744662966278, -0.9686631519191997, -0.9710584334842567, -0.9733612267902281, -0.9755725214731072, -0.9776933811523971, -0.9797249436015051, -0.9816684209385972, -0.9835250998320787, -0.9852963417127855, -0.9869835829824123, -0.9885883352046203, -0.9901121852616976, -0.9915567954553365, -0.9929239035251464, -0.9942153225526924, -0.9954329407122626, -0.9965787208219986, -0.9976546996405838, -0.9986629868454513, -0.9996057636184186, -1.0004852807543076, -1.0013038561975567, -1.0020638719020634, -1.0027677699010407, -1.0034180474680472, -1.0040172512489138, -1.0045679702491002, -1.0050728275743281, -1.0055344708466698, -1.0059555612561257, -1.006338761261389, -1.0066867210239068, -1.007002063746312, -1.0072873701866714, -1.0075451627273977, -1.007777889482108, -1.0079879090108252, -1.0081774762675222, -1.0083487304063847, -1.008503685010873, -1.008644221175767, -1.0087720836718728, -1.0088888801746756, -1.008996083273593, -1.0090950347384475, -1.0091869513454372, -1.009272931489693, -1.0093539618509508, -1.0094309235274777, -1.0095045972835541, -1.0095756678243508, -1.0096447272692026, -1.0097122781940393, -1.009778736723259, -1.0098444361565828, -1.0099096315238199, -1.0099745052947366, -1.0100391742685837, -1.0101036974691402, -1.010168084712209, -1.010232305418383, -1.0102962972239813, -1.0103599739914821, -1.0104232329196305, -1.0104859605777714, -1.0105480378140912, -1.0106093435929533, -1.0106697578903008, -1.0107291638145115, -1.0107874491271154, -1.0108445073215317, -1.010900238388828, -1.0109545493663592, -1.0110073547347305, -1.0110585767045996, -1.0111081454180904, -1.0111559990794994, -1.0112020840246978, -1.0112463547362338, -1.0112887738106486, -1.0113293118841655, -1.0113679475230717, -1.011404667084737, -1.0114394645547216, -1.0114723413647535, -1.0115033061954155, -1.011532374766355, -1.011559569615791, -1.011584919869988, -1.0116084610022098, -1.0116302345796695, -1.0116502879958642, -1.0116686741848393, -1.0116854513129578, -1.011700682443129]}