{"FCI": -0.9981488619840654, "Energy": -0.9979500989751469, "Loss": [-0.8816185676943428, -0.8846253306458688, -0.8858101017739177, -0.8865327964113908, -0.8870905155832807, -0.887575778489438, -0.8880233881214232, -0.8884515678118445, -0.888874305517084, -0.8893049304016024, -0.8897567826175289, -0.8902425155001789, -0.8907726395120666, -0.8913540969903597, -0.8919896819195141, -0.8926785293619376, -0.8934172344482434, -0.8942010135267825, -0.8950245791240486, -0.895882677225687, -0.8967703650473527, -0.8976831258651029, -0.8986168940190585, -0.8995680357770697, -0.9005333117373354, -0.901509834161671, -0.9024950257164619, -0.9034865824103221, -0.9044824416333563, -0.9054807552870358, -0.9064798675830594, -0.9074782969349096, -0.9084747213352633, -0.9094679666374493, -0.9104569972042299, -0.9114409084350565, -0.9124189207254406, -0.9133903744463617, -0.9143547255575428, -0.915311541488156, -0.9162604969348445, -0.9172013692448987, -0.9181340330770197, -0.9190584540700152, -0.9199746813073544, -0.9208828384481899, -0.9217831135064197, -0.9226757473967379, -0.9235610215220676, -0.9244392448340938, -0.9253107409338278, -0.9261758358646272, -0.9270348472598318, -0.9278880754260285, -0.9287357967728728, -0.929578259764983, -0.9304156833119757, -0.9312482572778001, -0.9320761446233207, -0.9328994846201679, -0.9337183965903316, -0.9345329837133877, -0.9353433365698443, -0.9361495362217999, -0.9369516567467691, -0.9377497672242717, -0.9385439332259979, -0.9393342178844474, -0.9401206826198993, -0.940903387599619, -0.9416823919923739, -0.9424577540692802, -0.9432295311913128, -0.9439977797145379, -0.944762554837101, -0.9455239104063979, -0.9462818987007728, -0.9470365701968283, -0.9477879733311159, -0.9485361542630032, -0.9492811566440056, -0.9500230213976351, -0.9507617865127307, -0.9514974868523844, -0.9522301539797507, -0.9529598160013838, -0.953686497428219, -0.9544102190537185, -0.9551309978484156, -0.9558488468696488, -0.9565637751850619, -0.9572757878082034, -0.9579848856444036, -0.9586910654449776, -0.9593943197678184, -0.9600946369422587, -0.9607920010362634, -0.9614863918239348, -0.9621777847513875, -0.9628661508991603, -0.9635514569393921, -0.9642336650860955, -0.964912733036964, -0.9655886139053034, -0.9662612561407198, -0.9669306034374285, -0.9675965946291123, -0.9682591635694259, -0.9689182389974536, -0.969573744387516, -0.9702255977830565, -0.970873711614446, -0.9715179925009046, -0.972158341037026, -0.9727946515647122, -0.9734268119317804, -0.9740547032389448, -0.974678199577381, -0.9752971677597234, -0.9759114670478921, -0.9765209488819986, -0.9771254566151797, -0.9777248252601679, -0.9783188812541587, -0.9789074422494731, -0.9794903169383253, -0.980067304920907, -0.9806381966267526, -0.9812027733000842, -0.9817608070603652, -0.9823120610497906, -0.9828562896795384, -0.9833932389867228, -0.983922647113521, -0.9844442449195495, -0.9849577567374078, -0.9854629012802801, -0.9859593927087419, -0.9864469418620551, -0.9869252576570963, -0.9873940486554761, -0.987853024796836, -0.9883018992933658, -0.9887403906777105, -0.9891682249932241, -0.9895851381127068, -0.9899908781683798, -0.9903852080733111, -0.9907679081107508, -0.9911387785661901, -0.9914976423719852, -0.991844347734632, -0.9921787707069031, -0.9925008176712835, -0.9928104276870184, -0.9931075746654221, -0.9933922693119915, -0.9936645608018747, -0.9939245381080485, -0.9941723309568806, -0.9944081103074012, -0.9946320883424694, -0.9948445178559255, -0.9950456910210694, -0.9952359374867643, -0.9954156216525584, -0.9955851394516695, -0.9957449137340164, -0.9958953901820295, -0.9960370293232534, -0.9961703023884645, -0.9962956682393556, -0.9964135562086684, -0.9965241622209857, -0.9966273215402972, -0.996719429632175, -0.9968061343651509, -0.9968834758969771, -0.9969698565142727, -0.9970470337486663, -0.997119485588449, -0.9971872401959037, -0.9972514863922832, -0.9973124622491389, -0.9973704552939977, -0.9974255700428414, -0.9974779463897496, -0.9975276576339553, -0.9975748063582974, -0.9976194523982682, -0.9976616831116407, -0.997701541452114, -0.9977391007450989, -0.9977743479209158, -0.9978073093809388, -0.9978376661460273, -0.9978653424022373, -0.9978885526516288, -0.9979100812259191, -0.9979275133858594]}