{"FCI": -1.011800010850166, "Energy": -1.0117850287380712, "Loss": [-0.8529508057578028, -0.8658746927926579, -0.8747548857794649, -0.8818762652573066, -0.8879580798855684, -0.8933332247754368, -0.898187162606991, -0.9026354324242266, -0.9067556642629276, -0.910602972303628, -0.9142181808345988, -0.9176325769800736, -0.9208708263602536, -0.9239528480511032, -0.9268950660729676, -0.9297112693010547, -0.9324132150934019, -0.93501105890668, -0.9375136618638149, -0.9399288104337825, -0.9422633718058556, -0.9445234022986904, -0.946714222521918, -0.9488404708541693, -0.9509061452552705, -0.9529146418355694, -0.9548687965563292, -0.9567709338587582, -0.9586229231948262, -0.9604262418801923, -0.9621820409368336, -0.9638912099376911, -0.9655544372557052, -0.9671722632089419, -0.9687451249224559, -0.9702733929065337, -0.9717574001637186, -0.9731974650449676, -0.9745939091557112, -0.975947071488159, -0.9772573197398153, -0.9785250595495504, -0.9797507421850972, -0.9809348710643506, -0.9820780073860724, -0.9831807750736768, -0.984243865187737, -0.9852680399283417, -0.9862541363197412, -0.9872030696408723, -0.9881158366319378, -0.9889935184661967, -0.9898372834238538, -0.9906483891391097, -0.9914281842089603, -0.9921781088510968, -0.9928996941776901, -0.9935945595146194, -0.9942644070501936, -0.9949110129612786, -0.9955362140690411, -0.9961418890678044, -0.9967299335116997, -0.9973022281052235, -0.997860600484038, -0.9984067816043467, -0.9989423590079516, -0.9994687304002592, -0.9999870618604576, -1.0004982552470536, -1.0010029287154283, -1.0015014127212087, -1.0019937617538046, -1.0024797798716414, -1.0029590564601207, -1.0034310078628326, -1.0038949206803165, -1.0043499933461146, -1.0047953737118158, -1.0052301914721347, -1.005653585134593, -1.0060647238167735, -1.0064628244634428, -1.0068471651855186, -1.0072170954078918, -1.007572043434221, -1.0079115219346844, -1.0082351317606628, -1.0085425643993389, -1.008833603304768, -1.0091081242793851, -1.0093660950294834, -1.0096075739773007, -1.0098327083790253, -1.0100417317709043, -1.0102349607437406, -1.0104127910289986, -1.0105756928680003, -1.0107242056295953, -1.0108589316424437, -1.0109805292167902, -1.011089704848449, -1.0111872046261012, -1.0112738049016698, -1.0113503023328516, -1.0114175034640924, -1.0114762140741085, -1.0115272285784729, -1.0115713198268994, -1.0116092296676622, -1.011641660656897, -1.0116692692606408, -1.0116926608288903, -1.0117123865154594, -1.0117289421837654, -1.0117427691919505, -1.0117542568104285, -1.0117637459114586, -1.0117715335001884, -1.0117778776412907, -1.0117830023680603, -1.011787102250859, -1.0117903462101294, -1.0117928767682758, -1.0117946903212909, -1.0117920648083394, -1.011730561034472, -1.0117320122541325, -1.0117704157779157, -1.0117880681810216, -1.0117939793925843, -1.0117962451587221, -1.0117973008752517, -1.0117978859773054, -1.0117982228776514, -1.0117983724177282, -1.0117982957316638, -1.011797838034031, -1.0117965642209037, -1.0117934543306908, -1.0117865106852848, -1.0117750883634247, -1.0117665440767745, -1.011770262462931, -1.0117799836887873, -1.0117877055012487, -1.0117921521561637, -1.0117944446891207, -1.0117955135134307, -1.0117958352938263, -1.0117955720239382, -1.0117946817840484, -1.0117929586122216, -1.011790127086278, -1.0117861721794024, -1.0117820293875273, -1.011779688906016, -1.0117804616275712, -1.011783447774788, -1.0117868380707695, -1.0117895509452794, -1.0117913431611334, -1.011792319977595, -1.0117926263713604, -1.0117923482317268, -1.011791514388768, -1.0117901474355713, -1.0117883601560358, -1.011786469402562, -1.0117849921183582, -1.0117843274594622, -1.0117834579146228, -1.0117719590602618, -1.0117441929454012, -1.0117693098264093, -1.0117844379158443, -1.0117888184609714, -1.0117899314573222, -1.0117899904684111, -1.0117894948964243, -1.0117887084068375, -1.0117877876357424, -1.0117869697498985, -1.0117864112109425, -1.0117862173339764, -1.0117861999619504, -1.011785939959813, -1.0117843265602096, -1.0117800106679813, -1.01177452557901, -1.0117749891891874, -1.0117799031576595, -1.011783903005736, -1.0117857533395946, -1.0117864324269998, -1.011786472620019, -1.011786355127685, -1.0117861492676872, -1.011785977861397, -1.0117856400095504]}