{"FCI": -0.9543386010184702, "Energy": -0.9543241017873861, "Loss": [-0.42697283847963563, -0.43310680186614114, -0.4381091890542436, -0.4426596737227809, -0.44698027208702135, -0.45117507884904595, -0.45530231764401186, -0.45939818880967204, -0.46348682728584173, -0.4675851210441772, -0.4717052960733422, -0.47585641395222783, -0.4800452929208952, -0.48427710231433263, -0.4885557617736068, -0.4928842185329321, -0.4972646456988742, -0.5016985876953666, -0.5061870694025664, -0.5107306797450086, -0.5153296369141318, -0.5199838401374939, -0.5246929114229392, -0.5294562297149695, -0.5342729592252472, -0.5391420732305018, -0.5440623743006702, -0.549032511683281, -0.554050996398378, -0.5591162144718604, -0.5642264386411745, -0.5693798387965433, -0.574574491367172, -0.5798083878205885, -0.5850794424112836, -0.5903854992897818, -0.5957243390635365, -0.6010936848853109, -0.6064912081321253, -0.6119145337276183, -0.6173612451524472, -0.622828889180436, -0.6283149803726774, -0.633817005356996, -0.6393324269164242, -0.6448586879068926, -0.6503932150217259, -0.6559334224180435, -0.6614767152182786, -0.6670204928982176, -0.6725621525715745, -0.678099092179781, -0.6836287135946528, -0.6891484256406042, -0.694655647042309, -0.7001478093029806, -0.705622359517878, -0.7110767631270754, -0.716508506611148, -0.7219151001329948, -0.7272940801287013, -0.7326430118500701, -0.7379594918612176, -0.7432411504913813, -0.7484856542459554, -0.7536907081775837, -0.7588540582189909, -0.7639734934791362, -0.7690468485041315, -0.7740720055042182, -0.779046896548015, -0.7839695057250287, -0.7888378712773529, -0.793650087701118, -0.7984043078181483, -0.8030987448178531, -0.8077316742690447, -0.8123014361008468, -0.8168064365512588, -0.8212451500811845, -0.8256161212508266, -0.829917966554188, -0.8341493762061079, -0.8383091158746009, -0.8423960283493528, -0.846409035134962, -0.85034713795484, -0.8542094201486576, -0.8579950479427967, -0.861703271569384, -0.8653334262053398, -0.8688849326984448, -0.8723572980429313, -0.8757501155627616, -0.8790630647570106, -0.8822959107589048, -0.8854485033590608, -0.8885207755446057, -0.8915127415106059, -0.8944244941090254, -0.897256201714717, -0.9000081045081476, -0.9026805102013683, -0.9052737892668085, -0.9077883697667796, -0.9102247319226362, -0.9125834026029698, -0.9148649499447872, -0.9170699783448968, -0.9191991240646326, -0.9212530516749806, -0.923232451528786, -0.925138038383249, -0.9269705512149636, -0.9287307541807799, -0.9304194385927863, -0.9320374257071884, -0.9335855700844579, -0.9350647632669263, -0.9364759375390415, -0.9378200695780015, -0.9390981838583562, -0.9403113557316759, -0.9414607141520985, -0.9425474440542787, -0.9435727884097964, -0.9445380499932103, -0.945444592883103, -0.9462938437109587, -0.9470872926552549, -0.9478264941621607, -0.9485130673588651, -0.9491486961115148, -0.9497351286664144, -0.9502741768009049, -0.9507677143986097, -0.9512176753529681, -0.9516260506933993, -0.9519948848210159, -0.9523262707362601, -0.9526223441408288, -0.9528852763023459, -0.9531172655843865, -0.953320527568843, -0.9534972837343869, -0.9536497487057165, -0.9537801161546402, -0.9538905435157408, -0.9539831357747077, -0.9540599286922, -0.95412287193341, -0.95417381267333, -0.9542144803274765, -0.9542464731030574, -0.9542712470622841, -0.9542901083260746, -0.9543042089169428, -0.9543145465469827, -0.9543219684130437, -0.9543271787893658, -0.9543307499387985, -0.9543331356310086, -0.9543346863917274, -0.9543356655329773, -0.9543362650394747, -0.9543366205038039, -0.954336824491008, -0.9543369379405685, -0.9543369994456661, -0.9543370324546631, -0.9543370505957927, -0.9543370614223563, -0.9543370689135078, -0.9543370750555602, -0.9543370807859436, -0.9543370865231577, -0.9543370924396385, -0.9543370983759919, -0.9543370947658805, -0.9543366456904143, -0.954318263473626, -0.954288159718188, -0.9543267934037488, -0.9543352909273366, -0.954336726029792, -0.9543370295800704, -0.9543371165267208, -0.95433715147866, -0.9543371710444188, -0.9543371849572431, -0.9543371958832979, -0.9543372037493116, -0.9543372059072504, -0.954337194082395, -0.9543371430859428, -0.9543369701781482, -0.9543363838006467, -0.9543343782772118, -0.9543286806502429, -0.9543216475755234]}