{"FCI": -0.9808567065778034, "Energy": -0.9704251210812446, "Loss": [-0.5122103406737366, -0.5247943243887532, -0.5345394397841486, -0.5430336412666378, -0.5507962795970156, -0.5580710898720916, -0.5649943583817754, -0.5716507017582397, -0.5780964279778164, -0.5843708788851923, -0.5905025370183676, -0.5965125760949079, -0.6024170520092934, -0.6082283209667024, -0.6139559940247021, -0.6196076009885803, -0.6251890651995804, -0.630705051326194, -0.6361592255043508, -0.6415544535180122, -0.6468929542461683, -0.6521764201993266, -0.6574061134310517, -0.6625829427405026, -0.6677075264618597, -0.672780244008493, -0.6778012785407985, -0.6827706525523696, -0.6876882577503675, -0.6925538802967277, -0.6973672222456525, -0.7021279198382234, -0.7068355591814857, -0.7114896897366386, -0.7160898359608788, -0.7206355073846518, -0.7251262073564936, -0.7295614406479374, -0.7339407200792701, -0.7382635723011902, -0.7425295428465131, -0.7467382005489823, -0.7508891414121703, -0.7549819919997363, -0.7590164124087065, -0.7629920988792503, -0.7669087860876614, -0.7707662491635136, -0.7745643054670436, -0.7783028161587414, -0.7819816875894665, -0.7856008725364431, -0.7891603713077251, -0.7926602327354183, -0.7961005550757863, -0.799481486832465, -0.8028032275171523, -0.806066028360387, -0.8092701929831958, -0.8124160780385447, -0.8155040938293704, -0.8185347049076992, -0.8215084306565565, -0.8244258458531096, -0.827287581207551, -0.8300943238674166, -0.8328468178711597, -0.8355458645275746, -0.8381923226889733, -0.8407871088752837, -0.8433311971934566, -0.845825618981334, -0.8482714620870664, -0.8506698696744899, -0.853022038421417, -0.8553292159520536, -0.8575926973178906, -0.8598138203149542, -0.8619939594020098, -0.8641345179684866, -0.8662369186978054, -0.8683025917891187, -0.8703329608467042, -0.8723294263315114, -0.8742933466024398, -0.8762260167627456, -0.8781286457697265, -0.8800023325543548, -0.8818480422086775, -0.8836665835942348, -0.8854585899513894, -0.8872245041870638, -0.8889645704314224, -0.8906788331483216, -0.8923671445633347, -0.8940291804864103, -0.8956644638472987, -0.8972723945488588, -0.8988522836928747, -0.9004033899289224, -0.901924955652725, -0.9034162410135914, -0.9048765541162299, -0.9063052763334234, -0.9077018821976613, -0.9090659538443149, -0.9103971903930551, -0.9116954129592201, -0.9129605661804399, -0.9141927172349967, -0.9153920533307799, -0.9165588785723195, -0.9176936109850725, -0.9187967803078563, -0.9198690269740606, -0.9209111025062306, -0.9219238713592999, -0.9229083140695138, -0.9238655313942624, -0.9247967489474853, -0.9257033216246874, -0.9265867368481109, -0.9274486153322322, -0.9282907076808339, -0.9291148847282432, -0.9299231192407751, -0.9307174565913097, -0.9314999725748918, -0.9322727179207179, -0.9330376514138896, -0.9337965666520401, -0.934551020578019, -0.9353022738328554, -0.9360512524511085, -0.936798537022306, -0.9375443800093249, -0.9382887463467233, -0.9390313687040192, -0.9397718078743492, -0.9405095102990613, -0.9412438575864952, -0.9419742057958395, -0.9426999144673325, -0.9434203666700507, -0.9441349818513715, -0.9448432232802174, -0.9455446016309548, -0.9462386759283665, -0.9469250527611661, -0.9476033844114408, -0.9482733663480994, -0.9489347343873248, -0.9495872617209493, -0.9502307559434726, -0.9508650561607234, -0.9514900302311462, -0.9521055721693111, -0.9527115997268785, -0.9533080521568814, -0.9538948881608155, -0.9544720840140056, -0.9550396318620072, -0.9555975381791695, -0.9561458223794853, -0.9566845155692758, -0.9572136594310685, -0.9577333052278469, -0.9582435129171188, -0.9587443503641042, -0.9592358926440949, -0.9597182214228348, -0.9601914244087029, -0.9606555948541899, -0.9611108311460898, -0.9615572362838869, -0.9619949179789891, -0.9624239853720615, -0.9628445398346843, -0.9632561354382763, -0.9636501176068326, -0.9639909356446561, -0.9644195542424379, -0.9647980034595183, -0.9651671239768841, -0.9655288737943741, -0.9658835548996667, -0.9662312561833998, -0.9665720812579484, -0.9669061267512884, -0.9672334967829164, -0.9675542961523806, -0.9678686330288148, -0.9681766166104293, -0.9684783577365399, -0.9687739677225271, -0.9690635584754188, -0.969347241747856, -0.9696251291418951, -0.9698973315531607, -0.9701639591847474]}