{"FCI": -1.0523215656204707, "Energy": -1.0521941136587407, "Loss": [-0.7028829960490363, -0.7133389296963019, -0.7205217041945459, -0.7265678653195453, -0.7321007042245609, -0.7373474636872692, -0.7424081663770504, -0.7473370723918842, -0.7521676498881027, -0.7569220949985016, -0.7616158186740354, -0.7662598578618758, -0.7708622826518806, -0.7754290674692355, -0.7799646562109934, -0.7844723433674319, -0.7889545397386887, -0.7934129631338853, -0.7978487787648533, -0.8022627049708496, -0.8066550944642848, -0.8110259979146646, -0.8153752145400559, -0.8197023329724699, -0.8240067647264601, -0.8282877719610503, -0.8325444907809589, -0.8367759510091287, -0.8409810931370927, -0.8451587829954476, -0.8493078245654035, -0.8534269712617502, -0.8575149359489855, -0.8615703999000403, -0.8655920208664698, -0.869578440397603, -0.8735282905211874, -0.8774401998785286, -0.8813127993912249, -0.8851447275239959, -0.8889346351975782, -0.8926811903971902, -0.8963830825148987, -0.9000390264581761, -0.903647766551804, -0.9072080802557438, -0.9107187817176092, -0.9141787251747526, -0.9175868082175792, -0.9209419749224904, -0.9242432188597198, -0.9274895859782821, -0.9306801773670148, -0.9338141518875974, -0.936890728672152, -0.939909189474672, -0.9428688808622967, -0.9457692162290665, -0.9486096776118237, -0.9513898172851692, -0.954109259110319, -0.9567676996115272, -0.9593649087538394, -0.9619007303978054, -0.9643750824106901, -0.9667879564203266, -0.9691394172071941, -0.9714296017429119, -0.9736587178989456, -0.9758270428674638, -0.9779349213561158, -0.9799827636384615, -0.981971043560016, -0.983900296614108, -0.9857711182096313, -0.9875841622521582, -0.989340140149679, -0.9910398203340669, -0.9926840283605324, -0.9942736476124847, -0.9958096206017212, -0.9972929508177334, -0.9987247050482826, -1.000106016068459, -1.0014380855771912, -1.0027221872472878, -1.003959669744376, -1.0051519595580543, -1.00630056347173, -1.0074070704733191, -1.008473152876041, -1.0095005663773127, -1.0104911487363668, -1.0114468167019361, -1.0123695607765528, -1.0132614373734192, -1.0141245579176805, -1.014961074482592, -1.0157731616504997, -1.016562994466704, -1.0173327226249222, -1.0180844413880572, -1.018820160190835, -1.0195417703482141, -1.0202510137333924, -1.0209494545962754, -1.0216384567668497, -1.022319168250681, -1.0229925146535859, -1.023659202025809, -1.0243197287278496, -1.02497440497381, -1.0256233779862198, -1.0262666603244015, -1.026904158961721, -1.0275357030296073, -1.0281610686980571, -1.0287800002848806, -1.0293922272604177, -1.029997477265076, -1.0305954855554127, -1.0311860014488727, -1.0317687923779633, -1.0323436461287874, -1.032910371760782, -1.0334687996105067, -1.0340187806901682, -1.034560185710165, -1.0350929038888146, -1.035616841661276, -1.03613192136191, -1.0366380799276904, -1.0371352676510064, -1.0376234470011327, -1.038102591506961, -1.0385726846604606, -1.039033713889603, -1.0394854444668253, -1.0399160301687422, -1.0402866511891626, -1.040768530356578, -1.0412012764711231, -1.0416101010976198, -1.0420081355496769, -1.0423969740264094, -1.042776989725605, -1.043148247408701, -1.043510819891204, -1.0438647419378801, -1.0442100706527642, -1.044546843021296, -1.0448751086636825, -1.0451948730192189, -1.0455060750257643, -1.045808249061061, -1.0460998268811856, -1.0463764770129529, -1.0466462919561716, -1.0469209614537103, -1.0471932443622125, -1.0474525405933404, -1.0477014126637652, -1.0479412101962222, -1.0481728611317056, -1.0483966099415711, -1.0486126639658417, -1.0488210188366458, -1.0490216749748087, -1.0492143419662685, -1.0493988461309083, -1.0495749309542401, -1.0497448261636126, -1.0499100516074449, -1.0500713977539813, -1.050226027284091, -1.0503734421588853, -1.0505133945377585, -1.050646371590969, -1.0507725609549654, -1.0508922214457561, -1.0510054194357583, -1.05111229163505, -1.0512128565101033, -1.0513074374508138, -1.0513963646069298, -1.0514804743067416, -1.0515599778443216, -1.0516349698509067, -1.051704999752298, -1.0517698895609542, -1.0518296477057953, -1.0518841679132616, -1.051933821698208, -1.0519780493294906, -1.0520183116575117, -1.0520535881151871, -1.052087449935254, -1.052117609955428, -1.0521462325946704, -1.052171360748615]}