{"FCI": -1.122767536167744, "Energy": -1.1227511659871587, "Loss": [-0.21657610937711927, -0.2472661538480796, -0.26914543180929695, -0.2872240786280031, -0.3030996283615903, -0.3175199971674806, -0.3309079570612438, -0.343532011473374, -0.35557687579756464, -0.3671768732156697, -0.3784330408395371, -0.3894222451236033, -0.40020230098552634, -0.41081534708926015, -0.4212907210717416, -0.43164778480098853, -0.44189862096647436, -0.4520503546409066, -0.46210694379127515, -0.4720704364389202, -0.4819417906281931, -0.49172138035240565, -0.5014092952558813, -0.5110055131764369, -0.5205099978105172, -0.5299227538510697, -0.5392438587107712, -0.548473481717376, -0.557611896760748, -0.5666594915153756, -0.575616774721112, -0.5844843820627269, -0.5932630806406405, -0.6019537716967102, -0.6105574910550257, -0.6190754066108557, -0.6275088121336717, -0.6358591166451631, -0.6441278287070846, -0.6523165351327485, -0.6604268739504299, -0.6684605019206697, -0.6764190575453491, -0.6843041212660517, -0.6921171753330211, -0.699859566466503, -0.7075324747154952, -0.7151368916441464, -0.7226736100455178, -0.730143225885696, -0.7375461514184224, -0.7448826368212231, -0.7521527967119235, -0.7593566377482013, -0.7664940841524939, -0.7735649991532603, -0.7805692015927296, -0.7875064779733016, -0.794376590816025, -0.8011792843835901, -0.8079142887021816, -0.8145813225643308, -0.8211800959386891, -0.8277103120196159, -0.8341716690319572, -0.8405638618465493, -0.8468865834361003, -0.8531395261909591, -0.8593223831103374, -0.8654348488823764, -0.8714766208649851, -0.8774473999781133, -0.8833468915169573, -0.8891748058946822, -0.8949308593222487, -0.9006147744322769, -0.9062262808530797, -0.9117651157384562, -0.9172310242581996, -0.9226237600538933, -0.9279430856640409, -0.9331887729221922, -0.9383606033314893, -0.9434583684185784, -0.9484818700697152, -0.9534309208513073, -0.9583053443074625, -0.96310497476304, -0.9678296307322917, -0.9724774739544201, -0.9769687311170988, -0.9813441833730705, -0.985929381017302, -0.9903148991736185, -0.9945940107605629, -0.9987922922412642, -1.0029138150479961, -1.0069593101313887, -1.0109289312324854, -1.0148227177809785, -1.018640687330576, -1.0223828536322683, -1.0260492182717504, -1.0296397245008797, -1.033154090595455, -1.0365912058138205, -1.0399471523944948, -1.0432127506015756, -1.0463948813013644, -1.0495397983786858, -1.052630915850274, -1.0556375181645357, -1.0585602537516996, -1.061404341698771, -1.0641725565945084, -1.0668661598455147, -1.069485765567473, -1.0720316635401597, -1.0745038602726573, -1.0769019868938043, -1.0792253574639306, -1.081474146964533, -1.083652355608144, -1.085766937589146, -1.08781902709033, -1.0898036070965595, -1.0917173948906895, -1.0935603528434394, -1.095333628418195, -1.0970384006777287, -1.0986756345881714, -1.1002461084650859, -1.1017504925765378, -1.1031894916361364, -1.1045641361381255, -1.1058761549675378, -1.107127897116988, -1.1083213268422654, -1.1094570870030591, -1.1105349561947169, -1.1115549213054572, -1.1125175991803722, -1.1134240681633611, -1.1142756167504966, -1.1150736080112926, -1.1158194483078416, -1.1165146203425507, -1.1171607532245766, -1.1177596859258154, -1.1183134407302817, -1.1188240471222435, -1.1192933131090925, -1.1197227579858833, -1.1201137673785977, -1.1204678019500582, -1.1207865012360416, -1.1210716768504732, -1.1213252631738413, -1.1215492750700902, -1.1217457870290248, -1.1219169279606171, -1.1220648760338405, -1.122191833533392, -1.1222999693277573, -1.1223913419634184, -1.122467841911678, -1.1225311843693573, -1.1225829449313833, -1.1226246022054387, -1.122657559635097, -1.12268314374147, -1.1227025907963846, -1.1227170337900967, -1.1227274948403219, -1.1227348818261975, -1.122739984730509, -1.122743468063119, -1.1227458607769454, -1.122747551071068, -1.1227487946448251, -1.122749738775738, -1.1227504558963122, -1.1227509765365904, -1.1227513144503871, -1.1227514822724938, -1.1227514996979868, -1.122751396789755, -1.12275121389653, -1.1227509984653752, -1.1227507987982392, -1.1227506557310512, -1.1227505946220238, -1.1227506206608064, -1.1227507194682085, -1.1227508626805571, -1.122751016204822, -1.1227511482957313, -1.1227512354843185, -1.1227512657175924, -1.1227512389856658]}