{"FCI": -1.0551607375072107, "Energy": -1.036078509009879, "Loss": [0.5110734562613919, 0.4815072009101527, 0.4600246977514564, 0.44205555264375107, 0.42613749928822814, 0.4115883408779555, 0.3980257187885244, 0.38520991243621333, 0.3729784828946597, 0.36121463409298254, 0.3498301385226833, 0.33875530429207495, 0.32793263214266427, 0.31731252053321946, 0.30685015719142095, 0.296503134887758, 0.286229574123153, 0.27598673581190936, 0.2657303165992641, 0.25541482536557963, 0.24499550611139537, 0.23443193079009944, 0.2236924857095399, 0.21275800424575175, 0.20162283038279638, 0.19029298108334455, 0.17878260787550498, 0.16711034676661002, 0.1552965135266372, 0.14336133719981883, 0.1313240196807066, 0.11920232843626553, 0.1070124901737011, 0.09476923653058807, 0.08248591671362639, 0.07017463211118695, 0.057846370683896794, 0.04551113112737838, 0.03317803304588947, 0.020855412436132703, 0.008550903186048113, -0.0037284941403362276, -0.015976354807733684, -0.028186782320287845, -0.04035436947649599, -0.05247416695470439, -0.06454165846173265, -0.07655274160851103, -0.08850371378706895, -0.10039126240973587, -0.11221245893230057, -0.12396475611609309, -0.13564598798725502, -0.14725437192130725, -0.1587885122136658, -0.17024740438722424, -0.18163043933260065, -0.19293740617293476, -0.2041684924958965, -0.21532428031192355, -0.22640573580518095, -0.23741419068847214, -0.24835131282961467, -0.25921906389046057, -0.2700196421445639, -0.2807554095576742, -0.2914288037350944, -0.30204223746772335, -0.31259799116624115, -0.3230981060339806, -0.333544287728983, -0.34393783074104606, -0.35427957217221995, -0.36456987997494983, -0.37480867559427705, -0.38499548562078395, -0.39512951292901144, -0.4052097159223973, -0.41523488521457913, -0.42520370980196415, -0.4351148284633589, -0.4449668656514598, -0.45475845373870427, -0.46448824484546525, -0.47415491572968116, -0.4837571687148472, -0.49329373079305955, -0.5027633521950629, -0.512164805061047, -0.5214968824294538, -0.530758397551136, -0.5399481834617392, -0.5490650927392302, -0.5581079973914006, -0.567075788837822, -0.5759673779649391, -0.5847816952414614, -0.5935176908857067, -0.602174335078889, -0.6107506182193976, -0.6192455512139727, -0.6276581658020955, -0.6359875149104854, -0.6442326730350713, -0.6523927366481864, -0.6604668246292145, -0.6684540787172164, -0.6763536639844601, -0.6841647693300186, -0.6918866079929632, -0.6995184180848436, -0.7070594631414715, -0.7145090326941814, -0.7218664428610273, -0.729131036958471, -0.7363021861344521, -0.7433792900237913, -0.7503617774271419, -0.7572491070148877, -0.7640407680575358, -0.7707362811843865, -0.7773351991724111, -0.7838371077675048, -0.790241626540448, -0.7965484097801444, -0.8027571474268522, -0.808867566048435, -0.8148794298626588, -0.8207925418095493, -0.8266067446741368, -0.8323219222776992, -0.8379380005101134, -0.8434549417400388, -0.848872301379548, -0.8541624676136784, -0.8591791869906142, -0.8644967893460397, -0.8695447961665357, -0.8744726514847339, -0.8792997201263175, -0.884028773570578, -0.8886605067646783, -0.8931955152359755, -0.8976343506318238, -0.9019776582943749, -0.9062261179034856, -0.9103805031374141, -0.9144416277475713, -0.9184103888393, -0.9222876441291641, -0.9260740599385966, -0.9297688657175491, -0.9333663126022662, -0.9368546839473746, -0.9402803802732833, -0.9436617859755444, -0.9469569032973492, -0.9501587178370017, -0.9532767685292391, -0.9563159525897463, -0.9592797241876649, -0.962170389097766, -0.964990288996298, -0.967741331684431, -0.9704254529814831, -0.9730437615731433, -0.9755976612460913, -0.9780893895243012, -0.9805287129633038, -0.9829218650359304, -0.9852688976042945, -0.9875644390025577, -0.9898096902794291, -0.9920063426823024, -0.9941571461727317, -0.9962636465379485, -0.9983274897964929, -1.0003493799190748, -1.0023302695587717, -1.0042703551892007, -1.0061710717468857, -1.0080333844650944, -1.0098597862093102, -1.011649614816211, -1.013402499946399, -1.0151162744506297, -1.0167907120760316, -1.0184250740411147, -1.020019662452321, -1.0215741417272766, -1.0230887815690952, -1.0245632933774473, -1.0259981010183379, -1.0273931490968844, -1.02874934142468, -1.0300667755158597, -1.03134622433487, -1.03258717611327, -1.0337897904570066, -1.0349534794100765]}