{"FCI": -0.9981488619840654, "Energy": -0.9942195239937708, "Loss": [-0.6377558393473512, -0.65380168619949, -0.6651633773581234, -0.6744898986713186, -0.6826214915488446, -0.6899479308030173, -0.6966863390445303, -0.7029717044181784, -0.7088943625852158, -0.7145180476742914, -0.7198895494574669, -0.7250442985064757, -0.7300097968761494, -0.734807829163006, -0.7394559446374025, -0.743968483843416, -0.7483573096790803, -0.7526323405697747, -0.7568019474241497, -0.7608732545684831, -0.7648523715586546, -0.7687445742993405, -0.7725544483640607, -0.7762860037072309, -0.7799427674318867, -0.7835278595189169, -0.7870440551806686, -0.7904938366092966, -0.7938794362404165, -0.7972028731735887, -0.8004659840338243, -0.803670449288926, -0.8068178158326023, -0.8099095164859075, -0.8129468869480688, -0.8159311806331297, -0.8188635817550198, -0.8217452169658314, -0.82457716580686, -0.8273604701967789, -0.8300961431542473, -0.8327851769319422, -0.8354285507242933, -0.8380272381014771, -0.8405822143169112, -0.8430944636340442, -0.8455649868206454, -0.8479948089644489, -0.8503849877728485, -0.8527366225304114, -0.8550508639004928, -0.8573289247690232, -0.8595720923362361, -0.8617817416598834, -0.8639593508318095, -0.866106517912954, -0.868224979635865, -0.8703166316714603, -0.8723835498943466, -0.8744280114944646, -0.8764525138798317, -0.8784597880008029, -0.8804528009465649, -0.882434740501429, -0.8844089721820257, -0.886378957998836, -0.8883481273451614, -0.8903196959998871, -0.8922964406745016, -0.8942804528703907, -0.8962729119232735, -0.8982739243918579, -0.9002824680414698, -0.9022964539797507, -0.9043128901724417, -0.9063281073926721, -0.9083380027040043, -0.9103382641493224, -0.9123245556308084, -0.9142926554355062, -0.9162385516062138, -0.9181585020408337, -0.920049068253604, -0.9219071308270564, -0.9237298929560998, -0.9255148768254698, -0.9272599161623958, -0.9289631472380895, -0.9306229998225897, -0.9322381890644056, -0.9338077089037354, -0.9353308273810824, -0.9368070840281035, -0.9382362893893014, -0.9396185265924065, -0.9409541547342297, -0.9422438136491265, -0.9434884293490597, -0.9446892190367462, -0.9458476940718354, -0.9469656586095708, -0.9480452008746582, -0.9490886733116775, -0.9500986574379251, -0.9510779095540897, -0.9520292851004946, -0.9529556428409779, -0.9538597351520454, -0.9547440964220719, -0.9556109457220592, -0.9564621199239521, -0.9572990480062711, -0.9581227677827796, -0.9589339765164291, -0.9597331008296288, -0.9605203707375026, -0.9612958863741881, -0.9620596713910803, -0.9628117117363664, -0.9635519814890667, -0.9642804586514324, -0.9649971338658099, -0.9657020145167922, -0.96639512602477, -0.9670765115477937, -0.9677462308585505, -0.9684043588526969, -0.9690509839447441, -0.9696862064864039, -0.970310137271943, -0.9709228961565808, -0.9715246107939398, -0.9721154154889498, -0.9726954501587011, -0.9732648593925136, -0.9738237916026807, -0.9743723982579494, -0.9749108331925919, -0.9754392519846711, -0.975957811397719, -0.9764666688805637, -0.9769659821205579, -0.9774559086457476, -0.977936605471939, -0.9784082287908045, -0.9788709336955537, -0.9793248739408048, -0.9797702017336414, -0.9802070675529335, -0.9806356199943063, -0.9810560056382767, -0.9814683689392629, -0.9818728521333799, -0.9822695951630869, -0.9826587356168904, -0.9830404086824887, -0.9834147471118956, -0.9837818811971504, -0.9841419387554433, -0.9844950451224858, -0.9848413231531975, -0.9851808932287252, -0.9855138732690619, -0.9858403787504699, -0.9861605227270984, -0.986474415856183, -0.9867821664263509, -0.9870838803884977, -0.9873796613888821, -0.9876696108040686, -0.9879538277773541, -0.9882324092564428, -0.9885054500320833, -0.9887730427774672, -0.989035278088191, -0.9892922445226126, -0.9895440286424615, -0.9897907150535681, -0.9900323864466272, -0.9902691236377927, -0.9905010056096277, -0.990728109549371, -0.9909505108974659, -0.9911682832911018, -0.9913814970877658, -0.9915901366714697, -0.9917904518519278, -0.9919263900075793, -0.9921739895878596, -0.9923716443227836, -0.9925598910715729, -0.9927432817938607, -0.9929226112407851, -0.9930979736809751, -0.9932694625182239, -0.9934371126793319, -0.9936009845090854, -0.993761114668485, -0.9939175578246442, -0.9940703462670337]}