{"FCI": -1.1361895496530567, "Energy": -1.1360432230302884, "Loss": [-0.2239280825016341, -0.24464541259538133, -0.2611906556180132, -0.27591926571308123, -0.2896063591363863, -0.30261599747572476, -0.3151514333284414, -0.32733844474091406, -0.3392603107621175, -0.35097481386080026, -0.36252340063634636, -0.3739365101838641, -0.3852368632071326, -0.39644159145162977, -0.4075636714150061, -0.41861292186537735, -0.42959671756843143, -0.44052051245040696, -0.4513882312533494, -0.46220256824106976, -0.4729652188053606, -0.4836770617114833, -0.49433830441199017, -0.5049486003016296, -0.5155071443551511, -0.5260127518973918, -0.5364639240567431, -0.5468589025918391, -0.5571957161533474, -0.5674722195791972, -0.5776861274749945, -0.5878350430696162, -0.597916483136021, -0.6079278996131756, -0.617866698445069, -0.6277302560586061, -0.6375159338277356, -0.6472210908117193, -0.6568430950077507, -0.6663793333195359, -0.6758272204120377, -0.6851842065967926, -0.6944477848710929, -0.7036154972166516, -0.712684940248794, -0.7216537702949749, -0.7305197079710953, -0.7392805423154667, -0.7479341345328427, -0.7564784213947845, -0.7649114183372261, -0.7732312222916067, -0.7814360142820316, -0.7895240618176083, -0.7974937211062108, -0.8053434391135034, -0.8130717554889227, -0.8206773043785173, -0.8281588161429467, -0.8355151189976567, -0.8427451405910115, -0.8498479095352081, -0.8568225569039223, -0.8636683177097798, -0.8703845323741716, -0.8769706482011186, -0.8834262208664426, -0.8897509159326755, -0.8959445103996191, -0.9020068942996237, -0.9079380723458232, -0.9137381656405107, -0.9194074134495862, -0.9249461750474556, -0.9303549316348138, -0.9356342883293782, -0.9407849762266316, -0.9458078545239944, -0.9507039126973126, -0.955474272713015, -0.960120191252598, -0.964643061917968, -0.9690444173765286, -0.9733259313934298, -0.9774894206849569, -0.9815368465115943, -0.9854703159116153, -0.989292082456444, -0.9930045463875542, -0.996610253972109, -1.0001118958916508, -1.003512304456476, -1.006814449419801, -1.010021432153189, -1.013136477941183, -1.0161629261629432, -1.0191042181558654, -1.021963882605302, -1.0247455183788754, -1.027452774825098, -1.0300893296824913, -1.032658864891368, -1.0351650407544195, -1.0376114690374574, -1.040001685717095, -1.0423391241453182, -1.0446270893936984, -1.046868734453886, -1.0490670388137042, -1.0512247897263265, -1.0533445662873135, -1.0554287262826207, -1.0574793957160555, -1.0594984609894813, -1.0614875638797343, -1.0634480996788178, -1.0653812190547354, -1.067287834260169, -1.0691686301993883, -1.0710240805457978, -1.0728544686295935, -1.0746599122853335, -1.0764403913827063, -1.0781957764668528, -1.0799258568672665, -1.0816303667982994, -1.0833090083176389, -1.084961470449084, -1.0865874442242702, -1.0881866337837562, -1.0897587639586248, -1.0913035849170079, -1.0928208745164083, -1.094310438977437, -1.0957721124167357, -1.0972057556735553, -1.0986112547572084, -1.0999885191448744, -1.101337480078999, -1.1026580889523752, -1.1039503158261794, -1.1052141480984354, -1.10644958932385, -1.107656658177442, -1.1088353875506696, -1.1099858237679114, -1.1111080259118111, -1.1122020652470404, -1.1132680247333682, -1.1143059986201056, -1.115316092115026, -1.116298421121736, -1.1172531120402924, -1.118180301626414, -1.1190801369053045, -1.1199527751364988, -1.120798383826645, -1.1216171407874942, -1.1224092342366894, -1.1231748629392762, -1.1239142363881185, -1.1246275750215586, -1.1253151104769183, -1.1259770858785494, -1.126613756159148, -1.1272253884132615, -1.1278122622817057, -1.1283746703656738, -1.128912918669145, -1.129427327067937, -1.1299182298035282, -1.1303859759992676, -1.1308309301962343, -1.131253472905091, -1.131654001170087, -1.13203292913798, -1.1323906886254151, -1.1327277292479978, -1.133044500714064, -1.133340485980148, -1.1335680701007842, -1.1337254379982338, -1.1340876142133312, -1.134332437477323, -1.1345288703480911, -1.1346994369009282, -1.1348928795889663, -1.1350616298012766, -1.1352101366485723, -1.1353420285414293, -1.1354602029803589, -1.135565746444335, -1.1356596277816307, -1.1357425022958014, -1.1358149842988567, -1.135877146932833, -1.135927904768355, -1.1359631377657164, -1.135981770531719, -1.1360048842105215]}