{"FCI": -1.011800010850166, "Energy": -0.9577170669105429, "Loss": [-0.44470356839480735, -0.4476168970983257, -0.4501965927166741, -0.45308952866686253, -0.4562874770917142, -0.4596870525991626, -0.46322065481131447, -0.4668488160301676, -0.4705478838903612, -0.47430290820260257, -0.4781038754200279, -0.481943684094989, -0.48581701576019304, -0.48971968027065693, -0.49364822242948814, -0.497599678117309, -0.5015714190415439, -0.505561051707847, -0.5095663505130134, -0.5135852128487675, -0.5176156287160395, -0.5216556600882931, -0.5257034269332763, -0.5297570978467272, -0.533814883918499, -0.5378750348861887, -0.541935836919833, -0.5459956115759755, -0.5500527155928419, -0.5541055412913367, -0.5581525174119643, -0.5621921102646479, -0.5662228251022253, -0.5702432076532126, -0.5742518457678419, -0.5782473711451912, -0.5822284611198097, -0.5861938404944408, -0.5901422834119794, -0.5940726152650296, -0.5979837146459457, -0.6018745153439745, -0.6057440083996134, -0.6095912442294769, -0.6134153348380573, -0.6172154561358438, -0.6209908503864372, -0.6247408288085979, -0.6284647743626086, -0.6321621447540912, -0.635832475692249, -0.6394753844436389, -0.6430905737266779, -0.6466778359962111, -0.6502370581711451, -0.6537682268610466, -0.6572714341491227, -0.6607468839879518, -0.6641948992595249, -0.6676159295403904, -0.6710105595931225, -0.6743795185729824, -0.6777236898879272, -0.6810441215739604, -0.6843420369366257, -0.6876188450516952, -0.690876150500534, -0.694115761424137, -0.6973396946038769, -0.7005501758143401, -0.7037496331619872, -0.7069406805752502, -0.7101260881546801, -0.713308735908247, -0.7164915477507654, -0.7196774038556832, -0.7228690317944961, -0.7260688804622357, -0.7292789852224923, -0.7325008370839449, -0.7357352716061204, -0.7389823931330793, -0.7422415460746327, -0.745511337844183, -0.7487897096432533, -0.7520740440728668, -0.7553612945005899, -0.758648120797484, -0.7619310187024498, -0.7652064341948603, -0.7684708584497698, -0.7717209023232761, -0.7749533515557764, -0.7781652050755863, -0.7813536992022474, -0.7845163204775172, -0.787650809527251, -0.7907551579414394, -0.7938275997517176, -0.7968665987395022, -0.7998708325481734, -0.802839174404155, -0.8057706731667025, -0.8086645324054325, -0.8115200892209883, -0.8143367935438176, -0.8171141886349167, -0.819851893442828, -0.8225495873308655, -0.8252069974859675, -0.8278238890843366, -0.8304000580611085, -0.8329353261523315, -0.8354295377749401, -0.8378825582893553, -0.840294273234259, -0.8426645882066885, -0.844993429154264, -0.8472807429293663, -0.8495264980175257, -0.85173068539329, -0.8538933194808902, -0.8560144392098746, -0.8580941091624431, -0.8601324208130616, -0.8621294938638032, -0.8640854776816336, -0.8660005528470976, -0.8678749328273055, -0.8697088657899033, -0.8715026365789112, -0.8732565688776941, -0.8749710275891912, -0.876646421468785, -0.8782832060510191, -0.8798818869176753, -0.8814430233617122, -0.8829672325089212, -0.8844551939669479, -0.8859076550789923, -0.8873254368664164, -0.8887094407496675, -0.8900606561383638, -0.8913801689765026, -0.892669171313355, -0.8939289719382392, -0.8951610080595218, -0.896366857911818, -0.8975482540240297, -0.8987070966526527, -0.8998454665552478, -0.9009656358231091, -0.9020700748960329, -0.9031614531589007, -0.9042426297405649, -0.9053166304688781, -0.9063866066862277, -0.907455772245915, -0.90852731700068, -0.9096042988029497, -0.9106895212590216, -0.911785410103114, -0.9128939050546578, -0.914016384163553, -0.9151536327791653, -0.9163058605800984, -0.9174727594002738, -0.9186535775138188, -0.9198463580710932, -0.921019864310036, -0.9222383289285432, -0.9234854638932115, -0.9247213699126224, -0.9259589824399799, -0.9271997328065295, -0.9284430228791348, -0.9296875113817046, -0.9309320828370881, -0.932175491754679, -0.9334167344565414, -0.9346547190019961, -0.9358886010098975, -0.9371173834288217, -0.9383403732959746, -0.9395564062253464, -0.9407646606078477, -0.9419621457569896, -0.9431509317035841, -0.944331674443933, -0.9455122772855351, -0.9466798026339898, -0.9478365097735507, -0.9489809991570254, -0.950114590024233, -0.9512364777125515, -0.9523470615151808, -0.9534456031508047, -0.9545323608222825, -0.9556065434509999, -0.9566685031729726]}