{"FCI": -1.0523215656204707, "Energy": -1.0523112791238642, "Loss": [-0.5722314780348975, -0.5873660650153607, -0.598076396413226, -0.6069232210506244, -0.6147133705403393, -0.6218116024378335, -0.628412030234316, -0.6346305594623385, -0.6405431217107416, -0.6462029368274811, -0.6516490878140715, -0.6569112441439857, -0.6620124971633987, -0.6669711738496135, -0.6718020527775936, -0.6765172094007089, -0.6811266210886238, -0.6856386108773591, -0.690060179740914, -0.694397259902992, -0.6986549110446968, -0.7028374744647852, -0.7069486957850205, -0.7109918237889157, -0.7149696909178869, -0.7188847795055924, -0.7227392768069241, -0.7265351211411426, -0.7302740409319854, -0.7339575880320621, -0.7375871664244258, -0.74116405717301, -0.744689440326253, -0.7481644143510291, -0.7515900135770673, -0.7549672240585862, -0.7582969982046024, -0.761580268488907, -0.7648179605222516, -0.7680110057512011, -0.7711603540391597, -0.7742669863844065, -0.7773319280374735, -0.7803562622953855, -0.7833411452735227, -0.7862878219869057, -0.7891976441114404, -0.7920720898411518, -0.7949127863074215, -0.7977215350761385, -0.8005003412800367, -0.8032514469592532, -0.8059773691518652, -0.8086809431294562, -0.8113653709476937, -0.8140342745137324, -0.8166917521655834, -0.8193423867660894, -0.8219897478544497, -0.8245932960484625, -0.827278251820899, -0.8299527247942252, -0.8326471153712026, -0.8353714663243843, -0.8381337094250013, -0.8409410898450316, -0.843799745659708, -0.8467145103619301, -0.8496883667631873, -0.852722297740185, -0.8558152361665484, -0.8589642879854171, -0.8621650844255453, -0.8654122105535391, -0.8686996201912266, -0.8720209897484474, -0.8753699888906057, -0.8787404691372541, -0.8821265830589864, -0.8855228504964109, -0.8889241872707118, -0.8923259089674442, -0.895723719166795, -0.8991136887005817, -0.9024922303531012, -0.9058560718583106, -0.9092022289629453, -0.9125279795991305, -0.9158308397349102, -0.9191085411673078, -0.9223590113331643, -0.9255803550988069, -0.9287708384243716, -0.9319288737646236, -0.9350530070539307, -0.9381419061210614, -0.9411943503846957, -0.9442092216899012, -0.9471854961570663, -0.9501222369269654, -0.9530185876975173, -0.9558737669593407, -0.9586870628478154, -0.9614578285391635, -0.9641854781268044, -0.9668694829220736, -0.9695093681303871, -0.972104709859968, -0.9746551324256455, -0.9771603059148735, -0.9796199439871719, -0.9820338018816889, -0.9844016746106454, -0.9867233953189775, -0.9889988337928717, -0.9912278951016443, -0.9934105183593334, -0.9955466755935611, -0.9976363707106867, -0.999679638547154, -1.0016765439979316, -1.0036271812137314, -1.0055316728592212, -1.007390169425141, -1.009202848587488, -1.0109699146074214, -1.0126915977656665, -1.0143681538254556, -1.015999863517991, -1.0175870320445513, -1.0191299885891527, -1.0206290858355582, -1.0220846994822297, -1.023497227748434, -1.0248670908644317, -1.0261947305382706, -1.0274806093912852, -1.0287252103540476, -1.0299290360141797, -1.0310926079072804, -1.0322164657421748, -1.0333011665520142, -1.0343472837634324, -1.0353554061771337, -1.036326136855189, -1.0372600919129265, -1.0381578992168838, -1.0390201969949675, -1.039847632370648, -1.0406408598398202, -1.0414005397167942, -1.042127336584144, -1.042821917789887, -1.0434849520433371, -1.0441171081677125, -1.0447190540718279, -1.0452914560038356, -1.045834978146239, -1.0463502826025621, -1.0468380298106732, -1.0472988794009166, -1.0477334914496803, -1.0481425272094353, -1.0485266130091142, -1.048884803804988, -1.0491781640509188, -1.0494938836150454, -1.0498120039480217, -1.050092439690863, -1.0503447828158692, -1.050575114971246, -1.0507856528973145, -1.05097761462788, -1.0511519472115427, -1.0513095308601663, -1.0514512155642683, -1.051577812897001, -1.0516900160599643, -1.0517882071413298, -1.0518720569076647, -1.0519407821586368, -1.0519970269684256, -1.0520500352277171, -1.052103010995414, -1.052150424878658, -1.05218911605476, -1.0522196775957369, -1.0522436027625466, -1.052262170273683, -1.0522763237651127, -1.0522867409249677, -1.0522938852891712, -1.0522980676366973, -1.0522996255290331, -1.0522993385944175, -1.0522987764211846, -1.052299642430721, -1.0523023252517083, -1.0523058063860737, -1.052308959674583]}