{"FCI": -0.9543386010184702, "Energy": -0.9211269291420163, "Loss": [-0.525911589290725, -0.5373590980557865, -0.5461121351303985, -0.5536915609595672, -0.5605905956663679, -0.5670397262793104, -0.5731674690506814, -0.5790534426122748, -0.584750524934829, -0.5902955852442627, -0.5957152508576822, -0.6010292546276884, -0.6062524979281907, -0.611396384550428, -0.6164697178855181, -0.6214793246829089, -0.626430501142367, -0.6313273398485796, -0.63617297457377, -0.640969767099742, -0.6457194522359965, -0.6504232521254208, -0.6550819676022853, -0.6596960521408547, -0.6642656724120833, -0.6687907584078661, -0.6732710453438655, -0.6777061090144001, -0.6820953958814905, -0.6864382488914206, -0.6907339297967476, -0.6949816385991483, -0.6991805306046359, -0.7033297314873048, -0.7074283506839139, -0.7114754933835796, -0.7154702713313237, -0.7194118126278256, -0.7232992706787527, -0.7271318324235797, -0.7309087259548404, -0.7346292276231587, -0.7382926687105702, -0.7418984417439245, -0.7454460065110206, -0.7489348958343183, -0.7523647211500384, -0.7557351779340375, -0.7590460510097141, -0.7622972197668874, -0.7654886633139966, -0.7686204655785275, -0.7716928203618534, -0.774706036344408, -0.7776605420241618, -0.7805568905556544, -0.7833957644369114, -0.7861779799666555, -0.7889044913633789, -0.7915763943992609, -0.7941949293551247, -0.7967614830460413, -0.79927758960075, -0.801744929602339, -0.8041653271151888, -0.8065407440395835, -0.8088732711604607, -0.8111651152061309, -0.8134185812291995, -0.8156360496948201, -0.8178199478458092, -0.8199727152436458, -0.8220967638807719, -0.8241944339166623, -0.8262679468549254, -0.8283193587390132, -0.8303505165311895, -0.8323630210595196, -0.8343581996117129, -0.8363370903735947, -0.8383004395680856, -0.8402487106224013, -0.842182103332965, -0.8441005801213773, -0.8460038962344856, -0.8478916310884757, -0.8497632186837477, -0.85161797585882, -0.8534551278848438, -0.8552738314048882, -0.857073194975507, -0.8588522975245186, -0.8606102049789494, -0.8623459852147805, -0.8640587213868756, -0.8657475236381456, -0.8674115391666274, -0.8690499606407036, -0.8706620329839332, -0.8722470585905167, -0.8738044010707798, -0.8753334876574334, -0.8768338104250912, -0.8783049264866827, -0.8797464573325511, -0.8811580874721747, -0.8825395625274929, -0.8838906869118903, -0.8852113212123707, -0.8865013793751719, -0.8877608257783975, -0.8889896722596553, -0.8901879751525403, -0.8913558323735722, -0.8924933805904989, -0.8936007924941127, -0.894678274188365, -0.895726062707681, -0.8967444236657914, -0.8977336490366683, -0.8986940550655911, -0.899625980306245, -0.9005297837784518, -0.9014058432401396, -0.9022545535667114, -0.9030763252305858, -0.9038715828737985, -0.9046407639665637, -0.9053843175450313, -0.9061027030217697, -0.9067963890629317, -0.9074658525264547, -0.9081115774561312, -0.9087340541267896, -0.9093337781363044, -0.9099112495405707, -0.9104669720279817, -0.9110014521303388, -0.9115151984675094, -0.9120087210234474, -0.9124825304515616, -0.9129371374076511, -0.9133730519089132, -0.913790782717798, -0.914190836749658, -0.9145737185033391, -0.9149399295140583, -0.9152899678280505, -0.9156243274985789, -0.9159434981030482, -0.9162479642810383, -0.9165382052931419, -0.9168146946005837, -0.9170778994656335, -0.9173282805728267, -0.9175662916711151, -0.9177923792369627, -0.9180069821585259, -0.9182105314409532, -0.9184034499328835, -0.9185861520741627, -0.9187590436647974, -0.9189225216550866, -0.9190769739569239, -0.9192227792760821, -0.9193603069654079, -0.9194899168986568, -0.9196119593648113, -0.9197267749825228, -0.9198346946344292, -0.919936039420947, -0.9200311206331937, -0.9201202397446029, -0.9202036884208188, -0.920281748547448, -0.9203546922752035, -0.9204227820820202, -0.9204862708517301, -0.9205454019688654, -0.9206004094292658, -0.9206515179661108, -0.9206989431911308, -0.9207428917507356, -0.9207835614968654, -0.9208211416724112, -0.9208558131111242, -0.9208877484518699, -0.9209171123671717, -0.9209440618058572, -0.920968746249612, -0.9209913079830548, -0.9210118823766986, -0.921030598181926, -0.9210475778366229, -0.921062937779619, -0.9210767887714663, -0.9210892362183181, -0.9211003804947976, -0.9211103172613081, -0.9211191377679628]}