{"FCI": -1.0551607375072107, "Energy": -0.7197032290382084, "Loss": [0.8951161307189743, 0.8670365257514738, 0.8450090500986722, 0.825581393310027, 0.8076391967061692, 0.7906640670584608, 0.7743683173571636, 0.758574618222037, 0.7431658486155045, 0.7280608496345016, 0.71320141884351, 0.6985447742020696, 0.6840589178699209, 0.6697196439134383, 0.6555085294610585, 0.6414115408624284, 0.6274180390157446, 0.6135200521203442, 0.5997117325668653, 0.5859889436875019, 0.5723489400431889, 0.5587901163638642, 0.5453118077359633, 0.5319141286323457, 0.5185978417939032, 0.5053642503458917, 0.4922151082104854, 0.47915254508216193, 0.46617900310977656, 0.4532971830762902, 0.44050999834987326, 0.42782053524454033, 0.4152320187062118, 0.4027477824539331, 0.3903712428720428, 0.3781058760792444, 0.36595519770318996, 0.35392274497101994, 0.3420120607917713, 0.3302266795594349, 0.31857011444839944, 0.30704584600804385, 0.2956573118921315, 0.284407897582406, 0.2733009279855918, 0.262339659799489, 0.25152727455765234, 0.24086687227376868, 0.23036146561661913, 0.22001397455481253, 0.20982722141748494, 0.1998039263230762, 0.18994670293338267, 0.1802580544943046, 0.17074037012832205, 0.16139592134675818, 0.15222685875235042, 0.14323520890473002, 0.1344228713230201, 0.12579161560099575, 0.1173430786111603, 0.10907876177459447, 0.10100002837367192, 0.0931081008845494, 0.08540405830587597, 0.07788883345924899, 0.07056321023570006, 0.06342782076070405, 0.056483142447992185, 0.04972949490957504, 0.043167036685858334, 0.03679576175538926, 0.030615495778453794, 0.024625892022281937, 0.018826426907719823, 0.013216395107658624, 0.007794904115796392, 0.002560868190047777, -0.0024869984425501257, -0.007350189254019562, -0.012030414117650379, -0.01652960923767735, -0.02084994854007788, -0.024993856807977805, -0.02896402490705538, -0.03276342752336328, -0.03639534393187588, -0.03986338243344645, -0.04317150924621471, -0.04632408282119088, -0.04932589477779567, -0.052182218930295204, -0.054898870205607686, -0.05748227563703073, -0.05993956004670159, -0.06227864947025491, -0.0645083957589151, -0.0666387259759724, -0.06868081992697841, -0.07064731797811064, -0.07255255849627501, -0.07441283868858109, -0.07624668284827724, -0.07807508642295499, -0.0799216820405696, -0.08181274646206665, -0.08377694299727045, -0.08584468870923254, -0.08804707367279, -0.09041435936947145, -0.09297423339540159, -0.09575013673030783, -0.09876001814132726, -0.10201575941606672, -0.10552330465530918, -0.10928333367579662, -0.11329223227543639, -0.11754313420204221, -0.12202688674398973, -0.12673286953398386, -0.1316496492127585, -0.13676548027156876, -0.1420686732732739, -0.1475478539271938, -0.15319213514135446, -0.1589912215602262, -0.16493546316887434, -0.17101587166759863, -0.177224110650413, -0.18355246823895677, -0.18999381877443255, -0.19654157846588305, -0.20318965851923157, -0.2099324181955201, -0.21676461942642897, -0.22368138400557802, -0.23067815393253358, -0.23775065517518468, -0.24489486490339818, -0.2521069821070528, -0.2593834014245402, -0.2667206899582209, -0.2741155668297012, -0.2815648852215442, -0.289065616657145, -0.296614837282575, -0.3042097159301619, -0.31184750376142367, -0.3195255253052486, -0.32724117072504333, -0.33499188916544104, -0.3427751830446855, -0.3505886031729331, -0.35842974458928595, -0.36629624302153474, -0.37418577188234153, -0.38209603972405026, -0.3900247880815831, -0.3979697896391778, -0.40592884666196405, -0.41389978963799634, -0.4218804760801982, -0.42986878944114515, -0.43786263809663084, -0.44585995435695985, -0.4538586934677889, -0.46185683256554394, -0.46985236955604054, -0.4778433218891409, -0.4858277252074086, -0.49380363185284054, -0.5017691092230895, -0.5097222379772527, -0.5176611101012363, -0.5255838268538064, -0.5334884966264587, -0.5413732327626407, -0.5492361513939503, -0.5570753693618705, -0.5648890023022816, -0.5726751629752237, -0.580431959923165, -0.5881574965362893, -0.5958498705926268, -0.603507174324172, -0.6111274950380844, -0.6187089162963805, -0.6262495196298876, -0.6337473867358012, -0.6412006020852473, -0.6486072558506247, -0.6559654470538172, -0.6632732868363175, -0.6705289017606486, -0.6777304370673025, -0.6848760598306348, -0.6919639619777109, -0.6989923631536049, -0.705959513432818, -0.7128636958884796]}