{"FCI": -1.1321209324259212, "Energy": -1.1320984249664594, "Loss": [-0.9990124474793569, -1.0138714002301334, -1.023538009288509, -1.0310168232654167, -1.037234488844791, -1.0426182031559321, -1.0474066354641234, -1.0517491716319667, -1.0557462789068859, -1.0594685941743593, -1.0629670115577494, -1.0662785792253775, -1.0694303169437926, -1.0724419209324638, -1.0753277878590264, -1.078098546158122, -1.0807621908719325, -1.08332489582057, -1.0857915747054838, -1.088166258482045, -1.0904523457906474, -1.0926527695932613, -1.0947701101752727, -1.0968066743217153, -1.0987645531206294, -1.1006456660088437, -1.1024517956600544, -1.1041846165011813, -1.1058457185751482, -1.1074366278441636, -1.1089588236605907, -1.1104137539114647, -1.1118028482039508, -1.1131275293667826, -1.1143892234770898, -1.1155893685719307, -1.1167294221634836, -1.1178108676426888, -1.1188352196263232, -1.1198040282760777, -1.120718882594596, -1.121581412682505, -1.122393290922582, -1.1231562320426818, -1.1238719919989049, -1.124542365615926, -1.1251691829236135, -1.125754304140255, -1.1262996132741279, -1.1268070103489536, -1.1272784023058213, -1.1277156926952097, -1.128120770346441, -1.128495497285507, -1.1288416962603276, -1.1291611383171327, -1.1294555309421903, -1.1297265073274825, -1.1299756173247069, -1.1302043206084502, -1.130413982471141, -1.130605872520147, -1.1307811663515037, -1.1309409500536058, -1.1310862271738027, -1.1312179275894987, -1.131336917589447, -1.1314440104086936, -1.1315399764790186, -1.1316255527487828, -1.131701450573892, -1.1317683618594658, -1.1318269633124296, -1.1318779188255415, -1.1319218801378181, -1.1319594859996147, -1.1319913601152405, -1.132018108151724, -1.1320403140997826, -1.1320585362627, -1.1320733031373458, -1.1320851094409794, -1.132094412526157, -1.132101629409714, -1.1321071346152274, -1.1321112589878812, -1.1321142895846923, -1.1321164706735027, -1.1321180057968232, -1.1321190607736817, -1.1321197672916492, -1.1321202198170757, -1.1321201258311444, -1.1321024614176975, -1.132043579379915, -1.1321011712147906, -1.1321169896823915, -1.1321199568113096, -1.132120614555403, -1.1321207970392222, -1.1321208582360325, -1.1321208809251986, -1.132120887746291, -1.1321208845618678, -1.1321208697850897, -1.1321208332517818, -1.132120744268256, -1.132120509243173, -1.1321198229976173, -1.1321176688577597, -1.132111248050193, -1.132098639345946, -1.1320918049219117, -1.1320979913386116, -1.132106532636237, -1.1321121050288063, -1.1321150614210331, -1.1321164974510363, -1.1321170640849256, -1.1321170260643494, -1.13211633003916, -1.1321139062642973, -1.132099069389343, -1.1320289040131046, -1.132048709624101, -1.1320831164607883, -1.1320924649446695, -1.1320971228483963, -1.1321017046221367, -1.1321058335201823, -1.1321088370622063, -1.132110717219152, -1.1321116221052023, -1.1321117122212117, -1.1321109884659508, -1.1321093254510888, -1.1321062543929679, -1.1321007050346519, -1.1320904699248742, -1.1320767046351126, -1.1320721840444243, -1.1320816718605191, -1.1320924814671367, -1.1320996875410667, -1.132103761365755, -1.1321060156279135, -1.1321069939277668, -1.1321070784287015, -1.1321062991464181, -1.1321046982346437, -1.1321020679099412, -1.1320983470514931, -1.132093602079152, -1.132089315147639, -1.1320876541554232, -1.1320897611570082, -1.1320936741762135, -1.1320975814974426, -1.1321003987495681, -1.132102204987658, -1.1321030112034873, -1.132103085289403, -1.1321024115770686, -1.1321011657621416, -1.1320993164735473, -1.1320971940305493, -1.1320950755908892, -1.132093746207882, -1.132093511756816, -1.132094543784575, -1.1320961424470741, -1.1320979095492383, -1.132099280302601, -1.1321002468299048, -1.1321006285523598, -1.1321005928056558, -1.132100063536143, -1.132099263332144, -1.1320981856710843, -1.1320971700587428, -1.1320962938972252, -1.1320959295498016, -1.132095988071982, -1.1320965667992569, -1.1320972957232764, -1.1320981327746455, -1.1320987487859984, -1.1320992066436646, -1.13209931941174, -1.13209924396026, -1.1320988761706032, -1.132098434557324, -1.1320978641335648, -1.13209742842488, -1.132097067647027, -1.132097007824668, -1.1320970868789624, -1.132097420606271, -1.1320977569035735, -1.1320981694754466]}