{"FCI": -0.947683849035273, "Energy": -0.9450019648426521, "Loss": [-0.5727495812612754, -0.5857661719427757, -0.5955415628922301, -0.6038914505263022, -0.611402498369895, -0.6183488705553152, -0.6248837243991793, -0.6311022746983036, -0.6370680890487317, -0.6428258153073821, -0.6484080176552577, -0.6538391431554538, -0.6591379651555301, -0.6643191620970692, -0.6693943783653351, -0.6743729607602033, -0.679262484118304, -0.6840691354673267, -0.6887980006302259, -0.6934532819371313, -0.6980384662487056, -0.702556456464617, -0.7070096757447235, -0.7114001510282808, -0.7157295806308703, -0.7199993894415615, -0.7242107743529687, -0.7283647419170437, -0.7324621397531865, -0.7365036828908026, -0.7404899759711634, -0.7444215320389131, -0.7482987885051995, -0.7521221207498843, -0.7558918537414034, -0.7596082719829198, -0.7632716280383317, -0.7668821498475631, -0.7704400470054338, -0.773945516149734, -0.7773987455810311, -0.7807999192177159, -0.7841492199741804, -0.7874468326371061, -0.790692946304046, -0.7938877564395251, -0.7970314665963232, -0.8001242898431842, -0.8031664499348194, -0.8061581822554756, -0.8090997345633628, -0.8119913675599, -0.8148333553048228, -0.8176259854956685, -0.8203695596280052, -0.823064393050891, -0.825710814930369, -0.8283091681324056, -0.8308598090354172, -0.8333631072814158, -0.8358194454738458, -0.8382292188293217, -0.8405928347897604, -0.8429107126006782, -0.8451832828608887, -0.8474109870483011, -0.8495942770260174, -0.8517336145326037, -0.8538294706599652, -0.8558823253219469, -0.8578926667165515, -0.8598609907843305, -0.8617878006653347, -0.8636736061567816, -0.8655189231734259, -0.8673242732124544, -0.8690901828246184, -0.8708171830931363, -0.8725058091218367, -0.8741565995339354, -0.8757700959826765, -0.8773468426751325, -0.8788873859102625, -0.8803922736323976, -0.8818620550012465, -0.8832972799794705, -0.884698498938924, -0.8860662622866442, -0.8874011201116482, -0.8887036218537082, -0.8899743159952374, -0.891213749777577, -0.8924224689429612, -0.8936010175036287, -0.8947499375396095, -0.8958697690269182, -0.8969610496980813, -0.8980243149370851, -0.8990600977111882, -0.9000689285423299, -0.901051335521195, -0.9020078443675663, -0.9029389785410147, -0.9038452594066836, -0.9047272064616578, -0.905585337628315, -0.9064201696220814, -0.9072322184023421, -0.9080219997167092, -0.9087900297506522, -0.9095368258966502, -0.9102629076595788, -0.9109687977180584, -0.9116550231652003, -0.9123221169564965, -0.9129706195978734, -0.9136010811130943, -0.9142140633372103, -0.9148101425914394, -0.9153899128053917, -0.9159539891644566, -0.9165030123742612, -0.9170376536495647, -0.9175586205518814, -0.9180666638172872, -0.9185625853310948, -0.9190472474160406, -0.919521583598442, -0.919986610991992, -0.9204434443739841, -0.9208933118967904, -0.9213375721380732, -0.9217777317899796, -0.922215462647321, -0.9226526155989097, -0.9230912279998964, -0.9235335191455215, -0.9239818668319498, -0.9244387568104412, -0.924906697445327, -0.9253880955540355, -0.9258850973598348, -0.9263994101420011, -0.926932131974151, -0.9274836228479078, -0.9280534452644587, -0.9286403861441699, -0.9292425513920007, -0.9298575088764939, -0.930482450426178, -0.9311143478867487, -0.9317500875141415, -0.9323865761966381, -0.9330208196102736, -0.9336499759954968, -0.9342713905172415, -0.9348826150840255, -0.9354814177970203, -0.9360657853270193, -0.9366339206980282, -0.9371842382734704, -0.9377153572078704, -0.938226094225866, -0.9387154562962456, -0.9391826335561482, -0.9396269926885654, -0.9400480708480135, -0.9404455701518827, -0.9408193526989197, -0.9411694360341408, -0.9414959889457991, -0.9417993274503689, -0.9420799107925655, -0.9423383372563379, -0.9425753395472598, -0.9427917794655547, -0.9429886415415647, -0.9431670252536426, -0.9433281353970181, -0.9434732701310858, -0.943603806218389, -0.9437211810069145, -0.94382687083154, -0.9439223657586022, -0.9440091410005377, -0.9440886258904154, -0.9441621719822108, -0.9442310225119745, -0.9442962859247951, -0.9443589162205288, -0.9444197023345394, -0.9444792676499965, -0.9445380792574127, -0.9445964651284047, -0.9446546363637043, -0.9447127113592686, -0.9447707391005628, -0.944828719616845, -0.9448866205895725, -0.9449443899464122]}