{"FCI": -0.9714263137788843, "Energy": -0.9621240088361855, "Loss": [-0.5627686534592707, -0.5761124953154115, -0.5859729101395799, -0.5943030015156542, -0.6017318134338142, -0.6085531200801257, -0.6149311199491224, -0.6209680347105889, -0.6267322590702933, -0.6322719738937587, -0.6376224532014806, -0.6428103017781738, -0.6478560643862024, -0.652775911035163, -0.6575827689275404, -0.6622871079829569, -0.6668975012478889, -0.671421034306379, -0.6758636105964582, -0.6802301832335882, -0.684524933843535, -0.6887514124668999, -0.6929126483834709, -0.6970112388833241, -0.7010494210836611, -0.7050291305483405, -0.7089520495170529, -0.7128196468681455, -0.7166332114414159, -0.7203938799794696, -0.7241026606717184, -0.7277604530773534, -0.7313680650452856, -0.7349262271267621, -0.7384356048813284, -0.7418968094022367, -0.74531040632824, -0.7486769235617621, -0.7519968578754908, -0.7552706805588739, -0.7584988422310632, -0.7616817769264089, -0.7648199055417674, -0.7679136387209852, -0.7709633792402953, -0.7739695239488107, -0.7769324653102593, -0.7798525925855705, -0.7827302926904572, -0.7855659507579187, -0.7883599504321681, -0.7911126739181158, -0.7938245018089571, -0.7964958127136612, -0.7991269827062089, -0.8017183846192795, -0.804270387206475, -0.8067833541993692, -0.8092576432881765, -0.8116936050576672, -0.8140915819128486, -0.8164519070315169, -0.8187749033826758, -0.8210608828507232, -0.8233101455047019, -0.825522979049344, -0.8276996584900651, -0.8298404460370286, -0.8319455912642427, -0.8340153315285289, -0.8360498926408868, -0.83804948976992, -0.840014328545049, -0.8419446063168702, -0.8438405135247282, -0.8457022351178302, -0.8475299519767012, -0.8493238422861804, -0.8510840828190416, -0.8528108500995871, -0.854504321427972, -0.8561646757572137, -0.8577920944246995, -0.8593867617475908, -0.8609488654966632, -0.8624785972655378, -0.8639761527527836, -0.8654417319731412, -0.8668755394121822, -0.8682777841364078, -0.8696486798686432, -0.8709884450367721, -0.872297302802501, -0.8735754810759127, -0.8748232125209228, -0.8760407345564362, -0.8772282893576636, -0.8783861238620088, -0.8795144897837978, -0.8806136436421002, -0.8816838468058735, -0.88272536556075, -0.8837384712018563, -0.884723440157318, -0.8856805541473174, -0.8866101003840017, -0.8875123718180533, -0.8883876674383416, -0.8892362926319397, -0.8900585596127838, -0.89085478792852, -0.8916253050566234, -0.8923704471027933, -0.8930905596169822, -0.8937859985452863, -0.8944571313395241, -0.8951043382507591, -0.8957280138384363, -0.8963285687337393, -0.8969064317042083, -0.8974620520773081, -0.8979959025941607, -0.8985084827813432, -0.899000322950114, -0.8994719889593054, -0.8999240879123861, -0.9003572750025391, -0.9007722617747989, -0.9011698261441163, -0.901550824596419, -0.9019162071105993, -0.9022670354766281, -0.9026045058525849, -0.9029299766012452, -0.9032450026690598, -0.9035513779960377, -0.9038511876256756, -0.9041468712196982, -0.9044412993833674, -0.9047378632358902, -0.9050405754641959, -0.9053541768433603, -0.9056842348971337, -0.9060372100828356, -0.9064204504029242, -0.9068420596312545, -0.9073105044868381, -0.9078322921721482, -0.9084050077736805, -0.9089894797055262, -0.9097140194323049, -0.9104724993790589, -0.9112992135192353, -0.912193580154869, -0.9131522175092494, -0.9141704711035828, -0.9152428461996261, -0.9163634183030098, -0.9175261514334603, -0.9187251241085006, -0.9199546751515519, -0.9212094870538166, -0.9224846243870288, -0.9237755419675849, -0.92507807402419, -0.9263884124448359, -0.9277030796087216, -0.9290188993813069, -0.9303329684785393, -0.9316426294681885, -0.932945446057405, -0.9342391809219506, -0.9355217760924771, -0.9367913357753602, -0.9380461114136652, -0.939284488763361, -0.9405049767545758, -0.9417061979168186, -0.9428868801638229, -0.944045849753828, -0.9451820252621035, -0.9462944124228394, -0.9473820997164386, -0.9484442545953384, -0.9494801202567218, -0.9504890128838375, -0.9514703192892995, -0.9524234949037701, -0.9533480620621797, -0.9542436085470325, -0.9551097863547358, -0.9559463106562742, -0.9567529589282118, -0.9575295702337289, -0.9582760446366422, -0.9589923427338489, -0.9596784852936037, -0.9603345529884015, -0.9609606862120113, -0.9615570849704423]}