{"FCI": -1.122767536167744, "Energy": -1.1118178552323164, "Loss": [-0.2223797682784483, -0.23409210709685876, -0.24358491273256203, -0.252257378832242, -0.2604900693977767, -0.26845158811580616, -0.27623371829670484, -0.2838926759331617, -0.29146556777418076, -0.2989781510717716, -0.306448937168237, -0.3138915515695969, -0.32131618121365196, -0.3287305081751551, -0.3361403374058482, -0.34355003348221197, -0.35096283341294965, -0.35838107633513416, -0.3658063758869947, -0.37323975206558013, -0.38068173382824744, -0.3881324401628665, -0.3955916450407454, -0.4030588301193705, -0.41053322800472325, -0.4180138581464846, -0.42549955691779534, -0.4329890030558899, -0.44048073936613924, -0.447973191389646, -0.4554646835831583, -0.46295345344565086, -0.47043766393840086, -0.4779154144779907, -0.4853847507291385, -0.49284367338306817, -0.5002901460745207, -0.507722102564543, -0.5151374532953524, -0.5225340914066803, -0.5299098982893661, -0.5372627487407177, -0.5445905157769609, -0.5518910751505053, -0.5591623096133679, -0.5664021129628873, -0.573608393901393, -0.5807790797377789, -0.5879121199558045, -0.5950054896712857, -0.6020571929980416, -0.6090652663406076, -0.6160277816299998, -0.6229428495174378, -0.6298086225396995, -0.6366232982686747, -0.64338512245679, -0.6500923921890185, -0.6567434590514871, -0.6633367323258669, -0.6698706822179759, -0.6763438431282579, -0.6827548169709535, -0.6891022765477809, -0.6953849689809717, -0.7016017192091094, -0.7077514335478128, -0.7138331033154346, -0.7198458085217869, -0.7257887216152575, -0.7316611112805269, -0.7374623462752433, -0.7431918992894906, -0.7488493508064608, -0.7544343929363355, -0.7599468331879432, -0.7653865981340818, -0.7707537369165336, -0.7760484245255574, -0.7812709647762568, -0.7864217928906403, -0.7915014775797136, -0.7965107225050778, -0.8014503669846925, -0.8063213857937219, -0.811124887899652, -0.8158621139628214, -0.8205344324303954, -0.8251433340558793, -0.829690424689143, -0.8341774162054112, -0.8386061154772398, -0.8429784113416262, -0.8472962595749427, -0.8515616659597671, -0.8557766676071136, -0.8599433127814738, -0.8640636395600458, -0.8681396537375675, -0.8721733064610279, -0.8761664721420113, -0.880120927247711, -0.8840383306129168, -0.8879202059414466, -0.8917679271691498, -0.8955827073300373, -0.8993655914874334, -0.9031174541497371, -0.9068390013787974, -0.9105307775252981, -0.9141931762137595, -0.9178264548896128, -0.9214307519799261, -0.9250061055522244, -0.9285524723122247, -0.9320697458668336, -0.9355577733751562, -0.9390163699789379, -0.9424453306975598, -0.9458444397459247, -0.9492134774526058, -0.9525522251022116, -0.9558604680986562, -0.9591379978549586, -0.962384612778526, -0.9656001186577629, -0.9687843286837788, -0.9719370632726164, -0.9750581497960112, -0.9781474222855643, -0.9812047211452256, -0.9842298928882862, -0.9872227899043232, -0.9901832702561095, -0.9931111975041356, -0.9960064405556626, -0.9988688735352106, -1.0016983756737599, -1.0044948312142439, -1.0072581293313572, -1.009988164063977, -1.0126848342587527, -1.0153480435236768, -1.0179777001906092, -1.0205737172858855, -1.0231360125082212, -1.0256645082133322, -1.028159131404653, -1.030619813729722, -1.033046491481856, -1.0354391056067298, -1.0377976017136412, -1.040121930091218, -1.0424120457273993, -1.0446679083335662, -1.0468894823727202, -1.0490767370916556, -1.0512296465570943, -1.0533481896958825, -1.055432350338695, -1.057482117269854, -1.059497484254631, -1.0614784495014717, -1.0634249822357806, -1.0653351444873123, -1.0671210286099002, -1.0689422233303545, -1.0708294412166277, -1.072605875612641, -1.0743504423948012, -1.076066190741797, -1.0777484964256479, -1.0793894090389746, -1.0809945999658037, -1.0825645341469052, -1.0841003995130418, -1.0856019091844962, -1.0870692728393352, -1.088501537354197, -1.0898974397066912, -1.091254116774559, -1.0925730503977764, -1.0938652496944956, -1.0951384616064939, -1.096381925877362, -1.0975946231593074, -1.0987698582489351, -1.0999110204791962, -1.1010172342139832, -1.1020906127176113, -1.1031306781592802, -1.104138379018714, -1.1051129606637897, -1.1060551243503418, -1.1069644880497318, -1.1078437776616719, -1.1086938765279701, -1.109518182249983, -1.1103134736108151, -1.1110812411393611]}