{"FCI": -1.1321209324259212, "Energy": -0.9276272403938148, "Loss": [0.20332874441982562, 0.1874218848058274, 0.17423757903770817, 0.16216446726390915, 0.15069372210802728, 0.13959159477424082, 0.12872952266220605, 0.11802894041510223, 0.10743848876748964, 0.09692305669228109, 0.08645792274878528, 0.07602536583767189, 0.06561258096449323, 0.05521033322514243, 0.04481205284788914, 0.0344132058619447, 0.024010843626906073, 0.013603272218188203, 0.0031898043897289896, -0.0072294301712678005, -0.017653632547452128, -0.028081451385334535, -0.03851107656957148, -0.04894031533117625, -0.05936665481733232, -0.06978731408944067, -0.08019928776571013, -0.0905993829858848, -0.10098425098332928, -0.1113504142602843, -0.12169429014595376, -0.13201221135392474, -0.14230044403090839, -0.1525552036928209, -0.16277266936964577, -0.17294899622194007, -0.18308032684556066, -0.19316280144424122, -0.2031925670199979, -0.21316578570732772, -0.2230786423576298, -0.23292735146422902, -0.24270816350518737, -0.2524173707701031, -0.2620513127279658, -0.2716063809854691, -0.28107902387872535, -0.290465750735882, -0.2997631358434947, -0.30896782214558466, -0.3180765247009259, -0.327086033921239, -0.3359932186104807, -0.344795028823321, -0.35348849855903797, -0.3620707483055489, -0.3705389874468989, -0.37889051654643263, -0.3871227295168654, -0.39523311568766917, -0.4032192617794903, -0.4110788537947543, -0.41880967883315673, -0.4264096268403828, -0.4338766922981386, -0.44120897586341473, -0.44840468596476973, -0.4554621403634864, -0.4623797676874519, -0.46915610894579224, -0.47578981903253426, -0.4822796682278331, -0.4886245437057438, -0.494823451057959, -0.5008755158435169, -0.5067799851751804, -0.5125362293539358, -0.5181437435639783, -0.5236021496415876, -0.5289111979324661, -0.5340707692534358, -0.5390808769759189, -0.543941669250321, -0.5486534313923657, -0.5532165884546122, -0.5576317080087986, -0.5618995031674441, -0.5660208358761948, -0.569996720511849, -0.5738283278248757, -0.5775169892695056, -0.5810642017692662, -0.5844716329710599, -0.5877411270466556, -0.5908747111066956, -0.5938746022989936, -0.5967432156699168, -0.5994831728748068, -0.6020973118304125, -0.6045886974087301, -0.606960633276762, -0.6092166749894559, -0.6113606444420558, -0.6133966457809632, -0.6153290828561522, -0.6171626782687032, -0.6189024940184182, -0.6205539536807987, -0.6221228659291278, -0.6236154490524669, -0.6250383558865712, -0.6263986982514275, -0.6277040695534786, -0.6289625636410757, -0.630182787284723, -0.6313738627965406, -0.6325454163537986, -0.6337075466665433, -0.6348707679485865, -0.6360459210628185, -0.6372440476858513, -0.6384762248837281, -0.6397533619641605, -0.6410859677577572, -0.6424839036709237, -0.6439561441315452, -0.6455105690847012, -0.6471538111067072, -0.6488911722013595, -0.6507266142725026, -0.6526628159854284, -0.6547012805171627, -0.6568424752672477, -0.659085985643313, -0.6614306688743412, -0.6638747985106297, -0.6664161944664259, -0.6690523365455492, -0.671780461340637, -0.6745976434669977, -0.6775008625842526, -0.6804870578143585, -0.6835531711436539, -0.68669618129418, -0.6899131294177395, -0.6932011378318492, -0.6965574228913594, -0.699979302976401, -0.7034642024750442, -0.7070096525446741, -0.7106132893465142, -0.7142728503613516, -0.7179861693104229, -0.7217511701246184, -0.7255658603285104, -0.7294283241349292, -0.7333367154818936, -0.7372892511877456, -0.7412842043524354, -0.7453198980932224, -0.7493946996708987, -0.7535070150373558, -0.757655283816199, -0.7618379747138136, -0.7660535813484431, -0.7703006184780521, -0.7745776186037892, -0.7788831289236346, -0.7832157086101524, -0.7875739263865721, -0.7919563583763548, -0.7963615862028343, -0.8007881953171176, -0.805234773534257, -0.8096999097593559, -0.8141821928871396, -0.8186802108600603, -0.823192549871586, -0.8277177937027532, -0.8322545231813323, -0.8368013157541536, -0.8413567451641791, -0.8459193812248194, -0.8504877896848881, -0.8550605321782505, -0.8596361662528589, -0.864213245474502, -0.8687903196009319, -0.8733659348225822, -0.8779386340662988, -0.8825069573589143, -0.8870694422476152, -0.8916246242743423, -0.8961710375015514, -0.9007072150868228, -0.9052316899038713, -0.9097429952075904, -0.9142396653408409, -0.9187202364806372, -0.9231832474215164]}