{"FCI": -0.9714263137788843, "Energy": -0.910322119687155, "Loss": [-0.5514783794978826, -0.5679551110703855, -0.5803011287504732, -0.590829478322054, -0.6002882610735063, -0.609027034765076, -0.6172409163334389, -0.625051028719371, -0.6325380580806012, -0.6397585011885317, -0.6467533945439379, -0.6535533809270745, -0.6601818316076473, -0.66665686481459, -0.6729927029639696, -0.6792006157820375, -0.6852895942684483, -0.6912668440799761, -0.6971381544044212, -0.7029081789104645, -0.7085806532880577, -0.7141585661949863, -0.7196442953872045, -0.7250397174376351, -0.7303462971433606, -0.7355651611169087, -0.7406971589218755, -0.7457429142970576, -0.7507028684185113, -0.7555773167096039, -0.7603664403808916, -0.7650703336331687, -0.7696890272670776, -0.7742225092955829, -0.7786707430403651, -0.783033683101732, -0.787311289517814, -0.791503540368176, -0.7956104430259041, -0.7996320442181365, -0.8035684390153301, -0.8074197788329969, -0.811186278494006, -0.8148682223642404, -0.8184659695378926, -0.8219799580107844, -0.8254107077403172, -0.8287588224498658, -0.8320249899949078, -0.8352099810711084, -0.838314646015546, -0.8413399094381342, -0.8442867624306413, -0.8471562521464496, -0.8499494686381817, -0.8526675289935046, -0.8553115590282813, -0.8578826730770553, -0.8603819527447374, -0.8628104258113338, -0.8651690467549504, -0.8674586805055089, -0.8696800909935019, -0.8718339357706398, -0.8739207674556602, -0.8759410420619032, -0.8778951335105194, -0.8797833529670028, -0.881605971188538, -0.88336324191144, -0.8850554244466987, -0.8866828040247268, -0.8882457089345828, -0.8897445240283879, -0.8911797006188149, -0.8925517631340139, -0.8938613130935147, -0.8951090310428632, -0.8962956770623869, -0.897422090380372, -0.8984891885046624, -0.8994979661642791, -0.9004494942411885, -0.901344918781261, -0.9021854601056292, -0.9029724119978345, -0.9037071409135947, -0.9043910851440424, -0.9050257538542688, -0.9056127259135422, -0.9061536484286435, -0.9066502348864485, -0.9071042628056493, -0.9075175707908525, -0.9078920548761733, -0.9082296640406626, -0.9085323947763935, -0.9088022845926861, -0.9090414043492971, -0.909251849328938, -0.9094357289874722, -0.9095951553607627, -0.9097322301614801, -0.9098490306686187, -0.9099475945958482, -0.9100299042199913, -0.9100978701529874, -0.9101533152416292, -0.9101979591688979, -0.9102334043959828, -0.9102611241110292, -0.910282452826751, -0.9102985801846952, -0.910310548376715, -0.9103192533895981, -0.9103254500331982, -0.9103297604502882, -0.9103326855593616, -0.9103346186814455, -0.9103358604763865, -0.9103366342797327, -0.9103371009908141, -0.9103373728036408, -0.9103375252699747, -0.9103376074064644, -0.9103376497723774, -0.9103376706241478, -0.9103376803805857, -0.9103376847023701, -0.9103376865064614, -0.9103376872125221, -0.9103376874700972, -0.910337687557115, -0.9103376875841358, -0.9103376875917384, -0.9103376875924367, -0.9103376875547882, -0.9103376862607313, -0.9103376372144152, -0.9103356273709704, -0.910299260520973, -0.9103221272299812, -0.9103343331834202, -0.9103368669737804, -0.9103374282984193, -0.9103375808967131, -0.9103376311217519, -0.9103376497155558, -0.9103376558383337, -0.9103376547245257, -0.9103376460451436, -0.9103376240955312, -0.9103375714277839, -0.9103374361661474, -0.910337055719417, -0.9103359192977952, -0.9103327608396573, -0.9103271261801884, -0.910324274669154, -0.9103254299334318, -0.9103258782502679, -0.9103245723340936, -0.9103220365488827, -0.9103189600130414, -0.9103162991562088, -0.9103150577366241, -0.9103156286748322, -0.9103175394940566, -0.9103199174504311, -0.910322067686945, -0.910323647428649, -0.9103245656107676, -0.9103248399434158, -0.910324521204199, -0.9103236773480412, -0.910322422541983, -0.9103209586320486, -0.9103195907717994, -0.9103186609343018, -0.9103184065528268, -0.9103188378868727, -0.9103197483991009, -0.910320838083627, -0.9103218425545055, -0.9103225902301185, -0.9103229995338666, -0.9103230531759788, -0.9103227791340637, -0.9103222435472934, -0.9103215515130385, -0.9103208419731832, -0.9103202662363371, -0.910319947768639, -0.9103199415152852, -0.9103202168663318, -0.9103206764142439, -0.9103211958102976, -0.9103216618357923, -0.910321993707169, -0.9103221488126767]}