{"FCI": -0.9714263137788843, "Energy": -0.9103351527622398, "Loss": [-0.5723245613717445, -0.5848532818486231, -0.5944319258651941, -0.6027305680921982, -0.6102880923170525, -0.6173555477464394, -0.6240725565761428, -0.6305254084171217, -0.6367712722901434, -0.6428499083501044, -0.6487899541936389, -0.6546125702051465, -0.6603336840395537, -0.6659654405407265, -0.67151717604123, -0.6769960950518428, -0.682407753667347, -0.6877564133991535, -0.6930453057322012, -0.6982768336803119, -0.7034527279315222, -0.7085741696404284, -0.7136418883052851, -0.7186562407458886, -0.7236172755446886, -0.7285247861631219, -0.7333783551316251, -0.7381773911273772, -0.7429211603282939, -0.7476088131178342, -0.7522394069808644, -0.7568119262539308, -0.7613252992584092, -0.7657784132411762, -0.7701701274667231, -0.7744992847414766, -0.7787647216011014, -0.7829652773518738, -0.7870998021253139, -0.791167164079588, -0.7951662558602896, -0.7990960004161357, -0.8029553562510393, -0.8067433221825099, -0.8104589416665184, -0.8141013067410351, -0.8176695616335674, -0.8211629060723548, -0.8245805983359187, -0.8279219580716163, -0.8311863689101453, -0.8343732808998978, -0.8374822127823438, -0.8405127541271593, -0.8434645673436998, -0.8463373895834314, -0.8491310345460314, -0.8518453942002044, -0.8544804404284367, -0.8570362266032429, -0.8595128891005993, -0.8619106487544005, -0.8642298122536232, -0.8664707734816282, -0.8686340147943654, -0.8707201082313539, -0.8727297166498198, -0.8746635947685323, -0.876522590103322, -0.8783076437710982, -0.8800197911332237, -0.8816601622422843, -0.8832299820487053, -0.8847305703149626, -0.8861633411757952, -0.8875298022724409, -0.8888315533781199, -0.8900702844207462, -0.8912477727979506, -0.8923658798693201, -0.8934265465026678, -0.8944317875460475, -0.8953836850970164, -0.8962843804472511, -0.897136064596217, -0.8979409672548413, -0.8987013443014777, -0.8994194637099471, -0.9000975900445436, -0.9007379677094689, -0.9013428032478621, -0.9019142471034891, -0.9024543753774503, -0.9029651722211972, -0.9034485135902189, -0.9039061531234432, -0.9043397108953738, -0.9047506656992638, -0.9051403513556352, -0.9055099573071634, -0.9058605334770097, -0.9061929990628572, -0.9065081546509659, -0.9068066968025453, -0.9070892341218578, -0.9073563037807718, -0.9076083875503835, -0.9078459265594052, -0.9080693342302477, -0.9082790070977022, -0.9084753334531643, -0.9086586999492732, -0.9088294964281575, -0.9089881192978745, -0.9091349737852757, -0.90927047535557, -0.9093950505281871, -0.9095091372518829, -0.9096131849411877, -0.9097076542277371, -0.9097930164452802, -0.909869752844945, -0.9099383535249146, -0.9099993160534096, -0.9100531437637517, -0.9101003437043615, -0.9101414242341803, -0.9101768922654285, -0.9102072501706542, -0.9102329923899406, -0.9102546017961576, -0.9102725459006226, -0.9102872730067525, -0.9102992084429611, -0.9103087510253596, -0.9103162699122971, -0.9103221020133185, -0.9103265501017326, -0.9103298817514502, -0.9103323291752072, -0.9103340899858021, -0.9103353288392214, -0.9103361798559297, -0.9103367496615979, -0.9103371208487538, -0.9103373556415391, -0.9103374995492932, -0.910337584819774, -0.910337633544715, -0.9103376603221704, -0.910337674433603, -0.9103376815416655, -0.9103376849517235, -0.9103376865037304, -0.9103376871709162, -0.9103376874405088, -0.9103376875423443, -0.9103376875780858, -0.9103376875896598, -0.9103376875930895, -0.9103376875940128, -0.9103376875942351, -0.9103376875942826, -0.9103376875942906, -0.9103376875942933, -0.9103376875942926, -0.9103376875942928, -0.9103376875942898, -0.9103376875941652, -0.9103376875892408, -0.9103376873677473, -0.9103376761730662, -0.9103370421952892, -0.9103013625981047, -0.9101304721919878, -0.9103020253593197, -0.9103323144464347, -0.9103366080945055, -0.9103373920791442, -0.9103375796080633, -0.9103376360715332, -0.910337656101396, -0.9103376633242001, -0.9103376643280239, -0.9103376601664787, -0.9103376482252439, -0.9103376193889171, -0.9103375461114752, -0.9103373390167119, -0.9103366781549954, -0.9103343225030149, -0.9103255567740419, -0.9102992494148338, -0.9102688442392033, -0.9102784365496313, -0.9103054335294901, -0.910322753650369, -0.9103303117265651, -0.9103334097369352, -0.9103346933250004]}