{"FCI": -1.0551607375072107, "Energy": -1.0551460095838858, "Loss": [0.06186154778712863, 0.023712967101158187, -0.0039766130033619465, -0.02711921182701229, -0.04762439048149733, -0.0663850738257554, -0.08389737913495209, -0.10046714783659698, -0.11629753653578845, -0.13153125899486326, -0.1462727922841235, -0.16060102169746654, -0.17457695864422385, -0.18824870714235098, -0.20165479195189576, -0.21482646360724675, -0.2277893399511438, -0.24056460348332556, -0.25316989308656035, -0.2656199803850382, -0.2779272911120638, -0.2901023128360786, -0.3021539179597043, -0.3140896225921528, -0.32591579622065053, -0.33763783316086815, -0.3492602939768178, -0.3607870230576636, -0.37222124708143967, -0.383565658019304, -0.39482248353474836, -0.4059935470184945, -0.41708031906489634, -0.428083961748344, -0.439005367089451, -0.44984518842325555, -0.4606038367994392, -0.47128016422488916, -0.48183158047681723, -0.4922739467748981, -0.5028038576831741, -0.5131755858102995, -0.5234515341270983, -0.5336427999607364, -0.5437510895970168, -0.5537760504797312, -0.5637172301216951, -0.5735738912273733, -0.5833453694842544, -0.5930307805446364, -0.602629241755849, -0.6121391716822403, -0.621557796984669, -0.6308776718056458, -0.6401009986795245, -0.6492507091352606, -0.6583308767043592, -0.6673112006843238, -0.6761924149629754, -0.6849756469487225, -0.6936625683435401, -0.7022525322361544, -0.7107452751722082, -0.7191394490350984, -0.727434242602097, -0.7356275064753738, -0.743719044576099, -0.7517083928010454, -0.7596018084509233, -0.7673970641394695, -0.7750928120841776, -0.7826830603452495, -0.7901679353680258, -0.7975459487202138, -0.8048176507441669, -0.8119819135095108, -0.8190388499532877, -0.825987144204078, -0.8328271307593486, -0.8395576913149838, -0.8461805479831583, -0.8526947442908164, -0.859101729641509, -0.8653988128139771, -0.8715861231361322, -0.8776615393686681, -0.8836255357163968, -0.8894769671574725, -0.8952163914973518, -0.9008429253030085, -0.9063572028487311, -0.9117584632716076, -0.9170477177328308, -0.9222243239480801, -0.9272895260751528, -0.9322423753530668, -0.9370837174053481, -0.9418123898604416, -0.9464290676977533, -0.9509329654101735, -0.9553248736283849, -0.959604377991525, -0.9637723811478826, -0.9678286842666142, -0.9717743469045957, -0.9756093230172062, -0.9793348350982791, -0.9829508853616279, -0.9864586882216241, -0.9898582033422288, -0.9931505530700668, -0.9963357960615671, -0.9994150892750441, -1.0023887390043411, -1.0052580237938067, -1.0080234977227995, -1.0106865825479698, -1.0132480401487884, -1.0157094406921863, -1.0180717132094634, -1.0203365398541868, -1.0225049686276602, -1.024578741260344, -1.026559025953764, -1.0284476391221777, -1.030245934601383, -1.0319558645431566, -1.0335790183818416, -1.0351175229389502, -1.0365732084451795, -1.0379483861782153, -1.0392451096492428, -1.040465862989737, -1.0416128933022955, -1.0426888280841993, -1.0436960770824282, -1.0446373846887025, -1.0455153083963191, -1.0463326996155073, -1.047092254511446, -1.0477969170789312, -1.0484494900413885, -1.0490529673044224, -1.0496101924253711, -1.0501241350589523, -1.0505975869099307, -1.0510333958577607, -1.051434195475589, -1.0518026080723129, -1.052141010825287, -1.0524517157322166, -1.0527367765857434, -1.0529981494697092, -1.0532375412013253, -1.053456551828637, -1.0536565617275602, -1.0538388569527337, -1.0540045493601349, -1.0541546838579798, -1.054290183883134, -1.0544119379138193, -1.0545207628272422, -1.0546174675110354, -1.05470282834001, -1.0547776296734495, -1.054842647098267, -1.054898666879478, -1.0549464737738774, -1.0549868537837461, -1.0550205848056537, -1.0550484285351203, -1.055071123517163, -1.055089372154631, -1.0551038365170398, -1.0551151254997424, -1.0551237940513485, -1.0551303340313414, -1.0551351771810347, -1.0551386912473872, -1.0551411861310618, -1.05514291486202, -1.055144081532111, -1.0551448454223225, -1.0551453290658401, -1.0551456234955707, -1.0551457951072236, -1.055145890441853, -1.055145941211959, -1.055145967873015, -1.0551459828904834, -1.0551459930881628, -1.0551460016120353, -1.0551460093506169, -1.0551460160332788, -1.0551460209879884, -1.0551460236446102, -1.055146023804123, -1.055146021723243, -1.0551460180547916, -1.0551460136943507]}