{"FCI": -0.9443745249874615, "Energy": -0.9441323798707606, "Loss": [-0.7791502384354944, -0.7956648019747276, -0.8071450198654742, -0.8164202262762872, -0.8243859919959577, -0.8314574883595806, -0.8378659185472976, -0.8437549995345243, -0.8492208974175686, -0.8543314583107784, -0.859136497982729, -0.8636737542641395, -0.8679725445638897, -0.872056124089297, -0.8759432673571232, -0.8796493641769283, -0.8831872005512059, -0.8865675284860611, -0.889799490447688, -0.8928909413064527, -0.8958486964456538, -0.8986787256878725, -0.9013863067920161, -0.9039761483274287, -0.9064524890362233, -0.9088191789198276, -0.9110797459589618, -0.913237451422922, -0.9152953360292361, -0.9172562587017155, -0.9191229292913421, -0.9208979363345459, -0.9225837707016512, -0.9241828458170808, -0.9256975149991399, -0.9271300863619517, -0.9284828356379653, -0.9297580172120015, -0.930957873602685, -0.9320846435819423, -0.933140569085407, -0.934127901035032, -0.9350489041680508, -0.9359058609433447, -0.9367010745761326, -0.9374368712345071, -0.9381156014161504, -0.9387396405105659, -0.9393113885410541, -0.9398332690715827, -0.9403077272565489, -0.9407372270063856, -0.9411242472389691, -0.9414712771862304, -0.9417808107271417, -0.942055339723094, -0.9422973463397517, -0.942509294351993, -0.9426936194464693, -0.9428527185614578, -0.9429889383378148, -0.9431045627999008, -0.9432018004424672, -0.9432827709687215, -0.9433494920037865, -0.9434038661907614, -0.9434476691551579, -0.943482538884557, -0.9435099670997537, -0.9435312931767449, -0.9435477011041797, -0.9435602198238769, -0.9435697271072009, -0.9435769568838006, -0.9435825096869094, -0.9435868656438731, -0.9435903992550251, -0.9435933950959131, -0.9435960635628121, -0.9435985558596816, -0.9436009775809329, -0.9436034004509901, -0.9436058720052513, -0.943608423204778, -0.9436110741438182, -0.9436138381199517, -0.9436167243894914, -0.9436197399328101, -0.9436228905200164, -0.9436261813128674, -0.9436296171787357, -0.9436332028373525, -0.9436369429167452, -0.9436408419629873, -0.9436449044276315, -0.9436491346445564, -0.9436535368014617, -0.9436581149081749, -0.9436628727626274, -0.9436678139148698, -0.9436729416293529, -0.9436782588457823, -0.9436837681387917, -0.9436894716768314, -0.9436953711806728, -0.9437014678820547, -0.9437077624829598, -0.9437142551162335, -0.9437209453081321, -0.9437278319435671, -0.9437349132347936, -0.9437421866943101, -0.9437496491127413, -0.9437572965424578, -0.943765124287661, -0.9437731269015553, -0.9437812981911309, -0.9437896312300468, -0.9437981183797894, -0.9438067513193097, -0.9438155210829957, -0.9438244181067357, -0.9438334322816133, -0.9438425530145123, -0.9438517692948492, -0.9438610697663756, -0.9438704428028933, -0.9438798765866765, -0.9438893591881992, -0.9438988786458611, -0.9439084230434232, -0.9439179805376043, -0.9439275377763033, -0.9439370084225087, -0.9439432746326569, -0.9439134861848699, -0.9439540311786382, -0.9439668962415682, -0.9439620043467343, -0.9439023801270076, -0.943900443267335, -0.9439580698018641, -0.9439829094427439, -0.9439925107780383, -0.9439979154563962, -0.9440021853271127, -0.9440061482715163, -0.9440100475357546, -0.9440139407023223, -0.9440177855863636, -0.9440213630103811, -0.9440239234040011, -0.9440237150364887, -0.9440198254440002, -0.9440186919295754, -0.9440147807999624, -0.9440080274179238, -0.9440118936198826, -0.944025958346594, -0.9440388632071548, -0.9440476926543047, -0.944053567273414, -0.9440578388369973, -0.9440611556436316, -0.9440637104661127, -0.944065300755165, -0.9440655829934206, -0.9440644962077283, -0.9440635369587798, -0.9440629801636737, -0.944062774619274, -0.9440639533992639, -0.9440681322938054, -0.9440741947587554, -0.944080513040343, -0.9440858164882947, -0.9440900145786306, -0.9440931388493885, -0.9440953630858707, -0.9440966725840069, -0.9440973066761416, -0.9440975434955334, -0.9440980419123811, -0.9440987358110133, -0.9440998277141693, -0.944101418947751, -0.944104010051761, -0.9441073027099667, -0.9441110217196629, -0.9441145084966132, -0.9441175890441297, -0.9441200188772766, -0.9441218992917413, -0.9441232167872791, -0.9441242955003619, -0.9441252291458264, -0.9441263243752973, -0.944127457163366, -0.9441288333242022, -0.9441303912156223]}