{"FCI": -0.9808567065778034, "Energy": -0.9599326476049236, "Loss": [-0.4079956068420009, -0.4187766809640605, -0.4273620006858535, -0.4349869135139621, -0.44205664210209217, -0.44876129120553454, -0.4552069744758313, -0.4614594014666073, -0.46756214987960293, -0.4735455405396868, -0.4794314157779857, -0.4852359170114259, -0.49097119817640117, -0.4966465342345196, -0.5022690668765919, -0.5078443228206051, -0.5133765841890716, -0.5188691595784762, -0.5243245866104174, -0.5297447860647311, -0.5351311810685936, -0.5404847905873197, -0.5458063036945909, -0.5510961392460418, -0.556354494313057, -0.5615813838513489, -0.5667766734543269, -0.5719401065922105, -0.5770713274105218, -0.5821698999198924, -0.5872353242284307, -0.5922670503314095, -0.5972644898688232, -0.6022270261809823, -0.607154022929809, -0.6120448315044502, -0.6168987973910067, -0.6217152656552383, -0.6264935856622581, -0.6312331151371557, -0.6359332236541265, -0.640593295628276, -0.6452127328732622, -0.6497909567787875, -0.6543274101542964, -0.658821558778913, -0.6632728926922316, -0.667680927256076, -0.6720452040134318, -0.6763652913675385, -0.680640785101253, -0.6848713087544195, -0.6890565138748396, -0.6931960801567257, -0.6972897154788326, -0.7013371558532037, -0.7053381652942251, -0.7092925356166228, -0.7132000861701816, -0.7170606635181003, -0.7208741410652172, -0.7246404186417125, -0.7283594220473246, -0.7320311025606305, -0.7356554364175135, -0.7392324242625332, -0.742762090576574, -0.7462444830838373, -0.749679672140957, -0.7530677501107836, -0.7564088307231559, -0.7597030484247452, -0.7629505577199462, -0.7661515325045705, -0.7693061653939633, -0.7724146670470851, -0.7754772654879145, -0.7784942054255026, -0.7814657475738628, -0.7843921679728713, -0.787273757311223, -0.7901108202525396, -0.7929036747655761, -0.7956526514595822, -0.7983580929257831, -0.8010203530860189, -0.8036397965495836, -0.8062167979793908, -0.8087517414686917, -0.8112450199296268, -0.8136970344951162, -0.8161081939357386, -0.8184789140934463, -0.8208096173343045, -0.8231007320227477, -0.8253526920201838, -0.8275659362113483, -0.8297409080622857, -0.8318780552144837, -0.8339778291204878, -0.8360406847271467, -0.8380670802137119, -0.8400574767931269, -0.8420123385862993, -0.8439321325806609, -0.8458173286861737, -0.8476683999040796, -0.8494858226261555, -0.8512700770850448, -0.8530216479796946, -0.8547410253037456, -0.8564287054094631, -0.8580851923452794, -0.859710999511669, -0.8613066516880408, -0.8628726874931174, -0.8644096623531615, -0.8659181520670873, -0.8673987570757592, -0.8688521075653948, -0.8702788695632165, -0.8716797522187013, -0.8730555165074363, -0.8744069856484022, -0.8757350575912446, -0.8770407200085039, -0.8783250683185341, -0.879589327364277, -0.8808348774708485, -0.8820632856787327, -0.8832763429555677, -0.8844761080465529, -0.8856649581896003, -0.8868456459623715, -0.8880213596852833, -0.8891957815908914, -0.8903731328643032, -0.89155818744208, -0.8927562279760471, -0.8939729107948383, -0.895214008637279, -0.8964850193580741, -0.8977906708385259, -0.8991344073904635, -0.900517981528141, -0.9019412633895265, -0.9034023126564174, -0.904897670752112, -0.9064227739841855, -0.9079723830279477, -0.9095409560072722, -0.9111229332280444, -0.9127129323333858, -0.9143058685244354, -0.9158970190255035, -0.9174820494006027, -0.9190570155362583, -0.9206183511809803, -0.9221628476971271, -0.9236876302942161, -0.9251901333629202, -0.9266680764360486, -0.9281194416013078, -0.9295424527524916, -0.9309355567999222, -0.9322974068059837, -0.933626846927172, -0.9349228990039051, -0.9361847506269994, -0.9374117445145351, -0.9386033690481331, -0.9397592498390804, -0.940879142219311, -0.9419629245777343, -0.9430105924871044, -0.9440222535888002, -0.944998123220853, -0.9459385207871013, -0.9468438668704793, -0.9477146810902763, -0.9485515806901771, -0.9493552798202356, -0.9501265894403859, -0.9508664177246916, -0.9515757707827487, -0.9522557534360406, -0.9529075696907486, -0.953532522434362, -0.9541320117532606, -0.9547075311302426, -0.9552606606515888, -0.9557930562634586, -0.9563064341147642, -0.9568025491726851, -0.9572831676693431, -0.9577500335922562, -0.9582048303727079, -0.9586491400641559, -0.9590844034162629, -0.959511885003686]}