{"FCI": -1.035185713956801, "Energy": -1.0351568382406076, "Loss": [-0.7239097395304357, -0.7411857451556387, -0.7537643453834838, -0.7642901010104846, -0.7736092434661582, -0.7821154806098997, -0.7900281965090361, -0.7974835703718665, -0.8045724335400678, -0.8113585450326322, -0.8178883874963137, -0.8241968418222709, -0.8303106779824874, -0.8362508081671955, -0.8420337994529478, -0.8476729233289504, -0.8531789045415614, -0.85856046843758, -0.8638247495266359, -0.8689776021522597, -0.8740238406473232, -0.878967427736759, -0.8838116243181171, -0.8885591099820876, -0.8932120810614128, -0.8977723312062154, -0.9022413182172305, -0.9066202199586118, -0.910909981509419, -0.9151113552239855, -0.9192249350063901, -0.9232511858287696, -0.9271904693130713, -0.9310430660341087, -0.9348091950759562, -0.9384890312752545, -0.9420827205069818, -0.9455903933060841, -0.9490121770684872, -0.9523482070343858, -0.9555986362234986, -0.9587636444646567, -0.9618434466389074, -0.964838300235942, -0.967748512306815, -0.9705744458810146, -0.9733165259027537, -0.9759752447290411, -0.9785511672204021, -0.9810449354439192, -0.9834572729967983, -0.9857889889471628, -0.9880409813766018, -0.9902142404961626, -0.9923098512938004, -0.9943289956565992, -0.9962729538955524, -0.9981431055842616, -0.9999409296062014, -1.0016680032884075, -1.003326000483952, -1.0049166884521044, -1.0064419233759216, -1.0079036443539724, -1.0093038657091373, -1.010644667475908, -1.0119281839622232, -1.0131565903358095, -1.014332087261692, -1.0154568837182003, -1.0165331782433253, -1.0175631390071997, -1.0185488832617944, -1.0194924568718657, -1.0203958147632732, -1.0212608032139374, -1.022089144935309, -1.02288242782854, -1.023642098137532, -1.0243694584626968, -1.025065670762674, -1.02573176409227, -1.0263686464514339, -1.0269771198054873, -1.027557897128023, -1.028111620245332, -1.0286388773316284, -1.0291402190987797, -1.0296161730031121, -1.0300672551035408, -1.030493979499419, -1.0308968655124198, -1.0312764429323544, -1.0316332557182692, -1.0319678645460266, -1.0322808485434267, -1.0325728064780781, -1.0328443575824804, -1.0330961421285398, -1.0333288218073566, -1.0335430799293168, -1.0337396214324814, -1.0339191726692731, -1.0340824809297122, -1.0342303136510589, -1.0343634572580622, -1.0344827155743945, -1.0345889077453396, -1.0346828656146188, -1.0347654305060057, -1.034837449373623, -1.0348997703048595, -1.0349532373870036, -1.0349986849833166, -1.0350369315053995, -1.0350687728149912, -1.0350949754365453, -1.0351162698082503, -1.0351333438380232, -1.0351468370564496, -1.0351573356647885, -1.0351653687572648, -1.035171405950811, -1.0351758565816582, -1.0351790705316486, -1.0351813406363468, -1.0351829065139104, -1.035183959552441, -1.0351846487171787, -1.035185086798001, -1.035185356716774, -1.0351855175521891, -1.0351856100090964, -1.0351856611480197, -1.0351856882847235, -1.0351857020559696, -1.035185708716031, -1.0351857117737036, -1.035185713100632, -1.0351857136423466, -1.0351857138492806, -1.035185713922802, -1.0351857139469351, -1.035185713954192, -1.0351857139561762, -1.035185713956633, -1.0351857139558667, -1.0351857139258407, -1.0351857127630388, -1.0351856621171889, -1.0351832022835805, -1.0350909877871313, -1.0350640947813314, -1.0351578346012675, -1.0351798885694095, -1.0351841755872093, -1.0351851800678853, -1.0351854726367533, -1.0351855741276945, -1.0351856116690177, -1.0351856207502435, -1.035185609385894, -1.0351855709916093, -1.035185478051904, -1.0351852487029403, -1.0351846304930086, -1.0351827973716197, -1.0351771023116185, -1.035161680762012, -1.0351403756854962, -1.0351426676250823, -1.0351608346822794, -1.0351733115961188, -1.0351791785294422, -1.035181752214571, -1.035182868984023, -1.0351832788551256, -1.0351832408988038, -1.0351827667799072, -1.0351816671081653, -1.0351794932124776, -1.0351754955752093, -1.0351688077155488, -1.0351570997477273, -1.035127731287761, -1.0351291081944058, -1.0351565380738983, -1.0351700306647889, -1.0351755735559673, -1.0351781221270102, -1.0351792053558015, -1.0351794333336628, -1.035178956207805, -1.03517778832792, -1.0351758358276975, -1.0351731472025925, -1.0351700123852108, -1.0351670710294258, -1.035164284653815, -1.0351607014945103]}