{"FCI": -1.0791924385860894, "Energy": -0.8767894414668826, "Loss": [-0.19570424898134708, -0.21085302630092295, -0.22300300946756432, -0.23386928233239157, -0.2440103615246612, -0.2536868078242181, -0.2630432713860318, -0.2721687839862683, -0.2811219612782322, -0.2899432138293532, -0.29866130787813344, -0.30729717217097696, -0.31586624290155063, -0.324379979106474, -0.3328468813945072, -0.34127319986840876, -0.34966344018999757, -0.3580207343269807, -0.36634711806601095, -0.3746437427281199, -0.3829110394530141, -0.3911488486381217, -0.3993565233385032, -0.4075330129053246, -0.4156769314143873, -0.4237866142357481, -0.43186016524659715, -0.43989549658009075, -0.44789036235903096, -0.45584238753599504, -0.4637490927172007, -0.47160791566300136, -0.479416230017254, -0.4871713617095387, -0.49487060339000727, -0.5025112271906531, -0.510090496054658, -0.5176056738338846, -0.5250540343212834, -0.5324328693579903, -0.539739496133004, -0.5469712637753797, -0.5541255593240594, -0.5611998131482652, -0.5681915038811539, -0.5750981629208902, -0.5819173785461675, -0.5886467996870939, -0.595284139387245, -0.6018271779883462, -0.6082737660652493, -0.6146218271357439, -0.6208693601669628, -0.6270144418977831, -0.6330552289946115, -0.638989960056165, -0.6448169574813831, -0.650534629213237, -0.6561414703701248, -0.6616360647755473, -0.6670170863958977, -0.6722833006954732, -0.6774335659172308, -0.6824668342971881, -0.6873821532199786, -0.6921786663226237, -0.6968556145532528, -0.7014123371912012, -0.7058482728346431, -0.7101629603617005, -0.7143560398707114, -0.718427253605204, -0.7223764468688375, -0.7262035689354447, -0.7299086739590047, -0.7334919218881535, -0.7369535793895435, -0.7402940207839297, -0.7435137289984769, -0.7466132965381631, -0.7495934264784884, -0.7524549334808557, -0.7551987448308992, -0.7578259014987918, -0.7603375592189512, -0.7627349895846641, -0.7650195811508378, -0.7671928405352367, -0.7692563935052958, -0.7712119860334915, -0.7730614852996044, -0.7748068806125039, -0.7764502842176086, -0.7779939319484412, -0.7794401836719599, -0.780791523467153, -0.782050559465013, -0.7832200232651932, -0.7843027688305788, -0.7853017707458012, -0.7862201217097087, -0.7870610291155361, -0.7878278105566028, -0.7885238880811691, -0.7891527810088288, -0.7897180971145772, -0.7902235219880522, -0.7906728063870816, -0.7910697514303604, -0.7914181915173606, -0.791721974928381, -0.7919849421471288, -0.792210902064903, -0.7924036063692195, -0.7925667225882017, -0.7927038064481055, -0.7928182743935179, -0.7929133773008856, -0.7929921765644802, -0.793057523824781, -0.7931120456178643, -0.7931581341307854, -0.7931979450414903, -0.793233403107139, -0.7932662157639221, -0.793297894554391, -0.7933297837580138, -0.7933630952244577, -0.7933989481468176, -0.7934384123925632, -0.7934825540319538, -0.7935324818284764, -0.7935893936097147, -0.7936546215188485, -0.7937296750440768, -0.793816280334898, -0.7939164135854612, -0.7940323252329138, -0.7941665505694722, -0.7943219014898777, -0.7945014340896035, -0.7947083883917745, -0.7949461001199049, -0.7952178900146117, -0.7955269425348425, -0.7958761906824142, -0.796268224673719, -0.7967052378565386, -0.797189014434074, -0.7977209532009023, -0.7983021134297437, -0.7989332660275841, -0.7996149356168047, -0.8003474256692792, -0.8011308265055574, -0.8019650122290258, -0.8028496357713646, -0.80378413073268, -0.8047677253962982, -0.8057994697936427, -0.806878272731219, -0.8080029434555004, -0.8091722324012245, -0.8103848667409823, -0.8116395783795207, -0.812935123859357, -0.8142702969372598, -0.8156439352591027, -0.8170549227207718, -0.81850218894804, -0.819984707034006, -0.8215014903584958, -0.823051589042133, -0.8246340863800555, -0.826248095453936, -0.827892756024306, -0.8295672317447426, -0.8312707077033867, -0.83300238827718, -0.834761495273983, -0.8365472663334272, -0.8383589535565832, -0.8401958223356004, -0.8420571503565936, -0.8439422267514198, -0.8458503513766978, -0.8477808342007273, -0.8497329947813952, -0.8517061618201637, -0.8536996727791253, -0.8557128735497824, -0.8577451181636194, -0.8597957685358937, -0.8618641942351623, -0.8639497722720437, -0.8660518869016366, -0.8681699294347599, -0.8703032980538389, -0.872451397629932, -0.8746136395378604]}