{"FCI": -1.0523215656204707, "Energy": -1.0523195247210784, "Loss": [-0.8346151315356867, -0.8361872252342489, -0.8366198148487984, -0.8370736887552956, -0.8375743971305101, -0.8381181370157871, -0.8387009675983514, -0.8393192911595035, -0.8399699335909984, -0.8406501685577316, -0.8413576935620627, -0.8420905818303904, -0.8428472268067982, -0.8436262882874969, -0.8444266442558139, -0.8452473497270082, -0.8460876025424515, -0.8469467154562859, -0.8478240936613644, -0.8487192168939146, -0.8496316253257208, -0.8505609085434189, -0.8515066970035701, -0.852468655431924, -0.8534464777070604, -0.8544398828357804, -0.8554486116937707, -0.8564724242724115, -0.8575110972403682, -0.8585644216945428, -0.8596322010347269, -0.8607142489454687, -0.8618103875033104, -0.8629204454457577, -0.8640442566406605, -0.865181658784109, -0.8663324923367328, -0.8674965996881598, -0.868673824522549, -0.8698640113480239, -0.8710670051503177, -0.8722826511347709, -0.873510794528529, -0.8747512804233254, -0.8760039536467756, -0.8772686586553295, -0.8785452394452362, -0.8798335394792348, -0.8811334016273445, -0.8824446681201465, -0.8837671805130549, -0.8851007796601055, -0.8864453056959315, -0.8878005980246645, -0.889166495314709, -0.8905428354984039, -0.891929455775762, -0.8933261926215607, -0.8947328817951493, -0.8961493583524505, -0.8975754566597292, -0.8990110104086905, -0.9004558526326217, -0.9019098157232511, -0.9033727314481349, -0.9048444309682839, -0.9063247448559617, -0.9078135031122136, -0.9093105351846804, -0.9108156699838255, -0.9123287359016491, -0.913849560822532, -0.9153779721514449, -0.916913796795281, -0.9184568612625745, -0.920006991446123, -0.92156401325293, -0.9231277508807101, -0.9246980314400135, -0.9262746694284132, -0.9278574889487499, -0.9294460092720512, -0.9310384371963133, -0.9326158883741488, -0.9342267725978564, -0.9358357512862491, -0.9374448222399303, -0.9390576367313167, -0.9406714695546288, -0.9423007244599125, -0.9439300688336866, -0.9455632681424769, -0.9472002604598793, -0.9488412855490641, -0.950486226572783, -0.9521349108968148, -0.9537871265047002, -0.9554426447476072, -0.9571012301036247, -0.958762641716787, -0.9604266360757072, -0.9620929658017294, -0.963761380192119, -0.9654316234877841, -0.9671034346648916, -0.9687765456235004, -0.9704506807310672, -0.9721255551424116, -0.973800874325948, -0.9754763324918119, -0.9771516117919745, -0.9788263802020665, -0.9805002893537007, -0.9821729709845911, -0.983844032810121, -0.9855130539644061, -0.9871795800255255, -0.988843118954258, -0.9905031366096422, -0.9921590535796283, -0.9938102413123696, -0.9954560194530908, -0.9970956529025634, -0.998728350231242, -1.0003532625737221, -1.0019694838340998, -1.0035760517163421, -1.0051719499101417, -1.0067561112869545, -1.0083274222058949, -1.0098847278352818, -1.011426838400535, -1.0129525361943543, -1.0144605831673392, -1.0159497289008057, -1.0174187187661201, -1.018866302086666, -1.0202912401394144, -1.0216923138593224, -1.0230683311389375, -1.0244181336451903, -1.0257406031035115, -1.0270346670245378, -1.028299303870327, -1.0295335476743197, -1.0307364921426814, -1.0319072942740857, -1.0330451775411258, -1.0341494346796671, -1.0352194301331392, -1.0362546021976302, -1.0372544649108673, -1.038218609724296, -1.0391467069926288, -1.0400385073095917, -1.0408938427123902, -1.0417126277703699, -1.042494860565694, -1.0432406235652971, -1.0439500843738114, -1.0446234963464036, -1.0452611990283527, -1.0458636183746266, -1.0464312666876687, -1.0469647421952342, -1.0474647281730924, -1.0479319915005303, -1.0483673805216935, -1.0487718220751883, -1.0491463175515041, -1.0494919378471115, -1.049809817110288, -1.0501011452220237, -1.0503671590290748, -1.0506091324459714, -1.0508283656634583, -1.0510261738299547, -1.0512038756894189, -1.0513627827361085, -1.051504189455507, -1.0516293651395985, -1.051739547589712, -1.05183593877138, -1.0519197022080153, -1.0519919616536486, -1.0520538004272413, -1.0521062607593756, -1.0521503426004408, -1.0521870015389387, -1.0522171457277356, -1.0522416319598629, -1.0522612612287556, -1.0522767742268364, -1.0522888472760743, -1.0522980891554043, -1.0523050392086728, -1.0523101670006798, -1.05231387365252, -1.0523164948440697, -1.0523183053332044]}