{"FCI": -0.9443745249874615, "Energy": -0.9269765783178148, "Loss": [-0.5311357549597413, -0.547274956648389, -0.5595888595739615, -0.5702230793577143, -0.5798735765426454, -0.588865677051561, -0.5973808316623692, -0.605531491419997, -0.6133923752476591, -0.6210156193069662, -0.6284389200058341, -0.6356902619785709, -0.6427908324520485, -0.6497569058040259, -0.6566011110491886, -0.6633333128207688, -0.6699612410967634, -0.6764909523343322, -0.6829271743400734, -0.6892735690211041, -0.6955329358958894, -0.701707372057993, -0.707798399583505, -0.7138070682247827, -0.7197340390818723, -0.7255796534457989, -0.7313439899481724, -0.7370269123901756, -0.7426281100690667, -0.7481471320108474, -0.7535834162118424, -0.7589363147609489, -0.7642051155381079, -0.7693890610487882, -0.7744873648487595, -0.7794992259307314, -0.7844238413791008, -0.7892604175469335, -0.794008179967639, -0.7986663821799795, -0.8032343136176539, -0.8077113066920847, -0.8120967431784551, -0.8163900599994663, -0.8205907544880691, -0.8246983891991964, -0.8287125963305982, -0.8326330818040212, -0.8364596290497339, -0.8401921025295261, -0.8438304510253121, -0.8473747107121312, -0.8508250080252272, -0.8541815623205283, -0.8574446883159033, -0.8606147982864798, -0.863692403970487, -0.8666781181222977, -0.8695726556258608, -0.8723768340546532, -0.8750915735335142, -0.8777178957243711, -0.8802569217233176, -0.882709868624233, -0.8850780444789028, -0.8873628413728823, -0.8895657263500061, -0.8916882299686157, -0.8937319323727957, -0.8956984469239557, -0.8975894016686006, -0.8994064192122, -0.9011510959044036, -0.9028249815731688, -0.9044295613092579, -0.905966240920555, -0.907436337577351, -0.9088410768176264, -0.9101815964936086, -0.9114589575011548, -0.9126741603768139, -0.9138281662236756, -0.9149219200568954, -0.915956374596675, -0.9169325127572581, -0.9178513675004434, -0.9187140382291241, -0.9195217033857612, -0.9202756293190952, -0.9209771757550937, -0.9216277983543877, -0.9222290488782685, -0.9227825734492157, -0.923290109309344, -0.923753480376512, -0.9241745917914121, -0.9245554235519422, -0.924898023250907, -0.9252044978731132, -0.9254770045702432, -0.92571774031623, -0.9259289303523577, -0.9261128153588105, -0.9262716373373818, -0.926407624257245, -0.9265229736002526, -0.9266198350416848, -0.9267002926115733, -0.9267663467941025, -0.9268198971278355, -0.9268627259553348, -0.9268964840227206, -0.9269226786331971, -0.9269426650017165, -0.9269576413337, -0.9269686479608648, -0.9269765706231101, -0.926982147709521, -0.9269859809943317, -0.9269885491598822, -0.9269902232209956, -0.9269912828781973, -0.9269919328413472, -0.9269923182756858, -0.926992538708017, -0.9269926599611158, -0.9269927239233947, -0.9269927561760746, -0.926992771666886, -0.9269927787258706, -0.9269927817644938, -0.9269927829940974, -0.9269927834593026, -0.9269927836228538, -0.926992783675913, -0.926992783691674, -0.92699278369592, -0.9269927836969448, -0.9269927836971665, -0.9269927836972078, -0.9269927836972147, -0.9269927836972148, -0.9269927836972153, -0.9269927836972152, -0.9269927836972154, -0.9269927836972165, -0.9269927836972144, -0.9269927836972152, -0.9269927836972148, -0.9269927836972153, -0.9269927836972147, -0.9269927836972, -0.9269927836968439, -0.9269927836871452, -0.9269927833949592, -0.9269927736456653, -0.9269924169386458, -0.9269813554397257, -0.9269657372584568, -0.9269802679060715, -0.926983218655971, -0.9269835736879629, -0.9269829127663608, -0.9269813348404945, -0.9269787990107854, -0.9269754403814818, -0.9269718757885002, -0.9269692610535653, -0.9269686531777392, -0.9269701230406123, -0.9269727638970887, -0.9269755190572337, -0.9269777476488156, -0.9269792284405227, -0.9269799549854325, -0.9269799844039945, -0.9269793795260515, -0.9269782196372747, -0.9269766507348539, -0.9269749423726469, -0.9269734859485408, -0.9269726753130603, -0.9269727101736622, -0.9269734882496508, -0.926974687867762, -0.9269759503836271, -0.926977008742516, -0.9269777165899478, -0.926978020535133, -0.9269779267136564, -0.9269774832482851, -0.9269767793252957, -0.9269759487995458, -0.9269751618409915, -0.9269745911455456, -0.9269743586906638, -0.9269744913904903, -0.9269749164926296, -0.92697549861527, -0.9269760918638604]}