{"FCI": -1.1617635907421635, "Energy": -1.1518641457256824, "Loss": [0.4350610548432915, 0.4329985785664487, 0.4290664829469092, 0.42342784844352843, 0.41622184793229655, 0.40756875690748134, 0.397574179486686, 0.38633258342027904, 0.37393023818119187, 0.36044764196357665, 0.3459615112635266, 0.3305463936692708, 0.31427595221398463, 0.29722395898901915, 0.27946502704634213, 0.26107510302866166, 0.2421317383898084, 0.22271415435294445, 0.20290311469126396, 0.1827806207583915, 0.16242944466631387, 0.14193251880473923, 0.12137220269442509, 0.10082945113412312, 0.08038291040320515, 0.06010797160340643, 0.040075811782349174, 0.020352454051652175, 0.0009978773377650046, -0.01793479538675187, -0.03640000452908784, -0.05436033516447615, -0.07178695534638273, -0.08865990017523787, -0.10496819625359072, -0.12070982703222681, -0.13589154509291215, -0.15052854233088508, -0.16464399306019417, -0.17826848810296558, -0.19143937985208254, -0.2042000591056977, -0.21659918422271152, -0.22868988196168255, -0.2405289374073778, -0.25217598785299045, -0.2636927325977214, -0.27514216754225046, -0.286587850407384, -0.2980931995306382, -0.3097208266498969, -0.32153190197196696, -0.33358554822571956, -0.345938259366545, -0.35864333915732477, -0.3717503550058859, -0.38530460317394916, -0.39934658275421453, -0.41391147758813795, -0.4290286474957364, -0.4447211327192759, -0.46100517823099973, -0.4778897873842599, -0.49537631713723074, -0.5134581295670163, -0.5321203164218591, -0.5513395148252355, -0.5710838327484191, -0.5913129023298024, -0.6119780774033372, -0.6330227886291292, -0.6543830654010117, -0.6759882283377564, -0.6977617498472701, -0.7196222732869202, -0.7414847740138608, -0.7632618385719458, -0.7848650318670113, -0.8062063168915665, -0.8271994877662732, -0.8477615748615219, -0.8678141807151712, -0.8872847073967796, -0.9061074397700227, -0.9242244545346952, -0.9415863316538438, -0.9581526523926898, -0.9738922762909078, -0.9887833975386088, -1.0028133890385982, -1.0159784495682551, -1.0282830756165962, -1.039739384439352, -1.0503663184880176, -1.0601887635350662, -1.06923661351454, -1.0775438143719958, -1.0851474171864155, -1.0920866676679655, -1.0984021550809375, -1.1041350389609272, -1.1093263669787063, -1.1140164922393183, -1.1182445934605705, -1.1220482970814911, -1.1254633965845295, -1.1285236612961744, -1.1312607247162079, -1.1337040410180728, -1.135880897712728, -1.1378164724895588, -1.1395339228261743, -1.1410544979668917, -1.142397664175495, -1.1435812356472528, -1.1446215050051431, -1.1455333688128126, -1.1463304449380074, -1.1470251798422444, -1.1476289449232788, -1.1481521218807496, -1.1486041777132552, -1.1489937303972757, -1.149328606566363, -1.1496158926269135, -1.149861980743646, -1.150072611031618, -1.1502529111298945, -1.150407434129325, -1.1505401956049455, -1.1506547102797724, -1.1507540286355606, -1.1508407735966708, -1.1509171772532496, -1.1509851174624812, -1.1510461540727597, -1.1511015644550957, -1.151152377995353, -1.1511994091974844, -1.1512432890665543, -1.1512844944771214, -1.1513233752824814, -1.1513601789785233, -1.1513950727992128, -1.151428163184308, -1.1514595126216483, -1.151489153922998, -1.1515171020426722, -1.1515433635902845, -1.151567944222603, -1.151590854124, -1.1516121118007714, -1.151631746422376, -1.1516497989422836, -1.1516663222250239, -1.1516813803938437, -1.1516950475970449, -1.1517074063716806, -1.151718545761573, -1.1517285593238737, -1.151737543135487, -1.1517455938881136, -1.1517528071397236, -1.1517592757703212, -1.1517650886727853, -1.1517703296939692, -1.151775076828536, -1.151779401657518, -1.1517833690153798, -1.1517870368633336, -1.1517904563428394, -1.1517936719807158, -1.1517967220168013, -1.1517996388254164, -1.1518024494036239, -1.1518051759012637, -1.1518078361707917, -1.151810444317896, -1.151813011237152, -1.151815545120244, -1.151818051927341, -1.151820535815148, -1.1518229995176794, -1.1518254446781382, -1.1518278721320945, -1.151830282143815, -1.1518326745986485, -1.1518350491553069, -1.1518374053624512, -1.1518397427442217, -1.151842060859484, -1.1518443593393823, -1.1518466379076149, -1.1518488963873719, -1.1518511346985536, -1.1518533528483597, -1.1518555509177448, -1.1518577290459373, -1.1518598874146901, -1.1518620262333388]}