{"FCI": -1.116298042885828, "Energy": -1.0891713121063888, "Loss": [-0.7351217143369881, -0.7411008421617398, -0.7470273480266477, -0.7528947488099301, -0.7586968364023446, -0.7644277332406546, -0.7700819556227607, -0.7756544845614307, -0.7811408441525458, -0.7865371872052416, -0.7918403874125074, -0.7970481365700841, -0.8021590441828615, -0.8071727351478556, -0.8120899390513131, -0.8169125620933693, -0.8216437301351956, -0.8262877895720577, -0.8308502527243541, -0.835337677380809, -0.8397574768173472, -0.8441176667781739, -0.8484265676808356, -0.8526924904065081, -0.8569234388820925, -0.8611268600955306, -0.8653094627405714, -0.8694771124518796, -0.8736347987104411, -0.8777866592841767, -0.8819360438745725, -0.8860855989271722, -0.8902373587341053, -0.8943928322847005, -0.898553079524636, -0.9027187740839349, -0.9068902519344766, -0.911067546933246, -0.9152504150100047, -0.9194383490906709, -0.9236305868918716, -0.9278261136070607, -0.9320236613112808, -0.9362217066853663, -0.9404184684243814, -0.9446119054588249, -0.9487997168855424, -0.9529793442813737, -0.9571479768601843, -0.9613025597380984, -0.9654398053977736, -0.9695562082947657, -0.973648062431153, -0.9777114816339437, -0.9817424222177824, -0.9857367076794791, -0.9896900550616136, -0.993598102629193, -0.9974564385208573, -1.0012606300610236, -1.0050062534466147, -1.008688923549119, -1.0123043235974258, -1.0158482345278115, -1.0193165638039288, -1.0227053735214924, -1.0260109076202282, -1.0292296180294298, -1.0323581895744829, -1.0353935634706561, -1.0383329592279695, -1.041173894788526, -1.0439142047156769, -1.0465520562542523, -1.0490859630831726, -1.0515147965874, -1.0538377944853579, -1.0560545666621408, -1.0581650980772754, -1.0601697486398767, -1.0620692499730109, -1.0638646990230034, -1.0655575485081692, -1.067149594243916, -1.0686429594271591, -1.070040076010815, -1.071343663348184, -1.072556704335748, -1.0736824193293952, -1.0747242381528328, -1.0756857705552028, -1.076570775507338, -1.0773831297505865, -1.078126796028123, -1.078805791434843, -1.0794241563184204, -1.079985924149907, -1.0804950927585408, -1.0809555972919822, -1.0813712852216173, -1.0817458936637134, -1.0820830292332024, -1.0823861505888266, -1.0826585537687883, -1.082903360356721, -1.0831235084602417, -1.083321746430716, -1.0835006292047282, -1.0836625171053853, -1.0838095769075133, -1.0839437849437146, -1.084066932009708, -1.0841806298165921, -1.0842863187342382, -1.084385276573414, -1.0844786281633334, -1.0845673554955064, -1.084652308222487, -1.084734214320533, -1.0848136907475627, -1.084891253950519, -1.0849673300991396, -1.0850422649451923, -1.0851163332269291, -1.0851897475575858, -1.0852626667538754, -1.0853352035754393, -1.0854074318592175, -1.0854793930436453, -1.0855511020866768, -1.0856225527890988, -1.085693722540483, -1.0857645765097628, -1.085835071306147, -1.085905158138695, -1.0859747855050579, -1.0860439014411716, -1.0861124553649983, -1.0861803995477772, -1.0862476902467584, -1.0863142885334247, -1.0863801608507846, -1.0864452793330932, -1.0865096219203578, -1.0865731722989596, -1.0866359196984794, -1.0866978585731222, -1.0867589881942836, -1.0868193121787444, -1.0868788379747762, -1.086937576325808, -1.0869955407290648, -1.087052746903821, -1.0871092122814567, -1.0871649555270488, -1.087219996099776, -1.0872743538573457, -1.0873280487076062, -1.087381100308704, -1.087433527817703, -1.0874853496862495, -1.0875365835009745, -1.0875872458653415, -1.0876373523194134, -1.0876869172933064, -1.0877359540902831, -1.0877844748951864, -1.0878324908040773, -1.087880011871184, -1.0879270471695026, -1.0879736048616073, -1.088019692277668, -1.088065315998021, -1.088110481937753, -1.0881551954314108, -1.0881994613159345, -1.088243284010444, -1.0882866675916094, -1.0883296158636904, -1.0883721324224647, -1.0884142207126102, -1.0884558840781566, -1.0884971258059035, -1.088537949161866, -1.088578357420857, -1.0886183538896208, -1.0886579419238556, -1.088697124939744, -1.0887359064204838, -1.0887742899185604, -1.0888122790543777, -1.0888498775119555, -1.0888870890323463, -1.088923917405403, -1.0889603664605583, -1.088996440056977, -1.0890321420737208, -1.0890674764002237, -1.089102446927325, -1.0891370575392305]}