{"FCI": -1.1917623439771352, "Energy": -1.1707951883531165, "Loss": [-0.632382718136485, -0.6386597628770629, -0.6449703724119412, -0.651310686276971, -0.6576773211022597, -0.6640675990850067, -0.6704798936645556, -0.6769141253275999, -0.6833724126920724, -0.689859792267317, -0.6963847348408436, -0.702958973734041, -0.7095961932563366, -0.7163096961563826, -0.7231099680222608, -0.7300031898352439, -0.7369910124620837, -0.7440711629942771, -0.7512383089239824, -0.758484844108258, -0.7658015003756706, -0.7731778039705741, -0.780602421103144, -0.7880634241915041, -0.7955484894393399, -0.803045020411504, -0.8105401884326224, -0.8180208924129776, -0.825473664321263, -0.8328845689183277, -0.8402391519439154, -0.8475224741966387, -0.8547192397089344, -0.861814000843139, -0.8687914115155788, -0.8756365011384432, -0.8823349497885873, -0.8888733535714536, -0.8952394751639742, -0.9014224776013406, -0.9074131401622879, -0.9132040545337159, -0.9187897979392795, -0.9241670780270349, -0.9293348423483747, -0.9342943435538277, -0.9390491504004543, -0.9436050948380521, -0.9479701473732395, -0.9521542170049649, -0.9561688782650787, -0.9600270356103421, -0.9637425432057424, -0.9673298041758484, -0.9708033759894671, -0.9741776069293513, -0.977466322991175, -0.9806825766047284, -0.9838384603412793, -0.9869449820534866, -0.9900119936464665, -0.9930481639290191, -0.9960609861232752, -0.9990568117741672, -1.0020409042715543, -1.005017506531263, -1.007989918408798, -1.0109605801588961, -1.0139311588047906, -1.0169026347457082, -1.0198753863769952, -1.0228492709509216, -1.0258237003627424, -1.0287977109856226, -1.031770027077106, -1.0347391176199463, -1.0377032467330523, -1.04066051799033, -1.0436089131221222, -1.0465463256522947, -1.0494705900545251, -1.0523795070038275, -1.055270865264037, -1.0581424606978718, -1.0609921128214714, -1.0638176792567313, -1.0666170683679512, -1.0693882503086465, -1.0721292666525446, -1.0748382387415785, -1.0775133748532861, -1.080152976269657, -1.0827554423178236, -1.0853192744474198, -1.0878430794086196, -1.0903255715952416, -1.092765574618747, -1.095162022178426, -1.0975139582914708, -1.0998205369424021, -1.1020810212058412, -1.1042947818901068, -1.1064612957419238, -1.1085801432465847, -1.110651006052613, -1.112673664046476, -1.1146479921014005, -1.1165739565245287, -1.118451611228169, -1.1202810936539378, -1.1220626204817299, -1.123796483159026, -1.125483043288951, -1.1271227279176335, -1.1287160247625114, -1.1302634774228935, -1.1317656806127663, -1.1332232754530525, -1.134636944857293, -1.1360074090403511, -1.1373354211755085, -1.1386217632207727, -1.13986724193084, -1.1410726850674315, -1.1422389378169413, -1.1433668594215571, -1.1444573200272337, -1.1455111977496069, -1.1465293759570336, -1.1475127407679446, -1.1484621787579858, -1.1493785748707719, -1.1502628105244463, -1.1511157619049013, -1.1519382984351503, -1.1527312814095403, -1.1534955627807888, -1.1542319840875481, -1.1549413755103768, -1.155624555044298, -1.1562823277769005, -1.1569154852617667, -1.1575248049778795, -1.158111049866769, -1.1586749679398634, -1.1592172919495467, -1.1597387391178229, -1.1602400109173194, -1.160721792899627, -1.1611847545666198, -1.1616295492805426, -1.1620568142093344, -1.1624671703038887, -1.1628612223044377, -1.1632395587737951, -1.163602752155426, -1.1639513588547894, -1.164285919342696, -1.164606958279602, -1.1649149846598204, -1.1652104919748334, -1.1654939583947814, -1.1657658469671077, -1.166026605831428, -1.166276668449582, -1.1665164538496862, -1.166746366883226, -1.1669667984939671, -1.167178125997713, -1.1673807133717458, -1.1675749115529788, -1.1677610587436966, -1.1679394807237848, -1.168110491168391, -1.1682743919698237, -1.1684314735626782, -1.1685820152508724, -1.1687262855357112, -1.1688645424437998, -1.1689970338539148, -1.1691239978219097, -1.169245662902902, -1.1693622484699606, -1.1694739650287427, -1.1695810145274126, -1.16968359066139, -1.1697818791724648, -1.169876058141824, -1.1699662982767058, -1.170052763190324, -1.170135609674857, -1.1702149879672936, -1.1702910420080397, -1.1703639096920917, -1.1704337231128907, -1.170500608798671, -1.170564687941414, -1.1706260766183787, -1.1706848860063142, -1.1707412225882554]}