{"FCI": -1.1917623439771352, "Energy": -1.1641274719179726, "Loss": [-0.6477083806407116, -0.6521469287292039, -0.6565643798367654, -0.660960631260648, -0.665338348698663, -0.6697044537320322, -0.6740687705614127, -0.6784392563993711, -0.6828193668740682, -0.6872091844820207, -0.6916071427323994, -0.6960109883435787, -0.7004181876161665, -0.7048260874912994, -0.7092319833737999, -0.7136331537462749, -0.7180268842161964, -0.7224104896851219, -0.7267813381679503, -0.7311368778535332, -0.7354746682448512, -0.7397924158745284, -0.7440880148329021, -0.7483595919937571, -0.7526055562405343, -0.756824650060546, -0.7610160004987954, -0.7651791646699704, -0.7693141630763306, -0.7734214924984905, -0.7775021102322298, -0.7815573840568605, -0.7855890080673037, -0.7895988924637507, -0.7935890429222663, -0.7975614488937899, -0.8015179980179438, -0.8054604265379479, -0.8093903063519333, -0.8133090617326345, -0.8172180048427812, -0.8211183789467089, -0.8250114003558644, -0.8288982931323653, -0.8327803133573856, -0.8366587618843235, -0.8405349858915724, -0.8444103703782696, -0.848286321205863, -0.8521642415434699, -0.8560455037342087, -0.8599314187110585, -0.8638232051538748, -0.8677219605580915, -0.8716286362290129, -0.8755440178798235, -0.879468712981048, -0.8834031453141244, -0.887347556397154, -0.8913020126881522, -0.895266416852766, -0.8992405210184389, -0.9032239398951947, -0.9072161619383483, -0.911216557312655, -0.9152243821837451, -0.919238779666052, -0.9232587784405342, -0.9272832904914943, -0.9313111095282638, -0.9353409114575126, -0.9393712578263187, -0.9434006025780638, -0.9474273018757705, -0.951449626253368, -0.9554657740256575, -0.9594738847561715, -0.9634720516539256, -0.9674583320265111, -0.9714307553169168, -0.9753873287320411, -0.9793260409463598, -0.9832448647387275, -0.9871417596049483, -0.9910146753308575, -0.9948615572160208, -0.998680353177376, -1.002469022457163, -1.0062255452471927, -1.009947932332277, -1.0136342338991784, -1.0172825469285833, -1.0208910209962703, -1.0244578627295224, -1.0279813394738302, -1.031459782840215, -1.0348915927052076, -1.038275241968595, -1.041609282031485, -1.0448923486474688, -1.0481231676157519, -1.0513005597740521, -1.0544234449029761, -1.057490844413032, -1.0605018829599888, -1.0634557893342718, -1.0663518970348684, -1.0691896448573823, -1.0719685776388483, -1.074688347082055, -1.0773487124070096, -1.0799495405010795, -1.0824908052769626, -1.0849725860718689, -1.0873950650795459, -1.0897585239417396, -1.092063339695825, -1.094309980269253, -1.096498999646466, -1.0986310327476132, -1.1007067899912244, -1.1027270514922647, -1.1046926608786742, -1.1066045187769011, -1.1084635760902013, -1.1102708272427964, -1.1120273035701285, -1.1137340669995326, -1.1153922041030508, -1.1170028205380909, -1.1185670358446962, -1.1200859785522552, -1.1215607815624755, -1.1229925778069496, -1.1243824962100955, -1.1257316580068852, -1.1270411734629402, -1.128312139024673, -1.1295456348988249, -1.130742723034975, -1.1319044454707154, -1.1330318229987544, -1.1341258541252222, -1.135187514300822, -1.1362177554139192, -1.13721750553335, -1.1381876688792603, -1.1391291259875487, -1.1400427340232921, -1.140929327195939, -1.141789717234534, -1.1426246938927935, -1.1434350254670793, -1.144221459320038, -1.144984722407389, -1.1457255218041666, -1.146444545223588, -1.1471424615183512, -1.1478199211543343, -1.1484775566499712, -1.1491159829800335, -1.1497357979475324, -1.1503375825305242, -1.1509219012101972, -1.1514893022843342, -1.1520403181673773, -1.1525754656764235, -1.1530952463028166, -1.1536001464709962, -1.1540906377885898, -1.1545671772936483, -1.1550302077047592, -1.1554801576785294, -1.15591744207669, -1.1563424622432306, -1.156755606291068, -1.15715724939787, -1.1575477541114378, -1.1579274706653846, -1.1582967373056867, -1.1586558806277933, -1.1590052159227238, -1.1593450475295644, -1.1596756691914052, -1.1599973644121293, -1.1603104068121681, -1.1606150604818741, -1.1609115803315115, -1.161200212436715, -1.1614811943777998, -1.1617547555713466, -1.162021117592218, -1.1622804944849845, -1.1625330930637734, -1.162779113200514, -1.163018748101225, -1.1632521845703059, -1.1634796032625019, -1.1637011789222422, -1.1639170806103085]}