{"FCI": -1.1696834518614552, "Energy": -1.1419466178439803, "Loss": [-0.5446591915237885, -0.5525238203168255, -0.5605293831158698, -0.5686701270009603, -0.5769402214113208, -0.5853336879625545, -0.5938443391617731, -0.602465727484095, -0.6111911044484197, -0.6200133888442174, -0.6289251432748839, -0.6379185583320565, -0.6469854438706243, -0.6561172269784281, -0.6653049563215788, -0.674539312600221, -0.6838106248765039, -0.6931088925428729, -0.7024238126893441, -0.711744812607416, -0.7210610871389324, -0.7303616405430757, -0.7396353325160367, -0.7488709279572834, -0.7580571500355713, -0.767182736067846, -0.7762364956863905, -0.7852073707347531, -0.794084496302116, -0.8028572622795414, -0.8115153748007875, -0.8200489169153092, -0.8284484078328908, -0.8367048600775262, -0.844809833894286, -0.8527554882660885, -0.8605346279187063, -0.8681407457218316, -0.8755680599317092, -0.8828115457668031, -0.8898669608626854, -0.8967308642145568, -0.90340062828701, -0.9098744440484887, -0.9161513187737969, -0.9222310665493749, -0.9281142915134071, -0.9338023639638873, -0.939297389571431, -0.9446021720380515, -0.9497201696460754, -0.9546554462408667, -0.9594126172841366, -0.963996791699371, -0.9684135103041274, -0.9726686816838503, -0.9767685164056386, -0.9807194604967788, -0.9845281291199528, -0.9882012413646734, -0.9917455570418197, -0.9951678163165868, -0.9984746829449676, -1.0016726917930985, -1.0047682012188137, -1.007767350784622, -1.0106760246534137, -1.0134998208971213, -1.0162440268265822, -1.0189136003329409, -1.0215131571189335, -1.024046963595854, -1.0265189351311022, -1.0289326392533547, -1.0312913033592028, -1.0335978264167038, -1.0358547941278318, -1.0380644969931974, -1.0402289507166975, -1.0423499183952636, -1.0444289339563815, -1.0464673263335236, -1.0484662439042467, -1.050426678756366, -1.0523494903926291, -1.0542354285318645, -1.0560851547139742, -1.0578992624652637, -1.0596782958295996, -1.061422766117708, -1.0631331667717798, -1.06480998628478, -1.0664537191523753, -1.0680648748711006, -1.069643985027922, -1.071191608554476, -1.0727083352435325, -1.0741947876456308, -1.0756516214807939, -1.0770795247133136, -1.078479215447377, -1.079851438807725, -1.081196962972741, -1.082516574527595, -1.0838110733026387, -1.0850812668570438, -1.0863279647603934, -1.087551972815493, -1.088754087354515, -1.0899350897278082, -1.091095741091098, -1.0922367775819413, -1.0933589059611102, -1.0944627997792302, -1.0955490961133822, -1.096618392903602, -1.0976712469044971, -1.0987081722538286, -1.099729639647289, -1.1007360760974871, -1.1017278652451743, -1.1027053481824896, -1.1036688247410047, -1.1046185551920564, -1.1055547623032367, -1.106477633692535, -1.107387324420844, -1.1082839597640763, -1.1091676381078475, -1.1100384339102272, -1.1108964006820077, -1.1117415739379053, -1.112573974077365, -1.1133936091585872, -1.1142004775351908, -1.1149945703303799, -1.1157758737291235, -1.1165443710742087, -1.1173000447571613, -1.118042877899837, -1.1187728558267527, -1.1194899673321663, -1.1201942057491654, -1.120885569830942, -1.1215640644565306, -1.122229701175261, -1.12288249860511, -1.1235224827010553, -1.1241496869098186, -1.1247641522272016, -1.1253659271736811, -1.1259550677033938, -1.1265316370603933, -1.1270957055949269, -1.127647350551182, -1.1281866558364788, -1.128713711780268, -1.1292286148901352, -1.1297314676101324, -1.1302223780858147, -1.1307014599387015, -1.1311688320520337, -1.1316246183684793, -1.1320689476996355, -1.132501953546507, -1.1329237739294247, -1.1333345512256803, -1.1337344320126004, -1.1341235669139018, -1.1345021104469857, -1.1348702208688985, -1.1352280600189926, -1.1355757931563732, -1.1359135887906366, -1.136241618504671, -1.1365600567685792, -1.1368690807443644, -1.1371688700809182, -1.1374596066997316, -1.1377414745715484, -1.138014659484785, -1.138279348806621, -1.1385357312377953, -1.1387839965625268, -1.1390243353947607, -1.1392569389222804, -1.1394819986500704, -1.1396997061443752, -1.1399102527789033, -1.140113829484418, -1.1403106265030414, -1.1405008331483508, -1.140684637572349, -1.140862226540146, -1.141033785213247, -1.141199496941962, -1.1413595430676524, -1.1415141027351028, -1.1416633527154225, -1.1418074672397793]}