{"FCI": -1.2237808467680051, "Energy": -1.2057978669585872, "Loss": [-0.590987027046331, -0.6178978138113436, -0.6373057950995693, -0.6533781512186754, -0.6674562441196965, -0.6801684488378854, -0.6918677939548868, -0.7027756249242568, -0.7130414255686952, -0.7227717594797699, -0.7320458141533354, -0.7409244211652022, -0.7494556124654379, -0.7576782090608831, -0.7656242294908329, -0.7733205577617053, -0.780790128525224, -0.7880527869611617, -0.7951259229585167, -0.8020249445213922, -0.8087636338818904, -0.8153544161839772, -0.8218085617772101, -0.8281363373649613, -0.8343471174311167, -0.8404494648643358, -0.8464511880812391, -0.8523593809208337, -0.8581804509167431, -0.8639201410675412, -0.8695835497633262, -0.8751751529638678, -0.8806988319751211, -0.8861579092084714, -0.8915551931665379, -0.8968930326819643, -0.9021733792878723, -0.9073978556775929, -0.9125678276442327, -0.9176844767365282, -0.922748871099081, -0.9277620324725335, -0.9327249979465368, -0.9376388755994576, -0.9425048934543332, -0.9473244411042319, -0.9520991028454513, -0.9568306802092369, -0.9615212004985167, -0.9661729065407447, -0.9707882217651783, -0.9753696845281599, -0.9799198471536664, -0.9844411392144257, -0.9889357014535695, -0.9934052056198454, -0.9978506839835869, -1.0022723968368517, -1.0066697636027233, -1.0110413724837446, -1.0153850677338325, -1.0196980981429298, -1.0239773004407857, -1.0282192894060853, -1.0324206313315345, -1.0365779858704023, -1.0406882098461234, -1.0447484232570596, -1.0487560418133932, -1.0527087822415233, -1.0566046470164747, -1.0604418948432452, -1.0642190026004819, -1.0679346238318677, -1.0715875482672135, -1.0751766661960367, -1.0787009406874701, -1.082159389587724, -1.0855510779748376, -1.088875120466743, -1.0921306916824447, -1.0953170424444578, -1.09843351908535, -1.1014795834549918, -1.1044548317875809, -1.1073590112948388, -1.1101920340306681, -1.1129539880973254, -1.1156451465742563, -1.11826597464581, -1.1208171353219567, -1.12329949394322, -1.1257141213952642, -1.1280622956754809, -1.1303455011862058, -1.1325654248969013, -1.1347239483376317, -1.136823134279626, -1.1388652069586485, -1.140852524849528, -1.1427875453616827, -1.144672781444512, -1.1465107509875774, -1.1483039210264177, -1.1500546499787017, -1.1517651321891762, -1.1534373496363823, -1.1550730354524072, -1.156673652787379, -1.1582403906383378, -1.1597741759685645, -1.1612756993398996, -1.162745449880453, -1.1641837549692389, -1.1655908204632905, -1.1669667683058484, -1.1683116695474625, -1.1696255718772601, -1.1709085215423927, -1.1721605800101786, -1.1733818359628112, -1.1745724132955173, -1.1757324757888894, -1.1768622290917, -1.1779619206026604, -1.1790318377852063, -1.1800723053873596, -1.181083681969418, -1.1820663560678246, -1.1830207422483494, -1.183947277231575, -1.184846416212669, -1.185718629448204, -1.1865643991459867, -1.1873842166677984, -1.1881785800388458, -1.1889479917460386, -1.1896929568078183, -1.1904139810746284, -1.1911115698048498, -1.1917862261613859, -1.1924384501183263, -1.1930687007151066, -1.1936762153392437, -1.194216960790217, -1.1946372771027192, -1.1952700132820133, -1.19586796576986, -1.196381166373851, -1.1968656794398689, -1.197330448376709, -1.1977779029370705, -1.1982086697437992, -1.1986232694453594, -1.1990220394272668, -1.199405367259994, -1.1997735755963146, -1.2001270246685407, -1.2004660240354998, -1.200790904779936, -1.201101902454202, -1.2013991610222892, -1.201682217189916, -1.2019493018753624, -1.202193979339777, -1.202417935829397, -1.2026320584878816, -1.2028670407920126, -1.2030913002358212, -1.2033014204491181, -1.203494201329299, -1.203674414925541, -1.2038433793672232, -1.2040024526129065, -1.2041520289216265, -1.2042925782923044, -1.204424109319221, -1.2045467552533893, -1.2046598675647824, -1.204763630144088, -1.2048569735775172, -1.2049444744119047, -1.205026420259177, -1.2051092792539198, -1.2051868083765855, -1.2052604518767094, -1.2053265259084553, -1.2053870195188519, -1.205441239205723, -1.2054906338339124, -1.2055348251903732, -1.2055748283838619, -1.2056099815656145, -1.2056415021580977, -1.2056684138240832, -1.20569327816329, -1.205714906356081, -1.2057371303872757, -1.2057574698592606, -1.2057787363809729]}