{"FCI": -1.0321107324634744, "Energy": -0.9577546297292091, "Loss": [-0.7714364144424566, -0.7734511509928661, -0.7754095519072899, -0.7773109332362443, -0.7791550478969758, -0.7809422155801656, -0.7826735084734974, -0.7843510041347199, -0.7859780987936898, -0.7875598260982466, -0.7891030438583322, -0.7906162812881832, -0.7921091016289367, -0.7935911030923064, -0.7950709652837494, -0.7965559239963591, -0.798051740459635, -0.7995629688608102, -0.8010932983359759, -0.8026458475729518, -0.8042233834746855, -0.8058284752504646, -0.8074635934388051, -0.8091311466326819, -0.8108334523424015, -0.8125726774194519, -0.8143508058110844, -0.8161696496992792, -0.818030872370187, -0.8199359944530651, -0.8218863798546466, -0.8238832093075015, -0.8259274487607009, -0.8280198164359718, -0.830160750148945, -0.8323503755969038, -0.8345884761303981, -0.8368744646218863, -0.8392073582089564, -0.841585756830521, -0.8440078265527299, -0.8464712886800203, -0.8489734155605906, -0.8515110338294752, -0.8540805355995716, -0.8566778978310466, -0.8592987098073308, -0.8619382083452147, -0.8645913200897729, -0.8672527100083457, -0.8699168350115202, -0.8725780014979432, -0.8752304255419862, -0.8778682944158038, -0.8804858281529478, -0.8830773399137409, -0.8856372939961069, -0.888160360443875, -0.8906414653321454, -0.8930758359521627, -0.8954590402708638, -0.8977870201998049, -0.9000561183693705, -0.9022630982639781, -0.9044051577276861, -0.906479935993726, -0.9084855145228307, -0.9104204120502083, -0.9122835743378578, -0.914074359205373, -0.9157925174678915, -0.9174381704439131, -0.9190117847091248, -0.9205141447665287, -0.9219463242797135, -0.9233096564779212, -0.9246057042911455, -0.9258362307138325, -0.9270031698302721, -0.9281085988658538, -0.929154711559176, -0.9301437930825427, -0.9310781966751067, -0.9319603220946454, -0.9327925959425176, -0.9335774538719005, -0.9343173246523246, -0.9350146160338159, -0.9356717023311129, -0.9362909136320646, -0.9368745265233889, -0.9374247562212117, -0.9379437499916682, -0.938433581748323, -0.9388962477167913, -0.9393336630625171, -0.9397476593843761, -0.9401399829841304, -0.9405122938294538, -0.940866165135927, -0.9412030835006323, -0.9415244495269618, -0.9418315788864766, -0.942125703769301, -0.9424079746793872, -0.9426794625351628, -0.94294116103955, -0.9431939892860156, -0.9434387945695126, -0.9436763553727173, -0.9439073844989618, -0.9441325323241214, -0.9443523901399717, -0.944567493562011, -0.9447783259747368, -0.9449853219878847, -0.9451888708774381, -0.9453893199859615, -0.9455869780578309, -0.9457821184862181, -0.9459749824504471, -0.9461657819244041, -0.9463547025390114, -0.9465419062845346, -0.9467275340413969, -0.9469117079310603, -0.9470945334818549, -0.9472761016074296, -0.947456490398713, -0.9476357667327499, -0.9478139877044747, -0.9479912018894693, -0.9481674504477385, -0.948342768079724, -0.9485171838471415, -0.9486907218714897, -0.9488634019237069, -0.9490352399182703, -0.9492062483246049, -0.9493764365083573, -0.9495458110139734, -0.9497143757994245, -0.9498821324325615, -0.9500490802577553, -0.9502152165401687, -0.950380536593988, -0.9505450338997734, -0.9507087002151927, -0.9508715256823493, -0.9510334989341005, -0.9511946072010837, -0.9513548364203159, -0.9515141713459437, -0.9516725956619847, -0.9518300920967838, -0.9519866425384285, -0.9521422281503293, -0.952296829485904, -0.9524504266014125, -0.9526029991658101, -0.9527545265667019, -0.9529049880114375, -0.953054362622602, -0.9532026295272465, -0.9533497679393482, -0.9534957572352509, -0.9536405770218341, -0.9537842071974588, -0.9539266280058384, -0.9540678200830524, -0.9542077644980992, -0.9543464427874494, -0.954483836984067, -0.9546199296415229, -0.9547547038536999, -0.9548881432707155, -0.9550202321115642, -0.9551509551740556, -0.9552802978424874, -0.9554082460934962, -0.955534786500475, -0.9556599062368775, -0.9557835930786781, -0.9559058354061877, -0.9560266222054528, -0.9561459430692989, -0.9562637881981725, -0.9563801484007983, -0.9564950150947351, -0.9566083803068074, -0.9567202366734321, -0.9568305774408493, -0.956939396465228, -0.9570466882126156, -0.9571524477587334, -0.9572566707886103, -0.9573593535959821, -0.9574604930824988, -0.9575600867567251, -0.9576581327328474]}