{"FCI": -1.0527018133797261, "Energy": -0.9307951462787268, "Loss": [0.8604402837911467, 0.8476171638098237, 0.8345632940234828, 0.8212845768573598, 0.8077855789545765, 0.7940679498392234, 0.7801292029639303, 0.7659646212465308, 0.7515715751212186, 0.7369513025095671, 0.722107873709378, 0.7070469334849577, 0.6917750382785977, 0.6762993871602897, 0.6606277231984696, 0.6447682987279015, 0.6287298622421739, 0.6125216508249524, 0.5961533819869206, 0.579635242556835, 0.5629778737500073, 0.546192352136055, 0.5292901664851777, 0.5122831905930751, 0.4951836522496729, 0.47800409855848724, 0.4607573578450237, 0.4434564984197206, 0.42611478448549456, 0.40874562950313004, 0.39136254734969567, 0.37397910162578657, 0.35660885348675175, 0.33926530839101454, 0.3219618621748093, 0.30471174687717434, 0.28752797675128866, 0.2704232949083513, 0.2534101210472981, 0.23650050072789724, 0.21970605664524395, 0.20303794236013167, 0.18650679893151864, 0.17012271488388642, 0.15389518992283246, 0.13783310278646724, 0.12194468358724547, 0.10623749095849763, 0.0907183942717379, 0.07539356113466594, 0.06026845031589146, 0.04534781017116278, 0.03063568256814151, 0.016135412223830088, 0.0018496612822068732, -0.01221957112836066, -0.02607092470532202, -0.03970364958031405, -0.05311757423260208, -0.06631307028091832, -0.07929101478071729, -0.09205275069203342, -0.10460004620379384, -0.11693505360199702, -0.12906026835113502, -0.1409784890207969, -0.152692778633849, -0.16420642794112653, -0.17552292104316802, -0.1866459036858265, -0.19757915445771157, -0.20832655901753472, -0.21889208738279678, -0.22927977422162565, -0.23949370201019865, -0.2495379868517495, -0.2594167667011896, -0.2691341917028795, -0.27869441632808745, -0.2881015929922561, -0.29735986683918847, -0.3064733713975045, -0.31544622484214324, -0.3242825266275817, -0.3329863542974444, -0.34156176031467195, -0.3500127687952105, -0.3583433720641384, -0.36655752698472677, -0.3746591510367393, -0.38265211813964606, -0.3905402542288304, -0.398327332598729, -0.4060170690265108, -0.4136131166847241, -0.4211190608426629, -0.4285384133460848, -0.4358746068551858, -0.4431309888138648, -0.4503108151212015, -0.45741724348061913, -0.4644533264146391, -0.47142200395428646, -0.4783260960414527, -0.4851682947190388, -0.4919511562250438, -0.4986770931498672, -0.5053483668573475, -0.511967080405322, -0.5185351722267353, -0.5250544108443328, -0.5315263908880775, -0.5379525306636745, -0.5443340714831891, -0.5506720789167152, -0.5569674460603675, -0.5632208988449054, -0.5694330033354977, -0.575604174901324, -0.5817346890680908, -0.5878246938104679, -0.5938742229974787, -0.5998832106731504, -0.6058515058375933, -0.6117788873895383, -0.6176650788988577, -0.6235097628954355, -0.6293125943867871, -0.6350732133498687, -0.6407912559807017, -0.646466364527737, -0.65209819558004, -0.657686426728611, -0.6632307615674407, -0.6687309330492972, -0.6741867052586977, -0.679597873709768, -0.6849642643181626, -0.6902857312326267, -0.695562153741249, -0.700793432488636, -0.7059794852519123, -0.7111202425247806, -0.7162156431494116, -0.7212656302162188, -0.7262701474223163, -0.731229136042379, -0.7361425326227226, -0.7410102674631874, -0.745832263904471, -0.7506084383936324, -0.7553387012599705, -0.7600229580995357, -0.7646611116408284, -0.7692530639476072, -0.7737987188079203, -0.778297984160922, -0.7827507744241682, -0.7871570126027717, -0.7915166320859899, -0.7958295780649355, -0.8000958085351748, -0.8043152948775686, -0.808488022038319, -0.8126139883529565, -0.8166932050776629, -0.8207256957040389, -0.8247114951395869, -0.8286506488361406, -0.8325432119423469, -0.836389248545441, -0.8401888310526888, -0.8439420397456592, -0.8476489625227087, -0.8513096948272588, -0.8549243397441865, -0.8584930082338007, -0.8620158194640627, -0.8654929011967658, -0.8689243901827003, -0.8723104325238439, -0.875651183966998, -0.878946810101857, -0.8821974864467648, -0.8854033984159875, -0.8885647411723901, -0.8916817193783226, -0.8947545468641779, -0.8977834462386969, -0.9007686484667803, -0.9037103924400384, -0.9066089245625387, -0.9094644983695506, -0.9122773741916271, -0.915047818870061, -0.9177761055240117, -0.920462513364131, -0.923107327543685, -0.9257108390352473, -0.9282733445202553]}