{"FCI": -1.0873240054222568, "Energy": -1.0399074254890597, "Loss": [-0.5755586029783356, -0.579768382794012, -0.5839792227243397, -0.5881984555040074, -0.5924540592579505, -0.5967708109245267, -0.6011563159634857, -0.605612126243245, -0.6101380813321615, -0.6147332658415137, -0.6193963031404137, -0.6241254916897052, -0.6289188900816922, -0.6337743814849507, -0.6386897289419382, -0.6436626261135721, -0.6486907447186987, -0.6537717778015968, -0.6589034764393273, -0.6640836764823183, -0.6693103115403343, -0.6745814088682128, -0.6798950661445265, -0.6852494092020229, -0.6906425331248515, -0.6960724312178994, -0.7015369177524879, -0.7070335509881726, -0.7125595629147494, -0.7181118016383364, -0.7236866913742754, -0.7292802135089488, -0.7348879101469452, -0.7405049092315386, -0.7461259681913891, -0.7517455315908644, -0.7573577976808465, -0.7629567890019624, -0.7685364230156233, -0.7740905798038258, -0.7796131649199781, -0.785098166332428, -0.7905397050247635, -0.7959320792175206, -0.8012698024021534, -0.8065476354875345, -0.8117606134010106, -0.8169040664984804, -0.8219736371454706, -0.8269652918474399, -0.8318753293361116, -0.8367003850568953, -0.8414374325424444, -0.8460837821885838, -0.8506370779607924, -0.8550952925429577, -0.8594567213905401, -0.8637199760678199, -0.8678839771391996, -0.8719479467585255, -0.8759114009717828, -0.8797741416324288, -0.8835362477386052, -0.8871980659479556, -0.8907602000144286, -0.8942234989225597, -0.8975890435642552, -0.9008581319011513, -0.9040322626709806, -0.9071131178145306, -0.9101025439069483, -0.9130025329608344, -0.9158152030195521, -0.9185427789719955, -0.9211875739950837, -0.9237519719714546, -0.9262384111465037, -0.9286493691911302, -0.9309873497370903, -0.9332548703606454, -0.935454451916135, -0.9375886090692751, -0.9396598418524488, -0.9416706280598376, -0.9436234163157181, -0.9455206196792912, -0.9473646096887266, -0.9491577107895585, -0.9509021951331269, -0.9526002777651428, -0.9542541122493122, -0.9558657867849242, -0.9574373208795394, -0.9589706626294907, -0.9604676866438738, -0.9619301926243945, -0.9633599045876362, -0.9647584706906382, -0.9661274635986027, -0.9674683813170718, -0.9687826484015227, -0.9700716174554236, -0.9713365708330822, -0.972578722474314, -0.9737992198127663, -0.9749991457161076, -0.9761795204322707, -0.9773413035298766, -0.978485395831409, -0.9796126413442581, -0.9807238291970546, -0.9818196955877807, -0.9829009257464152, -0.9839681559099148, -0.985021975301924, -0.9860629281052208, -0.9870915154119821, -0.9881081971359462, -0.9891133938719187, -0.9901074886909814, -0.9910908288643, -0.9920637275135534, -0.9930264651913586, -0.993979291399474, -0.99492242605626, -0.9958560609268154, -0.9967803610297167, -0.9976954660331093, -0.9986014916510072, -0.999498531047297, -1.000386656251845, -1.0012659195898725, -1.0021363551228601, -1.0029979800975208, -1.0038507963978789, -1.0046947919953713, -1.005529942391888, -1.006356212051277, -1.0071735558155988, -1.0079819203028781, -1.008781245283355, -1.009571465031121, -1.0103525096476111, -1.01112430635246, -1.011886780736632, -1.012639857971609, -1.0133834639681705, -1.0141175264778002, -1.0148419761301515, -1.0155567474004659, -1.016261779501946, -1.0169570171990814, -1.017642411539354, -1.0183179205018804, -1.0189835095626913, -1.0196391521770791, -1.0202848301802745, -1.0209205341079977, -1.0215462634387893, -1.0221620267602811, -1.022767841861854, -1.0233637357563605, -1.0239497446341566, -1.024525913753067, -1.0250922972685572, -1.0256489580088768, -1.0261959672003313, -1.0267334041483998, -1.0272613558803656, -1.027779916755226, -1.0282891880464897, -1.0287892775032785, -1.0292802988945775, -1.0297623715413393, -1.0302356198406073, -1.0307001727854994, -1.0311561634846595, -1.0316037286844464, -1.0320430082970293, -1.0324741449370949, -1.032897283469948, -1.0333125705733601, -1.0337201543152417, -1.034120183749051, -1.0345128085284232, -1.0348981785423375, -1.0352764435717825, -1.0356477529686845, -1.036012255357615, -1.0363700983606565, -1.0367214283455053, -1.0370663901968185, -1.0374051271105582, -1.0377377804109311, -1.0380644893892563, -1.0383853911640117, -1.038700620561035, -1.0390103100127375, -1.0393145894750901, -1.0396135863610547]}