{"FCI": -1.116298042885828, "Energy": -0.8955249778056724, "Loss": [-0.7679144548584204, -0.7733637463550864, -0.7771657709662444, -0.7802424116127233, -0.782891690013109, -0.7852568707651673, -0.7874178471840507, -0.7894211410901452, -0.7912966119950816, -0.7930653448793465, -0.7947430850470655, -0.796342007383669, -0.7978717678074777, -0.7993401804418869, -0.8007536756818872, -0.8021176210658948, -0.8034365523195148, -0.8047143435782357, -0.8059543352928036, -0.8071594320040043, -0.8083321782292967, -0.8094748181649518, -0.8105893432304877, -0.811677530349817, -0.8127409730831098, -0.8137811071761333, -0.8147992317037213, -0.815796526701776, -0.8167740679753184, -0.8177328396165663, -0.8186737446515044, -0.8195976141461787, -0.8205052150366061, -0.8213972568945208, -0.8222743978005936, -0.8231372494650866, -0.8239863817105293, -0.8248223264110887, -0.825645580967027, -0.8264566113796655, -0.8272558549816289, -0.8280437228685074, -0.828820602070959, -0.8295868575002979, -0.8303428336959029, -0.8310888563985258, -0.8318252339703139, -0.8325522586794022, -0.8332702078645676, -0.8339793449933895, -0.8346799206255487, -0.835372173291516, -0.8360563302955348, -0.8367326084507107, -0.837401214753166, -0.8380623470012329, -0.8387161943651965, -0.8393629379122037, -0.8400027510906964, -0.8406358001780683, -0.8412622446949141, -0.8418822377888762, -0.8424959265907814, -0.8431034525454812, -0.84370495171956, -0.8443005550878275, -0.8448903888004433, -0.8454745744321454, -0.8460532292151213, -0.8466264662567674, -0.8471943947435381, -0.8477571201319454, -0.8483147443277113, -0.8488673658539196, -0.8494150800090539, -0.8499579790155429, -0.850496152159662, -0.8510296859232224, -0.8515586641077797, -0.8520831679517776, -0.8526032762411654, -0.8531190654139197, -0.8536306096588488, -0.8541379810091071, -0.8546412494307047, -0.8551404829064067, -0.855635747515236, -0.8561271075079131, -0.8566146253784831, -0.8570983619323087, -0.8575783763507504, -0.8580547262526097, -0.8585274677526382, -0.8589966555172164, -0.8594623428173976, -0.8599245815794606, -0.8603834224331137, -0.8608389147574624, -0.8612911067249321, -0.8617400453431504, -0.8621857764950118, -0.8626283449769494, -0.8630677945355452, -0.8635041679025356, -0.8639375068283427, -0.8643678521141691, -0.8647952436427376, -0.8652197204077612, -0.8656413205421971, -0.8660600813453332, -0.8664760393087875, -0.8668892301414791, -0.8672996887935682, -0.8677074494794774, -0.8681125457000354, -0.8685150102637003, -0.8689148753070395, -0.8693121723143767, -0.8697069321367301, -0.8700991850100251, -0.870488960572638, -0.8708762878823005, -0.8712611954323654, -0.8716437111675187, -0.8720238624988967, -0.8724016763186708, -0.8727771790141461, -0.8731503964813203, -0.8735213541380166, -0.8738900769365232, -0.8742565893758355, -0.8746209155134571, -0.8749830789768233, -0.8753431029743219, -0.8757010103059776, -0.8760568233737497, -0.8764105641915134, -0.8767622543947268, -0.8771119152497677, -0.8774595676629774, -0.8778052321894222, -0.878148929041371, -0.8784906780965295, -0.8788304989059824, -0.8791684107019255, -0.8795044324051294, -0.8798385826322199, -0.8801708797026931, -0.8805013416457323, -0.8808299862068506, -0.8811568308543039, -0.881481892785324, -0.881805188932187, -0.8821267359680615, -0.8824465503127605, -0.8827646481382482, -0.8830810453740578, -0.8833957577125081, -0.8837088006137996, -0.8840201893109692, -0.8843299388146943, -0.8846380639179643, -0.8849445792006491, -0.8852494990339007, -0.8855528375844929, -0.8858546088189758, -0.8861548265077911, -0.886453504229217, -0.886750655373248, -0.8870462931453595, -0.8873404305701688, -0.88763308049502, -0.8879242555934507, -0.8882139683685962, -0.8885022311564904, -0.8887890561292893, -0.8890744552983935, -0.8893584405175582, -0.8896410234858149, -0.8899222157504495, -0.8902020287097885, -0.8904804736160078, -0.8907575615778256, -0.8910333035631331, -0.8913077104015842, -0.8915807927870982, -0.8918525612803307, -0.892123026311042, -0.8923921981804778, -0.8926600870636114, -0.892926703011411, -0.893192055953006, -0.8934561556978122, -0.8937190119376319, -0.8939806342486651, -0.8942410320935202, -0.8945002148231487, -0.8947581916787446, -0.8950149717936029, -0.8952705641949416]}