{"FCI": -0.741096446723329, "Energy": -0.7305593561276074, "Loss": [0.0542470591779802, 0.03773716592679932, 0.021273072142363604, 0.004867746996754303, -0.011465754297916249, -0.02771436484192314, -0.043865095606162106, -0.05990514064468662, -0.07582199832908393, -0.09160360822665078, -0.10723850197596549, -0.12271596460217692, -0.13802620004728988, -0.15316049125937403, -0.16811134120848303, -0.18287257727041964, -0.1974393986287155, -0.2118083462398551, -0.2259771791793656, -0.2399446509698161, -0.2537101944135549, -0.26727354091839045, -0.280634315691151, -0.2937916583209731, -0.3067439158043023, -0.31948844222542017, -0.3320215200601084, -0.3443383982491589, -0.35643342690884217, -0.3683002603996227, -0.3799320992782049, -0.3913219454092382, -0.40246285069269605, -0.4133481463823973, -0.4239716455538492, -0.4343278154083484, -0.44441191877519326, -0.4542201256589098, -0.4637495963182384, -0.4729985374832092, -0.48196623318087695, -0.49065305144631133, -0.4990604280819679, -0.5071908286823008, -0.5150476904046741, -0.5226353454418247, -0.5299589287930117, -0.5370242736581272, -0.5438377984773324, -0.5504063901785368, -0.5567372884527216, -0.5628379757631979, -0.5687160772728703, -0.5743792739753566, -0.5798352311358794, -0.5850915428274157, -0.5901556920463634, -0.5950350247583471, -0.5997367353704132, -0.6042678606138095, -0.60863527866184, -0.6128457104679189, -0.6169057207270479, -0.6208217164624815, -0.6245999419375956, -0.6282464693168819, -0.6317671851855177, -0.63516777363175, -0.6384536970628474, -0.6416301762360714, -0.6447021711297071, -0.6476743642551261, -0.6505511478338108, -0.6533366159590548, -0.6560345624674626, -0.6586484848029249, -0.6611815937105545, -0.6636368281922076, -0.6660168748235644, -0.6683241903002277, -0.6705610259594688, -0.6727294530159572, -0.6748313873438372, -0.6768686128148325, -0.6788428024382416, -0.6807555368158065, -0.6826083196949484, -0.6844025906527086, -0.6861397351491921, -0.687821092339597, -0.6894479611204152, -0.691021604908652, -0.6925432556191714, -0.6940141172268339, -0.6954353691920512, -0.6968081699076777, -0.6981336602077957, -0.699412966878682, -0.7006472060388766, -0.701837486214409, -0.7029849109276739, -0.7040905806411731, -0.705155593943669, -0.7061810479280572, -0.7071680377776356, -0.7081176556416747, -0.7090309889342832, -0.7099091182269158, -0.7107531149218242, -0.7115640388901727, -0.7123429362376505, -0.7130908373253777, -0.7138087551306498, -0.7144976839863757, -0.71515859869521, -0.7157924539793019, -0.716400184201869, -0.7169827032842438, -0.717540904741217, -0.7180756617663924, -0.7185878273156328, -0.7190782341567444, -0.7195476948740482, -0.7199970018346068, -0.7204269271363015, -0.7208382225653023, -0.7212316195918689, -0.7216078294291852, -0.7219675431716899, -0.7223114320189037, -0.7226401475799116, -0.7229543222442708, -0.7232545695983869, -0.7235414848632432, -0.7238156453296947, -0.7240776107710613, -0.7243279238186822, -0.7245671102931159, -0.7247956794908035, -0.7250141244321417, -0.7252229220813617, -0.7254225335507768, -0.7256134043020415, -0.7257959643553257, -0.7259706285140648, -0.7261377966092113, -0.726297853763177, -0.726451170670483, -0.7265981038901834, -0.7267389961441018, -0.7268741766153514, -0.7270039612428278, -0.7271286530091152, -0.7272485422213029, -0.7273639067859645, -0.7274750124808363, -0.7275821132263343, -0.7276854513599733, -0.7277852579161579, -0.7278817529126254, -0.7279751456437629, -0.7280656349797731, -0.7281534096698293, -0.7282386486469308, -0.7283215213320611, -0.7284021879356116, -0.7284807997546303, -0.7285574994651287, -0.7286324214094562, -0.7287056918791823, -0.7287774293943365, -0.7288477449798721, -0.7289167424400202, -0.7289845186309866, -0.729051163731895, -0.7291167615136382, -0.7291813896048706, -0.7292451197543597, -0.7293080180887901, -0.7293701453653467, -0.729431557218497, -0.7294923044008427, -0.7295524330179456, -0.729611984757335, -0.7296709971119922, -0.7297295035985025, -0.7297875339701936, -0.7298451144252237, -0.729902267809631, -0.7299590138151983, -0.7300153691718749, -0.7300713478345506, -0.7301269611639645, -0.7301822181016968, -0.7302371253390877, -0.7302916874803123, -0.730345907199573, -0.7303997853926986, -0.7304533213231819, -0.7305065127629217]}