{"FCI": -1.137067858273465, "Energy": -1.0619221851105671, "Loss": [-0.6673446339427087, -0.6709102099615741, -0.6744895133901498, -0.6780811691498911, -0.6816838039940989, -0.6852960456703412, -0.688916523089835, -0.6925438670567226, -0.6961767114694685, -0.6998136949492811, -0.7034534628554832, -0.7070946696455684, -0.7107359815338845, -0.7143760793989693, -0.7180136618861891, -0.7216474486497322, -0.7252761836762398, -0.7288986386316699, -0.7325136161732201, -0.7361199531696321, -0.7397165237754167, -0.743302242308048, -0.7468760658812768, -0.75043699675275, -0.7539840843497002, -0.7575164269424831, -0.7610331729421151, -0.764533521804488, -0.7680167245302544, -0.7714820837558255, -0.7749289534368204, -0.7783567381308002, -0.7817648918912243, -0.7851529167889153, -0.7885203610810394, -0.7918668170507546, -0.7951919185428524, -0.7984953382226039, -0.8017767845858544, -0.8050359987490031, -0.8082727510474634, -0.8114868374707012, -0.8146780759614627, -0.8178463026058299, -0.82099136774007, -0.8241131319995896, -0.8272114623348379, -0.8302862280191188, -0.8333372966737123, -0.8363645303367269, -0.8393677816038294, -0.8423468898711741, -0.8453016777136482, -0.8482319474348063, -0.8511374778284191, -0.8540180211951139, -0.8568733006610423, -0.859703007848616, -0.8625068009513823, -0.8652843032663076, -0.8680351022362838, -0.8707587490536283, -0.8734547588710955, -0.8761226116608742, -0.8787617537532982, -0.8813716000767935, -0.8839515371077328, -0.8865009265250245, -0.8890191095488567, -0.8915054119271907, -0.8939591495176255, -0.8963796343971226, -0.8987661814180087, -0.9011181151166524, -0.9034347768716042, -0.9057155322013265, -0.9079597780879545, -0.9101669502134188, -0.9123365299972895, -0.9144680513318826, -0.9165611069193185, -0.9186153541265214, -0.9206305202876066, -0.9226064073975748, -0.9245428961564821, -0.9264399493385197, -0.9282976144750367, -0.9301160258541565, -0.9318954058516145, -0.9336360656176134, -0.9353384051524903, -0.9370029128099016, -0.9386301642697804, -0.9402208210249996, -0.941775628425337, -0.9432954133205219, -0.9447810813409524, -0.9462336138508609, -0.9476540646040422, -0.9490435561277494, -0.9504032758557764, -0.9517344720278595, -0.9530384493690137, -0.9543165645600639, -0.9555702215087295, -0.9568008664302297, -0.9580099827462987, -0.9591990858125796, -0.9603697174859849, -0.9615234405457547, -0.9626618329843383, -0.9637864821868583, -0.9648989790203615, -0.9660009118564324, -0.9670938605525347, -0.9681793904191112, -0.9692590462001196, -0.9703343460953363, -0.9714067758522968, -0.9724777829551834, -0.9735487709368141, -0.9746210938384176, -0.9756960508402983, -0.9767748810847291, -0.9778587587109256, -0.9789487881204896, -0.9800459994905729, -0.9811513445515162, -0.9822656926452272, -0.9833898270808626, -0.9845244418050653, -0.9856701384047943, -0.9868274234622363, -0.9879967062824451, -0.9891782970161394, -0.9903724052009175, -0.9915791387456255, -0.992798503382917, -0.994030402615288, -0.9952746381791792, -0.9965309110505417, -0.9977988230130119, -0.9990778788070436, -1.000367488874404, -1.001666972708016, -1.0029755628116086, -1.0042924092677121, -1.0056165849057437, -1.0069470910547988, -1.0082828638581116, -1.0096227811183338, -1.0109656696345966, -1.0123103129844047, -1.0136554596953298, -1.0149998317437514, -1.0163421333107845, -1.0176810597184027, -1.0190153064630882, -1.0203435782587391, -1.0216645979965862, -1.0229771155266267, -1.0242799161631881, -1.025571828817008, -1.0268517336570624, -1.0281185692083994, -1.0293713387964938, -1.030609116255191, -1.031831050823196, -1.0330363711643054, -1.0342243884580593, -1.0353944985212011, -1.0365461829350051, -1.0376790091699886, -1.0387926297164831, -1.0398867802476484, -1.0409612768592984, -1.0420160124489422, -1.0430509523132898, -1.0440661290593047, -1.0450616369377494, -1.0460376257196966, -1.0469942942452688, -1.0479318837791456, -1.0488506713097487, -1.0497509629267932, -1.0506330874069614, -1.051497390127924, -1.0523442274189305, -1.0531739614403994, -1.0539869556675052, -1.0547835710328533, -1.0555641627627745, -1.0563290779208152, -1.0570786536510568, -1.0578132160947888, -1.0585330799358996, -1.0592385485152167, -1.059929914441181, -1.0606074606147857, -1.061271461580312]}