{"FCI": -1.2447842234670006, "Energy": -0.53181931423842, "Loss": [-0.31814539262183594, -0.31941264740148706, -0.3206776254334205, -0.32194031795247935, -0.3232007164840029, -0.32445881284495093, -0.3257145991449497, -0.3269680677872685, -0.32821921146972316, -0.32946802318549867, -0.33071449622391774, -0.33195862417112254, -0.3332004009106915, -0.3344398206241813, -0.33567687779160327, -0.3369115671918333, -0.3381438839029418, -0.33937382330245924, -0.3406013810675806, -0.34182655317528726, -0.3430493359024133, -0.34426972582565035, -0.345487719821461, -0.3467033150659569, -0.3479165090346904, -0.3491272995023956, -0.3503356845426569, -0.35154166252751795, -0.352745232127027, -0.3539463923087254, -0.35514514233707206, -0.3563414817728016, -0.357535410472237, -0.35872692858653366, -0.35991603656086546, -0.3611027351335659, -0.362287025335188, -0.363468908487541, -0.3646483862026486, -0.36582546038166835, -0.3670001332137411, -0.36817240717480904, -0.3693422850263668, -0.3705097698141754, -0.3716748648669092, -0.3728375737947821, -0.37399790048809095, -0.37515584911574285, -0.37631142412372826, -0.3774646302335291, -0.37861547244051974, -0.37976395601230006, -0.380910086486977, -0.3820538696714427, -0.3831953116395786, -0.38433441873042656, -0.3854711975463346, -0.3866056549510622, -0.3877377980678266, -0.3888676342773475, -0.389995171215835, -0.39112041677294995, -0.39224337908973095, -0.3933640665564929, -0.39448248781068407, -0.3955986517347325, -0.3967125674538394, -0.39782424433376706, -0.39893369197857653, -0.400040920228367, -0.40114593915695573, -0.40224875906956914, -0.40334939050047863, -0.40444784421063096, -0.4055441311852585, -0.4066382626314541, -0.4077302499757418, -0.4088201048616103, -0.40990783914704887, -0.4109934649020489, -0.41207699440608747, -0.41315844014561576, -0.4142378148115038, -0.4153151312964884, -0.41639040269260336, -0.41746364228859756, -0.4185348635673347, -0.4196040802031922, -0.4206713060594335, -0.42173655518559056, -0.4227998418148169, -0.42386118036125014, -0.4249205854173498, -0.42597807175123836, -0.4270336543040327, -0.4280873481871734, -0.4291391686797447, -0.43018913122578206, -0.4312372514315932, -0.43228354506306627, -0.43332802804297266, -0.4343707164482697, -0.4354116265074086, -0.4364507745976312, -0.43748817724227085, -0.4385238511080569, -0.4395578130024099, -0.4405900798707557, -0.4416206687938191, -0.4426495969849374, -0.4436768817873684, -0.44470254067160614, -0.4457265912326903, -0.4467490511875388, -0.4477699383722672, -0.44878927073951524, -0.44980706635579304, -0.4508233433988188, -0.4518381201548699, -0.4528514150161316, -0.45386324647806997, -0.4548736331367964, -0.4558825936864496, -0.4568901469165773, -0.45789631170953327, -0.45890110703788994, -0.4599045519618379, -0.46090666562661875, -0.4619074672599559, -0.4629069761694955, -0.46390521174027, -0.4649021934321407, -0.4658979407772994, -0.46689247337773726, -0.4678858109027538, -0.4688779730864521, -0.46986897972528674, -0.4708588506755629, -0.4718476058510172, -0.47283526522035113, -0.47382184880481903, -0.4748073766758029, -0.47579186895241576, -0.4767753457991126, -0.47775782742330886, -0.4787393340730278, -0.4797198860345418, -0.4806995036300499, -0.4816782072153462, -0.4826560171775167, -0.48363295393265415, -0.48460903792357246, -0.4855842896175385, -0.48655872950403684, -0.48753237809252525, -0.48850525591021265, -0.48947738349985975, -0.4904487814175846, -0.49141947023069277, -0.49238947051549964, -0.49335880285520306, -0.49432748783774005, -0.49529554605367265, -0.49626299809408403, -0.49722986454849716, -0.49819616600279454, -0.4991619230371669, -0.5001271562240651, -0.5010918861261802, -0.502056133294419, -0.5030199182659206, -0.503983261562062, -0.504946183686491, -0.5059087051231795, -0.5068708463344753, -0.5078326277591865, -0.5087940698106581, -0.5097551928749042, -0.5107160173086949, -0.5116765634377083, -0.5126368515546802, -0.5135969019175599, -0.5145567347476887, -0.5155163702279949, -0.5164758285011918, -0.5174351296680073, -0.5183942937854098, -0.5193533408648587, -0.5203122908705626, -0.5212711637177584, -0.5222299792709972, -0.5231887573424456, -0.5241475176902084, -0.525106280016649, -0.5260650639667301, -0.5270238891263831, -0.5279827750208644, -0.5289417411131383, -0.5299008068022774, -0.5308599914218659]}