{"FCI": -1.0697107135717314, "Energy": -1.000894959337374, "Loss": [-0.65761996850287, -0.6637305880257574, -0.6697674321637263, -0.675724900493684, -0.6815980370918242, -0.6873825225933392, -0.6930746584199385, -0.6986713441971689, -0.704170049448062, -0.7095687806737457, -0.7148660449195273, -0.7200608108817274, -0.7251524685425356, -0.7301407882327052, -0.7350258799215321, -0.7398081534250885, -0.7444882801122743, -0.7490671565778931, -0.7535458706455866, -0.7579256699643179, -0.762207933371067, -0.7663941451114744, -0.7704858719392503, -0.7744847430549515, -0.7783924327944759, -0.7822106459372551, -0.7859411054725772, -0.7895855426392915, -0.7931456890381103, -0.796623270606124, -0.8000200032391791, -0.803337589848285, -0.8065777186408756, -0.8097420624254194, -0.8128322787481743, -0.8158500106831644, -0.8187968881102041, -0.8216745293305056, -0.8244845428848517, -0.8272285294550037, -0.8299080837446906, -0.832524796251967, -0.8350802548597667, -0.837576046185812, -0.8400137566465758, -0.8423949732026699, -0.8447212837647068, -0.84699427724921, -0.8492155432836471, -0.851386671567923, -0.8535092509068917, -0.8555848679344167, -0.8576151055544396, -0.8596015411284359, -0.8615457444414545, -0.8634492754808375, -0.8653136820629694, -0.8671404973435537, -0.8689312372466673, -0.870687397846938, -0.8724104527376682, -0.8741018504160428, -0.8757630117142539, -0.8773953273031361, -0.8790001552922216, -0.8805788189475406, -0.8821326045458263, -0.8836627593809209, -0.8851704899357545, -0.8866569602306285, -0.8881232903560161, -0.8895705551959755, -0.890999783346052, -0.8924119562275256, -0.8938080073982334, -0.8951888220584188, -0.8965552367487228, -0.8979080392361397, -0.8992479685826346, -0.9005757153901475, -0.9018919222149165, -0.9031971841433676, -0.9044920495212049, -0.9057770208269027, -0.9070525556804321, -0.9083190679777118, -0.9095769291411988, -0.9108264694767274, -0.9120679796266945, -0.9133017121097832, -0.9145278829371711, -0.9157466732954954, -0.9169582312867697, -0.9181626737156908, -0.919360087914825, -0.9205505335985138, -0.9217340447363942, -0.9229106314378265, -0.924080281838663, -0.9252429639822627, -0.926398627686742, -0.9275472063910855, -0.9286886189728554, -0.9298227715307874, -0.9309495591258915, -0.9320688674751744, -0.9331805745924754, -0.9342845523713493, -0.9353806681055615, -0.936468785942999, -0.9375487682695088, -0.9386204770195035, -0.9396837749107869, -0.940738526601486, -0.9417845997674253, -0.9428218660988789, -0.9438502022159714, -0.944869490502556, -0.945879619858762, -0.9468804863729012, -0.9478719939137377, -0.9488540546446019, -0.9498265894610731, -0.950789528354361, -0.9517428107028082, -0.9526863854941205, -0.9536202114813175, -0.9545442572754271, -0.9554585013783091, -0.9563629321589423, -0.9572575477768696, -0.9581423560562858, -0.9590173743146188, -0.959882629149257, -0.9607381561861917, -0.9615839997943039, -0.9624202127690061, -0.9632468559888093, -0.9640639980484453, -0.964871714871899, -0.9656700893087727, -0.9664592107171528, -0.9672391745360093, -0.9680100818501672, -0.9687720389504691, -0.9695251568918416, -0.9702695510516678, -0.971005340690691, -0.9717326485185989, -0.9724516002661666, -0.9731623242657218, -0.9738649510414991, -0.974559612911305, -0.9752464436007069, -0.9759255778708842, -0.9765971511610329, -0.9772612992461395, -0.9779181579107552, -0.9785678626393135, -0.9792105483233609, -0.9798463489859756, -0.9804753975235696, -0.9810978254650969, -0.9817137627486611, -0.9823233375154151, -0.9829266759205251, -0.983523901960948, -0.9841151373197101, -0.9847005012262681, -0.9852801103325176, -0.9858540786040025, -0.9864225172257243, -0.9869855345221187, -0.9875432358904951, -0.9880957237474262, -0.9886430974874153, -0.989185453453303, -0.9897228849176175, -0.9902554820744174, -0.9907833320408419, -0.9913065188678105, -0.9918251235592139, -0.992339224098973, -0.9928488954853985, -0.9933542097721412, -0.9938552361153319, -0.9943520408261545, -0.99484468742844, -0.9953332367206811, -0.9958177468420246, -0.99629827334165, -0.9967748692511891, -0.9972475851596506, -0.9977164692904888, -0.9981815675803806, -0.9986429237593399, -0.9991005794318103, -0.9995545741584544, -1.0000049455382363, -1.000451729290587]}