{"FCI": -1.137067858273465, "Energy": -0.8879747260184256, "Loss": [-0.8646606682606857, -0.8648074184205603, -0.8649537827180088, -0.8650997626782004, -0.8652453598199201, -0.8653905756555176, -0.8655354116910032, -0.8656798694260178, -0.8658239503538783, -0.865967655961594, -0.8661109877298949, -0.8662539471332406, -0.8663965356398606, -0.8665387547117632, -0.8666806058047595, -0.8668220903684912, -0.8669632098464495, -0.8671039656759951, -0.8672443592883846, -0.8673843921087961, -0.8675240655563323, -0.8676633810440765, -0.8678023399790834, -0.8679409437624048, -0.8680791937891401, -0.8682170914484257, -0.8683546381234718, -0.868491835191581, -0.8686286840241799, -0.8687651859868203, -0.8689013424392283, -0.869037154735297, -0.8691726242231416, -0.8693077522450879, -0.8694425401377128, -0.869576989231874, -0.8697111008527069, -0.8698448763196692, -0.8699783169465536, -0.8701114240415048, -0.8702441989070477, -0.8703766428401208, -0.870508757132065, -0.8706405430686793, -0.8707720019302193, -0.8709031349914415, -0.8710339435215968, -0.8711644287844748, -0.8712945920384106, -0.8714244345363206, -0.8715539575257091, -0.8716831622487007, -0.8718120499420531, -0.8719406218371899, -0.8720688791602023, -0.8721968231318961, -0.872324454967791, -0.8724517758781459, -0.8725787870679974, -0.8727054897371556, -0.872831885080239, -0.8729579742866944, -0.8730837585408215, -0.8732092390217757, -0.873334416903618, -0.8734592933553043, -0.873583869540732, -0.8737081466187417, -0.8738321257431577, -0.8739558080627807, -0.8740791947214347, -0.874202286857981, -0.8743250856063209, -0.8744475920954399, -0.8745698074494128, -0.8746917327874312, -0.8748133692238252, -0.8749347178680685, -0.8750557798248176, -0.875176556193921, -0.8752970480704434, -0.8754172565446828, -0.87553718270219, -0.8756568276237908, -0.8757761923856021, -0.8758952780590623, -0.8760140857109299, -0.8761326164033281, -0.8762508711937385, -0.8763688511350481, -0.8764865572755437, -0.8766039906589526, -0.876721152324435, -0.8768380433066338, -0.8769546646356742, -0.8770710173371837, -0.877187102432325, -0.8773029209377964, -0.8774184738658605, -0.8775337622243674, -0.8776487870167653, -0.8777635492421118, -0.8778780498951213, -0.8779922899661499, -0.8781062704412385, -0.8782199923021122, -0.8783334565262196, -0.8784466640867278, -0.8785596159525608, -0.878672313088408, -0.8787847564547402, -0.8788969470078376, -0.8790088856997934, -0.8791205734785514, -0.8792320112878992, -0.8793432000675089, -0.8794541407529418, -0.8795648342756692, -0.879675281563095, -0.8797854835385605, -0.8798954411213796, -0.8800051552268342, -0.8801146267662184, -0.880223856646837, -0.8803328457720233, -0.8804415950411654, -0.8805501053497172, -0.8806583775892136, -0.8807664126472944, -0.8808742114077237, -0.8809817747503851, -0.8810891035513282, -0.8811961986827647, -0.8813030610130965, -0.8814096914069215, -0.8815160907250646, -0.8816222598245799, -0.8817281995587758, -0.8818339107772282, -0.8819393943257944, -0.8820446510466432, -0.8821496817782507, -0.882254487355428, -0.8823590686093399, -0.8824634263675162, -0.8825675614538632, -0.8826714746886867, -0.8827751668887085, -0.8828786388670827, -0.8829818914334036, -0.883084925393722, -0.8831877415505671, -0.8832903407029686, -0.8833927236464548, -0.8834948911730806, -0.8835968440714383, -0.8836985831266718, -0.8838001091204936, -0.8839014228312069, -0.8840025250336961, -0.8841034164994928, -0.884204097996718, -0.8843045702901653, -0.8844048341412786, -0.8845048903081687, -0.8846047395456507, -0.8847043826052248, -0.8848038202351239, -0.8849030531803032, -0.8850020821824769, -0.8851009079801099, -0.8851995313084428, -0.8852979528995158, -0.8853961734821616, -0.8854941937820469, -0.8855920145216593, -0.885689636420339, -0.8857870601942851, -0.8858842865565681, -0.8859813162171655, -0.8860781498829294, -0.8861747882576574, -0.8862712320420543, -0.8863674819337861, -0.8864635386274775, -0.8865594028147009, -0.8866550751840457, -0.8867505564210793, -0.8868458472083887, -0.8869409482255856, -0.8870358601493167, -0.887130583653296, -0.8872251194082754, -0.8873194680821089, -0.8874136303397345, -0.8875076068431975, -0.8876013982516493, -0.887695005221383, -0.8877884284058386, -0.8878816684555992]}