{"FCI": -1.1917623439771352, "Energy": -1.0110142056941456, "Loss": [-0.7590396906614603, -0.7607151081644208, -0.7623895970829494, -0.7640630703753034, -0.7657354414507165, -0.7674066241881852, -0.7690765329549342, -0.7707450826246106, -0.7724121885951897, -0.7740777668065993, -0.7757417337579993, -0.777404006524795, -0.7790645027753045, -0.7807231407871128, -0.782379839463094, -0.7840345183470958, -0.7856870976392862, -0.7873374982111763, -0.788985641620236, -0.7906314501242223, -0.7922748466951017, -0.7939157550326363, -0.7955540995775912, -0.7971898055245734, -0.7988227988345035, -0.8004530062467112, -0.8020803552906395, -0.8037047742972032, -0.8053261924097234, -0.8069445395945009, -0.8085597466510155, -0.8101717452217135, -0.8117804678014293, -0.8133858477463972, -0.8149878192829211, -0.8165863175155836, -0.81818127843515, -0.8197726389260158, -0.8213603367733128, -0.8229443106696112, -0.82452450022124, -0.8261008459542171, -0.8276732893198213, -0.8292417726997617, -0.8308062394109814, -0.8323666337100701, -0.833922900797346, -0.8354749868205082, -0.8370228388779821, -0.83856640502185, -0.8401056342604556, -0.8416404765606402, -0.8431708828496213, -0.844696805016538, -0.8462181959136138, -0.8477350093570435, -0.849247200127459, -0.8507547239701392, -0.8522575375948384, -0.8537555986753295, -0.8552488658485955, -0.8567372987137355, -0.8582208578305448, -0.8596995047177863, -0.8611732018511941, -0.8626419126611518, -0.864105601530088, -0.8655642337896138, -0.867017775717364, -0.8684661945335538, -0.8699094583973243, -0.871347536402745, -0.8727803985746635, -0.8742080158642045, -0.8756303601441243, -0.8770474042038492, -0.8784591217443346, -0.8798654873726948, -0.8812664765965771, -0.8826620658183839, -0.8840522323292433, -0.8854369543028014, -0.8868162107888207, -0.8881899817065764, -0.8895582478380938, -0.8909209908212061, -0.8922781931424182, -0.8936298381296468, -0.8949759099447773, -0.8963163935760822, -0.8976512748304843, -0.8989805403256855, -0.9003041774821777, -0.901622174515102, -0.9029345204259916, -0.904241204994438, -0.9055422187695725, -0.9068375530615088, -0.9081271999326691, -0.9094111521889969, -0.9106894033711052, -0.9119619477453428, -0.913228780294753, -0.9144898967100091, -0.9157452933802392, -0.9169949673838041, -0.9182389164790463, -0.9194771390949463, -0.9207096343217338, -0.9219364019015045, -0.9231574422187616, -0.9243727562908955, -0.9255823457587219, -0.9267862128769067, -0.9279843605044251, -0.9291767920950097, -0.9303635116875222, -0.931544523896413, -0.9327198339020955, -0.9338894474413957, -0.9350533707979253, -0.9362116107925317, -0.9373641747737363, -0.9385110706081716, -0.9396523066710755, -0.9407878918367658, -0.9419178354691821, -0.943042147412428, -0.9441608379813471, -0.9452739179521675, -0.9463813985531289, -0.9474832914552057, -0.9485796087628454, -0.949670363004755, -0.9507555671247474, -0.9518352344726133, -0.9529093787951075, -0.9539780142269177, -0.9550411552817193, -0.9560988168433434, -0.9571510141569073, -0.9581977628201153, -0.9592390787745326, -0.9602749782970013, -0.9613054779910869, -0.9623305947786099, -0.9633503458912422, -0.964364748862194, -0.9653738215179599, -0.9663775819701734, -0.9673760486074878, -0.9683692400875941, -0.9693571753292818, -0.9703398735046149, -0.9713173540311569, -0.9722896365643033, -0.9732567409897092, -0.9742186874157569, -0.9751754961661793, -0.9761271877727165, -0.9770737829678829, -0.9780153026778238, -0.9789517680152569, -0.979883200272509, -0.9808096209146474, -0.9817310515726844, -0.9826475140368943, -0.9835590302502137, -0.9844656223017387, -0.9853673124202934, -0.9862641229681266, -0.9871560764346763, -0.9880431954304273, -0.9889255026808681, -0.9898030210205551, -0.9906757733872166, -0.9915437828160351, -0.9924070724339289, -0.9932656654539904, -0.9941195851699994, -0.9949688549510176, -0.9958134982360698, -0.9966535385289501, -0.9974889993930789, -0.9983199044464683, -0.999146277356787, -0.9999681418364939, -1.000785521638065, -1.0015984405493343, -1.002406922388881, -1.003210991001537, -1.0040106702539666, -1.0048059840303345, -1.0055969562280664, -1.006383610753678, -1.0071659715187027, -1.0079440624357108, -1.0087179074143788, -1.0094875303576862, -1.0102529551581405]}