{"FCI": -1.2447842234670006, "Energy": -1.2022803717179351, "Loss": [-0.03263271911492142, -0.05958340822931459, -0.08015880518029675, -0.09789624674390596, -0.11389978126682551, -0.12868042282854364, -0.14252404561539944, -0.15560968368256733, -0.16805821688896141, -0.1799557815496266, -0.1913663133256638, -0.20233882608391993, -0.21291190385189784, -0.2231166116999797, -0.23297845857593497, -0.24251876527676114, -0.2517556447657548, -0.2607047216469082, -0.269379671260752, -0.2777926310834088, -0.2859545198875915, -0.29387528913081756, -0.30156412383847564, -0.3090296054318765, -0.3162798456657847, -0.323322598564025, -0.3301653556464313, -0.33681542861396113, -0.34328002286169446, -0.34956630462813554, -0.35568146419851226, -0.36163277731152044, -0.3674276667340107, -0.37307376582821045, -0.37857898579695604, -0.38395158809449303, -0.38920026314758355, -0.39433421591855145, -0.39936325778033915, -0.40429790242672176, -0.4091494608287072, -0.4139301263158202, -0.4186530356402113, -0.42333228579535154, -0.42798288075879015, -0.43262057988529934, -0.4372616242881533, -0.44192233300988804, -0.4466185879026604, -0.45136525940048405, -0.45617565241467095, -0.4610610584832059, -0.46603048075054665, -0.4710905592452984, -0.4762456813435466, -0.48149823133084174, -0.4868489202959478, -0.4922971412475525, -0.49784130779387725, -0.5034791509905003, -0.5092079630962387, -0.5150247867613152, -0.5209265535985441, -0.5269101783328953, -0.532972615213415, -0.5391108832188201, -0.5453220663873496, -0.5516032954529312, -0.5579517166801077, -0.5643644531801385, -0.5708385631793298, -0.577370999183204, -0.5839585723466951, -0.5905979279421593, -0.5972855403348019, -0.6040177384241723, -0.6107907738029135, -0.6176009426219449, -0.6244447673727972, -0.6313192360792002, -0.6382220838419642, -0.645152085907817, -0.6521093139629852, -0.6590952922188427, -0.666112986161301, -0.6731665793013829, -0.6802610541942604, -0.6874016832815939, -0.6945936041117073, -0.7018416352522521, -0.7091503532176677, -0.7165242341921559, -0.723967480923471, -0.73148324893499, -0.7390725531829458, -0.7467336544747532, -0.7544623322175041, -0.762252649179666, -0.7700976710641895, -0.7779899422973687, -0.7859217563916178, -0.7938853041430027, -0.8018727576275337, -0.8098763209412676, -0.8178882628615277, -0.8259009389208557, -0.8339068068452458, -0.8418984376633165, -0.8498685239858391, -0.8578098865225975, -0.8657154796470794, -0.8735783966515539, -0.8813918752147981, -0.8891493035104703, -0.8968442273026253, -0.9044703582978026, -0.9120215839439504, -0.9194919787821401, -0.9268758173664768, -0.9341675886724805, -0.9413620118191652, -0.9484540528410061, -0.9554389421711063, -0.9623121924434657, -0.9690696161969135, -0.975707343069255, -0.9822218361077182, -0.9886099068859147, -0.9948687291999461, -1.0009958512054504, -1.0069892059403622, -1.012847120242847, -1.018568322110677, -1.0241519465522002, -1.029597539949211, -1.0349050628931522, -1.0400748913753874, -1.045107816120013, -1.050005039752865, -1.054768171412697, -1.0593992183361278, -1.0639005738934255, -1.0682750015222706, -1.0725256140073842, -1.0766558475926582, -1.0806694304982651, -1.08457034555819, -1.0883627869044343, -1.0920511109090458, -1.0956397819556865, -1.0991333140387103, -1.1025362096555944, -1.1058528979275988, -1.1090876742946545, -1.1122446444123448, -1.1153276749563599, -1.118340353849215, -1.1212859619316482, -1.124167457321979, -1.1269874727124685, -1.1297483247711473, -1.1324520338123452, -1.1351003511338558, -1.1376947910169757, -1.1402366643997088, -1.1427271116284272, -1.145167132358472, -1.147557611456267, -1.1498993405003808, -1.152193035069827, -1.1544393483882418, -1.156638882063399, -1.1587921946679207, -1.1608998088115847, -1.1629622172172036, -1.1649798881732627, -1.1669532706193042, -1.1688827990304644, -1.1707688982025366, -1.1726119879915857, -1.1744124880259337, -1.1761708223791356, -1.177887424167399, -1.1795627400128181, -1.181197234294627, -1.1827913930948828, -1.1843457277335796, -1.1858607777817234, -1.1873371134406878, -1.1887753371824594, -1.1901760845580256, -1.191540024100564, -1.1928678562738377, -1.1941603114452675, -1.1954181468917997, -1.196642142888909, -1.1978330979245024, -1.19899182330933, -1.2001191353956027, -1.2012158094048941]}