{"FCI": -1.0697107135717314, "Energy": -0.9826909754732851, "Loss": [-0.5406855219861622, -0.5524434418806692, -0.5621155269196424, -0.5708298520294866, -0.5789432679281724, -0.5866206250304107, -0.5939531837910078, -0.6009972836464489, -0.6077904090177177, -0.6143589619994977, -0.6207224476213417, -0.6268959173837734, -0.6328914916936691, -0.6387193622504318, -0.6443884853368196, -0.6499070833628771, -0.6552830222106814, -0.6605241029348876, -0.6656382871902792, -0.6706338606889894, -0.6755195252202447, -0.6803043970149888, -0.6849978806636501, -0.6896093909433119, -0.6941479199302016, -0.6986214980958373, -0.7030366607473523, -0.7073980663376316, -0.7117083823735693, -0.7159684618133824, -0.7201777330131518, -0.7243346780171986, -0.7284372893668247, -0.7324834438132094, -0.7364711768280277, -0.740398868500082, -0.7442653605770392, -0.748070023463004, -0.7518127871832078, -0.755494145058937, -0.7591151343726616, -0.7626772949177222, -0.7661826040222296, -0.769633385505923, -0.773032190363339, -0.7763816491759213, -0.779684300594417, -0.782942406359906, -0.7861577698870382, -0.7893315800234775, -0.792464301586336, -0.7955556282651638, -0.7986045026094427, -0.8016091956437179, -0.8045674293684231, -0.8074765215863982, -0.8103335340640445, -0.8131354099488806, -0.815879092153303, -0.8185616193519105, -0.821180199647772, -0.8237322639122586, -0.8262155016829079, -0.8286278827236928, -0.8309676672219665, -0.8332334073113531, -0.8354239422777441, -0.8375383894769348, -0.8395761326813085, -0.8415368092744515, -0.8434202974150172, -0.8452267039857381, -0.8469563538346919, -0.8486097805189867, -0.8501877185016503, -0.8516910965550126, -0.8531210320030459, -0.8544788253921344, -0.8557659552010801, -0.8569840722648837, -0.8581349936696636, -0.8592206959584122, -0.8602433075567169, -0.8612051003796334, -0.8621084806163501, -0.862955978713169, -0.8637502385933437, -0.8644940061702105, -0.8651901172311514, -0.8658414847957354, -0.8664510860809306, -0.8670219492361407, -0.867557140037862, -0.8680597487544499, -0.868532877405121, -0.8689796276451095, -0.8694030895148991, -0.8698063313003992, -0.8701923907658036, -0.8705642680428698, -0.8709249204852507, -0.8712772598171571, -0.8716241519093467, -0.8719684194831, -0.8723128479457457, -0.8726601943541283, -0.873013199123094, -0.8733745994665302, -0.8737471426108726, -0.8741335955518054, -0.8745367466945108, -0.8749593935751168, -0.8754043108123449, -0.8758741944907327, -0.876371583984845, -0.8768987692262601, -0.8774576982298007, -0.8780499028595595, -0.8786764578697923, -0.8793379798487453, -0.8800346625479089, -0.8807663375480875, -0.8815325465905524, -0.8823326136671837, -0.883165708991866, -0.8840309011687124, -0.8849271970335673, -0.8858535704872118, -0.8868089824005558, -0.8877923937472849, -0.8888027738505789, -0.8898391052457935, -0.8909003862829291, -0.8919856322748374, -0.8930938757482288, -0.8942241661823951, -0.8953755694449553, -0.8965471672821925, -0.8977380552810161, -0.8989473262967298, -0.9001729687138599, -0.9013880015361465, -0.9026591643563979, -0.9039454568510149, -0.9052360065043807, -0.9065380834861049, -0.9078520897263243, -0.9091778850429169, -0.9105145675745673, -0.9118615733420893, -0.9132179923302565, -0.9145832484595727, -0.9159563581885951, -0.9173367319051148, -0.9187227454828252, -0.9201135375029743, -0.9215066470051803, -0.9229099427258569, -0.9243188007225038, -0.925732925894441, -0.9271474980746022, -0.9285642928006649, -0.9299818920706678, -0.9314009601957396, -0.9328202195271654, -0.9342400034067773, -0.9356589255050486, -0.9370774800370119, -0.9384937943048265, -0.9399095110827537, -0.9413221170001376, -0.9427353797463839, -0.9441450785030409, -0.9455541623315666, -0.9469586161785792, -0.9483607773640549, -0.9497577960969013, -0.9511525682416314, -0.9525441641365013, -0.9539375281010408, -0.955328863076121, -0.9567202661203048, -0.9581070572104267, -0.9594922116009706, -0.9608731464591603, -0.9622526934829309, -0.9636289169788432, -0.965004301916258, -0.9663768132961459, -0.9677489386474007, -0.9691181545036458, -0.9704872472201207, -0.9718529993624979, -0.9732186572452842, -0.9745803197177344, -0.97594156012663, -0.9772980545896219, -0.9786532839832353, -0.9800029678549004, -0.9813501576757195]}