{"FCI": -1.2447842234670006, "Energy": -1.2048901963061835, "Loss": [-0.24804967728523292, -0.25435233837268634, -0.26057093058697905, -0.2666978197793828, -0.27272546780300255, -0.2786464674752227, -0.28445358215882816, -0.29013978926774703, -0.29569832729909795, -0.30112274596249666, -0.3064069589017277, -0.3115452984138687, -0.3165325714732294, -0.3213641162647376, -0.32603585832589654, -0.3305443652909964, -0.3348868991292089, -0.33906146467409615, -0.34306685316134966, -0.34690267943094033, -0.35056941141725, -0.3540683905547356, -0.35740184177692896, -0.36057287189246623, -0.3635854552921337, -0.36644440618258967, -0.3691553368590308, -0.3717246019198005, -0.37415922878346924, -0.3764668353789681, -0.3786555364191794, -0.38073384020815915, -0.38271053843492814, -0.384594591832811, -0.3863950148927511, -0.38812076297722736, -0.3897806251639595, -0.39138312594476593, -0.39293643852135823, -0.3944483118999008, -0.3959260133283903, -0.39737628689499843, -0.39880532836606425, -0.4002187756429149, -0.4016217136041843, -0.4030186916105425, -0.40441375160401594, -0.4058104645429707, -0.4072119728714658, -0.4086210368133274, -0.4100400824835716, -0.4114712500954804, -0.41291644088094065, -0.4143773617057365, -0.41585556672405477, -0.41735249575516936, -0.4188695093631727, -0.4204079208663797, -0.42196902569114514, -0.42355412861511327, -0.4251645695219562, -0.4268017483207148, -0.4284671496777602, -0.4301623681778954, -0.43188913448217636, -0.43364934299141744, -0.43544508146071753, -0.4372786629445501, -0.4391526603842157, -0.4410699440775474, -0.4430337221913758, -0.4450475843849905, -0.44711554850204804, -0.449242110152388, -0.4514322948375113, -0.4536917120678406, -0.4560266106709382, -0.45844393419429885, -0.4609513749630524, -0.4635574249655264, -0.4662714213162255, -0.4691035836020754, -0.47206503997684435, -0.4751678384628117, -0.4784249395885253, -0.48185018628519843, -0.4854582469335758, -0.4892645276501707, -0.4932850503710036, -0.4975362940655271, -0.502034997506966, -0.5067979234313533, -0.5118415856080916, -0.517181942271726, -0.5228340614624324, -0.5288117660037952, -0.5351272679946506, -0.5417908046501692, -0.5488102888896386, -0.5561909889917677, -0.5639352516738835, -0.5720422819096549, -0.580507990616804, -0.5893249181381219, -0.5984822375099089, -0.6079658373046618, -0.617758479838557, -0.6278400271795597, -0.6381877249647209, -0.6487765326420476, -0.6595794883305037, -0.6705680968589782, -0.6817127304590719, -0.6929830328033951, -0.7043483183900668, -0.7157779605209595, -0.7272417622084328, -0.7387103052278634, -0.7501552732081355, -0.7615497451464359, -0.7728684560959356, -0.7840880220655324, -0.795187126455379, -0.806146665693938, -0.8169498521968883, -0.8275822733762098, -0.8380319062106901, -0.8482890878452488, -0.858346443789108, -0.868198776481096, -0.8778429182122189, -0.887277553554809, -0.896503017452489, -0.9055210758886354, -0.9143346965027356, -0.9229478166175787, -0.9313651158622587, -0.9395917999452087, -0.9476334011995298, -0.9554956003645546, -0.9631840727736767, -0.9707043607838945, -0.9780617729955748, -0.9852613096474127, -0.9923076125861138, -0.9992049374381559, -1.005957145064859, -1.0125677090587544, -1.019039735919497, -1.025375994604735, -1.03157895235143, -1.0376508139714065, -1.0435935622072041, -1.0494089971585199, -1.0550987732289352, -1.060664432473098, -1.0661074336281826, -1.0714291764761534, -1.076631021495051, -1.0817143050125546, -1.08668035027072, -1.0915304749474997, -1.0962659957617502, -1.1008882308186165, -1.1053985003391986, -1.10979812636967, -1.114088431990179, -1.1182707404512904, -1.1223463745650073, -1.12631665657542, -1.1301829086381499, -1.1339464539525808, -1.1376086185196863, -1.1411707334431833, -1.1446341376524263, -1.148000180901562, -1.151270226888817, -1.154445656340149, -1.1575278699111646, -1.1605182907764697, -1.163418366795995, -1.166229572170776, -1.1689534085243563, -1.171591405370789, -1.174145119953753, -1.1766161364639125, -1.1790060646624851, -1.181316537957253, -1.1835492109931396, -1.185705756831713, -1.18778786380308, -1.189797232118747, -1.191735570335475, -1.1936045917578775, -1.1954060108619917, -1.1971415398134888, -1.1988128851436497, -1.2004217446339351, -1.2019698044473064, -1.2034587365313227]}