{"FCI": -1.2655724615197328, "Energy": -1.2181281159664994, "Loss": [-0.047762960484148576, -0.05038609331820315, -0.05328832299583697, -0.05650542176259625, -0.06007706351553105, -0.06404703612683407, -0.06846340193291833, -0.07337858398703126, -0.07884935125796659, -0.0849366714074858, -0.09170539535405305, -0.09922373388965697, -0.10756248363300099, -0.11679395817610043, -0.12699058115324352, -0.1382231020301674, -0.15055840375568452, -0.16405688531746643, -0.17876942318180533, -0.19473394520481926, -0.21197169046643652, -0.23048327971322258, -0.2502447835686786, -0.2712040468289013, -0.29327760058142666, -0.3163485579194892, -0.3402659263263611, -0.36484575873851993, -0.38987448417316145, -0.4151145931267089, -0.4403126043353441, -0.4652089331014535, -0.4895489675170333, -0.513094405102132, -0.5356337759470202, -0.556991124246195, -0.5770320423189826, -0.5956666080087786, -0.6128491911828704, -0.628575480414207, -0.6428773647397907, -0.6558164493858546, -0.6674769886213063, -0.6779589136513865, -0.687371463863227, -0.6958277408539371, -0.7034403312434192, -0.7103180066924332, -0.7165634148769693, -0.7222716208798904, -0.7275293367309373, -0.7324146781285207, -0.7369973028086046, -0.7413388074656821, -0.7454932845402428, -0.7495079634106214, -0.7534238808807667, -0.7572765426823267, -0.7610965509955897, -0.7649101830783722, -0.7687399134693126, -0.7726048774277303, -0.7765212767757059, -0.7805027315401325, -0.7845605820970997, -0.7887041471677592, -0.792940943209071, -0.797276870636372, -0.801716372017595, -0.8062625669683711, -0.8109173680071291, -0.8156815811357483, -0.8205549944179845, -0.82553645735047, -0.8306239533692511, -0.835814667413952, -0.8411050500860425, -0.8464908795884897, -0.8519673223226744, -0.8575289927447892, -0.8631700128477069, -0.8688840714348408, -0.8746644831878576, -0.8805042473995863, -0.8863961061435587, -0.892332601580758, -0.8983061320589987, -0.9043090066376813, -0.9103334976674571, -0.9163718910671302, -0.9224165339656156, -0.9284598794122034, -0.9344945279006583, -0.9405132654994077, -0.9465090984291478, -0.9524752839787021, -0.9584053576984883, -0.9642931568572383, -0.9701328401909102, -0.9759189040123788, -0.9816461947859667, -0.9873099183021741, -0.9929056456148082, -0.9984293159250769, -1.0038772366156157, -1.009246080651278, -1.0145328815739318, -1.0197350263248486, -1.0248502461315911, -1.0298766056962614, -1.034812490919178, -1.039656595386893, -1.0444079058457671, -1.0490656868731376, -1.0536294649468212, -1.0580990121015965, -1.0624743293477001, -1.0667556300123604, -1.0709433231506074, -1.075037997156732, -1.0790404036926748, -1.0829514420349073, -1.0867721439267506, -1.0905036590090993, -1.094147240889163, -1.0977042338941723, -1.101176060545184, -1.1045642097751531, -1.1078702259056172, -1.1110956983871398, -1.1142422523008448, -1.1173115396110882, -1.1203052311535047, -1.1232250093372074, -1.126072561535799, -1.1288495741383142, -1.1315577272284496, -1.1341986898584835, -1.1367741158829057, -1.1392856403158989, -1.1417348761765727, -1.1441234117860326, -1.1464528084807146, -1.148724598707492, -1.150940284466918, -1.1531013360724387, -1.1552091911949325, -1.1572652541632555, -1.159270895493569, -1.1612274516215733, -1.1631362248137906, -1.1649984832356823, -1.1668154611561643, -1.168588359269702, -1.1703183451189032, -1.1720065536020217, -1.1736540875512933, -1.17526201836942, -1.1768313867129088, -1.1783632032121356, -1.179858449219125, -1.1813180775752767, -1.1827430133919814, -1.1841341548382103, -1.1854923739297907, -1.186818517315955, -1.1881134070592667, -1.1893778414058391, -1.1906125955430522, -1.1918184223425878, -1.1929960530870667, -1.1941461981788293, -1.195269547829754, -1.196366772731373, -1.1974385247047037, -1.198485437329462, -1.1995081265525165, -1.2005071912755316, -1.2014832139220968, -1.2024367609842967, -1.2033683835494047, -1.2042786178067888, -1.2051679855357502, -1.20603699457462, -1.206886139271809, -1.2077159009192768, -1.2085267481690867, -1.2093191374336079, -1.2100935132699833, -1.2108503087494764, -1.211589945812307, -1.2123128356085355, -1.2130193788256147, -1.2137099660031725, -1.2143849778355293, -1.2150447854625765, -1.2156897507494708, -1.2163202265556452, -1.2169365569936534, -1.217539077678308]}