{"FCI": -1.0697107135717314, "Energy": -0.9639012418988766, "Loss": [-0.8103476561773948, -0.8247957742853989, -0.8341628494354096, -0.8414279425362927, -0.8475584579859503, -0.8530117612234098, -0.8580129600610663, -0.8626725729276569, -0.8670530802993746, -0.8711964121947587, -0.8751338925855164, -0.8788903547849711, -0.882486234475627, -0.8859387956164084, -0.8892628864923211, -0.892471388398739, -0.8955754389099423, -0.898584489142756, -0.9015062596417609, -0.904346673424132, -0.9071098470415607, -0.9097981965691989, -0.9124126689808427, -0.914953062876605, -0.9174183790741159, -0.9198071466608402, -0.9221176918639602, -0.9243483399551867, -0.9264975556402338, -0.9285640340224254, -0.9305467550667487, -0.9324450125981852, -0.9342584262521977, -0.9359869424014985, -0.9376308282067377, -0.939190661574541, -0.9406673188526609, -0.9420619614366461, -0.9433760220143169, -0.9446111908666933, -0.9457694024296786, -0.9468528221683795, -0.9478638337028116, -0.9488050260359416, -0.9496791806616653, -0.9504892582653311, -0.951238384668591, -0.9519298356129205, -0.9525670199230273, -0.9531534605481815, -0.9536927729547122, -0.9541886403502267, -0.954644785278679, -0.955064937257637, -0.9554527963601801, -0.9558119929931106, -0.9561460445976551, -0.9564583105774975, -0.9567519473836633, -0.9570298662516554, -0.9572946964532693, -0.957548756944612, -0.9577940388566183, -0.9580322003716446, -0.9582645742779992, -0.9584921871264243, -0.9587157877176823, -0.9589358818758067, -0.9591527702331151, -0.9593665860427599, -0.959577330691244, -0.9597849053996257, -0.9599891383895962, -0.9601898074221282, -0.9603866580416108, -0.9605794180853278, -0.9607678090899456, -0.9609515551971096, -0.9611303900771352, -0.9613040622894445, -0.961472339402493, -0.9616350111157553, -0.9617918915651277, -0.9619428209493349, -0.9620876665850971, -0.962226323479141, -0.9623587144918981, -0.9624847901584593, -0.9626045282246933, -0.9627179329499663, -0.962825034221219, -0.9629258865166056, -0.9630205677504258, -0.9631091780244665, -0.9631918383048872, -0.9632686890382067, -0.9633398887153306, -0.9634056123888235, -0.9634660501462416, -0.9635214055408305, -0.9635718939808874, -0.9636177410798655, -0.963659180971041, -0.9636964545930744, -0.9637298079551854, -0.9637594903935186, -0.9637857528322208, -0.963808846064407, -0.9638290190686543, -0.963846517376311, -0.9638615815037082, -0.9638744454614196, -0.9638853353508621, -0.9638944680566881, -0.9639020500428728, -0.9639082762605864, -0.9639133291784859, -0.9639173779493677, -0.9639205777321551, -0.963923069192906, -0.9639249782119865, -0.9639264158251956, -0.9639274784223926, -0.9639282482177249, -0.96392879399055, -0.9639291720774813, -0.963929427575712, -0.9639295956999383, -0.9639297032225819, -0.9639297699221377, -0.9639298099685045, -0.9639298331859135, -0.963929846151352, -0.9639298531064788, -0.9639298566798057, -0.9639298584295943, -0.9639298591517156, -0.9639298560835297, -0.963929718894608, -0.9639237718895959, -0.9638005153029983, -0.9637424302600172, -0.9638115462021527, -0.9638883084337778, -0.9639181646092874, -0.9639260206796378, -0.9639282559935693, -0.9639290017616367, -0.9639292777392792, -0.9639293653529905, -0.9639293397728828, -0.9639291903854915, -0.9639288167726461, -0.9639279184835388, -0.9639256170082963, -0.9639193373113359, -0.9639025064443411, -0.9638686363030914, -0.9638429608311123, -0.9638599845252426, -0.9638891915588697, -0.9639078615331678, -0.9639170351540578, -0.9639213105785084, -0.9639231811887424, -0.9639237300861694, -0.9639232814037267, -0.9639217247481014, -0.9639185182472323, -0.9639127151218668, -0.9639033832786418, -0.9638917162206305, -0.9638831711995222, -0.9638837597033932, -0.9638916584409448, -0.9639010624898242, -0.9639083177510399, -0.963912982021246, -0.9639155169780164, -0.9639164855358837, -0.9639161436047816, -0.9639145723792099, -0.9639116837826616, -0.9639075416652396, -0.9639025979981329, -0.963898176200392, -0.9638958457566548, -0.9638965542429694, -0.9638995200184473, -0.9639033897584323, -0.9639068754032324, -0.9639094798111325, -0.9639110077508382, -0.963911549300399, -0.9639111456587551, -0.9639099304760747, -0.9639080101621144, -0.963905712894782, -0.9639034440042087, -0.9639018334648665]}