{"FCI": -1.2675874487922068, "Energy": -1.1810094060886427, "Loss": [-0.2602495485635699, -0.270469415640455, -0.2806014333671574, -0.2906337761184842, -0.3005545260068752, -0.31035173191740106, -0.3200134774589015, -0.32952795763385945, -0.338883564319366, -0.3480689806057705, -0.35707328393614074, -0.3658860578536066, -0.3744975119928649, -0.38289860973701595, -0.391081202686384, -0.39903817073126485, -0.40676356605776753, -0.4142527588099192, -0.42150258134067803, -0.4285114669669474, -0.43527957786740823, -0.4418089152289586, -0.44810340303203794, -0.4541689351673286, -0.4600133742814323, -0.4656464904612166, -0.47107982936085946, -0.4763265034041739, -0.48140090661563895, -0.4863183629551868, -0.4910947281283993, -0.49574597316817, -0.5002877820231908, -0.504735193446215, -0.509102310086646, -0.5134020870901901, -0.5176462016802021, -0.5218449966063575, -0.5260074851696233, -0.5301414036500516, -0.5342532974830206, -0.538348629377108, -0.5424318998733175, -0.5465067730733764, -0.5505762021648812, -0.5546425508817505, -0.5587077081920709, -0.5627731943677908, -0.5668402572295327, -0.5709099578330566, -0.5749832452168098, -0.5790610200977041, -0.5831441876101364, -0.5872336993505025, -0.5913305851297058, -0.5954359749577325, -0.5995511118936833, -0.6036773564935481, -0.6078161836773913, -0.6119691729163221, -0.6161379927055441, -0.6203243803403261, -0.62453011804431, -0.6287570065115734, -0.6330068369135414, -0.6372813623882613, -0.6415822699722266, -0.6459111538550989, -0.6502694907372207, -0.6546586179513787, -0.6590797148779308, -0.6635337880403778, -0.6680216601216148, -0.672543962994407, -0.6771011347184883, -0.6816934203251528, -0.6863208760933581, -0.690983376922163, -0.6956806263260356, -0.7004121685237673, -0.7051774020599022, -0.7099755943891509, -0.7148058968690278, -0.7196673596414271, -0.7245589459383706, -0.7294795454164815, -0.7344279862061225, -0.7394030454496675, -0.7444034581951021, -0.7494279246016272, -0.7544751154989937, -0.7595436764180098, -0.7646322302731988, -0.7697393789268353, -0.7748637038957508, -0.7800037664769723, -0.7851581075662456, -0.7903252474259352, -0.7955036856275615, -0.8006919013526235, -0.8058883541859974, -0.8110914854832706, -0.8162997203400103, -0.8215114701407522, -0.8267251356214254, -0.8319391103433443, -0.8371517844514377, -0.8423615485751791, -0.8475667977276002, -0.8527659350653405, -0.8579573753895624, -0.8631395482918804, -0.868310900878804, -0.8734699000404995, -0.8786150342617545, -0.8837448150033487, -0.8888577777074799, -0.8939524825009674, -0.8990275146824727, -0.9040814850852811, -0.9091130304048444, -0.9141208135712011, -0.9191035242318013, -0.9240598793914344, -0.9289886242350724, -0.9338885331379485, -0.9387584108472231, -0.9435970938024127, -0.9484034515488441, -0.9531763881901906, -0.9579148438232964, -0.9626177959005044, -0.9672842604712992, -0.9719132932647939, -0.9765039905869117, -0.9810554900191065, -0.9855669709183258, -0.99003765472889, -0.9944668051262157, -0.9988537280177687, -1.0031977714295508, -1.0074983253056644, -1.011754821245467, -1.0159667321973547, -1.0201335721217364, -1.0242548956288116, -1.028330297590185, -1.032359412718103, -1.0363419151022086, -1.0402775176920867, -1.0441659717138565, -1.048007066011077, -1.0518006263034063, -1.0555465143605332, -1.0592446270934401, -1.0628948955690063, -1.0664972839575508, -1.0700517884251968, -1.0735584359842445, -1.0770172833145208, -1.0804284155676578, -1.0837919451643447, -1.0871080105920286, -1.090376775208038, -1.093598426050859, -1.0967731726603205, -1.099901245906272, -1.1029828968249196, -1.1060183954621365, -1.1090080297238922, -1.1119521042350695, -1.1148509392091268, -1.117704869332447, -1.1205142426678742, -1.1232794195827505, -1.1260007717065754, -1.1286786809232916, -1.1313135384021822, -1.1339057436707034, -1.1364557037311418, -1.1389638322221622, -1.141430548625246, -1.1438562775153827, -1.1462414478548668, -1.1485864923290499, -1.1508918467226716, -1.1531579493359234, -1.1553852404392422, -1.1575741617665474, -1.1597251560462398, -1.1618386665697913, -1.163915136797225, -1.1659550099989018, -1.1679587289323308, -1.1699267355526697, -1.171859470754971, -1.1737573741461438, -1.1756208838441826, -1.1774504363023783, -1.1792464661558895]}