{"FCI": -1.2430558295908476, "Energy": -1.226395853066316, "Loss": [-0.6791660988392964, -0.6888212737467129, -0.6984938601156524, -0.7081775725389765, -0.717866026868061, -0.7275527677881364, -0.7372313061886719, -0.7468951678658423, -0.7565379556940952, -0.7661534273629158, -0.7757355899283571, -0.7852788100482994, -0.7947779337991594, -0.804228401435174, -0.8136263306635588, -0.8229685307446833, -0.8322524079637484, -0.8414757421958972, -0.8506363574799048, -0.8597317591432404, -0.8687588329646332, -0.877713678218994, -0.8865915919059296, -0.8953871723775244, -0.9040944902297504, -0.9127072802311302, -0.9212191250702417, -0.9296236175338723, -0.9379144977714782, -0.946085767006848, -0.9541317804434933, -0.9620473219463938, -0.9698276624502279, -0.9774686034624177, -0.9849665066828244, -0.9923183106619241, -0.9995215355012133, -1.0065742767713408, -1.0134751899942307, -1.0202234671341062, -1.0268188065296973, -1.0332613775737174, -1.0395517812386783, -1.045691007315205, -1.0516803890320414, -1.057521555615564, -1.0632163833468533, -1.0687669457805784, -1.0741754639701353, -1.0794442577468952, -1.0845756992723676, -1.0895721701723935, -1.0944360235407569, -1.09916955195615, -1.1037749624022142, -1.1082543586437579, -1.1126097312312127, -1.1168429549204162, -1.1209557929429599, -1.1249499072716003, -1.1288268738130178, -1.1325882013330635, -1.1362353528742326, -1.1397697684515753, -1.1431928878976172, -1.1465061728529509, -1.1497111270524214, -1.1528093142233642, -1.1558023730818399, -1.1586920290771265, -1.1614801026882575, -1.164168514215968, -1.1667592851370585, -1.1692545361951958, -1.171656482492186, -1.1739674259173447, -1.1761897453095158, -1.1783258847869955, -1.1803783407056518, -1.1823496477145516, -1.1842423643724367, -1.1860590587680828, -1.1878022945535396, -1.1894746177537872, -1.1910785446606316, -1.1926165510558921, -1.194091062940825, -1.1955044488795001, -1.19685901399525, -1.1981569955952016, -1.19940056034015, -1.2005918028283793, -1.2017327454238558, -1.2028253391320616, -1.2038714653118054, -1.2048729380074232, -1.2058315066924232, -1.2067488592312712, -1.2076266248890488, -1.2084663772468518, -1.2092696369122367, -1.2100378739467268, -1.2107725099640956, -1.2114749198829322, -1.2121464333425378, -1.2127883358127627, -1.213401869444138, -1.2139882337155021, -1.2145485859413, -1.2150840417014925, -1.215595675253006, -1.2160845199744599, -1.2165515688864403, -1.216997775278208, -1.2174240534603242, -1.217831279650843, -1.218220292992618, -1.2185918966901015, -1.218946859246968, -1.219285915781081, -1.2196097693904178, -1.219919092542807, -1.2202145284635268, -1.2204966924971363, -1.2207661734237925, -1.221023534714669, -1.2212693157156318, -1.2215040327533875, -1.2217281801623063, -1.2219422312343708, -1.2221466390972011, -1.222341837527884, -1.2225282417113077, -1.2227062489523055, -1.2228762393508477, -1.223038576448465, -1.2231936078531125, -1.2233416658479135, -1.2234830679877318, -1.223618117685813, -1.2237471047913324, -1.2238703061574243, -1.2239879861983032, -1.2241003974335454, -1.2242077810172556, -1.2243103672498576, -1.2244083760705378, -1.2245020175286012, -1.2245914922329275, -1.224676991778764, -1.224758699152232, -1.2248367891129477, -1.224911428556001, -1.2249827768545558, -1.225050986184651, -1.2251162018338622, -1.225178562495409, -1.225238200549153, -1.2252952423308292, -1.2253498083904606, -1.2254020137409765, -1.2254519680974072, -1.2254997761072879, -1.2255455375724111, -1.225589347662162, -1.2256312971184216, -1.2256714724522808, -1.2257099561324774, -1.225746826765791, -1.2257821592695244, -1.2258160250363381, -1.2258484920916377, -1.2258796252439323, -1.2259094862285114, -1.2259381338446913, -1.225965624087184, -1.2259920102717652, -1.2260173431557069, -1.226041671053183, -1.2260650399459176, -1.2260874935893644, -1.2261090736145641, -1.226129819625822, -1.2261497692944625, -1.226168958448673, -1.2261874211596644, -1.2262051898242596, -1.2262222952439463, -1.2262387667006798, -1.2262546320294123, -1.2262699176875633, -1.226284648821554, -1.2262988493304192, -1.226312541926772, -1.2263257481951246, -1.2263384886476574, -1.2263507827775904, -1.2263626491102029, -1.2263741052515724, -1.2263851679351685]}