{"FCI": -1.1696834518614552, "Energy": -0.9423594702224546, "Loss": [-0.46473162725932166, -0.46502238099276466, -0.4655766131202148, -0.46637126382913674, -0.4673868009099033, -0.46860665849791583, -0.4700167779151348, -0.47160523068108795, -0.47336190761110825, -0.4752782610710188, -0.47734709001522274, -0.47956235949629944, -0.48191904798687013, -0.4844130171749678, -0.4870408999462813, -0.48980000310418825, -0.4926882220445503, -0.49570396513253184, -0.4988460859512478, -0.5021138219300363, -0.5055067381312597, -0.5090246751935865, -0.5126677006077877, -0.5164360626476084, -0.5203301463999319, -0.524350431441453, -0.5284974507973328, -0.532771750894701, -0.5371738522929281, -0.5417042110353996, -0.546363180525892, -0.5511509738874474, -0.5560676268139034, -0.5611129609744576, -0.5662865480799051, -0.5715876747657828, -0.577015308492089, -0.5825680647013329, -0.5882441755158301, -0.5940414602905413, -0.5999572983688384, -0.6059886044139593, -0.6121318067082911, -0.6183828288242582, -0.6247370750739949, -0.6311894201391501, -0.6377342032659883, -0.6443652273841707, -0.6510757634695116, -0.6578585604215765, -0.664705860666158, -0.6716094216213513, -0.6785605430845825, -0.6855501005079274, -0.6925685840324252, -0.6996061430502497, -0.7066526359595345, -0.7136976846726075, -0.7207307333375854, -0.7277411106382576, -0.7347180949514324, -0.7416509815668497, -0.7485291511152046, -0.7553421383070322, -0.7620797000609253, -0.7687318820951146, -0.7752890830722117, -0.7817421154233886, -0.7880822620339529, -0.7943013280466152, -0.8003916871289285, -0.8063463216556049, -0.8121588563710278, -0.8178235852196066, -0.8233354911575765, -0.8286902588865792, -0.8338842805727514, -0.8389146547326158, -0.8437791785753246, -0.8484763341878726, -0.8530052690334341, -0.8573657713018723, -0.8615582407048465, -0.8655836553453311, -0.8694435353132993, -0.8731399036662165, -0.8766752454461069, -0.8800524653655323, -0.883274844764538, -0.8863459984014526, -0.8892698315937858, -0.8920504981736089, -0.8946923596664087, -0.8971999460449873, -0.8995779183523436, -0.9018310334306665, -0.9039641109390194, -0.9059820027907528, -0.9078895650939108, -0.9096916326343887, -0.9113929959029908, -0.9129983806333768, -0.914512429788944, -0.9159396879123454, -0.917284587731541, -0.9185514389010048, -0.9197444187451, -0.9208675648628669, -0.9219247694488599, -0.922919775182834, -0.9238561725416394, -0.9247373983894562, -0.9255667357067183, -0.9263473143237226, -0.9270821125317885, -0.927773959452027, -0.9284255380499985, -0.9290393886926157, -0.9296179131521963, -0.9301633789707986, -0.9306779241063223, -0.9311635617896903, -0.931622185530117, -0.9320555742127349, -0.9324653972396323, -0.93285321967162, -0.933220507334125, -0.9335686318557816, -0.9338988756134659, -0.9342124365617365, -0.9345104329289542, -0.9347939077657275, -0.9350638333346921, -0.9353211153334434, -0.935566596944913, -0.9358010627116502, -0.9360252422324116, -0.9362398136809941, -0.9364454071486799, -0.9366426078127759, -0.9368319589347276, -0.9370139646919898, -0.9371890928485941, -0.9373577772696429, -0.9375204202856058, -0.9376773949122581, -0.9378290469324697, -0.9379756968461469, -0.9381176416945662, -0.9382551567653274, -0.9383884971842269, -0.9385178994000077, -0.9386435825680052, -0.9387657498384328, -0.9388845895549164, -0.9390002763685957, -0.939112972273056, -0.9392228275649772, -0.9393299817352425, -0.9394345642950404, -0.9395366955411597, -0.9396364872646592, -0.9397340434066078, -0.9398294606646248, -0.9399228290535868, -0.9400142324236984, -0.9401037489390307, -0.9401914515192511, -0.9402774082472622, -0.9403616827452389, -0.9404443345213843, -0.9405254192895318, -0.9406049892636886, -0.9406830934293232, -0.9407597777932682, -0.9408350856137297, -0.9409090576120434, -0.9409817321675477, -0.9410531454968237, -0.9411233318186426, -0.9411923235055948, -0.9412601512235879, -0.9413268440600638, -0.941392429641885, -0.9414569342437091, -0.941520382887596, -0.9415827994345556, -0.9416442066687072, -0.9417046263746163, -0.9417640794083721, -0.9418225857629416, -0.9418801646282084, -0.9419368344462071, -0.9419926129618789, -0.9420475172697347, -0.9421015638568144, -0.9421547686421434, -0.942207147013102, -0.9422587138588443, -0.9423094836010848]}