{"FCI": -1.2237808467680051, "Energy": -1.2062456977517864, "Loss": [-0.677444651631014, -0.6977150149306657, -0.7120919525184481, -0.7240663248246791, -0.7347384440293894, -0.7446017617407267, -0.7539058034224094, -0.7627903952539867, -0.7713431894384561, -0.7796239323462747, -0.7876755718587746, -0.7955300672565945, -0.8032117839531345, -0.8107396345152266, -0.8181285023990816, -0.8253902263270948, -0.8325343019194001, -0.8395683944016779, -0.8464987212805314, -0.8533303433671063, -0.8600673899598353, -0.8667132360113593, -0.8732706438651117, -0.8797418786035902, -0.8861288035842302, -0.8924329609751925, -0.8986556408125269, -0.9047979411361313, -0.9108608210317297, -0.9168451478462882, -0.9227517394107054, -0.9285814017624942, -0.9343349625875141, -0.9400133003732181, -0.945617369072275, -0.9511482179063928, -0.9566070057933012, -0.9619950097613397, -0.9673136266398811, -0.9725643673039386, -0.9777488428397777, -0.9828687422228465, -0.9879258014951576, -0.9929217650166294, -0.9978583401333234, -1.0027371474918993, -1.0075596701110008, -1.0123272050136904, -1.0170408215233344, -1.0217013300524194, -1.0263092642988108, -1.0308648782944503, -1.0353681579813963, -1.0398188452801187, -1.0442164713237139, -1.0485603949016493, -1.0528498422415418, -1.0570839449246001, -1.0612617737290786, -1.0653823672515532, -1.0694447550557313, -1.0734479757283903, -1.0773910905682151, -1.0812731937463451, -1.0850934197366129, -1.0888509486941007, -1.0925450103188945, -1.0961748866102956, -1.0997399138089359, -1.1032394837427026, -1.1066730447326578, -1.1100401021727158, -1.1133402188664026, -1.1165730151819293, -1.119738169070883, -1.1228354159837306, -1.1258645487062728, -1.1288254171343226, -1.1317179279984249, -1.134542044546196, -1.1372977861864397, -1.1399852280968135, -1.1426045007941033, -1.145155789665004, -1.1476393344533704, -1.150055428699168, -1.152404419123149, -1.1546867049508447, -1.156902737168955, -1.159053017707079, -1.1611380985378967, -1.163158580689315, -1.16511511316298, -1.1670083917547152, -1.1688391577741464, -1.1706081966630772, -1.1723163365145766, -1.173964446498332, -1.1755534352009527, -1.1770842488943034, -1.1785578697486052, -1.179975314011292, -1.1813376301758196, -1.1826458971672646, -1.1839012225725611, -1.185104740942475, -1.1862576121887902, -1.1873610200944456, -1.1884161709445678, -1.189424292274508, -1.1903866317157967, -1.1913044559045642, -1.1921790493998534, -1.1930117135435405, -1.1938037651809021, -1.194556535153286, -1.1952713664736208, -1.195949612102454, -1.1965926322580753, -1.1972017912173867, -1.1977784535943354, -1.1983239801169792, -1.1988397229577505, -1.1993270207110327, -1.1997871931177555, -1.2002215357393249, -1.2006313144169978, -1.201017759428864, -1.201382020264484, -1.2017241429969092, -1.2020115954831005, -1.2022175781743538, -1.2025245360650905, -1.2028565295048406, -1.2031293939535137, -1.2033722453755817, -1.2035969228700854, -1.2038074441647848, -1.2040053177853243, -1.2041913368951604, -1.2043660443814002, -1.2045298089463976, -1.2046828062372819, -1.2048247936303502, -1.2049544598191144, -1.2050687249969758, -1.2051637457537754, -1.2052504252571001, -1.2053503079943593, -1.2054611440645089, -1.2055625493973414, -1.205650846618396, -1.2057275710105153, -1.2057954395336075, -1.2058556713582762, -1.205909156597412, -1.205956050577895, -1.2059964609178648, -1.2060299049660104, -1.206056711510149, -1.2060778937364987, -1.2060982235577788, -1.206120199541565, -1.2061448909695343, -1.2061675566316858, -1.2061873142043704, -1.2062023773304746, -1.206214438148544, -1.2062229632639019, -1.2062296553669063, -1.2062336587938272, -1.2062363338726707, -1.206236905089295, -1.206237107253571, -1.2062366531328719, -1.206237642893432, -1.2062391529605068, -1.2062422635667354, -1.2062450945762704, -1.2062482593691755, -1.2062503100796296, -1.2062520499344336, -1.2062525291530188, -1.2062525768834327, -1.2062513528074286, -1.2062496171300687, -1.206246304979624, -1.206242037772733, -1.2062363944775913, -1.2062329214789693, -1.2062341886021242, -1.2062396473751684, -1.2062452577096083, -1.2062496690584568, -1.2062518053040234, -1.2062525713381387, -1.2062516729403865, -1.2062503407473748, -1.206248378847843, -1.206247084310051]}