{"FCI": -1.2237808467680051, "Energy": -1.2061473796381343, "Loss": [-0.9858929154059621, -0.9919523103194711, -0.9979488706638241, -1.003876670208613, -1.00972974111507, -1.0155021003477098, -1.0211877798128515, -1.0267808597414083, -1.0322755051517507, -1.037666005220143, -1.0429468153321764, -1.0481126015198738, -1.0531582869111313, -1.0580790997324476, -1.0628706223134816, -1.0675288404440022, -1.0720501923311383, -1.0764316162994856, -1.0806705962709362, -1.084765203957515, -1.0887141366041175, -1.0925167490341798, -1.0961730786886488, -1.099683862319066, -1.1030505430143547, -1.1062752663265774, -1.109360864434347, -1.1123108275615083, -1.1151292622640596, -1.1178208367081113, -1.1203907136634714, -1.1228444725900537, -1.1251880228354578, -1.1274275105239973, -1.1295692221316238, -1.1316194879599435, -1.1335845887217215, -1.1354706682376239, -1.137283654850786, -1.1390291936403862, -1.140712590910826, -1.1423387717996725, -1.143912251228832, -1.145437117854144, -1.1469170301771965, -1.1483552235908503, -1.149754526851706, -1.1511173863131614, -1.1524458962088835, -1.153741833329809, -1.1550066945638944, -1.1562417359334345, -1.157448011937807, -1.1586264141642808, -1.159777708251719, -1.1609025683813856, -1.1620016085377025, -1.1630754098513423, -1.1641245434301828, -1.1651495882197964, -1.1661511436243304, -1.167129836856943, -1.168086325260316, -1.1690212941133495, -1.1699354506858215, -1.1708295154845472, -1.1717042117261751, -1.1725602540631617, -1.1733983374853447, -1.1742191271439957, -1.1750232496308861, -1.175811286028602, -1.1765837668614207, -1.1773411689383826, -1.178083913997044, -1.1788123690192656, -1.1795268480819034, -1.1802276156038878, -1.1809148908392486, -1.181588853433505, -1.1822496498101018, -1.182897400094804, -1.1835322052371355, -1.1841541539650546, -1.184763329225191, -1.1853598138169847, -1.1859436950180668, -1.1865150681036751, -1.1870740387655658, -1.1876207245186488, -1.1881552552353798, -1.188677772967238, -1.189188431205581, -1.1896873937131947, -1.190174833034534, -1.190650928778407, -1.191115865763511, -1.191569832123249, -1.192013017474298, -1.1924456112542856, -1.1928678013223886, -1.1932797728898001, -1.1936817078097495, -1.1940737842154943, -1.1944561764592154, -1.1948290552816188, -1.1951925881346108, -1.19554693958631, -1.195892271753288, -1.1962287447231292, -1.1965565169449457, -1.1968757455736745, -1.197186586756172, -1.197489195846173, -1.1977837275352796, -1.1980703358908307, -1.1983491743001338, -1.1986203953316168, -1.198884150534957, -1.1991405902090952, -1.199389863168733, -1.1996321165351689, -1.1998674955685316, -1.200096143548601, -1.200318201703251, -1.2005338091789142, -1.2007431030461744, -1.2009462183347994, -1.2011432880937585, -1.2013344434722377, -1.2015198138161312, -1.2016995267724926, -1.2018737083921842, -1.202042483220746, -1.2022059743692863, -1.2023643035606149, -1.2025175911501111, -1.2026659561245299, -1.2028095160838752, -1.2029483872118856, -1.203082684239688, -1.203212520405701, -1.2033380074139333, -1.203459255392569, -1.2035763728549616, -1.2036894666655624, -1.2037986420133235, -1.203904002394121, -1.2040056496025324, -1.2041036837318124, -1.2041982031798697, -1.2042893046586343, -1.2043770832048426, -1.2044616321906814, -1.2045430433338253, -1.2046214067066028, -1.2046968107442013, -1.204769342251716, -1.204839086409704, -1.204906126778053, -1.2049705452983979, -1.2050324222956927, -1.2050918364798722, -1.2051488649485442, -1.2052035831915124, -1.205256065097288, -1.205306382961613, -1.205354607497683, -1.2054008078476446, -1.205445051595321, -1.2054874047798028, -1.20552793190987, -1.2055666959790003, -1.2056037584805384, -1.2056391794228165, -1.205673017343867, -1.2057053293256534, -1.2057361710079615, -1.2057655966021679, -1.2057936589051208, -1.2058204093133753, -1.2058458978379467, -1.2058701731195676, -1.2058932824445916, -1.2059152717615682, -1.2059361856985387, -1.2059560675811152, -1.2059749594512812, -1.2059929020867879, -1.2060099350210653, -1.206026096563385, -1.2060414238193349, -1.2060559527114278, -1.2060697179998419, -1.2060827533034286, -1.2060950911207782, -1.2061067628514817, -1.2061177988175595, -1.2061282282849775, -1.206138079485413]}