{"FCI": -0.741096446723329, "Energy": -0.6907130164367717, "Loss": [0.8351880795880366, 0.8223781941700591, 0.8098134319582866, 0.7975073514604166, 0.7854646018548237, 0.7736743251647026, 0.7621089629331448, 0.7507371294550832, 0.7395396801675669, 0.728512351203005, 0.7176597477076788, 0.7069900271633313, 0.696512163191863, 0.6862347511023615, 0.6761654728782956, 0.666310805150682, 0.6566758050650243, 0.6472639172811514, 0.6380767927807457, 0.6291141351118068, 0.6203736057405899, 0.6118508287463645, 0.6035395315892237, 0.5954318377920416, 0.5875186899437438, 0.5797903397305221, 0.5722368163744505, 0.5648482916654698, 0.5576152964251115, 0.5505287901800822, 0.543580121029684, 0.5367609258097709, 0.530063015033215, 0.5234782724190066, 0.5169985835847546, 0.5106157969487731, 0.5043217128713965, 0.4981080936882243, 0.4919666863374923, 0.48588924979078574, 0.4798675808329754, 0.4738935335205905, 0.46795902962046476, 0.46205605928611726, 0.4561766729833072, 0.4503129670718393, 0.4444570663739311, 0.43860110745356873, 0.43273722620045413, 0.4268575527172669, 0.42095421555529056, 0.41501935616806723, 0.4090451532090883, 0.40302385514325173, 0.3969478187138734, 0.3908095502185074, 0.38460174636290834, 0.37831733169370785, 0.3719494902100048, 0.3654916896265265, 0.3589376977767553, 0.3522815916611787, 0.34551776052917077, 0.3386409050234274, 0.3316460347413932, 0.32452846655015755, 0.3172838256464444, 0.30990805074096084, 0.3023974039620505, 0.2947484852380776, 0.2869582501613481, 0.27902402977771246, 0.2709435504722533, 0.26271495216919644, 0.25433680341074183, 0.2458081124458319, 0.2371283341262199, 0.2282973730387471, 0.2193155837773697, 0.21018376949199793, 0.20090317981218506, 0.1914755089579388, 0.18190289439144336, 0.17218791583758628, 0.162333594021842, 0.15234338813987822, 0.1422211909486543, 0.13197132047118726, 0.12159850760607538, 0.11110787935760331, 0.10050493786000764, 0.08979553576625736, 0.07898584883385919, 0.06808234662979017, 0.0570917621979464, 0.04602106132802179, 0.03487741180227659, 0.02366815275088424, 0.01240076407937249, 0.0010828358780402697, -0.01027796221622869, -0.021673911591146622, -0.033097274871772886, -0.04454032533012267, -0.05599537496278206, -0.06745480071705649, -0.07891106844693964, -0.09035675434714374, -0.10178456380678655, -0.11318734780087894, -0.12455811706326335, -0.13589005434093288, -0.1471765250184897, -0.15841108634153617, -0.16958749538768214, -0.1806997158631478, -0.1917419237633467, -0.20270851193578832, -0.2135940936172384, -0.22439350506760086, -0.23510180746890041, -0.2457142882805401, -0.25622646223136036, -0.2666340720856489, -0.2769330892547674, -0.2871197142548895, -0.2971903769512745, -0.3071417364925447, -0.31697068082925417, -0.326674325725833, -0.3362500132047489, -0.34569530939472815, -0.35500800178150815, -0.364186095874609, -0.37322781130697286, -0.38213157738077264, -0.39089602806855733, -0.39951999648047715, -0.40800250881822747, -0.41634277785452106, -0.4245401959988596, -0.43259432803116427, -0.44050490359896155, -0.4482718095783971, -0.45589508239397936, -0.4633749003790202, -0.4707115762419949, -0.47790554968738114, -0.4849573802257757, -0.4918677401982533, -0.4986374080334323, -0.5052672617508581, -0.5117582727194141, -0.5181114996734923, -0.5243280829825043, -0.530409239162136, -0.5363562556098678, -0.542170485544132, -0.5478533431267407, -0.5534062987515396, -0.5588308744876433, -0.5641286396716958, -0.5693012066487737, -0.5743502266651875, -0.5792773859181567, -0.5840844017673281, -0.5887730191123515, -0.5933450069396373, -0.5978021550402846, -0.6021462709005412, -0.6063791767651349, -0.6105027068726766, -0.6145187048607142, -0.6184290213356703, -0.6222355116007035, -0.6259400335323071, -0.6295444455950098, -0.6330506049830633, -0.6364603658782015, -0.6397755778138495, -0.6429980841374113, -0.6461297205639465, -0.6491723138158287, -0.6521276803440219, -0.6549976251274606, -0.6577839405476337, -0.6604884053359957, -0.6631127835923836, -0.6656588238727589, -0.6681282583449414, -0.6705228020106477, -0.6728441519920039, -0.6750939868798689, -0.67727396614093, -0.6793857295799275, -0.6814308968530065, -0.6834110670282799, -0.685327818189687, -0.687182707080603, -0.6889772687840601]}