{"FCI": -1.2447842234670006, "Energy": -1.1976562093638456, "Loss": [0.06592168543267846, 0.037533411620743515, 0.01664437399970728, -0.0009153518073459072, -0.016487462937015515, -0.030698795702741075, -0.043900142865578876, -0.05631038783833149, -0.06807653766121013, -0.07930278605647831, -0.09006615564359688, -0.10042562513200935, -0.11042782429025992, -0.120110814615953, -0.12950676476271644, -0.13864397237846032, -0.14754845906181002, -0.15624514480024845, -0.1647583239840551, -0.17311094374837432, -0.18132253167932927, -0.18940684209458386, -0.1973710988786432, -0.20521747264276513, -0.2129455707130326, -0.22055453148645054, -0.2280442513385395, -0.23541592017416316, -0.2426721594572537, -0.24981696265629344, -0.2568555363556499, -0.26379407895099083, -0.27063950672648923, -0.2773991323886028, -0.2840803107493695, -0.2906900834711551, -0.29723487104932245, -0.30372026542991076, -0.3101509638586573, -0.31653085570490735, -0.3228632408866158, -0.32915113581720246, -0.335397618517879, -0.3416061761979131, -0.347781037262305, -0.3539274867404936, -0.36005217501172676, -0.36616343366611753, -0.37227161012390625, -0.37838942443421003, -0.384532336097173, -0.390718882864937, -0.39697091429635095, -0.4033135914684458, -0.4097749738605976, -0.41638500003776785, -0.42317374678786, -0.4301690662233761, -0.4373940116498896, -0.4448646980049433, -0.4525891905057097, -0.4605676436279973, -0.46879345243343756, -0.4772549158618508, -0.48593693349996475, -0.49482244302372, -0.5038934978826579, -0.5131320061902136, -0.522520201112388, -0.5320409184490731, -0.5416777442073902, -0.5514150783665698, -0.5612381466748719, -0.5711329816049235, -0.5810863861527119, -0.5910858891848727, -0.6011196977690155, -0.6111766497963089, -0.62124616883262, -0.6313182222529755, -0.641383283152924, -0.6514322961784632, -0.6614566472007893, -0.6714481366359554, -0.6813989561413416, -0.6913016683898898, -0.7011491896154528, -0.7109347746294553, -0.7206520040234844, -0.7302947732911449, -0.7398572836217221, -0.7493340341368231, -0.7587198153570813, -0.7680097036987773, -0.7771990568087893, -0.7862835095500703, -0.7952589704486295, -0.8041216184067446, -0.8128678994759928, -0.821494523469876, -0.8299984601811107, -0.838376934959442, -0.8466274234086666, -0.8547476449892869, -0.8627355553791045, -0.8705893375653039, -0.8783073918304273, -0.8858883250538352, -0.8933309400628344, -0.9006342260787216, -0.9077973515668367, -0.9148196607398441, -0.9217006753926141, -0.9284400984478677, -0.9350377886538508, -0.9414909422446913, -0.9477429831907294, -0.9539374886856037, -0.9600108649653186, -0.9659096020904749, -0.9716676443300182, -0.977289672744466, -0.9827785120950046, -0.9881363745066857, -0.9933658834170698, -0.9984697110046529, -1.0034508171645355, -1.0083122136472673, -1.0130570947665354, -1.0176886350380316, -1.0222101207521388, -1.026624716010189, -1.0309356708776212, -1.0351458898055228, -1.039258239303225, -1.0432734596768147, -1.0471925070631258, -1.0510142486288445, -1.0547768591195759, -1.0584544454912197, -1.0620511298782203, -1.0655674677782023, -1.0690098379174542, -1.0723812711762892, -1.075685695605043, -1.0789259683048904, -1.0821056193233098, -1.0852273948175575, -1.088294665539808, -1.0913096271433458, -1.094275512689928, -1.0971931513505004, -1.1000686086994806, -1.1029027485676843, -1.1057038042083787, -1.1084664401562974, -1.1111938128935581, -1.1138844103651844, -1.1165408471237577, -1.1191628521248365, -1.121751824014129, -1.124307221190898, -1.1268298743019871, -1.1293188178442382, -1.1317749314587995, -1.1341968421507516, -1.1365865306850884, -1.1389422680479364, -1.1412665912702336, -1.143556514930759, -1.1458135709112482, -1.1480353477646061, -1.1502231709780038, -1.152375560165843, -1.1544935847606546, -1.1565758803178208, -1.1586230745144706, -1.1606326396043554, -1.162603018546386, -1.164529418581646, -1.1664207677091767, -1.1682941144410486, -1.1701485481197793, -1.1719692845014014, -1.1737520710774494, -1.1754963455736342, -1.1772045810228313, -1.1788768970922812, -1.1805146241506852, -1.1821170822819524, -1.1836849482044216, -1.1852174630724832, -1.1867166275834673, -1.1881844400806163, -1.1896253359293327, -1.1910393601865723, -1.1924256631912642, -1.1937807823875084, -1.195104590510312, -1.1963959509111581]}