{"FCI": -1.2447842234670006, "Energy": -0.20721154885460863, "Loss": [0.07892079438116692, 0.06982805402811554, 0.06327277844892079, 0.057846014536219126, 0.05309369571658465, 0.04880263533806589, 0.04485274962465308, 0.04116854805547682, 0.03769892994801893, 0.03440740706622117, 0.03126685007564928, 0.02825643820300333, 0.02535977872698869, 0.02256369087249685, 0.01985738801688075, 0.017231909538974216, 0.014679715065798626, 0.012194387759299319, 0.009770412839582798, 0.007403009266990612, 0.005087999775080648, 0.002821709087147961, 0.0006008831884758981, -0.0015773754364715176, -0.0037156602991055, -0.005816303860120858, -0.007881412979116847, -0.009912898403089843, -0.011912499475110208, -0.013881804977402698, -0.015822270823333, -0.017735235161757568, -0.019621931341877688, -0.02148349909778137, -0.02332099424270906, -0.025135397108822954, -0.02692761992541215, -0.028698513294336245, -0.030448871894185353, -0.03217943952257356, -0.03389091356810102, -0.03558394898893284, -0.03725916186294277, -0.038917132564524434, -0.04055840861497392, -0.04218350724652947, -0.04379291771449334, -0.045387103387028685, -0.04696650363824473, -0.0485315355667337, -0.05008259555885072, -0.051620060713550964, -0.053144290143478476, -0.05465562616521209, -0.05615439538999384, -0.05764090972492589, -0.05911546729347689, -0.060578353283085834, -0.062029840726834096, -0.06347019122531644, -0.06489965561424259, -0.06631847458265638, -0.06772687924617558, -0.06912509167919201, -0.07051332540956891, -0.07189178587900921, -0.07326067087197818, -0.07462017091575804, -0.07597046965397751, -0.07731174419573861, -0.07864416544226269, -0.0799678983927963, -0.08128310243137231, -0.0825899315958681, -0.08388853483067557, -0.08517905622419827, -0.08646163523226219, -0.08773640688846282, -0.08900350200235696, -0.09026304734635639, -0.09151516583210731, -0.092759976677046, -0.09399759556182563, -0.09522813477918947, -0.09645170337487231, -0.09766840728102961, -0.09887834944269189, -0.10008162993766843, -0.10127834609032053, -0.10246859257958144, -0.10365246154157311, -0.10483004266714804, -0.10600142329465917, -0.10716668849824534, -0.10832592117188512, -0.10947920210947265, -0.11062661008114508, -0.11176822190605731, -0.11290411252183319, -0.11403435505084773, -0.11515902086353469, -0.1162781796388763, -0.11739189942222059, -0.11850024668057874, -0.119603286355529, -0.12070108191385988, -0.12179369539606022, -0.12288118746277345, -0.12396361743932055, -0.12504104335838326, -0.12611352200094753, -0.12718110893558462, -0.1282438585561599, -0.12930182411803906, -0.13035505777287124, -0.1314036106020047, -0.13244753264862266, -0.13348687294862766, -0.13452167956036598, -0.1355519995932182, -0.1365778792351283, -0.13759936377910298, -0.13861649764874212, -0.13962932442283796, -0.14063788685907117, -0.14164222691687375, -0.14264238577946198, -0.14363840387509838, -0.14463032089760874, -0.14561817582617753, -0.14660200694446984, -0.14758185185909098, -0.14855774751741896, -0.1495297302248411, -0.1504978356614035, -0.15146209889792078, -0.15242255441153688, -0.15337923610079354, -0.1543321773001976, -0.15528141079432303, -0.15622696883145723, -0.15716888313681823, -0.15810718492535297, -0.15904190491412848, -0.15997307333434788, -0.16090071994298327, -0.16182487403406032, -0.16274556444959448, -0.16366281959019532, -0.16457666742535335, -0.16548713550342004, -0.16639425096129132, -0.16729804053380223, -0.1681985305628495, -0.16909574700625152, -0.16998971544634317, -0.17088046109833463, -0.1717680088184223, -0.17265238311167497, -0.1735336081396973, -0.1744117077280767, -0.175286705373624, -0.1761586242514141, -0.1770274872216346, -0.17789331683624374, -0.17875613534544782, -0.17961596470401173, -0.18047282657738867, -0.18132674234769236, -0.1821777331195119, -0.1830258197255738, -0.18387102273224837, -0.1847133624449233, -0.18555285891323137, -0.1863895319361451, -0.18722340106694063, -0.18805448561803786, -0.18888280466571186, -0.18970837705469787, -0.19053122140266232, -0.19135135610458492, -0.19216879933701125, -0.19298356906221714, -0.19379568303225891, -0.19460515879293433, -0.1954120136876426, -0.19621626486115232, -0.19701792926327769, -0.1978170236524721, -0.19861356459932983, -0.1994075684900093, -0.20019905152957732, -0.20098802974527002, -0.20177451898968332, -0.20255853494388584, -0.2033400931204643, -0.20411920886649068, -0.20489589736643823, -0.2056701736450086, -0.20644205256992032]}