{"FCI": -1.2447842234670006, "Energy": -1.2338364037977392, "Loss": [-0.31268520860919646, -0.32839496698761966, -0.34402579846771736, -0.35956165801714807, -0.3749864235155003, -0.39028395196597593, -0.4054381454662834, -0.4204330264907641, -0.4352528223274771, -0.4498820584766732, -0.46430566073036983, -0.4785090655439581, -0.492478338181364, -0.5062002979607202, -0.5196626497404326, -0.5328541205559081, -0.5457646000333221, -0.5583852828545719, -0.5707088111133811, -0.5827294138736985, -0.5944430406123465, -0.6058474845034603, -0.6169424907082623, -0.6277298440253245, -0.6382134295278572, -0.6483992593063924, -0.6582954583309814, -0.6679122029572488, -0.6772616069241395, -0.6863575519568578, -0.6952154632847005, -0.7038520342966674, -0.7122849087530669, -0.7205323328394383, -0.7286127922311735, -0.7365446506965426, -0.7443458063497899, -0.7520333795878538, -0.7596234434494877, -0.7671308032590335, -0.7745688285986816, -0.7819493373790815, -0.7892825293031164, -0.7965769643760925, -0.8038395811875514, -0.8110757492913049, -0.8182893499582472, -0.8254828797318441, -0.8326575714886253, -0.8398135280484729, -0.8469498637688525, -0.8540648499818309, -0.861156060583129, -0.8682205145466237, -0.8752548126024939, -0.8822552657697718, -0.8892180138642629, -0.896139132504744, -0.9030147275126023, -0.9098410159455597, -0.9166143933297928, -0.9233314869634257, -0.9299891954626157, -0.9365847150128775, -0.943115553071648, -0.9495795305386113, -0.9559747736592927, -0.9622996971433445, -0.9685529801483926, -0.9747335368913672, -0.980840483691929, -0.9868731042217701, -0.9928308146295746, -0.9987131300404101, -1.0045196337023077, -1.0102499497871895, -1.015903720566415, -1.0214805883914082, -1.0269801826335554, -1.0324021114889617, -1.0377459583424793, -1.0430112822175617, -1.0481976217164686, -1.0533045017773948, -1.0583314425389723, -1.0632779696020134, -1.0681436250087732, -1.0729279783145915, -1.0776306371998852, -1.0822512571565897, -1.086789549877314, -1.0912452900731773, -1.0956183205435532, -1.0999085554148056, -1.104115981552234, -1.1082406582275568, -1.1122827151918868, -1.1162423493590734, -1.1201198203460585, -1.123915445144835, -1.1276295922147037, -1.131262675283944, -1.1348151471385726, -1.1382874936526175, -1.1416802282825065, -1.1449938872085106, -1.1482290252621354, -1.1513862127310666, -1.1544660330864358, -1.1574690816317263, -1.1603959650313347, -1.1632473016411635, -1.166023722534506, -1.168725873095075, -1.1713544150358373, -1.1739100286965107, -1.1763934154745574, -1.1788053002532355, -1.181146433703974, -1.1834175943590255, -1.1856195903713382, -1.1877532609014916, -1.1898194770943937, -1.1918191426303373, -1.1937531938546704, -1.1956225995073753, -1.197428360087012, -1.1991715068933904, -1.200853100798744, -1.2024742307996776, -1.204036012400814, -1.205539585877222, -1.2069861144569374, -1.2083767824573037, -1.2097127934010834, -1.2109953681301788, -1.2122257429272307, -1.213405167649262, -1.2145349038719504, -1.2156162230402119, -1.2166504046182216, -1.217638734232225, -1.2185825018000223, -1.2194829996433478, -1.2203415205820285, -1.221159356012274, -1.221937793974609, -1.2226781172201981, -1.2233816012871819, -1.224049512600175, -1.2246831066078878, -1.2252836259738165, -1.2258522988345606, -1.2263903371395148, -1.2268989350833184, -1.227379267640884, -1.2278324892118748, -1.2282597323792461, -1.2286621067838892, -1.229040698115158, -1.2293965672152827, -1.2297307492940204, -1.2300442532490121, -1.2303380610864534, -1.2306131274367167, -1.2308703791593691, -1.2311107150326366, -1.2313350055225663, -1.2315440926280148, -1.231738789797865, -1.231919881917626, -1.232088125362695, -1.2322442481161013, -1.23238894994826, -1.2325229026565787, -1.232646750362325, -1.2327611098619595, -1.2328665710298607, -1.2329636972690259, -1.233053026005964, -1.2331350692258223, -1.2332103140436197, -1.2332792233073069, -1.2333422362285535, -1.2333997690370269, -1.2334522156543972, -1.2334999483842939, -1.2335433186148976, -1.233582657531001, -1.2336182768327677, -1.2336504694586283, -1.2336795103099878, -1.2337056569756089, -1.233729150453713, -1.2337502158699614, -1.2337690631894465, -1.2337858879211812, -1.2338008718131723, -1.2338141835367331, -1.2338259793583581]}