{"FCI": -1.2735345211687557, "Energy": -1.2602273089793845, "Loss": [-0.41466434971975324, -0.44127882678374625, -0.4609606530899883, -0.4776490806844048, -0.4925957335748515, -0.5063806888589937, -0.5193262499190107, -0.5316319875370186, -0.5434307135697265, -0.5548154556234983, -0.565853896462696, -0.5765967296489439, -0.5870827954099928, -0.5973423934986801, -0.6073995063701788, -0.6172733413160778, -0.6269794307471678, -0.6365304365497878, -0.6459367507447097, -0.6552069525513727, -0.6643481620885473, -0.6733663182871765, -0.6822664003214374, -0.691052606334917, -0.6997284994632973, -0.7082971285267862, -0.7167611288997937, -0.7251228077128026, -0.7333842165358256, -0.7415472139184416, -0.7496135195378661, -0.757584761174607, -0.7654625152576455, -0.7732483412830141, -0.7809438100303092, -0.7885505252475997, -0.7960701384692318, -0.8035043570312712, -0.810854946275268, -0.8181237283118985, -0.8253125811272148, -0.8324234424440192, -0.8394583216877355, -0.8464193202200622, -0.8533086552398362, -0.8601286778665961, -0.8668818726393596, -0.8735708253175737, -0.8801981492567358, -0.8867663681225879, -0.8932777639707953, -0.8997342127629117, -0.9061370398475405, -0.9124869301460895, -0.9187839181915377, -0.9250274638762629, -0.9312165985184148, -0.9373501114697715, -0.9434267443654747, -0.9494453665211487, -0.955405115670137, -0.9613054982660483, -0.9671464503928578, -0.9729283636496149, -0.978652081146593, -0.9843188681536053, -0.9899303609363146, -0.9954884965204293, -1.0009954258714093, -1.0064534133987446, -1.011864726749574, -1.0172315223431294, -1.0225557336374314, -1.027838970199387, -1.0330824357263895, -1.038286871856001, -1.0434525318753005, -1.0485791847459893, -1.0536661460318157, -1.0587123293017506, -1.0637163100917628, -1.068676394735383, -1.0735906879698356, -1.0784571554873301, -1.0832736797780829, -1.088038109161102, -1.0927483006178609, -1.0974021570450472, -1.101997659134971, -1.1065328916276975, -1.1110060634303691, -1.115415521189706, -1.1197597563047925, -1.1240374059373257, -1.12824724912912, -1.1323881995055967, -1.1364592961349895, -1.1404596939233087, -1.144388654536916, -1.148245538384714, -1.152029797785026, -1.1557409711693565, -1.1593786780562834, -1.1629426145327237, -1.1664325490518792, -1.169848318444769, -1.1731898241131122, -1.176457028412697, -1.1796499512525818, -1.1827686669339181, -1.185813301243199, -1.1887840288036127, -1.191681070678746, -1.1945046922164844, -1.1972552011169402, -1.19993294570711, -1.2025383134046903, -1.2050717293546414, -1.2075336552234681, -1.2099245881379141, -1.2122450597562855, -1.2144956354622378, -1.2166769136721685, -1.218789525248475, -1.2208341330119419, -1.222811431347218, -1.2247221458959534, -1.2265670333324552, -1.2283468812170815, -1.2300625079224, -1.2317147626271532, -1.2333045253726715, -1.2348327071757785, -1.2363002501916696, -1.2377081279190039, -1.2390573454386142, -1.2403489396754328, -1.2415839796717445, -1.2427635668577588, -1.2438888353031143, -1.2449609519303408, -1.245981116668168, -1.2469505625192276, -1.247870555513354, -1.2487423945111893, -1.2495674108315475, -1.250346967578786, -1.2510824581173758, -1.2517752518321241, -1.2524236297214342, -1.2529208269033032, -1.253530549170791, -1.254106940937845, -1.2546270191419113, -1.2551020516738647, -1.255540562777678, -1.2559472917139656, -1.256324669638271, -1.2566745321435713, -1.2569984480179897, -1.2572978521748914, -1.2575739699929749, -1.2578277025946838, -1.2580591632863705, -1.2582676655148073, -1.2584538032047654, -1.2586271212889693, -1.2587977233564582, -1.2589609527859225, -1.2591089930638804, -1.2592412962385215, -1.2593596813573051, -1.259465956365764, -1.2595613204256213, -1.2596466571409775, -1.259722528637196, -1.259789341253809, -1.259847357473922, -1.2598971367593599, -1.2599402112483131, -1.2599793240533608, -1.2600165563684118, -1.2600516836390707, -1.2600831458368753, -1.2601101530242138, -1.2601327395358617, -1.2601514205879125, -1.260166702244685, -1.2601790386933411, -1.2601887581666906, -1.2601961711176297, -1.2602016296296283, -1.2602057065042753, -1.2602091605347465, -1.2602127473009852, -1.260216750941731, -1.260220932084355, -1.260224734131023, -1.2602275995843502, -1.2602288605312428]}