{"FCI": -1.2430558295908476, "Energy": -1.2267143865473216, "Loss": [-0.9826555581897461, -0.990148456981932, -0.9975125941028724, -1.0047423909081648, -1.011833581246396, -1.0187838590415832, -1.0255936568225343, -1.0322668017220475, -1.038810524875906, -1.0452342791261353, -1.0515474605152682, -1.057757086327845, -1.0638666000668993, -1.0698760355519121, -1.0757829388895506, -1.081583390778158, -1.0872728094394757, -1.0928464869835448, -1.0982999197677947, -1.1036290053963986, -1.108830160327024, -1.113900391189418, -1.1188373373292757, -1.123639291802873, -1.1283052016778896, -1.1328346450494442, -1.1372277812863445, -1.1414852726315816, -1.1456081791924153, -1.14959783477107, -1.1534557163524262, -1.157183323419323, -1.1607820830485942, -1.164253292613128, -1.1675981050243167, -1.1708175538904426, -1.1739126098024013, -1.1768842554083963, -1.1797335661619108, -1.1824617850249735, -1.185070382127218, -1.1875610936772727, -1.1899359378027579, -1.1921972081559926, -1.19434744883579, -1.1963894162050193, -1.1983260342876838, -1.2001603504462617, -1.2018954969841842, -1.2035346624274437, -1.205081073932676, -1.2065379900287183, -1.2079087011354748, -1.2091965342639746, -1.210404858044128, -1.2115370846581688, -1.2125966661952907, -1.2135870841680425, -1.2145118322277368, -1.2153743932906966, -1.2161782131788212, -1.2169266733744726, -1.2176230655395703, -1.218270570073704, -1.2188722402795, -1.2194309928113956, -1.219949604176053, -1.220430712285986, -1.2208768215559493, -1.2212903098300028, -1.2216734355291616, -1.2220283437574326, -1.2223570706055744, -1.222661545440371, -1.2229435914608557, -1.223204925161492, -1.2234471555192354, -1.22367178370916, -1.2238802039802712, -1.2240737060458242, -1.2242534790292101, -1.2244206167241343, -1.2245761237281485, -1.224720921919178, -1.2248558567695982, -1.2249817031108376, -1.2250991701392442, -1.225208905647009, -1.2253114996298957, -1.2254074875343124, -1.2254973534428872, -1.2255815334611475, -1.225660419473023, -1.2257343633072815, -1.2258036812302457, -1.225868658580565, -1.2259295543076196, -1.2259866051733292, -1.2260400294236367, -1.2260900298143735, -1.2261367959686793, -1.2261805061278899, -1.226221328418816, -1.2262594217889313, -1.2262949367552256, -1.2263280160800027, -1.2263587954386708, -1.2263874040945497, -1.2264139655558781, -1.226438598168169, -1.2264614155934241, -1.226482527143366, -1.226502037959774, -1.2265200490631374, -1.2265366573122962, -1.226551955328412, -1.2265660314336193, -1.2265789696406912, -1.2265908497094937, -1.2266017472648016, -1.2266117339534996, -1.2266208776111809, -1.2266292424095315, -1.226636888964995, -1.2266438744028365, -1.226650252384811, -1.2266560731187015, -1.2266613833728275, -1.2266662265165325, -1.2266706426006455, -1.2266746684822165, -1.2266783379882165, -1.2266816821059756, -1.2266847291853802, -1.2266875051387416, -1.2266900336289686, -1.2266923362421314, -1.2266944326456397, -1.226696340736505, -1.2266980767850482, -1.2266996555774943, -1.2267010905582978, -1.2267023939696993, -1.2267035769841252, -1.2267046498242555, -1.2267056218670458, -1.22670650173006, -1.2267072973413562, -1.2267080159961965, -1.2267086644052185, -1.226709248738237, -1.2267097746668583, -1.2267102474070246, -1.226710671761, -1.226711052157163, -1.2267113926855082, -1.2267116971274237, -1.2267119689793542, -1.226712211470887, -1.226712427578962, -1.2267126200399106, -1.2267127913609404, -1.2267129438321422, -1.226713079539043, -1.226713200375594, -1.2267133080566506, -1.226713404129674, -1.2267134899852254, -1.2267135668665525, -1.2267136358787865, -1.2267136979983146, -1.2267137540827857, -1.2267138048818558, -1.226713851048467, -1.226713893150078, -1.2267139316793467, -1.226713967063734, -1.226713999673834, -1.2267140298304107, -1.226714057810479, -1.2267140838526605, -1.2267141081621586, -1.226714130915492, -1.2267141522649323, -1.2267141723425725, -1.226714191263923, -1.2267142091307575, -1.2267142260334973, -1.226714242052954, -1.2267142572617482, -1.2267142717255284, -1.2267142855040245, -1.2267142986519939, -1.2267143112200953, -1.2267143232554885, -1.2267143348022456, -1.226714345901561, -1.2267143565917564, -1.2267143669082594, -1.2267143768835698]}