{"FCI": -1.1917623439771352, "Energy": -1.1718945831828889, "Loss": [-0.6686661685041552, -0.6836304212544396, -0.694543574539265, -0.7038836134068107, -0.7124185701778728, -0.720481233791573, -0.7282405365391534, -0.7357892876043417, -0.7431824529074603, -0.7504556183640563, -0.757633425524815, -0.7647336480161865, -0.7717694113859725, -0.778750540011609, -0.785684442205853, -0.792576726847604, -0.799431653333777, -0.8062524735625284, -0.8130417023000438, -0.8198013397584231, -0.8265330627282734, -0.8332383957807319, -0.8399188704810157, -0.8465761771934984, -0.8532123098766062, -0.859829698087887, -0.8664313110196488, -0.8730207051774188, -0.8796019721391348, -0.8861795329679625, -0.892757736185059, -0.8993402643257874, -0.9059294413254039, -0.9125256204006773, -0.9191268488599046, -0.9257289134835069, -0.932325718779532, -0.9389098426628106, -0.9454731038990503, -0.9520070347347187, -0.9585032222051406, -0.9649535278055665, -0.971350213764524, -0.9776860053465937, -0.9839541127350844, -0.9901482290500472, -0.9962625152816285, -1.0022915788090754, -1.0082304494719738, -1.0140745554613042, -1.019819700260232, -1.0254620412444235, -1.030998070187744, -1.036424595711104, -1.0417387275975687, -1.0469378628381114, -1.0520196732469063, -1.0569820944784611, -1.0618233162836381, -1.0665417738517609, -1.0711361400992996, -1.0756053187793722, -1.0799484383004754, -1.0841648461554891, -1.0882541038742164, -1.0922159824229027, -1.0960504579835033, -1.0997577080528689, -1.1033381078083484, -1.1067922266906924, -1.1101208251585994, -1.1133248515706164, -1.116405439150372, -1.1193639029894895, -1.1222017370394077, -1.1249206110382683, -1.1275223673123291, -1.130009017382466, -1.1323827382958518, -1.134645868590213, -1.1368009037837636, -1.1388504912682507, -1.1407974244659602, -1.1426446360949374, -1.1443951903714713, -1.1460522739668924, -1.147619185529183, -1.1490993235821603, -1.1504961726298153, -1.1518132873246434, -1.1530542746119323, -1.154222773839678, -1.1553224349307802, -1.156356894849282, -1.157329752753701, -1.1582445444087441, -1.1591047166079065, -1.159913602521593, -1.160674399002953, -1.1613901469271253, -1.1620637155834646, -1.1626977919678854, -1.1632948755328296, -1.1638572785652659, -1.1643871319189079, -1.1648863953835367, -1.1653568715950147, -1.1658002221334993, -1.1662179843629121, -1.166611587644715, -1.166982367795313, -1.1673315790063372, -1.1676604028528308, -1.1679699544144817, -1.168261285876494, -1.1685353882218834, -1.1687931917568364, -1.1690355662263845, -1.1692633211930004, -1.1694772071933408, -1.169677917988269, -1.1698660940116092, -1.1700423269316391, -1.1702071650888723, -1.1703611194771724, -1.1705046698976993, -1.1706382709311571, -1.170762357432564, -1.1708773493373537, -1.17098365566133, -1.1710816776641346, -1.1711718112152003, -1.1712544484469136, -1.1713299788011073, -1.1713987895760396, -1.1714612660678, -1.1715177913794177, -1.171568745948969, -1.1716145068292603, -1.1716554467384752, -1.1716919328943396, -1.1717243256440986, -1.1717529769074535, -1.1717782284587783, -1.171800410087278, -1.1718198376877436, -1.1718368113487023, -1.171851613517661, -1.1718645073323972, -1.171875735211335, -1.1718855177930192, -1.171894053303045, -1.1719015174070826, -1.1719080635802617, -1.1719138239898725, -1.1719189108522676, -1.17192341819058, -1.171927423891796, -1.1719309919431242, -1.1719341747210676, -1.171937015212641, -1.1719395490653033, -1.1719418063880107, -1.1719438132552957, -1.1719455928977123, -1.1719471665776258, -1.1719485540143018, -1.1719497664289196, -1.1719505149906309, -1.171937386110497, -1.1716753715578492, -1.1716278751758127, -1.1718444067996376, -1.171922380208595, -1.1719432809221797, -1.17194956372137, -1.1719519270673175, -1.1719530294430964, -1.1719536273193525, -1.171953933849767, -1.1719539584356635, -1.1719535154890843, -1.1719520529127574, -1.1719479916019666, -1.1719370436858105, -1.1719092491327847, -1.1718575489640075, -1.1718197641567907, -1.1718442634592368, -1.17188902844262, -1.1719194621136895, -1.17193505426837, -1.1719426533945072, -1.1719461112126217, -1.1719472478129196, -1.1719465531761721, -1.1719438420686958, -1.1719381485588871, -1.1719280578116258, -1.1719124968689547]}