{"FCI": -1.137067858273465, "Energy": -0.7896484979260868, "Loss": [-0.7023070420413174, -0.7028459095139283, -0.7033838624576745, -0.7039208968729395, -0.704457008809724, -0.7049921943677032, -0.7055264496962752, -0.7060597709946238, -0.7065921545117487, -0.7071235965465129, -0.7076540934476739, -0.7081836416139184, -0.7087122374938803, -0.7092398775861646, -0.7097665584393624, -0.7102922766520541, -0.7108170288728206, -0.7113408118002452, -0.7118636221829018, -0.712385456819349, -0.7129063125581139, -0.7134261862976758, -0.7139450749864472, -0.7144629756227296, -0.7149798852546938, -0.7154958009803405, -0.7160107199474599, -0.7165246393535735, -0.7170375564458994, -0.7175494685212845, -0.7180603729261511, -0.7185702670564327, -0.7190791483574919, -0.719587014324079, -0.7200938625002186, -0.7205996904791524, -0.7211044959032447, -0.7216082764639012, -0.7221110299014588, -0.7226127540051019, -0.723113446612767, -0.7236131056110168, -0.7241117289349457, -0.724609314568063, -0.7251058605421837, -0.7256013649372868, -0.7260958258814184, -0.7265892415505394, -0.7270816101684082, -0.7275729300064467, -0.7280631993835868, -0.7285524166661472, -0.729040580267672, -0.7295276886487975, -0.7300137403170798, -0.7304987338268562, -0.7309826677790769, -0.7314655408211549, -0.7319473516467793, -0.7324280989957714, -0.7329077816538943, -0.7333863984526945, -0.733863948269307, -0.7343404300262862, -0.7348158426914311, -0.735290185277574, -0.7357634568424163, -0.7362356564883332, -0.7367067833621596, -0.7371768366550229, -0.7376458156021196, -0.7381137194825305, -0.7385805476189995, -0.73904629937775, -0.7395109741682527, -0.7399745714430254, -0.7404370906974281, -0.7408985314694193, -0.7413588933393745, -0.741818175929836, -0.7422763789053073, -0.7427335019720194, -0.7431895448777116, -0.743644507411405, -0.7440983894031605, -0.7445511907238603, -0.7450029112849635, -0.7454535510382831, -0.7459031099757244, -0.7463515881290815, -0.7467989855697688, -0.747245302408591, -0.7476905387954915, -0.7481346949193202, -0.7485777710075725, -0.7490197673261484, -0.7494606841791092, -0.7499005219084118, -0.7503392808936794, -0.750776961551914, -0.7512135643372829, -0.7516490897408359, -0.7520835382902489, -0.7525169105495905, -0.7529492071190329, -0.7533804286346129, -0.753810575767966, -0.7542396492260564, -0.7546676497509428, -0.7550945781194726, -0.755520435143056, -0.7559452216673832, -0.7563689385721689, -0.7567915867708762, -0.7572131672104551, -0.7576336808710805, -0.7580531287658877, -0.7584715119406775, -0.7588888314736972, -0.759305088475323, -0.7597202840878159, -0.7601344194850569, -0.7605474958722627, -0.7609595144857212, -0.761370476592533, -0.7617803834903192, -0.7621892365069682, -0.7625970370003677, -0.7630037863581164, -0.7634094859972699, -0.7638141373640683, -0.7642177419336509, -0.7646203012098101, -0.7650218167246994, -0.7654222900385742, -0.765821722739525, -0.7662201164431949, -0.7666174727925232, -0.7670137934574687, -0.7674090801347362, -0.7678033345475237, -0.7681965584452376, -0.7685887536032324, -0.7689799218225394, -0.7693700649296094, -0.7697591847760317, -0.7701472832382732, -0.7705343622174189, -0.7709204236388983, -0.7713054694522266, -0.7716895016307354, -0.7720725221713032, -0.7724545330941177, -0.7728355364423865, -0.7732155342820812, -0.7735945287016922, -0.7739725218119488, -0.7743495157455673, -0.7747255126569959, -0.7751005147221582, -0.775474524138179, -0.7758475431231542, -0.7762195739158713, -0.7765906187755761, -0.7769606799816974, -0.7773297598336091, -0.777697860650382, -0.7780649847705104, -0.7784311345516884, -0.7787963123705456, -0.7791605206224069, -0.7795237617210364, -0.7798860380983962, -0.7802473522044088, -0.7806077065067001, -0.7809671034903688, -0.7813255456577307, -0.7816830355280995, -0.7820395756375211, -0.7823951685385577, -0.7827498168000385, -0.783103523006828, -0.7834562897595844, -0.7838081196745412, -0.7841590153832635, -0.7845089795324112, -0.7848580147835255, -0.7852061238127833, -0.7855533093107844, -0.7858995739823154, -0.7862449205461249, -0.7865893517347111, -0.7869328702940804, -0.787275478983547, -0.7876171805754977, -0.7879579778551747, -0.7882978736204752, -0.7886368706817093, -0.7889749718614072, -0.7893121799940954]}