{"FCI": -1.137067858273465, "Energy": -1.1104632313062084, "Loss": [-0.43720865670561654, -0.4590541152458053, -0.47593769514281753, -0.49056959757168106, -0.5038445549786349, -0.5161865732604508, -0.5278359744277928, -0.5389450821838657, -0.5496185315926915, -0.5599329991531548, -0.5699479254401083, -0.5797117557281966, -0.5892656320280218, -0.5986453747534026, -0.6078821415875231, -0.6170021123096798, -0.6260257750355492, -0.63496754439463, -0.6438361704798317, -0.652635826166628, -0.6613674088631255, -0.6700296689346871, -0.6786200286274454, -0.6871351260392259, -0.6955711675073663, -0.7039241594578801, -0.7121900663900528, -0.7203649230218319, -0.7284449173420564, -0.7364264549234182, -0.7443062110882263, -0.7520811750753764, -0.7597486886024843, -0.7673064798929091, -0.774752693256549, -0.7820859136607716, -0.7893051854069254, -0.7964100240210292, -0.803400420676601, -0.8102768386356376, -0.8170402008285083, -0.8236918661262923, -0.830233588632066, -0.8366674500834018, -0.8429957531365111, -0.8492208681679422, -0.8553450425534337, -0.8613702052741785, -0.8672978153603922, -0.873128793309168, -0.8788635423968743, -0.8845020349173971, -0.8900439271480127, -0.8954886754500173, -0.9008356403723355, -0.9060841754285731, -0.911233700665708, -0.9162837611830561, -0.9212340703285946, -0.9260845376739404, -0.9308352830036007, -0.9354866388662451, -0.9400391451507174, -0.944493539345249, -0.9488507456010008, -0.9531118646932311, -0.9572781658124329, -0.9613510801215331, -0.9653321953121473, -0.9692232499450277, -0.9730261260521059, -0.97674283820849, -0.9803755170223303, -0.9839263847963745, -0.9873977211394682, -0.9907918167794519, -0.9941109150181394, -0.9973571423635563, -1.0005324328028062, -1.0036384534098384, -1.0066765414701795, -1.0096476637729965, -1.0125524062991322, -1.0153909974441633, -1.0181633616403596, -1.0208691948955275, -1.0235080510083328, -1.0260794274833782, -1.0285828426920733, -1.0310178992902608, -1.033384332144449, -1.0356820413866792, -1.037911112576253, -1.040071826471532, -1.0421646608908777, -1.0441902868283588, -1.0461495605718398, -1.048043513157392, -1.0498733381351293, -1.0516403783346489, -1.053346112099568, -1.0549921393010389, -1.0565801673262138, -1.058111997159566, -1.0595895096224346, -1.0610146518028205, -1.0623894236877658, -1.0637158650008418, -1.064996042244886, -1.0662320359531912, -1.0674259281598262, -1.0685797901110052, -1.06969567025364, -1.070775582554333, -1.0718214952218812, -1.0728353199274405, -1.0738189016394215, -1.0747740092118423, -1.0757023268848078, -1.0766054468703359, -1.0774848632038172, -1.0783419670365404, -1.0791780435263107, -1.0799942704477254, -1.0807917185914353, -1.0815713539536895, -1.0823340416381115, -1.0830805513075468, -1.0838115639435522, -1.0845276796045675, -1.0852294258291628, -1.0859172663146701, -1.0865916095161035, -1.0872528168530875, -1.087901210277796, -1.0885370790345836, -1.0891606855220637, -1.0897722702417358, -1.0903720558761003, -1.0909602505809641, -1.0915370506000814, -1.0921026423182212, -1.092657203864748, -1.093200906367767, -1.0937339149431093, -1.0942563894855382, -1.0947684853138238, -1.0952703537075705, -1.0957621423631598, -1.0962439957874397, -1.096716055642254, -1.0971784610484945, -1.097631348855709, -1.098074853881585, -1.098509109124462, -1.098934245951389, -1.099350394263868, -1.0997576826430748, -1.100156238476308, -1.1005461880662464, -1.1009276567244628, -1.1013007688506915, -1.1016656479991733, -1.1020224169333839, -1.1023711976704433, -1.10271211151627, -1.1030452790927168, -1.1033708203577144, -1.103688854619242, -1.1039995005443888, -1.104302876163579, -1.104599098872747, -1.1048882854279618, -1.1051705519528054, -1.1054460138935127, -1.1057147861446885, -1.1059769824801942, -1.1062327163885612, -1.1064820724619482, -1.106724687008632, -1.1069493078569868, -1.106995102637025, -1.107214320369458, -1.1075446081331843, -1.1077983876891748, -1.1080118955291631, -1.1082126179058598, -1.108406132170964, -1.1085944784235475, -1.1087779093974823, -1.108956804360844, -1.1091310419062619, -1.1093007408866762, -1.1094653935370418, -1.1096243449054835, -1.1097744612582736, -1.10991054340155, -1.1100253270047722, -1.1101478203587742, -1.1102978986928593]}