{"FCI": -1.0697107135717314, "Energy": -0.9567557766628014, "Loss": [-0.7731571154942597, -0.7738558450310482, -0.7751809552151198, -0.7770651963769056, -0.779446144911057, -0.782265872482611, -0.7854706002270202, -0.7890103637085678, -0.7928387031646013, -0.7969123861966865, -0.8011911653345427, -0.8056375699323345, -0.8102167300686237, -0.8148962291098192, -0.8196459810938913, -0.8244381289190179, -0.8292469593637972, -0.8340488311468932, -0.8388221125056516, -0.8435471251034139, -0.8482060914434597, -0.8527830833581401, -0.8572639695438574, -0.8616363605163959, -0.8658895497579313, -0.8700144502091331, -0.874003525619524, -0.8778507165999093, -0.8815513615165556, -0.8851021126229229, -0.8885008480381099, -0.8917465803495487, -0.8948393627408624, -0.8977801936248035, -0.9005709207989001, -0.9032141461408503, -0.9057131318267523, -0.9080717089929788, -0.9102941896774794, -0.9123852827741316, -0.9143500146200058, -0.9161936547154949, -0.9179216469552879, -0.9195395466288997, -0.921052963335851, -0.9224675098553642, -0.9237887569157839, -0.9250221937257926, -0.9261731940590565, -0.9272469876258405, -0.9282486364196382, -0.9291830156930185, -0.9300547991938827, -0.9308684482804291, -0.9316282045284465, -0.9323380854479278, -0.9330018829350074, -0.9336231640998498, -0.9342052741292364, -0.9347513408640646, -0.9352642807952176, -0.9357468062057639, -0.9362014332127433, -0.9366304904867117, -0.9370361284519935, -0.9374203287942322, -0.9377849141245443, -0.9381315576707439, -0.9384617928859427, -0.9387770228829756, -0.9390785296196541, -0.9393674827747972, -0.9396449482683578, -0.9399118963906995, -0.9401692095165616, -0.940417689388158, -0.940658063959569, -0.9408909938011815, -0.941117078068375, -0.9413368600431241, -0.9415508322609331, -0.9417594412382106, -0.9419630918175963, -0.9421621511500771, -0.9423569523341059, -0.9425477977322622, -0.9427349619864948, -0.942918694752794, -0.9430992231758841, -0.9432767541239551, -0.9434514762028444, -0.9436235615681458, -0.9437931675529583, -0.9439604381278889, -0.9441255052088988, -0.9442884898277355, -0.9444495031783682, -0.9446086475520605, -0.9447660171725815, -0.9449216989421442, -0.9450757731076891, -0.9452283138562916, -0.9453793898475975, -0.9455290646904685, -0.9456773973702206, -0.945824442632188, -0.9459702513267982, -0.94611487072064, -0.946258344777584, -0.9464007144135379, -0.9465420177278984, -0.9466822902145839, -0.9468215649548849, -0.946959872794341, -0.9470972425054697, -0.9472337009378741, -0.9473692731571632, -0.9475039825738073, -0.9476378510630349, -0.9477708990765714, -0.9479031457470778, -0.9480346089858327, -0.9481653055743356, -0.948295251250253, -0.948424460788157, -0.9485529480754428, -0.9486807261837024, -0.9488078074359265, -0.9489342034696796, -0.9490599252965775, -0.9491849833582009, -0.949309387578678, -0.9494331474140723, -0.9495562718987633, -0.9496787696889633, -0.949800649103494, -0.9499219181619707, -0.950042584620544, -0.9501626560052402, -0.9502821396431489, -0.950401042691428, -0.9505193721643603, -0.9506371349584821, -0.9507543378759153, -0.9508709876460256, -0.9509870909454847, -0.9511026544167893, -0.9512176846854103, -0.9513321883755957, -0.9514461721249167, -0.9515596425976758, -0.9516726064971892, -0.9517850705771084, -0.9518970416517333, -0.9520085266054952, -0.9521195324016002, -0.9522300660899273, -0.9523401348142074, -0.9524497458185981, -0.952558906453612, -0.9526676241815364, -0.9527759065813286, -0.9528837613530551, -0.9529911963219001, -0.9530982194418165, -0.9532048387987735, -0.9533110626137278, -0.9534168992452757, -0.9535223571920441, -0.9536274450948585, -0.953732171738666, -0.9538365460542694, -0.9539405771199171, -0.9540442741626649, -0.9541476465596611, -0.9542507038392841, -0.9543534556821406, -0.9544559119220062, -0.9545580825466284, -0.9546599776984943, -0.9547616076755081, -0.9548629829316067, -0.9549641140773155, -0.9550650118802924, -0.9551656872657891, -0.9552661513170997, -0.9553664152759903, -0.9554664905430914, -0.9555663886782553, -0.9556661214009458, -0.9557657005905699, -0.9558651382868145, -0.9559644466899818, -0.9560636381613214, -0.9561627252233514, -0.9562617205601791, -0.9563606370178299, -0.9564594876045838, -0.9565582854912825, -0.9566570440116867]}