{"FCI": -1.137067858273465, "Energy": -1.0824437228392245, "Loss": [-1.0324657002321647, -1.0328645106119445, -1.0332613577431045, -1.0336562492484807, -1.0340491927519861, -1.0344401958781184, -1.034829266251498, -1.0352164114963855, -1.0356016392362057, -1.035984957093107, -1.0363663726874726, -1.0367458936375271, -1.0371235275588504, -1.0374992820639442, -1.0378731647618342, -1.0382451832575985, -1.0386153451520033, -1.0389836580410494, -1.0393501295155854, -1.0397147671609055, -1.040077578556352, -1.040438571274929, -1.0407977528829226, -1.041155130939519, -1.0415107129964392, -1.0418645065975658, -1.0422165192785946, -1.042566758566675, -1.0429152319800474, -1.0432619470277251, -1.0436069112091482, -1.0439501320138458, -1.044291616921086, -1.0446313733996198, -1.044969408907304, -1.0453057308908105, -1.0456403467853168, -1.0459732640142303, -1.0463044899888403, -1.0466340321080856, -1.046961897758236, -1.0472880943126062, -1.047612629131309, -1.0479355095609533, -1.0482567429344105, -1.048576336570519, -1.0488942977738496, -1.0492106338344638, -1.0495253520276295, -1.0498384596136208, -1.05014996383746, -1.0504598719286795, -1.050768191101096, -1.0510749285526078, -1.051380091464944, -1.0516836870034707, -1.0519857223169695, -1.05228620453744, -1.052585140779878, -1.0528825381421092, -1.0531784037045744, -1.0534727445301277, -1.0537655676638782, -1.0540568801329935, -1.0543466889465227, -1.0546350010952348, -1.0549218235514206, -1.055207163268752, -1.0554910271821178, -1.0557734222074497, -1.0560543552415858, -1.0563338331621102, -1.0566118628271979, -1.0568884510754897, -1.0571636047259452, -1.0574373305776967, -1.057709635409919, -1.0579805259817179, -1.058250009031976, -1.05851809127925, -1.0587847794216447, -1.059050080136692, -1.0593140000812569, -1.0595765458913955, -1.0598377241822818, -1.0600975415480787, -1.060356004561858, -1.0606131197754853, -1.0608688937195372, -1.06112333290321, -1.0613764438142097, -1.0616282329187172, -1.0618787066612485, -1.0621278714646152, -1.0623757337298119, -1.062622299835986, -1.0628675761403317, -1.063111568978036, -1.0633542846622006, -1.0635957294838014, -1.0638359097116032, -1.0640748315921134, -1.0643125013495258, -1.0645489251856726, -1.0647841092799544, -1.065018059789315, -1.065250782848175, -1.0654822845684027, -1.0657125710392732, -1.0659416483274178, -1.0661695224767986, -1.0663961995086553, -1.0666216854214938, -1.066845986191066, -1.067069107770291, -1.067291056089284, -1.067511837055305, -1.0677314565527434, -1.0679499204430927, -1.0681672345649311, -1.0683834047339256, -1.068598436742783, -1.068812336361285, -1.069025109336217, -1.0692367613914195, -1.0694472982277445, -1.069656725523044, -1.0698650489322223, -1.0700722740871538, -1.0702784065967479, -1.0704834520469297, -1.0706874160006163, -1.0708903039977593, -1.071092121555362, -1.0712928741674281, -1.071492567305021, -1.0716912064162687, -1.0718887969263533, -1.0720853442375546, -1.0722808537292368, -1.0724753307578947, -1.072668780657147, -1.0728612087377707, -1.0730526202877078, -1.0732430205721142, -1.0734324148333492, -1.0736208082910281, -1.0738082061420233, -1.0739946135605243, -1.0741800356980364, -1.0743644776834123, -1.074547944622916, -1.0747304416002001, -1.0749119736763888, -1.0750925458900895, -1.0752721632574231, -1.0754508307720696, -1.0756285534053094, -1.0758053361060496, -1.0759811838008666, -1.0761561013940466, -1.0763300937676428, -1.0765031657814843, -1.076675322273252, -1.076846568058491, -1.0770169079306924, -1.0771863466613028, -1.0773548889997953, -1.0775225396737018, -1.0776893033886679, -1.0778551848285112, -1.0780201886552456, -1.0781843195091518, -1.0783475820088197, -1.0785099807512115, -1.0786715203116939, -1.078832205244121, -1.0789920400808444, -1.0791510293328144, -1.0793091774896086, -1.079466489019483, -1.0796229683694523, -1.0797786199653157, -1.0799334482117529, -1.0800874574923351, -1.0802406521696348, -1.0803930365852414, -1.0805446150598366, -1.0806953918932662, -1.0808453713645925, -1.0809945577321325, -1.081142955233566, -1.0812905680859546, -1.0814374004858296, -1.0815834566092497, -1.0817287406118514, -1.0818732566289282, -1.0820170087754857, -1.0821600011463155, -1.0823022378160456]}