{"FCI": -1.2655724615197328, "Energy": -1.220484663388439, "Loss": [-0.23279731827473069, -0.23977201891236644, -0.24690129123433763, -0.25417991359933345, -0.261602428986314, -0.2691631120442033, -0.27685594073031133, -0.28467457284359377, -0.29261232797755893, -0.30066217537866996, -0.30881672814962957, -0.31706824419790036, -0.3254086342942371, -0.3338294775694863, -0.3423220447365816, -0.35087732927583437, -0.3594860867628765, -0.3681388824475233, -0.37682614710575296, -0.38553824108318707, -0.3942655263229179, -0.40299844601928153, -0.4117276113568531, -0.42044389457479703, -0.429138527334537, -0.43780320305732784, -0.44643018153288755, -0.4550123936788039, -0.46354354385625557, -0.4720182066326899, -0.48043191435135985, -0.488781231362944, -0.49706381035924163, -0.5052784260094224, -0.5134249811423219, -0.5215044811610603, -0.5295189733286064, -0.5374714490971689, -0.5453657097720173, -0.5532061983980452, -0.5609978036079664, -0.56874564393245, -0.5764548433334002, -0.5841303100812734, -0.5917765312631404, -0.5993973940784509, -0.6069960427845998, -0.6145747770342666, -0.6221349938714598, -0.629677172314402, -0.6372008966569432, -0.6447049126195097, -0.6521872093560451, -0.6596451200075909, -0.667075433821368, -0.6744745136208461, -0.6818384134172122, -0.6891629920313515, -0.6964440196297883, -0.703677274997544, -0.7108586321427636, -0.717984135447664, -0.7250500630603371, -0.7320529785833606, -0.7389897713821253, -0.7458576860311822, -0.7526543415607255, -0.7593777412731166, -0.7660262739828174, -0.7725987075997612, -0.7790941760302382, -0.7855121604117383, -0.7918524657283464, -0.7981151938682964, -0.8043007141824612, -0.8104096325781899, -0.8164427601351824, -0.8224010821570469, -0.8282857284751272, -0.8340979457017846, -0.8398390719932417, -0.8455105147328974, -0.8511137313917043, -0.8566502136699222, -0.8621214748814935, -0.8675290404148108, -0.8728744409965752, -0.878159208402204, -0.8833848731984197, -0.8885529640710268, -0.8936650082820669, -0.8987225328124163, -0.9037270657754464, -0.9086801377303271, -0.9135832825759507, -0.9184380377650159, -0.9232459436385074, -0.9280085417414159, -0.9327273720386429, -0.9374039690036808, -0.942039856601267, -0.9466365422273776, -0.9511955097060447, -0.9557182114716329, -0.9602060600885615, -0.9646604192771535, -0.9690825946258794, -0.9734738241761953, -0.9778352690675585, -0.9821680044273446, -0.9864730106834538, -0.9907511654676249, -0.995003236264163, -0.9992298739436912, -1.003431607303876, -1.0076088387202085, -1.011761840989562, -1.0158907554283336, -1.0199955912654186, -1.0240762263488388, -1.0281324091636435, -1.032163762138097, -1.0361697861956962, -1.0401498664921205, -1.0441032792594516, -1.0480291996649003, -1.0519267105780858, -1.0557948121298446, -1.0596324319365902, -1.0634384358576203, -1.0672116391483348, -1.0709508178701528, -1.0746547204181582, -1.0783220790295365, -1.0819516211401656, -1.0855420804628766, -1.0890922076686407, -1.0926007805612423, -1.0960666136467248, -1.0994885670105443, -1.1028655544279866, -1.1061965506467089, -1.109480597793859, -1.1127168108741265, -1.115904382338947, -1.1190425857205546, -1.1221307783378625, -1.1251684030934852, -1.128154989393048, -1.1310901532284614, -1.1339735964766335, -1.1368051054731672, -1.1395845489278245, -1.142311875253947, -1.1449871093882784, -1.1476103491801175, -1.1501817614299203, -1.152701577657332, -1.1551700896765342, -1.1575876450541878, -1.1599546425208007, -1.1622715274012008, -1.1645387871235546, -1.1667569468595342, -1.168926565340787, -1.1710482308890948, -1.173122557689586, -1.1751501823285662, -1.1771317606097214, -1.1790679646552116, -1.1809594802913548, -1.1828070047125565, -1.1846112444116548, -1.1863729133605003, -1.188092731420981, -1.189771422963933, -1.191409715671626, -1.193008339498785, -1.1945680257668185, -1.196089506366694, -1.1975735130473648, -1.1990207767682295, -1.2004320270968007, -1.2018079916349855, -1.203149395460633, -1.2044569605735755, -1.2057314053384547, -1.2069734439194946, -1.2081837857048143, -1.2093631347203593, -1.210512189035434, -1.2116316401636413, -1.2127221724642803, -1.2137844625500516, -1.2148191787077989, -1.215826980338827, -1.2168085174256267, -1.2177644300311439, -1.2186953478362619, -1.2196018897203025]}