{"FCI": -1.0873240054222568, "Energy": -0.8072780954260582, "Loss": [-0.6942182543951247, -0.6948801678511324, -0.6955418210660806, -0.6962032003114891, -0.696864291877368, -0.6975250820735884, -0.6981855572312755, -0.6988457037041551, -0.6995055078699338, -0.7001649561316575, -0.7008240349190501, -0.7014827306898964, -0.7021410299313481, -0.7027989191612996, -0.7034563849296999, -0.7041134138198863, -0.7047699924499077, -0.705426107473834, -0.7060817455830735, -0.7067368935076637, -0.7073915380175678, -0.7080456659239623, -0.7086992640805009, -0.709352319384616, -0.7100048187787361, -0.7106567492515687, -0.7113080978393324, -0.7119588516269832, -0.7126089977494582, -0.7132585233928663, -0.7139074157956977, -0.7145556622500354, -0.7152032501027132, -0.7158501667565079, -0.7164963996712844, -0.7171419363651578, -0.7177867644156198, -0.7184308714606907, -0.7190742452000008, -0.7197168733959175, -0.7203587438746328, -0.720999844527236, -0.7216401633107824, -0.722279688249345, -0.7229184074350554, -0.7235563090291416, -0.7241933812629263, -0.724829612438828, -0.7254649909313596, -0.7260995051880951, -0.726733143730624, -0.7273658951555002, -0.7279977481351781, -0.7286286914189188, -0.729258713833686, -0.7298878042850562, -0.7305159517580682, -0.7311431453180931, -0.7317693741116632, -0.7323946273673156, -0.7330188943963852, -0.7336421645938191, -0.7342644274389423, -0.734885672496226, -0.7355058894160458, -0.7361250679354002, -0.7367431978786423, -0.7373602691581724, -0.7379762717751263, -0.7385911958200391, -0.7392050314735167, -0.739817769006854, -0.7404293987826579, -0.7410399112554618, -0.7416492969723081, -0.7422575465733243, -0.7428646507922648, -0.7434706004570719, -0.7440753864903831, -0.74467899991004, -0.745281431829583, -0.745882673458716, -0.746482716103776, -0.7470815511681625, -0.7476791701527653, -0.7482755646563746, -0.74887072637607, -0.7494646471075863, -0.7500573187456929, -0.7506487332845144, -0.7512388828178685, -0.7518277595395736, -0.7524153557437311, -0.7530016638250162, -0.7535866762789393, -0.754170385702071, -0.7547527847922963, -0.7553338663490035, -0.7559136232732943, -0.7564920485681702, -0.7570691353386789, -0.7576448767920734, -0.7582192662379506, -0.7587922970883606, -0.7593639628579102, -0.7599342571638559, -0.7605031737261667, -0.761070706367591, -0.761636849013686, -0.7622015956928614, -0.7627649405363638, -0.7633268777783061, -0.7638874017556305, -0.7644465069080733, -0.7650041877781204, -0.765560439010962, -0.7661152553544035, -0.7666686316587679, -0.7672205628768123, -0.7677710440635964, -0.7683200703763617, -0.7688676370743802, -0.7694137395187918, -0.7699583731724531, -0.7705015335997348, -0.771043216466337, -0.7715834175390567, -0.7721221326856104, -0.7726593578743525, -0.7731950891740516, -0.7737293227536257, -0.7742620548818855, -0.7747932819272212, -0.7753230003573348, -0.775851206738924, -0.7763778977373625, -0.7769030701163704, -0.7774267207376809, -0.7779488465606823, -0.7784694446420618, -0.7789885121354319, -0.7795060462909414, -0.7800220444548949, -0.7805365040693338, -0.7810494226716451, -0.7815607978941186, -0.7820706274635225, -0.7825789092006696, -0.7830856410199548, -0.7835908209289042, -0.7840944470276977, -0.7845965175087137, -0.7850970306560108, -0.7855959848448644, -0.786093378541237, -0.7865892103013054, -0.7870834787709032, -0.7875761826850247, -0.7880673208672813, -0.7885568922293515, -0.7890448957704609, -0.7895313305768025, -0.7900161958209878, -0.7904994907614842, -0.7909812147420333, -0.7914613671910699, -0.7919399476211453, -0.7924169556283348, -0.7928923908916315, -0.7933662531723538, -0.7938385423135303, -0.7943092582392947, -0.7947784009542614, -0.7952459705429065, -0.7957119671689307, -0.7961763910746475, -0.7966392425803279, -0.7971005220835633, -0.7975602300586311, -0.7980183670558362, -0.7984749337008669, -0.7989299306941285, -0.7993833588100976, -0.7998352188966501, -0.8002855118744014, -0.8007342387360376, -0.8011814005456445, -0.8016269984380285, -0.802071033618054, -0.8025135073599561, -0.8029544210066571, -0.8033937759690942, -0.8038315737255334, -0.8042678158208795, -0.804702503865984, -0.8051356395369766, -0.805567224574552, -0.8059972607832896, -0.80642575003097, -0.8068526942478657]}