{"FCI": -1.2655724615197328, "Energy": -1.1740600166643766, "Loss": [-0.34743785707924324, -0.3530212330347826, -0.35858179395326695, -0.3641182834716703, -0.36963212318685623, -0.3751272444311175, -0.3806063336557007, -0.38606942938342026, -0.3915152261638003, -0.3969419800568861, -0.40234783990958445, -0.407730970977746, -0.41308961792083304, -0.41842215154779067, -0.4237271133997581, -0.4290032634653389, -0.43424963345284195, -0.43946558676124997, -0.44465088524782515, -0.4498057615258767, -0.4549309935158095, -0.46002797514174726, -0.4650987735084379, -0.4701461592042051, -0.475173593884293, -0.48018516002162326, -0.485185423728254, -0.490179233504063, -0.4951714733312452, -0.5001668021816558, -0.5051694173921378, -0.5101828733247573, -0.5152099717518611, -0.5202527231442431, -0.525312365061095, -0.5303894182000034, -0.5354837615284331, -0.5405947124361336, -0.5457211032246088, -0.5508613497771119, -0.5560135113346625, -0.5611753420368576, -0.5663443356363977, -0.5715177649440327, -0.5766927173950668, -0.5818661278360117, -0.5870348093137612, -0.5921954823591129, -0.5973448030104755, -0.6024793896247511, -0.6075958483684194, -0.6126907971684142, -0.6177608878272745, -0.6228028259691594, -0.6278133884830612, -0.6327894381675898, -0.6377279353568164, -0.6426259464150572, -0.6474806491222628, -0.6522893351183232, -0.6570494097187334, -0.6617583895385467, -0.6664138984510821, -0.6710136624524723, -0.6755555039996883, -0.6800373363432335, -0.6844571582986417, -0.6888130498088468, -0.6931031685587749, -0.6973257478271282, -0.701479095705249, -0.7055615957804267, -0.7095717093665722, -0.7135079793608219, -0.7173690358015071, -0.7211536031926343, -0.7248605096367251, -0.7284886977787393, -0.7320372375088996, -0.7355053403044098, -0.7388923750139552, -0.7421978848102335, -0.7454216049604576, -0.7485634809982018, -0.7516236868268258, -0.754602642247953, -0.7575010293901887, -0.7603198075140766, -0.7630602256886726, -0.7657238328724068, -0.7683124849843328, -0.7708283486207324, -0.7732739011549872, -0.7756519270554819, -0.7779655103666305, -0.7802180234215673, -0.7824131119904094, -0.7845546772120656, -0.7866468548047147, -0.7886939921909063, -0.7907006242949929, -0.7926714488572493, -0.7946113021441448, -0.7965251359030122, -0.7984179963028681, -0.8002950054221512, -0.8021613456004179, -0.8040222466883417, -0.8058829759417007, -0.8077488300468841, -0.8096251285730818, -0.8115172080451968, -0.8134304158348157, -0.8153701031712232, -0.8173416167620025, -0.8193502887541573, -0.8214014250244679, -0.8235002920260196, -0.8256521026033913, -0.8278620013002077, -0.830135049708808, -0.8324762123546801, -0.8348903434811296, -0.8373821749226302, -0.8399563050523402, -0.8426171885843856, -0.8453691268244448, -0.8482162578082543, -0.8511625456560864, -0.8542117684063804, -0.8573675035747736, -0.8606331107147733, -0.864011710332526, -0.8675061586294819, -0.8711190177125725, -0.8748525211205034, -0.8787085347631366, -0.8826885136519622, -0.8867934551022106, -0.8910238493962724, -0.8953796291963475, -0.8998601192626945, -0.9044639882573915, -0.9091892045788063, -0.9140329982740032, -0.9189918311134871, -0.9240613768893858, -0.9292365139181871, -0.934511331596573, -0.939879152669874, -0.9453325726171042, -0.9508635172113133, -0.9564633188453593, -0.9621228115736902, -0.9678324439558812, -0.9735824076435277, -0.9793627781976286, -0.9851636628837539, -0.9909753482966537, -0.9967884389008543, -1.0025939764094145, -1.008383529973186, -1.0141492490148716, -1.0198838745089385, -1.0255807102404417, -1.0312335619273794, -1.0368366573192862, -1.0423845627923263, -1.0478721107044957, -1.0532943473427558, -1.0586465053048761, -1.0639239985777877, -1.0691224348478685, -1.0742376381890444, -1.0792656758289847, -1.0842028843618396, -1.0890458927260929, -1.0937916409300128, -1.0984373946293815, -1.1029807562275722, -1.1074196732915325, -1.1117524449105944, -1.1159777263064725, -1.1200945316355764, -1.1241022345797738, -1.1280005660463899, -1.131789608128423, -1.1354697834408771, -1.1390418390740789, -1.1425068247044707, -1.1458660648735899, -1.1491211260528127, -1.1522737797838951, -1.1553259638173126, -1.158279743633635, -1.1611372769043145, -1.1639007832419552, -1.1665725209903999, -1.1691547718804236, -1.1716498332767138]}