{"FCI": -1.2655724615197328, "Energy": -1.2490890555523886, "Loss": [-0.3296542820850015, -0.3385299315140849, -0.3474995162748272, -0.3565587561556868, -0.36570331406310513, -0.3749287747682204, -0.38423062639956956, -0.3936042446005452, -0.40304487946277456, -0.41254764532931765, -0.42210751355861165, -0.43171930835466227, -0.4413777057921631, -0.45107723619037177, -0.4608122900100327, -0.4705771274569732, -0.48036589196419954, -0.4901726276772878, -0.49999130096541433, -0.5098158257961258, -0.519640092515892, -0.5294579991457615, -0.5392634837296307, -0.5490505556122197, -0.5588133229133947, -0.5685460131568035, -0.5782429843435195, -0.5878987250455383, -0.5975078443970951, -0.6070650557891302, -0.6165651607332527, -0.6260030406745145, -0.6353736637909865, -0.6446721111479455, -0.6538936229053244, -0.6630336618213721, -0.6720879889237222, -0.6810527451506767, -0.6899245326837296, -0.6987004900812168, -0.7073783557831663, -0.7159565149725713, -0.7244340253354418, -0.7328106183500769, -0.7410866747428178, -0.7492631757803985, -0.7573416357044582, -0.7653240238752048, -0.7732126868874152, -0.7810102802486737, -0.7887197162171267, -0.7963441299633254, -0.8038868615526914, -0.8113514473036582, -0.8187416113765051, -0.8260612472758793, -0.833314379705955, -0.8405051004388313, -0.8476374777011155, -0.8547154460418143, -0.8617426902864841, -0.8687225401397016, -0.8756578897934499, -0.8825511505818127, -0.8894042371591946, -0.8962185816359611, -0.902995166828503, -0.9097345689855446, -0.9164370011337865, -0.923102349878462, -0.9297302009546832, -0.9363198521600914, -0.9428703163278453, -0.9493803208593212, -0.9558483125852942, -0.962272476051235, -0.9686507694487646, -0.974980976527247, -0.9812607671234345, -0.9874877556747994, -0.9936595475499648, -0.9997737671505174, -1.0058280680140586, -1.0118201311346546, -1.0177476609775442, -1.0236083879126443, -1.0294000815498594, -1.0351205737355236, -1.0407677851969541, -1.0463397478218779, -1.0518346160049843, -1.0572506647926758, -1.0625862779725919, -1.0678399333774868, -1.0730101934385476, -1.0780957059146112, -1.0830952142890953, -1.0880075724263003, -1.0928317562679575, -1.097566867451356, -1.102212128419781, -1.1067668731712135, -1.1112305397059512, -1.115602668560482, -1.1198829077462, -1.1240710204543714, -1.1281668903222315, -1.1321705206412735, -1.13608202751388, -1.1399016303427825, -1.1436296440980858, -1.1472664760054314, -1.1508126259672469, -1.154268687451116, -1.157635345414914, -1.1609133700233005, -1.164103607787829, -1.1672069733102308, -1.1702244440705893, -1.1731570583930275, -1.1760059145938733, -1.1787721688370258, -1.1814570305543937, -1.184061756289496, -1.186587643955125, -1.1890360289960915, -1.1914082823464915, -1.1937058087055166, -1.1959300435694569, -1.1980824486031092, -1.200164506293179, -1.2021777153072224, -1.2041235872999796, -1.2060036447420623, -1.2078194186885292, -1.2095724457279524, -1.211264264269841, -1.212896411001951, -1.2144704182353516, -1.215987812138224, -1.2174501112263854, -1.2188588244702174, -1.220215448928978, -1.2215214673817343, -1.2227783464910376, -1.2239875356106888, -1.2251504658722432, -1.2262685490923977, -1.2273431763691507, -1.2283757166273526, -1.2293675154640105, -1.2303198943900349, -1.2312341502560726, -1.2321115545909882, -1.2329533527985705, -1.2337607634050383, -1.234534977579357, -1.2352771589560319, -1.2359884435885686, -1.2366699398476286, -1.2373227282373356, -1.2379478612528219, -1.2385463633950762, -1.2391192313267192, -1.2396674340530685, -1.240191913046675, -1.240693582350526, -1.2411733287604945, -1.2416320121386215, -1.242070465810504, -1.2424894969612852, -1.2428898869967717, -1.2432723919095914, -1.2436377427036143, -1.2439866458778603, -1.244319783922957, -1.2446378157925875, -1.2449413773619298, -1.245231081913466, -1.2455075206679085, -1.2457712633361635, -1.2460228586564956, -1.2462628349082214, -1.2464917004228393, -1.2467099441119514, -1.2469180360061936, -1.2471164277850675, -1.247305553289611, -1.247485829030579, -1.247657654707579, -1.2478214137375092, -1.2479774737765261, -1.2481261872246043, -1.248267891716652, -1.248402910610152, -1.2485315534709205, -1.2486541165492175, -1.2487708832406919, -1.2488821245361446, -1.248988099467687]}