{"FCI": -1.2430558295908476, "Energy": -0.8108199007990121, "Loss": [-0.7230198553165124, -0.7274762975631672, -0.7305332982111146, -0.7329797906841579, -0.7350653038266273, -0.736906054831545, -0.738567176696017, -0.7400894523815318, -0.7415003864037317, -0.742819543474526, -0.7440614104305198, -0.7452370558031772, -0.7463551524358276, -0.7474226388548317, -0.7484451641816566, -0.7494273973271361, -0.7503732477977002, -0.7512860270551242, -0.7521685687807318, -0.7530233200513593, -0.75385241150273, -0.7546577120439361, -0.7554408720379061, -0.7562033577535946, -0.7569464791327881, -0.7576714123799619, -0.7583792185021769, -0.7590708586505528, -0.7597472069129624, -0.760409061058186, -0.7610571516204137, -0.7616921496284891, -0.7623146732207395, -0.7629252933368331, -0.7635245386405057, -0.7641128997972436, -0.7646908332080413, -0.7652587642819916, -0.7658170903158099, -0.766366183036895, -0.7669063908569447, -0.767438040875632, -0.7679614406675227, -0.7684768798803462, -0.7689846316684847, -0.7694849539820448, -0.769978090728969, -0.770464272825146, -0.7709437191455206, -0.771416637387352, -0.7718832248553767, -0.7723436691773657, -0.7727981489574657, -0.7732468343738235, -0.7736898877262165, -0.774127463938683, -0.7745597110216403, -0.7749867704973522, -0.7754087777922978, -0.7758258625995293, -0.7762381492137356, -0.7766457568415377, -0.7770487998891855, -0.777447388229658, -0.7778416274509345, -0.7782316190870072, -0.7786174608331461, -0.7789992467466368, -0.779377067434225, -0.7797510102272938, -0.7801211593457671, -0.7804875960515893, -0.780850398792623, -0.7812096433376154, -0.7815654029029923, -0.7819177482719673, -0.7822667479066677, -0.7826124680536142, -0.7829549728431762, -0.783294324383295, -0.7836305828479615, -0.7839638065607801, -0.7842940520738949, -0.7846213742426844, -0.784945826296412, -0.7852674599051432, -0.7855863252431832, -0.7859024710491703, -0.7862159446831577, -0.7865267921807599, -0.7868350583046119, -0.7871407865932876, -0.7874440194077904, -0.7877447979758245, -0.7880431624339436, -0.7883391518676831, -0.788632804349822, -0.7889241569768533, -0.7892132459038204, -0.7895001063775232, -0.7897847727682352, -0.7900672786000381, -0.7903476565797889, -0.7906259386248378, -0.7909021558895153, -0.7911763387905376, -0.7914485170312757, -0.7917187196250446, -0.7919869749174034, -0.7922533106075429, -0.7925177537687738, -0.7927803308682377, -0.7930410677857627, -0.7932999898320046, -0.7935571217658792, -0.7938124878112752, -0.7940661116731571, -0.7943180165530311, -0.7945682251638181, -0.7948167597441667, -0.7950636420722418, -0.7953088934789877, -0.7955525348608918, -0.795794586692302, -0.7960350690373063, -0.7962740015611344, -0.7965114035412043, -0.7967472938777591, -0.7969816911041256, -0.7972146133966084, -0.7974460785840662, -0.7976761041571336, -0.7979047072771344, -0.7981319047847155, -0.7983577132081465, -0.798582148771393, -0.7988052274018758, -0.7990269647380231, -0.7992473761365073, -0.7994664766793416, -0.7996842811806614, -0.7999008041933323, -0.8001160600153456, -0.8003300626960005, -0.8005428260419035, -0.8007543636227755, -0.8009646887770782, -0.8011738146174721, -0.8013817540361122, -0.8015885197097611, -0.8017941241047956, -0.8019985794819965, -0.8022018979012571, -0.8024040912261265, -0.8026051711282087, -0.8028051490914547, -0.8030040364163269, -0.8032018442238328, -0.803398583459441, -0.8035942648969172, -0.8037888991419958, -0.8039824966360178, -0.8041750676594039, -0.8043666223350603, -0.8045571706317046, -0.8047467223670663, -0.8049352872110253, -0.8051228746886547, -0.8053094941831944, -0.805495154938905, -0.8056798660639226, -0.805863636532944, -0.8060464751899121, -0.8062283907506067, -0.806409391805158, -0.8065894868205095, -0.8067686841428117, -0.8069469919997511, -0.8071244185028325, -0.8073009716495747, -0.8074766593256995, -0.8076514893072088, -0.8078254692624444, -0.8079986067541081, -0.8081709092411821, -0.8083423840808616, -0.8085130385303867, -0.8086828797488752, -0.8088519147990781, -0.8090201506491079, -0.8091875941741276, -0.8093542521579883, -0.8095201312948296, -0.8096852381906582, -0.8098495793648716, -0.8100131612517484, -0.8101759902019177, -0.810338072483773, -0.810499414284876, -0.8106600217133106]}