{"FCI": -1.0697107135717314, "Energy": -1.0137891062856113, "Loss": [-0.6093873820717958, -0.613361224080106, -0.6173122756890235, -0.6212809863445953, -0.6253078859044309, -0.6294048453870887, -0.6335773192882295, -0.6378308778656628, -0.6421727499816915, -0.6466124199969298, -0.6511614027516512, -0.6558319961327039, -0.6606353818264874, -0.6655800102678552, -0.670670944573281, -0.6759100676202577, -0.6812966590458718, -0.6868279621345363, -0.692499600162587, -0.6983058430641393, -0.7042397680302378, -0.7102933560678619, -0.7164575542328971, -0.722722322215357, -0.7290766744451493, -0.7355087242751486, -0.7420057340792738, -0.7485541735120561, -0.7551397872303038, -0.7617476727933432, -0.7683623690749982, -0.7749679552489055, -0.7815481601988455, -0.788086482031206, -0.7945663172122495, -0.8009710987108595, -0.8072844423924393, -0.8134903007755481, -0.8195731231213763, -0.8255180206607193, -0.8313109355460181, -0.8369388118004992, -0.8423897660512134, -0.8476532550783268, -0.8527202360711427, -0.8575833138523706, -0.862236867221392, -0.8666771442331113, -0.8709023143607437, -0.874912465288844, -0.8787095349971631, -0.8822971767323171, -0.8856805646597694, -0.8888661584291375, -0.8918614513199956, -0.8946747260862729, -0.8973148355421554, -0.8997910149819048, -0.9021127250382945, -0.9042895190551963, -0.9063309284479752, -0.9082463612964973, -0.9100450118443759, -0.911735780558022, -0.9133272055243167, -0.9148274062883723, -0.9162440409943101, -0.9175842771530679, -0.9188547757268754, -0.9200616876262102, -0.9212106612371458, -0.9223068592673922, -0.9233549830206215, -0.9243593021673112, -0.9253236881513117, -0.9262516495282799, -0.9271463677468101, -0.9280107321310487, -0.9288473730838958, -0.929658692785809, -0.930446892903719, -0.9312139990394573, -0.9319618818324534, -0.9326922747850762, -0.9334067890008815, -0.9341069251171946, -0.9347940827763461, -0.9354695680170491, -0.9361345989822183, -0.936790310335023, -0.9374377567544232, -0.9380779158483931, -0.9387116907802432, -0.9393399128541409, -0.9399633442531996, -0.9405826810695129, -0.9411985567132746, -0.941811545739142, -0.9424221680845369, -0.9430308936774402, -0.943638147341731, -0.9442443139062188, -0.9448497434096109, -0.9454547562872118, -0.9460596484252124, -0.94666469597472, -0.9472701598283552, -0.9478762896767129, -0.9484833275789329, -0.9490915109996877, -0.9497010752835984, -0.9503122555559819, -0.9509252880558072, -0.951540410921627, -0.9521578644643387, -0.9527778909711471, -0.9534007340931111, -0.9540266378744925, -0.954655845485269, -0.9552885977194296, -0.9559251313208157, -0.9565656771957862, -0.9572104585681982, -0.9578596891270815, -0.9585135712117612, -0.9591722940727302, -0.959836032240067, -0.9605049440244854, -0.9611791701697354, -0.9618588326688959, -0.9625440337515307, -0.9632348550437598, -0.963931356898957, -0.9646335778933814, -0.965341534478307, -0.9660552207783429, -0.9667746085243828, -0.9674996471093478, -0.9682302637547658, -0.9689663637772338, -0.9697078309445805, -0.9704545279132402, -0.9712062967397836, -0.9719629594613333, -0.9727243187412089, -0.9734901585777812, -0.9742602450757916, -0.9750343272805587, -0.9758121380761667, -0.9765933951492037, -0.9773778020196371, -0.978165049139939, -0.9789548150629769, -0.9797467676780643, -0.9805405655130991, -0.9813358590992909, -0.9821322923929721, -0.9829295042472698, -0.9837271299243274, -0.9845248026369583, -0.9853221551067666, -0.9861188211242169, -0.9869144370947667, -0.9877086435541754, -0.9885010866354734, -0.9892914194698357, -0.9900793035038893, -0.9908644097166683, -0.9916464197206901, -0.9924250267331839, -0.9931999364058423, -0.9939708675037714, -0.9947375524273807, -0.9954997375740002, -0.99625718353938, -0.9970096651627348, -0.9977569714222302, -0.9984989051912497, -0.9992352828686041, -0.9999659338986654, -1.0006907001993173, -1.0014094355175487, -1.002122004733145, -1.002828283131503, -1.0035281556660658, -1.0042215162299208, -1.0049082669544094, -1.005588317550257, -1.0062615847043157, -1.0069279915416494, -1.0075874671597222, -1.008239946238028, -1.0088853687232406, -1.0095236795870743, -1.010154828651214, -1.0107787704714823, -1.0113954642717269, -1.012004873916553, -1.012606967911684, -1.0132017194204512]}