{"FCI": -1.2447842234670006, "Energy": -1.1861548893101053, "Loss": [-0.05996253901213816, -0.07030927660523464, -0.08070773201798623, -0.09115378491433562, -0.10164321919170098, -0.11217172234154192, -0.12273488635825316, -0.13332820970352907, -0.1439471001857719, -0.15458687865133625, -0.16524278339034365, -0.1759099751654567, -0.18658354278253647, -0.19725850913663384, -0.20792983768213277, -0.21859243928738575, -0.22924117943706643, -0.2398708857358862, -0.25047635564387505, -0.2610523643379954, -0.2715936725531082, -0.2820950342161537, -0.2925512036615607, -0.3029569422143751, -0.31330702395913745, -0.3235962405825413, -0.33381940528630105, -0.3439713559083619, -0.35404695755436655, -0.3640411052120091, -0.3739487269791095, -0.3837647886615878, -0.3934843005695915, -0.40310232734174994, -0.41261400154721994, -0.422014541648743, -0.43129927466317847, -0.4404636635441499, -0.4495033389601448, -0.45841413478385157, -0.4671921262829537, -0.47583366974855934, -0.48433544214984803, -0.49269447938736904, -0.5009082118418277, -0.5089744961679998, -0.5168916426313328, -0.5246584376741981, -0.532274161767281, -0.5397386028883815, -0.5470520661325267, -0.5542153799778812, -0.5612298996256742, -0.5680975076399407, -0.5748206118875299, -0.5814021405736214, -0.5878455340224841, -0.5941547327879344, -0.600334161693995, -0.6063887094898427, -0.6123237039332081, -0.6181448822694918, -0.6238583572309653, -0.6294705788264514, -0.6349882923188946, -0.6404184928918077, -0.6457683775858852, -0.6510452951453645, -0.6562566944523304, -0.6614100722490038, -0.666512920854301, -0.6715726765737747, -0.6765966694815775, -0.6815920752202699, -0.6865658694188114, -0.6915247852715288, -0.6964752747514922, -0.7014234738514089, -0.7063751721553106, -0.711335786946844, -0.7163103419573892, -0.7213034507526581, -0.7263193046532789, -0.7313616649871018, -0.7364338593821084, -0.7415387817334718, -0.7466788954193436, -0.7518562393009411, -0.7570724360257488, -0.7623287021592562, -0.7676258597007549, -0.7729643485904809, -0.7783442398857474, -0.7837652493668161, -0.7892267514233219, -0.79472779316034, -0.8002671087421879, -0.805843134053838, -0.8114540217985943, -0.817097657162919, -0.8227716741646798, -0.8284734727628251, -0.8342002367503781, -0.839948952387289, -0.8457164276644037, -0.8514993120334997, -0.8572941163990555, -0.8630972331496186, -0.8689049560129526, -0.8747134995470931, -0.8805190181258437, -0.8863176243339569, -0.8921054067471034, -0.8978784471255012, -0.9036328370909882, -0.9093646943789289, -0.9150701787568306, -0.9207455076802754, -0.9263869717181248, -0.9319909497279247, -0.9375539237078419, -0.9430724932000003, -0.9485433890807039, -0.953963486549808, -0.9593298171283552, -0.9646395794895722, -0.9698901489809233, -0.9750790857381092, -0.9802041413392618, -0.9852632639919935, -0.9902546022812625, -0.9951765075284749, -1.0000275348206848, -1.004806442764203, -1.0095121920040635, -1.0141439425344274, -1.0187010498109288, -1.0231830596698848, -1.0275897020631675, -1.0319208836334548, -1.036176679179648, -1.0403573220939129, -1.044463193884366, -1.0484948129262799, -1.0524528226056271, -1.0563379790293022, -1.0601511384759648, -1.0638932447519265, -1.0675653166004677, -1.0711684352949427, -1.074703732528512, -1.0781723787001098, -1.0815755716874431, -1.0849145261935573, -1.0881904637518327, -1.0914046034724392, -1.094558153609113, -1.0976523040162567, -1.1006882195524583, -1.103667034467704, -1.1065898477896623, -1.109457719701704, -1.112271668884229, -1.115032670773242, -1.1177416566769809, -1.1203995136830491, -1.1230070852837752, -1.1255651726450309, -1.1280745364425957, -1.1305358991882222, -1.1329499479654948, -1.1353173374924457, -1.1376386934258869, -1.1399146158208107, -1.1421456826599516, -1.144332453372513, -1.1464754722683217, -1.1485752718232463, -1.1506323757624461, -1.1526473018994328, -1.1546205646992855, -1.1565526775438109, -1.158444154684235, -1.1602955128738928, -1.1621072726793016, -1.1638799594739553, -1.1656141041248722, -1.1673102433879532, -1.1689689200337239, -1.1705906827300474, -1.1721760857121946, -1.1737256882729346, -1.1752400541060444, -1.1767197505361258, -1.1781653476656875, -1.1795774174683813, -1.180956532854637, -1.1823032667332534, -1.1836181910902774, -1.184901876103724]}