{"FCI": -1.0873240054222568, "Energy": -1.0615085725578, "Loss": [-0.9476646662845709, -0.9567878323464409, -0.9625664308987236, -0.9669711219900089, -0.9705993638627686, -0.9737256840148164, -0.9765036055815767, -0.9790292701065236, -0.9813669915855362, -0.9835612266343301, -0.985642972368724, -0.9876337118462792, -0.9895481859621981, -0.991396473284515, -0.9931855397388065, -0.9949203379499221, -0.9966045393482428, -0.9982409904056119, -0.9998319773186456, -1.0013793677157161, -1.0028846817091495, -1.0043491304615364, -1.0057736477850647, -1.0071589286034852, -1.0085054781093974, -1.0098136685213774, -1.0110837972588578, -1.0123161406057117, -1.0135109990819897, -1.014668733253467, -1.0157897906113054, -1.0168747251696275, -1.0179242117202612, -1.018939056535994, -1.0199202059116157, -1.0208687532582115, -1.0217859442765096, -1.0226731776265023, -1.0235319952458484, -1.0243640528890436, -1.0251710609339495, -1.025954693831725, -1.026716485820003, -1.0274577486749623, -1.0281795431177854, -1.0288827067281954, -1.0295679140326008, -1.0302357400684468, -1.0308867110242024, -1.0315213384646387, -1.0321401401092352, -1.0327436514538166, -1.0333324317131247, -1.0339070663859276, -1.034468167808208, -1.0350163744374237, -1.0355523492244008, -1.0360767771959731, -1.0365903622310835, -1.0370938229303448, -1.037587887436817, -1.0380732870581728, -1.0385507485709973, -1.0390209851621734, -1.0394846860880762, -1.0399425053079887, -1.0403950495625987, -1.0408428665900387, -1.0412864343536183, -1.0417261522378458, -1.0421623351034042, -1.0425952108555143, -1.0430249218009604, -1.0434515296198708, -1.043875023358991, -1.0442953295567046, -1.044712323487819, -1.045125840568549, -1.0455356871439525, -1.04594165012563, -1.0463435051952648, -1.0467410234969665, -1.0471339768891934, -1.0475221419155814, -1.0479053026933862, -1.0482832529237498, -1.0486557972129669, -1.049022751868556, -1.049383945306829, -1.049739218179751, -1.0500884233146863, -1.050431425497052, -1.0507681012960879, -1.0510983367837032, -1.0514219805257192, -1.0517364754373604, -1.0520051780343318, -1.0523115068496662, -1.0526259346148361, -1.0529220994421897, -1.0532044025368177, -1.0534793046347157, -1.0537459865004737, -1.0540058911804284, -1.0542585478773163, -1.0545045205287689, -1.0547431691718845, -1.0549748466094793, -1.055198120665291, -1.0554133237385428, -1.0556169871916192, -1.0558149929722298, -1.0560042078362837, -1.056196429844057, -1.0563809968968711, -1.0565628288146287, -1.0567356267326196, -1.0569031276687304, -1.0570632083746323, -1.0572182565116275, -1.0573668045671507, -1.0575105878438413, -1.0576478901600415, -1.0577806492204544, -1.0579065080848324, -1.0580289850672773, -1.0581451524017063, -1.058260709101334, -1.0583714774173834, -1.0584821531453437, -1.0585879619985077, -1.058691967069952, -1.0587910757035612, -1.0588876353774959, -1.0589797509914367, -1.0590693006701675, -1.059154733516089, -1.0592378576439343, -1.0593171788711702, -1.0593949070105353, -1.0594695463748085, -1.0595435942891627, -1.059615243377186, -1.0596864390013125, -1.0597551786106343, -1.0598227784834011, -1.059887704599343, -1.0599510081092265, -1.060011689444839, -1.0600706579677162, -1.0601272095837917, -1.0601822145148465, -1.060235129531827, -1.0602868672777794, -1.0603369439626398, -1.0603861961004326, -1.060434064608975, -1.0604811114647972, -1.0605267530664522, -1.0605713041597915, -1.0606143528693528, -1.0606560893645811, -1.0606963404044447, -1.0607352236909373, -1.0607727636229958, -1.060809020847555, -1.0608441659046386, -1.060878189558789, -1.0609113457149777, -1.0609435008237855, -1.0609749305625265, -1.0610053425365484, -1.0610350359174752, -1.0610635980981007, -1.0610914012639747, -1.0611179720965231, -1.0611437836417197, -1.0611683320038339, -1.0611921840285572, -1.0612148116639106, -1.0612368481086287, -1.0612577362989606, -1.061278132016207, -1.0612974426676598, -1.0613163005137534, -1.0613340887455303, -1.0613513929423692, -1.0613676087551642, -1.061383276403662, -1.0613978463313802, -1.0614118175208522, -1.061424724367885, -1.0614370169330427, -1.0614483282520788, -1.061459038386313, -1.0614688839645217, -1.0614781460373193, -1.061486664826528, -1.0614945981075878, -1.0615018914286987]}