{"FCI": -1.2735345211687557, "Energy": -0.4984411280615958, "Loss": [-0.28416601124935603, -0.28479120530042024, -0.2854192341332483, -0.2860501196706748, -0.28668388395712713, -0.2873205491582775, -0.28796013756065986, -0.288602671571268, -0.2892481737171344, -0.28989666664486874, -0.29054817312019116, -0.2912027160274237, -0.2918603183689642, -0.2925210032647315, -0.29318479395157987, -0.2938517137826953, -0.29452178622695274, -0.29519503486825505, -0.2958714834048381, -0.2965511556485419, -0.29723407552406905, -0.2979202670681899, -0.2986097544289367, -0.2993025618647568, -0.2999987137436388, -0.30069823454220207, -0.3014011488447597, -0.3021074813423456, -0.30281725683170657, -0.3035305002142687, -0.3042472364950541, -0.3049674907815819, -0.3056912882827223, -0.30641865430751414, -0.30714961426395415, -0.3078841936577457, -0.30862241809100777, -0.3093643132609472, -0.31010990495850504, -0.31085921906693803, -0.3116122815603958, -0.3123691185024238, -0.31312975604445303, -0.31389422042423715, -0.31466253796424926, -0.31543473507003733, -0.31621083822854384, -0.3169908740063776, -0.3177748690480391, -0.3185628500741142, -0.31935484387941104, -0.32015087733106773, -0.32095097736659095, -0.32175517099188594, -0.3225634852792012, -0.32337594736505637, -0.32419258444810917, -0.3250134237869806, -0.3258384926980292, -0.326667818553083, -0.3275014287771143, -0.3283393508458746, -0.3291816122834739, -0.3300282406599143, -0.33087926358856773, -0.33173470872361027, -0.33259460375740485, -0.3334589764178179, -0.33432785446551133, -0.33520126569115494, -0.3360792379125973, -0.3369617989719931, -0.33784897673285685, -0.3387407990770837, -0.33963729390189307, -0.340538489116739, -0.34144441264015374, -0.3423550923965353, -0.3432705563128896, -0.34419083231549913, -0.3451159483265515, -0.34604593226070246, -0.34698081202158576, -0.3479206154982586, -0.348865370561599, -0.34981510506064223, -0.3507698468188485, -0.35172962363032545, -0.3526944632559944, -0.35366439341967504, -0.35463944180413876, -0.35561963604708163, -0.3566050037370476, -0.357595572409294, -0.35859136954158527, -0.35959242254994, -0.3605987587843067, -0.36161040552419105, -0.3626273899742069, -0.36364973925957716, -0.3646774804215801, -0.3657106404129119, -0.3667492460930215, -0.3677933242233469, -0.3688429014625255, -0.3698980043615182, -0.3709586593586887, -0.37202489277481393, -0.37309673080803374, -0.3741741995287483, -0.3752573248744413, -0.376346132644457, -0.37744064849471287, -0.37854089793234325, -0.3796469063102954, -0.3807586988218614, -0.38187630049515336, -0.38299973618751537, -0.3841290305798756, -0.3852642081710538, -0.3864052932719961, -0.3875523099999561, -0.38870528227262435, -0.3898642338021983, -0.3910291880893964, -0.3922001684174165, -0.3933771978458375, -0.3945602992044741, -0.3957494950871703, -0.39694480784554476, -0.3981462595826831, -0.39935387214677176, -0.400567667124694, -0.40178766583557296, -0.4030138893242514, -0.40424635835474027, -0.4054850934036174, -0.4067301146533707, -0.4079814419856993, -0.40923909497478805, -0.4105030928805038, -0.41177345464157566, -0.41305019886873673, -0.41433334383780895, -0.4156229074827541, -0.41691890738869986, -0.41822136078490924, -0.41953028453773517, -0.42084569514353, -0.4221676087215195, -0.4234960410066638, -0.4248310073424634, -0.42617252267376826, -0.4275206015395255, -0.4288752580655401, -0.43023650595717616, -0.4316043584920714, -0.4329788285128086, -0.43435992841957144, -0.43574767016279903, -0.4371420652358137, -0.43854312466744233, -0.43995085901462344, -0.44136527835500844, -0.4427863922795674, -0.44421420988516114, -0.44564873976715474, -0.44708999001199035, -0.4485379681897917, -0.4499926813469514, -0.45145413599875084, -0.45292233812196386, -0.4543972931474909, -0.4558790059529938, -0.457367480855559, -0.4588627216043799, -0.4603647313734441, -0.46187351275427085, -0.4633890677486554, -0.4649113977614537, -0.46644050359339456, -0.4679763854339307, -0.4695190428541271, -0.471068474799587, -0.47262467958342314, -0.47418765487928805, -0.47575739771443204, -0.4773339044628273, -0.4789171708383427, -0.4805071918879926, -0.48210396198522165, -0.48370747482327264, -0.48531772340862006, -0.4869347000544624, -0.4885583963743171, -0.4901888032756585, -0.49182591095366274, -0.49346970888501984, -0.4951201858218499, -0.49677732978568834]}