{"FCI": -1.0527018133797261, "Energy": -1.0430829161106843, "Loss": [0.2899003846477288, 0.27643549030298886, 0.2639200195966352, 0.25223930854396315, 0.24127671521113941, 0.23091678071301996, 0.2210472902944428, 0.2115604081565411, 0.20235307765580024, 0.1933268715321278, 0.18438745610898788, 0.17544380738907617, 0.1664072913040663, 0.1571906984239078, 0.1477073068492821, 0.1378700363120447, 0.12759075146660634, 0.1167797722572736, 0.10534565299759689, 0.09319529791054731, 0.08023448737750953, 0.06636889343337524, 0.05150566179249418, 0.03555562681876584, 0.018436200750625194, 7.493457715428142e-05, -0.01958631825911923, -0.0405867934903143, -0.06294202967158155, -0.08663928758131631, -0.1116336659041546, -0.13784547404236241, -0.1651594265638003, -0.19342613380638418, -0.2224661655321167, -0.25207666825218183, -0.28204015981079833, -0.3121347713117335, -0.3421449342076534, -0.37187138917107865, -0.4011394623798279, -0.42980480742557403, -0.4577561942844804, -0.48491535683089154, -0.5112342976727776, -0.536690723550724, -0.5612824115738405, -0.5850212897532582, -0.6079278874978664, -0.6300266202277244, -0.6513421641303097, -0.6718969891455326, -0.6917099727504495, -0.710795922209719, -0.7291657861682741, -0.7468273288634621, -0.7637860602880593, -0.7800462519597933, -0.7956119109521949, -0.8104876274047972, -0.8246792482783176, -0.838194360272222, -0.8510425868935885, -0.8632357191303492, -0.8747877071902351, -0.8857145437593146, -0.8960340686659617, -0.9057657220039148, -0.9149302687220342, -0.923549513210228, -0.9316460180325101, -0.939242837000985, -0.9463632694101799, -0.953030639508242, -0.9592681031453887, -0.9650984819460534, -0.9705441242157777, -0.9756267910306117, -0.9803675654847691, -0.9847867828206458, -0.9889039790749818, -0.992737855898634, -0.9963062593077577, -0.9996261702731901, -1.0027137052314479, -1.0055841247899802, -1.0082518490900574, -1.010730478476703, -1.013032818300096, -1.0151709068359485, -1.0171560454604165, -1.0189988303486697, -1.0207091850849817, -1.0222963936771217, -1.0237691335591546, -1.025135508246337, -1.02640307937418, -1.027578897912096, -1.028669534391807, -1.0296811080324901, -1.0306193146795564, -1.031489453503285, -1.032296452427156, -1.0330448922755535, -1.0337390296460423, -1.0343828185240374, -1.0349799306675886, -1.0355337747973192, -1.0360475146324282, -1.036524085817506, -1.0369662117877536, -1.0373764186217573, -1.0377570489318133, -1.0381102748417952, -1.0384381101021276, -1.0387424213904335, -1.0390249388452382, -1.0392872658784762, -1.0395308883109555, -1.039757182873013, -1.0399674251107396, -1.0401627967361315, -1.0403443924576716, -1.0405132263256855, -1.0406702376251764, -1.0408162963466683, -1.0409522082639815, -1.04107871964603, -1.0411965216280064, -1.0413062542657898, -1.0414085102958546, -1.0415038386214048, -1.0415927475443183, -1.0416757077608478, -1.0417531551381547, -1.0418254932873008, -1.0418930959474202, -1.0419563091947497, -1.0420154534890944, -1.0420708255697022, -1.0421227002113544, -1.0421713318509829, -1.0422169560941987, -1.0422597911105709, -1.042300038925796, -1.0423378866183075, -1.0423735074273788, -1.042407061779213, -1.0424386982370557, -1.0424685543809478, -1.0424967576222977, -1.0425234259580716, -1.0425486686691066, -1.0425725869666247, -1.0425952745908027, -1.042616818364957, -1.042637298708626, -1.0426567901125243, -1.0426753615783555, -1.0426930770258982, -1.0427099956699142, -1.0427261723691021, -1.0427416579490922, -1.0427564995015364, -1.042770740660936, -1.0427844218609532, -1.0427975805716807, -1.0428102515192992, -1.042822466889446, -1.0428342565154423, -1.042845648052593, -1.0428566671395143, -1.0428673375475217, -1.0428776813188716, -1.0428877188947963, -1.0428974692340105, -1.04290694992242, -1.0429161772746776, -1.0429251664282364, -1.0429339314303867, -1.0429424853188465, -1.0429508401963923, -1.0429590072998938, -1.0429669970642945, -1.0429748191817985, -1.0429824826566996, -1.042989995856089, -1.0429973665568884, -1.0430046019893053, -1.0430117088771051, -1.043018693474917, -1.0430255616027302, -1.043032318677865, -1.0430389697445643, -1.0430455195013768, -1.0430519723265308, -1.043058332301431, -1.0430646032323754, -1.0430707886707162, -1.0430768919314903]}