{"FCI": -1.2735345211687557, "Energy": -1.2562834899281745, "Loss": [-0.5445651294311801, -0.5607838209492101, -0.5718540245842778, -0.5808181243020786, -0.588661986351824, -0.5958862725568841, -0.60280518416747, -0.6096169398877813, -0.6164242349031059, -0.6232643492900255, -0.6301428053482362, -0.6370540987103442, -0.6439904523363773, -0.6509447248136977, -0.6579111364219481, -0.6648852861990604, -0.6718639709735686, -0.6788449699654056, -0.6858268408935384, -0.6928087351407424, -0.6997902285091634, -0.7067711630828306, -0.7137514987225124, -0.7207311771616831, -0.7277100055852784, -0.7346875680573158, -0.7416631710045067, -0.7486358235679739, -0.755604247206613, -0.7625669043322058, -0.7695220347504456, -0.7764676910361447, -0.7834017679763756, -0.7903220249927875, -0.7972261029022125, -0.8041115373144475, -0.8109757707880877, -0.8178161651284311, -0.8246300143942951, -0.8314145585752342, -0.8381669975993592, -0.8448845052800712, -0.8515642428946324, -0.8582033722068861, -0.8647990678423738, -0.871348528978702, -0.8778489903314947, -0.8842977324092126, -0.8906920909886551, -0.8970294657338488, -0.9033073278468863, -0.9095232266014623, -0.9156747945728565, -0.921759751350831, -0.9277759055267861, -0.9337211548181321, -0.9395934843797262, -0.9453909636954795, -0.9511117429375988, -0.9567540502207442, -0.9623161915321938, -0.9677965549953379, -0.9731936203387563, -0.9785059731093202, -0.9837323217220995, -0.988871514503818, -0.9939225540425366, -0.9988846077254737, -1.0037570160174236, -1.0085393025491485, -1.013231190805311, -1.0178326305734084, -1.0223438343852624, -1.026765320808053, -1.031097956309757, -1.0353429781641086, -1.0395019705077486, -1.0435767720746565, -1.0475693386701233, -1.0514816371573712, -1.0553156267522683, -1.0590729286438025, -1.0627310023819387, -1.0663274223801589, -1.0699006519712528, -1.0733846322434275, -1.076798912675138, -1.0801515368108527, -1.0834463556084257, -1.0866863332170358, -1.0898740422764075, -1.0930116055905048, -1.0961007557546738, -1.0991426957080797, -1.1021382793120824, -1.105087487749076, -1.1079895143714107, -1.1108425075253743, -1.1136556853457396, -1.1164330388892771, -1.119169325303931, -1.1218596973667605, -1.124506749950166, -1.1271112224121487, -1.129674756353279, -1.1321977536890668, -1.1346813653943337, -1.1371258301782787, -1.1395321910281118, -1.141900565327311, -1.144233194517161, -1.1465314574995666, -1.1487983886857502, -1.1510326518722123, -1.1532351583300107, -1.155405436771008, -1.1575452453034558, -1.1596550183239587, -1.1617363355913808, -1.1637896224918962, -1.1658162769226506, -1.167816597415124, -1.1697921647878204, -1.1717432428886354, -1.173671728767776, -1.1755772949200936, -1.1774612286790742, -1.179322585943564, -1.1811623162066485, -1.18297966058974, -1.184775474337469, -1.186549055005646, -1.1883011637717587, -1.190030959905954, -1.1917393284992068, -1.1934252008152315, -1.195089905203571, -1.1967319754640398, -1.1983533065454908, -1.1999517987329218, -1.201529614132164, -1.2030841233137548, -1.2046173609583948, -1.2061266782018316, -1.2076138886231635, -1.2090764273750325, -1.2105161112971725, -1.2119312074672144, -1.2133256657933662, -1.2146992602615336, -1.216054070445125, -1.21738612384761, -1.21869606713322, -1.2199817139703526, -1.2212447291440884, -1.2224838936431406, -1.2237006749999257, -1.2248938873246007, -1.2260648648464305, -1.2272123653573428, -1.2283380239528445, -1.2294408284781086, -1.2305229855375972, -1.2315832557854813, -1.2326232094465794, -1.2336407885268692, -1.2346371145197652, -1.2356105770278725, -1.2365624873448378, -1.2374917895342379, -1.2383998011757305, -1.2392856644670793, -1.240150591799229, -1.2409937421472683, -1.2418162326744788, -1.2426173024859533, -1.2433980221551315, -1.244157797149205, -1.2448973041567999, -1.2456162357662715, -1.2463145544137748, -1.246993491799658, -1.2476523834349869, -1.2482933615559797, -1.2489142934524682, -1.2495159502809683, -1.2500968061364428, -1.2506570006507807, -1.2511970464661402, -1.2517179546368076, -1.2522227511635622, -1.2527105355605568, -1.253181326927187, -1.2536323253060409, -1.2540634475576486, -1.2544734549396093, -1.2548620394507486, -1.2552365867501913, -1.2555981763977848, -1.2559497480218889]}