{"FCI": -1.2430558295908476, "Energy": -1.214385863661895, "Loss": [-0.642281475393252, -0.6541363253426792, -0.662990728796165, -0.6705529209970313, -0.6773702124728319, -0.6836978118689123, -0.68967848055749, -0.695401392832392, -0.7009265982577625, -0.7062968387282726, -0.7115438901854062, -0.7166922415167324, -0.7217613572227506, -0.7267671266905653, -0.7317228086206371, -0.7366396324900608, -0.7415271423269936, -0.7463933317645116, -0.7512446132799726, -0.7560856829104899, -0.7609193706080642, -0.7657465793973977, -0.770566389129749, -0.7753763357589285, -0.7801728100792863, -0.7849514885236719, -0.7897077207630724, -0.7944368338591143, -0.7991343461080946, -0.8037961036935053, -0.8084183601941332, -0.8129978180202007, -0.8175316467029641, -0.8220174884181778, -0.8264534573317529, -0.8308381365560564, -0.8351705745520273, -0.8394502814552351, -0.8436772248080594, -0.8478518233646868, -0.8519749368869294, -0.8560478491278504, -0.8600722405641954, -0.8640501470696779, -0.8679839009523097, -0.8718760520687057, -0.8757292695156826, -0.879546228786543, -0.8833294945869821, -0.8870814140180098, -0.8908040361969015, -0.894499070895263, -0.898167890867574, -0.9018115731592447, -0.9054309676896535, -0.9090267792156612, -0.9125996511372457, -0.9161502443447883, -0.9196793090454944, -0.9231877507984385, -0.9266766934405843, -0.9301475413689906, -0.9336020419574271, -0.9370423456865727, -0.9404710565936572, -0.9438912587990257, -0.9473064970201028, -0.9507206832118569, -0.9541379038903498, -0.9575621208275004, -0.9609967941999361, -0.9644445004963811, -0.9679066412703223, -0.9713833197663306, -0.9748734049365689, -0.9783747402685683, -0.9818844225034344, -0.985399080533728, -0.9889151112584958, -0.9924288568245683, -0.9959367259751446, -0.9994352703477967, -1.0029212279730535, -1.0063915445087328, -1.0098433801771454, -1.0132741080058458, -1.0166813071336105, -1.0200627536306057, -1.023416410386467, -1.02674041702528, -1.0300330804172222, -1.0332928661042222, -1.0365183907949693, -1.0397084159811456, -1.0428618426620067, -1.0459777071236547, -1.0490551776938624, -1.0520935523762045, -1.0550922572539976, -1.0580508455416113, -1.0609689971456935, -1.0638465185799746, -1.0666833430539189, -1.069479530527559, -1.072235267494381, -1.0749508662227776, -1.0776267631638548, -1.080263516203215, -1.0828618005129154, -1.0854224023053936, -1.0879462097042436, -1.0904340748445587, -1.0928816675324153, -1.0952593674754572, -1.0976846801713673, -1.1000485282103587, -1.1023757997834183, -1.1046733353125222, -1.1069433226239747, -1.1091870790728382, -1.1114059284666893, -1.1136010821524418, -1.1157737963478995, -1.1179252332934055, -1.1200565519142625, -1.12216872968315, -1.124262649288803, -1.1263388166227348, -1.1283975487656606, -1.1304382286594712, -1.1324597010216384, -1.1344581950288775, -1.1364442634557008, -1.1384144206776123, -1.1403660120966237, -1.1422928215386827, -1.1441965405086496, -1.1460760223415454, -1.1479311945208304, -1.1497608584425818, -1.1515646134833148, -1.153341343502903, -1.155090735905259, -1.156811588868912, -1.1585039149214875, -1.1601660159881073, -1.1617999079868522, -1.1634036413120525, -1.1649812608806998, -1.1665283631428962, -1.1680470511136003, -1.169535260476588, -1.170994763025361, -1.1724248584769457, -1.1738269104715267, -1.175200495648369, -1.176546926728969, -1.1778656797308742, -1.179158354723153, -1.1804239674614725, -1.1816649977011355, -1.1828795271651211, -1.1840709879444502, -1.1852353972712155, -1.1863785079573324, -1.1874952342944893, -1.188595103426544, -1.1896696709981773, -1.1907235470414568, -1.1917531306758533, -1.1927601857546926, -1.1937407703910223, -1.194691667887761, -1.195615546518377, -1.1965201342570702, -1.197439982254529, -1.1983412719521829, -1.1992209493369888, -1.2000738667240023, -1.2009056130785731, -1.2017165988310408, -1.2025088150184144, -1.2032817126243303, -1.204036213142583, -1.2047707602975037, -1.2054864555229532, -1.2061810391882912, -1.206860966692661, -1.2075257772579557, -1.2081835682954456, -1.208826851619651, -1.2094564393242295, -1.2100679249437476, -1.2106633172146226, -1.2112414461999417, -1.2118042018437183, -1.2123505448864518, -1.2128821298659076, -1.213397564186309, -1.2138992668662647]}