{"FCI": -1.2675874487922068, "Energy": -1.2486648568608318, "Loss": [-0.11245241312640217, -0.11961269138788111, -0.12677937075479967, -0.1339513793792063, -0.14113164152172109, -0.14833088617461673, -0.15557200403281485, -0.16288923688045948, -0.170317596546222, -0.1778817672675546, -0.18559454007313542, -0.19346074598459465, -0.2014807806220162, -0.2096525210311878, -0.21797222269355462, -0.226434934278134, -0.2350347028713575, -0.24376469022108582, -0.2526172523539667, -0.261584006054929, -0.27065589336429763, -0.27982324977544726, -0.28907587924490386, -0.2984031378221924, -0.30779402697555613, -0.3172372972312552, -0.32672156242807654, -0.3362354246633201, -0.3457676098567323, -0.35530711378394747, -0.364843358423735, -0.37436635848667954, -0.3838668979466773, -0.3933367160803227, -0.4027687015981353, -0.4121570914578705, -0.4214976673603555, -0.4307879373853558, -0.4400272829462267, -0.4492170435746134, -0.4583605069099605, -0.4674627729467248, -0.47653047421899036, -0.4855713582676788, -0.49459377057699583, -0.5036061042185855, -0.5126162942233334, -0.5216314236828178, -0.5306574789311634, -0.5396992554132118, -0.5487603872675862, -0.5578434594277274, -0.5669501607212194, -0.5760814449196165, -0.585237678184909, -0.5944187618632322, -0.6036242273081449, -0.6128533041955627, -0.6221049662145157, -0.6313779588578994, -0.6406708139602423, -0.6499818551026433, -0.6593091973163547, -0.6686507438217716, -0.678004181910922, -0.687366979543038, -0.6967363837741879, -0.7061094217726851, -0.7154829048684943, -0.7248534358354929, -0.7342174194001256, -0.7435710758023546, -0.7529104571008786, -0.7622314658118237, -0.7715298753975244, -0.7808013520787415, -0.7900414774286393, -0.7992457712182485, -0.8084097140186557, -0.8175287691207924, -0.8265984034056775, -0.8356141068809995, -0.8445714106887107, -0.8534659034780252, -0.86229324612318, -0.8710491848417774, -0.8797295628331728, -0.8883303306048818, -0.8968475551864885, -0.905277428444313, -0.9136162747069432, -0.9218605578930972, -0.9300068883012105, -0.9380520291786936, -0.9459929031405896, -0.9538265984570204, -0.9615503751798944, -0.9691616710354778, -0.976658106973465, -0.9840374922379284, -0.9912978288117271, -0.9984373150849066, -1.0054543486082987, -1.0123475278152032, -1.0191156526243361, -1.0257577238736824, -1.0322729415747764, -1.0386607020166407, -1.0449205937859045, -1.051052392800926, -1.0570560564819809, -1.0629317171945005, -1.0686796751079433, -1.0743003906090576, -1.0797944763964757, -1.0851626893650232, -1.0904059223655347, -1.0955251959014096, -1.1005216497994912, -1.1053965348721082, -1.110151204571329, -1.114787106626955, -1.1193057746568345, -1.123708819742156, -1.127997921969858, -1.1321748219587164, -1.1362413124026605, -1.1401992296823884, -1.1440504456131095, -1.1477968594095511, -1.1514403899582386, -1.154982968490511, -1.1584265317471236, -1.1617730157168404, -1.1650243500177797, -1.1681824529726192, -1.1712492274080444, -1.1742265571873112, -1.1771163044633073, -1.1799203076198639, -1.1826403798523182, -1.185278308325241, -1.187835853836246, -1.1903147509099345, -1.192716708245097, -1.1950434094403508, -1.1972965139283742, -1.1994776580551365, -1.2015884562479697, -1.2036305022237483, -1.2056053701955818, -1.2075146160427124, -1.2093597784139412, -1.211142379739352, -1.212863927129101, -1.2145259131413815, -1.216129816404957, -1.2176771020848818, -1.2191692221835926, -1.2206076156733403, -1.221993708460146, -1.2233289131838079, -1.224614628862939, -1.2258522403981629, -1.227043117950352, -1.2281886162138538, -1.2292900736068972, -1.2303488114024972, -1.2313661328236163, -1.2323433221255369, -1.2332816436868907, -1.2341823411289157, -1.235046636479617, -1.2358757293970368, -1.2366707964627042, -1.2374329905538077, -1.2381634402998358, -1.2388632496272192, -1.2395334973935066, -1.2401752371105612, -1.2407894967551385, -1.2413772786634265, -1.2419395595052298, -1.2424772903325267, -1.2429913966960375, -1.2434827788230094, -1.2439523118488693, -1.2444008460950216, -1.244829207385138, -1.2452381973924525, -1.245628594010853, -1.2460011517433278, -1.2463566021020283, -1.2466956540150513, -1.2470189942360643, -1.2473272877538317, -1.247621178199481, -1.2479012882502512, -1.248168220029178, -1.2484225555004476]}