{"FCI": -1.1917623439771352, "Energy": -1.1513255673258234, "Loss": [-0.8330612463371462, -0.8380278132793427, -0.8429904276736597, -0.8479436383353268, -0.8528819958265919, -0.8578000454543002, -0.862692326977661, -0.8675533810363274, -0.8723777626449363, -0.8771600621741704, -0.8818949342967325, -0.8865771354208938, -0.891201570136003, -0.8957633471079043, -0.9002578446199443, -0.9046807854661048, -0.9090283200526036, -0.913297115238592, -0.9174844445765943, -0.9215882732674762, -0.9256073286535613, -0.9295411451461564, -0.9333900722082629, -0.9371552365803538, -0.9408384560138497, -0.9444421107108909, -0.9479689880909702, -0.9514221229600954, -0.9548046557918903, -0.9581197261371419, -0.9613704084424313, -0.9645596875462874, -0.9676904640332252, -0.9707655767651706, -0.9737878307134471, -0.9767600211584146, -0.9796849488821164, -0.9825654241354049, -0.9854042594745357, -0.9882042529975205, -0.9909681642317926, -0.9936986851453272, -0.9963984086634782, -0.9990697968130152, -1.0017151502747748, -1.0043365807636022, -1.0069359872996726, -1.0095150371061141, -1.0120751515721589, -1.0146174974632873, -1.0171429833402719, -1.0196522609686394, -1.0221457313568865, -1.0246235549542189, -1.0270856654638436, -1.0295317866827602, -1.0319614517600157, -1.0343740242682455, -1.0367687205045213, -1.0391446324716496, -1.0415007510367946, -1.043835988816947, -1.046149202397848, -1.0484392135514793, -1.0507048291758547, -1.0529448597373388, -1.0551581360497726, -1.057343524274639, -1.0594999390727955, -1.0616263548799083, -1.0637218153149164, -1.065785440763774, -1.067816434208972, -1.0698140853993119, -1.0717777734744556, -1.0737069681742282, -1.0756012297745512, -1.0774602078996678, -1.0792836393642602, -1.081071345199722, -1.0828232270157006, -1.084539262842141, -1.0862195025881651, -1.0878640632429202, -1.0894731239305966, -1.0910469209172884, -1.0925857426522578, -1.0940899249108653, -1.0955598460913818, -1.0969959227036843, -1.0983986050753864, -1.0997683732894425, -1.1011057333584318, -1.102411213633371, -1.1036853614399291, -1.1049287399316658, -1.1061419251484803, -1.107325503268473, -1.1084800680424995, -1.1096062184024595, -1.1107045562367666, -1.111775684328626, -1.1128202044548885, -1.1138387156448686, -1.1148318125998111, -1.115800084273839, -1.1167441126171644, -1.1176644714815445, -1.1185617256863611, -1.1194364302422746, -1.1202891297272228, -1.1211203578075608, -1.1219306368953712, -1.1227204779310538, -1.123490380279201, -1.124240831724663, -1.124972308555392, -1.1256852757185478, -1.1263801870367665, -1.1270574854723456, -1.1277176034281202, -1.1283609630750497, -1.1289879766980413, -1.129599047052718, -1.1301945677274938, -1.1307749235061655, -1.131340490727566, -1.1318916376394412, -1.13242872474454, -1.1329521051371014, -1.1334621248284003, -1.1339591230599717, -1.1344434326033344, -1.134915380044839, -1.1353752860544446, -1.1358234656371675, -1.1362602283660237, -1.1366858785955196, -1.137100715654923, -1.1375050340209363, -1.1378991234696023, -1.138283269207956, -1.1386577519859407, -1.1390228481899076, -1.1393788299189083, -1.1397259650457405, -1.1400645172642814, -1.1403947461254151, -1.1407169070632517, -1.141031251413687, -1.1413380264270176, -1.141637475276185, -1.1419298370620605, -1.1422153468169192, -1.142494235506991, -1.142766730034969, -1.143033053242856, -1.1432934239158115, -1.1435480567871519, -1.1437971625448708, -1.1440409478398645, -1.1442796152959736, -1.1445133635220759, -1.1447423871262656, -1.1449668767322336, -1.1451870189978484, -1.1454029966360113, -1.1456149884376305, -1.1458231692965961, -1.1460277102366359, -1.1462287784396867, -1.146426537275548, -1.1466211463324325, -1.146812761447984, -1.147001534740439, -1.1471876146394366, -1.1473711459161249, -1.1475522697121894, -1.1477311235674452, -1.1479078414456692, -1.1480825537584516, -1.1482553873868118, -1.1484264657003498, -1.1485959085738644, -1.1487638324011824, -1.1489303501062502, -1.1490955711512612, -1.1492596015418672, -1.1494225438294086, -1.1495844971101907, -1.149745557021805, -1.149905815736581, -1.1500653619522945, -1.1502242808802243, -1.1503826542307782, -1.150540560196903, -1.1506980734355112, -1.1508552650472856, -1.1510122025551062, -1.151168949881553]}