{"FCI": -1.2237808467680051, "Energy": -1.2022925178111021, "Loss": [-0.7816556637021859, -0.7894980005767469, -0.7972489382181829, -0.8048983926468359, -0.8124364723277541, -0.8198535945148722, -0.8271406234140041, -0.8342890317483656, -0.8412910871336877, -0.8481400635363039, -0.8548304759481071, -0.86135833289834, -0.867721396151813, -0.8739194297229225, -0.8799544114962767, -0.8858306716262396, -0.8915549153356359, -0.8971360882168204, -0.9025850548044152, -0.9079140892530697, -0.9131362178358122, -0.9182644956280255, -0.9233113268689472, -0.9282879350960535, -0.9332040526812215, -0.9380678431139771, -0.9428860150654195, -0.9476640531113686, -0.9524064828810838, -0.9571171042880376, -0.961799155356573, -0.9664553997664777, -0.9710881543916596, -0.9756992838184558, -0.980290187418057, -0.9848617956451634, -0.989414581797317, -0.9939485877576962, -0.9984634586257938, -1.002958480805376, -1.0074326194996113, -1.0118845533526208, -1.0163127054649048, -1.0207152709800333, -1.0250902419415187, -1.0294354302910378, -1.0337484898568736, -1.038026938062336, -1.0422681779275056, -1.0464695207757109, -1.050628209900974, -1.0547414453083805, -1.0588064095030052, -1.0628202941724672, -1.0667803274797052, -1.0706838015553954, -1.0745280996550666, -1.078310722328868, -1.0820293118511906, -1.085681674085214, -1.089265796930405, -1.092779864536136, -1.0962222665802384, -1.0995916021181327, -1.1028866778099016, -1.1061065007160202, -1.1092502662886912, -1.1123173426257036, -1.1153072524380268, -1.1182196544444005, -1.1210543259915011, -1.1238111485726991, -1.126490097581493, -1.1290912371231778, -1.1316147200865858, -1.1340607930329354, -1.136429804879455, -1.1387222179172851, -1.140938619457737, -1.1430797323687667, -1.145146422936472, -1.1471397048303378, -1.1490607384154692, -1.1509108251778313, -1.1526913975474666, -1.154404004859472, -1.156050296535441, -1.157632003764939, -1.1591509210043789, -1.1606088884947938, -1.162007776756205, -1.163349473685305, -1.1646358745134642, -1.165868874524377, -1.1670503641291952, -1.168182225685211, -1.1692663313401515, -1.1703045411911228, -1.1712987011525913, -1.1722506401083208, -1.173162166144742, -1.1740350618931368, -1.1748710792101025, -1.1756719335724035, -1.1764392986350212, -1.17717480139479, -1.1778800183230145, -1.1785564726979603, -1.1792056332075658, -1.1798289137323967, -1.1804276740849706, -1.1810032213934532, -1.1815568117849535, -1.1820896520465647, -1.182602901011505, -1.1830976705169673, -1.1835750258909172, -1.184035986027176, -1.1844815231864951, -1.1849125627050434, -1.1853299827978785, -1.1857346146169516, -1.1861272426693643, -1.1865086056356786, -1.1868793975624101, -1.1872402693500792, -1.187591830426251, -1.1879346504855173, -1.1882692611939534, -1.1885961577879804, -1.188915800538819, -1.1892286160947185, -1.1895349987447088, -1.1898353116656635, -1.1901298882156768, -1.1904190333234663, -1.1907030249995663, -1.1909821159669454, -1.1912565353824374, -1.1915264906016783, -1.1917921689315791, -1.1920537393174842, -1.192311353924019, -1.1925651495868865, -1.1928152491322022, -1.1930617625767144, -1.1933047882331551, -1.1935444137482587, -1.19378071709759, -1.194013767552376, -1.194243626622521, -1.1944703489692021, -1.1946939832733432, -1.1949145730431658, -1.1951321573460558, -1.1953467714558206, -1.1955584474140488, -1.1957672145119722, -1.1959730997049873, -1.1961761279747258, -1.1963763226528137, -1.1965737057172303, -1.1967682980671865, -1.1969601197775046, -1.1971491903296931, -1.1973355288151493, -1.1975191541063062, -1.1977000849936605, -1.1978783402899127, -1.1980539389052323, -1.198226899899978, -1.1983972425218095, -1.1985649862333123, -1.1987301507344577, -1.1988927559817106, -1.1990528222034453, -1.1992103699099517, -1.1993654198958574, -1.1995179932333926, -1.1996681112562524, -1.1998157955352466, -1.1999610678480195, -1.2001039501459185, -1.2002444645207735, -1.2003826331737422, -1.2005184783874505, -1.2006520225013892, -1.2007832878901457, -1.2009122969435728, -1.201039072048361, -1.2011636355708069, -1.2012860098411369, -1.2014062171403657, -1.2015242796903576, -1.2016402196479326, -1.2017540591031235, -1.2018658200813204, -1.2019755245484733, -1.2020831944184025, -1.202188851561063]}