{"FCI": -1.1696834518614552, "Energy": -0.8910067485548567, "Loss": [-0.8174257736221173, -0.8179881599062346, -0.8185482165881393, -0.8191059464185283, -0.819661352252031, -0.8202144370459488, -0.8207652038589796, -0.8213136558499335, -0.8218597962764911, -0.8224036284938854, -0.8229451559536746, -0.8234843822024478, -0.8240213108805506, -0.8245559457208301, -0.8250882905473561, -0.8256183492741564, -0.8261461259039495, -0.8266716245268919, -0.8271948493193042, -0.827715804542416, -0.8282344945411169, -0.8287509237426911, -0.8292650966555857, -0.8297770178681407, -0.8302866920473743, -0.8307941239377167, -0.8312993183597909, -0.8318022802091797, -0.8323030144551937, -0.8328015261396543, -0.8332978203756802, -0.8337919023464548, -0.834283777304044, -0.834773450568185, -0.8352609275250771, -0.8357462136262086, -0.8362293143871631, -0.8367102353864325, -0.8371889822642568, -0.8376655607214545, -0.8381399765182466, -0.8386122354731146, -0.8390823434616598, -0.8395503064154373, -0.8400161303208475, -0.8404798212179839, -0.840941385199543, -0.8414008284096758, -0.8418581570429079, -0.8423133773430188, -0.8427664956019851, -0.8432175181588523, -0.8436664513986945, -0.8441133017515228, -0.844558075691241, -0.8450007797345889, -0.8454414204400855, -0.8458800044070123, -0.8463165382743751, -0.8467510287198736, -0.8471834824589155, -0.8476139062435919, -0.8480423068616925, -0.8484686911357162, -0.8488930659218814, -0.849315438109193, -0.8497358146184367, -0.8501542024012678, -0.8505706084392385, -0.8509850397428742, -0.8513975033507575, -0.851808006328603, -0.8522165557683425, -0.8526231587872447, -0.8530278225270116, -0.853430554152905, -0.8538313608528689, -0.8542302498366698, -0.854627228335052, -0.8550223035988787, -0.8554154828983026, -0.8558067735219459, -0.8561961827760679, -0.8565837179837794, -0.8569693864842223, -0.8573531956317852, -0.8577351527953381, -0.8581152653574361, -0.8584935407135729, -0.8588699862714255, -0.8592446094501011, -0.8596174176794108, -0.8599884183991401, -0.8603576190583295, -0.8607250271145676, -0.8610906500332922, -0.8614544952870937, -0.8618165703550488, -0.8621768827220221, -0.862535439878032, -0.8628922493175645, -0.8632473185389534, -0.863600655043733, -0.8639522663360035, -0.8643021599218128, -0.8646503433085498, -0.864996824004347, -0.8653416095174703, -0.865684707355742, -0.8660261250259641, -0.8663658700333461, -0.8667039498809539, -0.867040372069143, -0.8673751440950312, -0.8677082734519472, -0.8680397676289158, -0.868369634110127, -0.8686978803744498, -0.869024513894889, -0.8693495421381346, -0.8696729725640434, -0.8699948126251722, -0.8703150697663121, -0.8706337514240106, -0.8709508650261342, -0.8712664179914148, -0.8715804177289918, -0.8718928716380048, -0.8722037871071716, -0.872513171514337, -0.8728210322261019, -0.8731273765973915, -0.8734322119710825, -0.8737355456776007, -0.8740373850345574, -0.8743377373463431, -0.8746366099037928, -0.8749340099838226, -0.8752299448490612, -0.8755244217475173, -0.875817447912237, -0.8761090305609728, -0.8763991768958551, -0.8766878941030809, -0.8769751893525923, -0.8772610697977792, -0.8775455425751815, -0.8778286148041783, -0.8781102935867295, -0.8783905860070694, -0.8786694991314546, -0.8789470400078784, -0.8792232156658291, -0.879498033116008, -0.8797714993501003, -0.880043621340525, -0.8803144060401981, -0.8805838603822901, -0.8808519912800231, -0.8811188056264168, -0.8813843102941069, -0.881648512135112, -0.8819114179806361, -0.8821730346408632, -0.8824333689047827, -0.8826924275399809, -0.8829502172924625, -0.8832067448864742, -0.883462017024334, -0.8837160403862591, -0.8839688216302047, -0.8842203673917022, -0.8844706842837063, -0.8847197788964516, -0.8849676577972978, -0.8852143275306021, -0.8854597946175748, -0.8857040655561566, -0.8859471468208777, -0.8861890448627608, -0.8864297661091746, -0.8866693169637416, -0.8869077038062294, -0.8871449329924224, -0.8873810108540583, -0.8876159436986927, -0.8878497378096346, -0.8880823994458439, -0.8883139348418512, -0.8885443502076776, -0.8887736517287461, -0.8890018455658354, -0.8892289378549707, -0.8894549347073897, -0.8896798422094723, -0.8899036664226618, -0.8901264133834419, -0.8903480891032498, -0.8905686995684572, -0.8907882507403041]}