{"FCI": -1.2655724615197328, "Energy": -0.8270785097458841, "Loss": [-0.7170833137802229, -0.7202787754307676, -0.7234530797033313, -0.7266035851515822, -0.7297305590275655, -0.7328377691914782, -0.7359298820970112, -0.7390082237892663, -0.7420698058593533, -0.7451093786026493, -0.7481215109682255, -0.7511017288510015, -0.7540469312872989, -0.7569552746953602, -0.7598256019877254, -0.7626566505963686, -0.7654464592694652, -0.7681922563623065, -0.7708907707779306, -0.7735387178085786, -0.7761332256565735, -0.7786720392687189, -0.7811534247789316, -0.7835758395082493, -0.7859375739047162, -0.7882365712725037, -0.7904704810882411, -0.7926368593785494, -0.7947333937868162, -0.7967580659776597, -0.7987092110565694, -0.8005854753390168, -0.8023857121076801, -0.8041088806057277, -0.8057540082819667, -0.8073202383476143, -0.8088069376687095, -0.8102138125992694, -0.8115409842326303, -0.812789002269505, -0.8139588105577492, -0.8150516985274406, -0.8160692711961436, -0.817013451229309, -0.8178865044833501, -0.8186910676507425, -0.8194301562136714, -0.8201071396464034, -0.8207256834572485, -0.8212896688642001, -0.8218031060812084, -0.8222700545323937, -0.822694555248645, -0.8230805725660991, -0.8234319386544062, -0.8237522965211346, -0.8240450426730588, -0.8243132757784751, -0.8245597594797472, -0.8247869051981783, -0.8249967758699559, -0.8251911066610106, -0.8253713359979755, -0.8255386404774229, -0.8256939696450685, -0.8258380796569343, -0.8259715668432508, -0.8260949023927704, -0.8262084680723685, -0.8263125911831427, -0.8264075759636962, -0.8264937289258988, -0.8265713769140072, -0.8266408782686838, -0.8267026285720409, -0.8267570626462643, -0.8268046539027274, -0.8268459113004006, -0.8268813736277033, -0.8269116008669979, -0.82693716295187, -0.8269586269217318, -0.8269765439133584, -0.8269914373836761, -0.8270037934925583, -0.8270140539551202, -0.827022611202272, -0.8270298055298758, -0.8270359240326038, -0.8270412013223011, -0.8270458221211241, -0.8270499257008721, -0.8270536118662171, -0.8270569479041483, -0.8270599757950525, -0.8270627190608575, -0.8270651888549414, -0.8270673891505516, -0.8270693210442585, -0.8270709862183857, -0.8270723895482804, -0.8270735407865797, -0.827074455278168, -0.8270751537628674, -0.8270756614561805, -0.8270760066877588, -0.8270762193788246, -0.8270763295635146, -0.8270763660570201, -0.8270763553020872, -0.827076320410511, -0.8270762804406868, -0.8270762499741928, -0.8270762390403493, -0.8270762533846184, -0.8270762950112827, -0.8270763628896475, -0.8270764537143299, -0.827076562645529, -0.8270766839965875, -0.827076811858078, -0.8270769406440623, -0.8270770655311014, -0.8270771827554515, -0.827077289749685, -0.8270773851303581, -0.8270774685754819, -0.8270775406395334, -0.8270776025434181, -0.8270776559583519, -0.8270777027908004, -0.8270777449760096, -0.8270777842957656, -0.82707782224027, -0.827077859928208, -0.8270778980846997, -0.8270779370639227, -0.827077976898, -0.8270780173585686, -0.8270780580251842, -0.8270780983590234, -0.8270781377783828, -0.8270781757280106, -0.82707821173254, -0.8270782454281441, -0.8270782765733528, -0.8270783050452265, -0.8270783308275866, -0.8270783539949592, -0.8270783746926046, -0.8270783931128565, -0.8270784094699664, -0.8270784239778193, -0.8270784368343881, -0.8270784482139505, -0.827078458265209, -0.8270784671124033, -0.8270784748577034, -0.8270784815848832, -0.8270784873646715, -0.8270784922613871, -0.8270784963390638, -0.8270784996653229, -0.8270785023124061, -0.8270785043561926, -0.8270785058745107, -0.8270785069455171, -0.8270785076459578, -0.8270785080489765, -0.827078508221605, -0.8270785082227264, -0.8270785081021363, -0.8270785079008783, -0.827078507652257, -0.8270785073829084, -0.8270785071136885, -0.8270785068606017, -0.8270785066358278, -0.827078506448843, -0.8270785063071459, -0.8270785062164442, -0.8270785061804904, -0.8270785062007807, -0.8270785062764822, -0.8270785064045492, -0.8270785065798448, -0.8270785067953081, -0.8270785070422428, -0.8270785073108778, -0.8270785075911141, -0.8270785078733137, -0.8270785081489228, -0.8270785084108929, -0.8270785086539496, -0.8270785088747485, -0.8270785090718532, -0.8270785092455302, -0.8270785093973115, -0.8270785095295276, -0.8270785096448371]}