{"FCI": -1.0321107324634744, "Energy": -1.0050630205294033, "Loss": [-0.8020644019863176, -0.8046484519186015, -0.8072140749172263, -0.8097604911119161, -0.8122865791061802, -0.8147915615050129, -0.8172753505506108, -0.8197388599088115, -0.8221840053973668, -0.824613169182814, -0.8270285634779622, -0.8294321867672791, -0.8318263080590466, -0.8342138285564215, -0.8365980211761705, -0.8389817550445063, -0.8413668208213363, -0.8437537680326629, -0.8461421287925709, -0.8485307346921546, -0.8509179705904201, -0.853301940804824, -0.8556805707946337, -0.8580516704702268, -0.8604129771733057, -0.8627621889338543, -0.8650969937943932, -0.8674150982201068, -0.8697142560866254, -0.8719922989005844, -0.8742471674351296, -0.8764769446712624, -0.878679889725458, -0.8808544722581576, -0.8829994066649377, -0.8851136851360292, -0.8871966084287511, -0.8892478129445719, -0.8912672924712955, -0.8932554127980629, -0.8952129174122296, -0.8971409227273408, -0.8990409018335548, -0.9009146566131156, -0.9027642791366781, -0.9045921043634064, -0.9064006570529379, -0.9081925962209589, -0.909970660304056, -0.911737615490304, -0.9134962086283657, -0.9152491250388253, -0.9169989506787866, -0.9187481376076609, -0.9204989715931896, -0.9222535409052363, -0.9240137057463621, -0.9257810682373716, -0.9275569433139914, -0.9293423312361431, -0.9311378926351841, -0.9329439271243803, -0.9347603564879242, -0.9365867133680662, -0.9384221362155128, -0.9402653710810688, -0.9421147806268125, -0.9439683605366603, -0.9458237633151497, -0.947678329280575, -0.9495291243818638, -0.9513729842943537, -0.9532065640754905, -0.9550263924867655, -0.9568289299140097, -0.9586106286486903, -0.9603679941323336, -0.9620976456234435, -0.9637963746302513, -0.9654611993759126, -0.9670894135399613, -0.9686786275676875, -0.9702268009742405, -0.9717322643083359, -0.9731937297917574, -0.9746102901157909, -0.9759814054399513, -0.9773068792703051, -0.9785868245407229, -0.9798216218159073, -0.9810118720064304, -0.9821583462724643, -0.9832619358563799, -0.9843236044211595, -0.9853443451145658, -0.9863251440871379, -0.9872669516357789, -0.9881706615883404, -0.9890370990331011, -0.9898670160535066, -0.9906610947571988, -0.9914199565850169, -0.9921441766477215, -0.9928343016682923, -0.9934908700152901, -0.9941144323082426, -0.994705571165084, -0.9952649188400043, -0.9957931717529072, -0.9962911012133743, -0.9967595599624162, -0.9971994844620111, -0.9976118931282865, -0.9979978809101777, -0.998358610752702, -0.9986953025560613, -0.9990092202603611, -0.9993016576684626, -0.9995739235846433, -0.999827326808282, -1.0000631614872835, -1.0002826933044375, -1.0004871469353558, -1.000677695168889, -1.00085545001222, -1.001021456008871, -1.0011766858814293, -1.0013220384805444, -1.0014583388916354, -1.0015863404351628, -1.001706728209361, -1.0018201237738635, -1.0019270905620277, -1.0020281396350836, -1.0021237354439256, -1.0022143013340223, -1.0023002246036037, -1.0023818609959885, -1.0024595385678148, -1.002533560922779, -1.00260420983639, -1.0026717473231188, -1.0027364172159805, -1.0027984463425486, -1.0028580453912952, -1.0029154095679478, -1.0029707191418948, -1.0030241399760136, -1.0030758241193178, -1.0031259105204249, -1.0031745258934062, -1.003221785739295, -1.0032677954995746, -1.0033126517966775, -1.003356443702806, -1.003399253973828, -1.0034411601887898, -1.003482235746263, -1.0035225506836498, -1.003562172301816, -1.0036011655929087, -1.0036395934823605, -1.0036775169058447, -1.003714994748701, -1.0037520836794438, -1.0037888379105773, -1.0038253089202738, -1.003861545166754, -1.003897591824562, -1.0039334905670803, -1.0039692794138688, -1.004004992654163, -1.0040406608500585, -1.0040763109155397, -1.004111966261144, -1.0041476469893509, -1.004183370123826, -1.004219149855209, -1.0042549977884918, -1.0042909231797814, -1.0043269331544935, -1.0043630329024091, -1.0043992258485706, -1.0044355138012209, -1.0044718970798803, -1.004508374627389, -1.0045449441103689, -1.0045816020123441, -1.0046183437235612, -1.0046551636307222, -1.0046920552090601, -1.0047290111178775, -1.004766023299481, -1.0048030830801744, -1.00484018127097, -1.0048773082651523, -1.0049144541296653, -1.004951608687683, -1.0049887615906237, -1.0050259023785642]}