{"FCI": -1.1617635907421635, "Energy": -1.1439821500210683, "Loss": [0.3405729443041988, 0.31119691963040064, 0.2893979430517692, 0.2709424877468345, 0.2544730019118288, 0.23935454288192526, 0.22523086898363157, 0.2118790695909008, 0.19914907508892146, 0.18693438508988278, 0.17515633576971648, 0.16375496223534028, 0.15268336527675933, 0.14190407130518848, 0.13138659018530613, 0.12110572693129452, 0.1110403869806702, 0.10117271603472382, 0.09148747367106799, 0.08197157447049129, 0.07261375128760271, 0.06340430799550678, 0.05433493672527582, 0.045398579333514405, 0.03658931602222156, 0.0279022668097187, 0.019333494665658008, 0.010879902878428035, 0.0025391233998541957, -0.00569060312592456, -0.013810551953877887, -0.02182163826215157, -0.02972453548808567, -0.03751978410282767, -0.04520788877574491, -0.05278940371461299, -0.060265007448645116, -0.06763556932136441, -0.07490221052533688, -0.08206636276992364, -0.08912982776320219, -0.09609484071033655, -0.1029641410245934, -0.10974105338000066, -0.11642958196551635, -0.12303452001773292, -0.12956157482243397, -0.13601750438023733, -0.14241025436286328, -0.14874907132139692, -0.15504455038910203, -0.1613085582557959, -0.16755397019189017, -0.17379419676696573, -0.18004256280135766, -0.18631170307759654, -0.19261317730950608, -0.19895743313990788, -0.2053541115087401, -0.21181258989284307, -0.21834263386679958, -0.22495504610539135, -0.23166222751185128, -0.23847858845660563, -0.24542077806574114, -0.2525077421258693, -0.25976066485544635, -0.26720286962950407, -0.2748597237391363, -0.2827585124999782, -0.2909281449270365, -0.299398459397149, -0.30819885476498515, -0.3173560663852046, -0.32689123759791777, -0.3368169448702787, -0.34713516778648335, -0.3578369625213695, -0.36890386252954416, -0.38031034290309346, -0.39202649419779395, -0.40402030493623, -0.4162593226284307, -0.42871172171723804, -0.4413469143158657, -0.45413585001918844, -0.46705112208642974, -0.4800669619610897, -0.4931591748479048, -0.5063050488376202, -0.5194832552824395, -0.532673753338797, -0.5458576451664385, -0.559015731893751, -0.5720902543022992, -0.5851360112198197, -0.5981665273557291, -0.6110874667102291, -0.623897926367325, -0.636596239537794, -0.6491724790557263, -0.6616169486343857, -0.673919985520692, -0.6860729976389509, -0.6980678907815772, -0.7098975881650403, -0.7215554045039473, -0.7330354416875098, -0.7443309633047906, -0.7554363011947139, -0.7663491203243148, -0.7770850291868482, -0.7876320679604707, -0.7979834700643218, -0.808135465863731, -0.8180904084779749, -0.8278488153664252, -0.8374121902385492, -0.8467812998004409, -0.855957747347367, -0.8649425291998916, -0.8737376640051193, -0.8823444859751631, -0.8907676284927557, -0.8990103766326961, -0.9070781035703274, -0.9149703534301198, -0.9226899190695117, -0.930238365005744, -0.9376194709746055, -0.9448357571167887, -0.9518904183776173, -0.9587854686713526, -0.9655234134808915, -0.972105645357547, -0.9785345752919545, -0.984811373159393, -0.9909385090926428, -0.996916136306087, -1.0027454776230849, -1.0084260675160674, -1.0139589231144757, -1.0193441948235362, -1.024583073855569, -1.0296760580465827, -1.034624443985923, -1.0394289399538048, -1.0440911210827235, -1.0486119624401624, -1.0529933545153554, -1.0572363437364403, -1.0613427570868907, -1.0653135808503498, -1.0691506108023474, -1.072855129207825, -1.0764291578098848, -1.0798743684319503, -1.0831930172793232, -1.0863870747922773, -1.089459017386362, -1.0924110611919418, -1.0952458761062591, -1.0979658340070428, -1.10057367504246, -1.103071812663458, -1.1054629917947298, -1.1077496778336753, -1.1099346789070939, -1.1120204741373578, -1.11400990389668, -1.115905054908287, -1.1177091547504359, -1.1194243110131077, -1.1210586758554988, -1.1226140679060406, -1.124095586998528, -1.1255013610597076, -1.1268352925959404, -1.128099178951273, -1.129296855116504, -1.1304308553800253, -1.131504647690091, -1.1325207385300824, -1.1334825699832796, -1.134392522038612, -1.1352544790198662, -1.1360706312104296, -1.1368451204619805, -1.137579275930302, -1.1382764035487505, -1.1389372899971189, -1.1395646977471683, -1.1401597295976496, -1.1407249351079558, -1.141261562709515, -1.1417719487115234, -1.1422572270405673, -1.1427196208762493, -1.1431600559134827, -1.1435807042276953]}