{"FCI": -1.2447842234670006, "Energy": -1.233899920316836, "Loss": [-0.14349258524420594, -0.1512079376044476, -0.15892537094967538, -0.16664206649606939, -0.17435597142607492, -0.1820661784396047, -0.18977350750695043, -0.19748139208166346, -0.20519720213297105, -0.21293412046011678, -0.2207135148306086, -0.22856723332217968, -0.23653837700977415, -0.2446786528556985, -0.25304191925036024, -0.26167669701150753, -0.27062151179068605, -0.27990428859278044, -0.28954420353056665, -0.2995540472839951, -0.30994214058961295, -0.32071363588815266, -0.3318713369279761, -0.3434161991453704, -0.3553476284707685, -0.36766364945127666, -0.3803609820429237, -0.3934350494134934, -0.40687993284184115, -0.4206882904749426, -0.43485126035036936, -0.4493583706823129, -0.46419747883469786, -0.47935475376180003, -0.49481470669549366, -0.510560264771732, -0.5265728751160598, -0.5428326240339204, -0.5593183570125676, -0.5760077888965035, -0.5928775984362965, -0.6099035064384778, -0.6270603413676971, -0.6443220999900825, -0.6616620129262337, -0.6790526252392391, -0.6964659002175829, -0.7138733508057098, -0.7312461988097773, -0.7485555583760605, -0.7657726381887328, -0.7828689563965684, -0.7998165626609636, -0.8165882617505448, -0.8331578319100916, -0.8495002287646551, -0.8655917627634153, -0.8814102368367406, -0.8969350328254815, -0.9121471413477773, -0.9270291395077553, -0.941565131713128, -0.9557406770634271, -0.9695427288766265, -0.9829596067423045, -0.9959810108083624, -1.0085980756161468, -1.0208034504897676, -1.032591387452735, -1.043957816141331, -1.0549003872632983, -1.0654184706982182, -1.0755131006705583, -1.0851868682011077, -1.0944437696145901, -1.1032890277416587, -1.1117289073631775, -1.119770546453198, -1.1274218194760972, -1.1346912399680649, -1.1415878997017108, -1.1481214336016987, -1.1543019949189741, -1.1601402245308228, -1.1656472014096992, -1.1708343675833275, -1.175713428989036, -1.1802962415172469, -1.1845946968890835, -1.1886206239578003, -1.192385717135122, -1.1959014962904881, -1.199179294261201, -1.20223026175778, -1.2050653767421546, -1.2076954467166188, -1.2101310969527335, -1.2123827438353867, -1.2144605581999215, -1.2163744270429948, -1.2181339223218162, -1.2197482828811834, -1.221226411069524, -1.2225768810587367, -1.22380795282829, -1.2249275850576242, -1.225943441746601, -1.2268628904648318, -1.227692993532909, -1.228440495986367, -1.2291118150798284, -1.2297130352050427, -1.230249909930802, -1.230727870351755, -1.2311520370152582, -1.2315272320098096, -1.2318579884530139, -1.2321485562207026, -1.2324029046104887, -1.2326247240067219, -1.2328174290283385, -1.2329841650324669, -1.2331278185602215, -1.2332510309302624, -1.2333562132695803, -1.2334455611310051, -1.2335210674427566, -1.2335845335318179, -1.233637578896184, -1.2336816508865327, -1.2337180353447794, -1.2337478686589045, -1.2337721509450865, -1.2337917595072774, -1.2338074615737067, -1.2338199255853397, -1.2338297308391968, -1.233837375807911, -1.23384328574119, -1.2338478201160603, -1.2338512802077122, -1.2338539166764773, -1.2338559367952153, -1.2338575108879872, -1.2338587777114682, -1.2338598487824566, -1.2338608118990286, -1.2338617342107179, -1.2338626651357942, -1.2338636392523972, -1.2338646791025905, -1.233865797734962, -1.2338670008152177, -1.2338682882349108, -1.2338696552832953, -1.2338710935441015, -1.2338725916950777, -1.2338741363255552, -1.2338757127864153, -1.2338773060021138, -1.2338789011451277, -1.2338804841051711, -1.2338820417535166, -1.2338835620660227, -1.2338850341943948, -1.2338864485548078, -1.2338877969528281, -1.233889072714122, -1.2338902707675277, -1.2338913876393702, -1.2338924213535616, -1.233893371268681, -1.233894237899895, -1.2338950227646817, -1.2338957282645726, -1.2338963575881792, -1.2338969146087255, -1.2338974037561035, -1.2338978298625223, -1.2338981979992902, -1.2338985133292244, -1.2338987809921598, -1.2338990060260653, -1.2338991933127001, -1.233899347532012, -1.2338994731146906, -1.2338995741928094, -1.2338996545570255, -1.2338997176303186, -1.2338997664633395, -1.2338998037481266, -1.2338998318413088, -1.2338998527874636, -1.2338998683379498, -1.2338998799664302, -1.2338998888858645, -1.2338998960713103, -1.2338999022890351, -1.2338999081284094, -1.2338999140315194]}