{"FCI": -1.2675874487922068, "Energy": -0.6655303345362757, "Loss": [-0.18552026155336712, -0.2051124928400333, -0.2198011149782344, -0.23240149870556756, -0.2437673307505412, -0.2542869269031999, -0.2641745617633809, -0.2735629055275088, -0.28254062942815755, -0.291170307884952, -0.29949792721564483, -0.3075583623447572, -0.3153787344775027, -0.3229805743916288, -0.33038127367769854, -0.3375950914863945, -0.34463387292764414, -0.351507574212991, -0.3582246545928076, -0.36479237421861666, -0.3712170241339877, -0.37750410636740794, -0.3836584767200467, -0.3896844592397329, -0.3955859389100367, -0.4013664373666752, -0.4070291752357252, -0.4125771238098238, -0.4180130481355382, -0.4233395431076684, -0.42855906380699804, -0.4336739510446971, -0.4386864528664111, -0.44359874260619137, -0.44841293395390336, -0.45313109340109736, -0.45775525035431786, -0.4622874051467425, -0.4667295351360198, -0.4710835990453034, -0.4753515396836637, -0.47953528516926963, -0.4836367487718604, -0.4876578274884958, -0.4916003994667856, -0.495466320391939, -0.49925741895761816, -0.5029754915464772, -0.5066222962556368, -0.5101995464170448, -0.5137089037843682, -0.517151971587307, -0.5205302876900566, -0.5238453181291645, -0.5270984513409217, -0.5302909934113629, -0.5334241646832497, -0.5364990980265913, -0.5395168390171122, -0.5424783481715589, -0.5453845052664784, -0.5482361156301603, -0.5510339181622435, -0.5537785947186367, -0.5564707804156052, -0.5591110743654384, -0.5617000503597132, -0.5642382670606626, -0.5667262773369162, -0.569164636474316, -0.5715539090922129, -0.5738946746892557, -0.5761875318218213, -0.5784331009783578, -0.580632026253129, -0.5827849759451316, -0.584892642215975, -0.586955739938868, -0.5889750048638203, -0.5909511912156762, -0.5928850688337151, -0.5947774199561725, -0.5966290357496851, -0.5984407126824166, -0.6002132488385877, -0.6019474402708095, -0.6036440774831536, -0.6053039421319617, -0.6069278040224296, -0.6085164184671443, -0.6100705240583533, -0.6115908408898855, -0.6130780692477718, -0.6145328887721311, -0.6159559580773424, -0.6173479148037101, -0.6187093760624035, -0.6200409392263413, -0.6213431830134228, -0.622616668804568, -0.6238619421374662, -0.6250795343172723, -0.626269964087483, -0.6274337393073778, -0.6285713585864405, -0.6296833128308735, -0.6307700866622435, -0.6318321596734642, -0.6328700074925686, -0.6338841026299527, -0.634874915090103, -0.6358429127342216, -0.6367885613858114, -0.6377123246771402, -0.6386146636409281, -0.6394960360582795, -0.6403568955812085, -0.6411976906556999, -0.6420188632790941, -0.6428208476333115, -0.6436040686423814, -0.644368940508803, -0.6451158652869694, -0.6458452315533599, -0.6465574132310425, -0.6472527686198412, -0.6479316396752327, -0.6485943515593359, -0.6492412124932337, -0.6498725138312458, -0.6504885305659679, -0.6510895195407553, -0.6516756836724827, -0.6522459656497228, -0.6527797525089806, -0.6533146165155799, -0.6538703885111817, -0.6543903327768893, -0.6548929912925678, -0.6553812744143781, -0.6558562927875057, -0.6563177837347958, -0.6567663079125151, -0.6572011275134301, -0.6576234034130198, -0.6580320860659996, -0.6584300764791103, -0.6588152016386823, -0.6591891234637625, -0.6595493538963875, -0.6598972654312252, -0.6602318591972921, -0.6605561726834779, -0.660868854416805, -0.6611709475547219, -0.6614603041630214, -0.6617381149807812, -0.6620034499888915, -0.6622575209521139, -0.6624995080783015, -0.66273048407322, -0.6629496249247232, -0.6631579968446044, -0.663354806380379, -0.6635412856612561, -0.6637167022060304, -0.6638824838430577, -0.6640378557907441, -0.6641841222175197, -0.6643204546185919, -0.6644479093308225, -0.6645658258836279, -0.6646751285239804, -0.6647754025933773, -0.6648675158963964, -0.6649512463518521, -0.6650274382804552, -0.6650960104600018, -0.6651578002063633, -0.665212840189895, -0.6652619314428347, -0.66530518962283, -0.6653432996689126, -0.6653764414206372, -0.6654051360862794, -0.6654296567022487, -0.6654503812568232, -0.6654677106749045, -0.6654819034707646, -0.6654934929173577, -0.6655026085103246, -0.665509907136724, -0.6655153536760033, -0.6655197134734856, -0.6655227429650519, -0.6655252852082758, -0.6655268704035205, -0.6655283797175072, -0.6655291485748477, -0.6655300666877546]}