{"FCI": -1.2675874487922068, "Energy": -1.1458360851522322, "Loss": [-0.13751839982663966, -0.14630626085980178, -0.155100898045853, -0.1638941517255036, -0.1726779048983284, -0.18144422780107472, -0.1901855971966348, -0.1988952205012603, -0.2075674933221567, -0.2161985859620238, -0.22478705189533346, -0.23333416258998252, -0.24184352323990255, -0.2503197369583397, -0.2587665653217167, -0.2671855183890295, -0.27557542980566757, -0.2839328231611792, -0.29225257626408496, -0.3005285483188326, -0.3087540622750036, -0.31692225310360134, -0.3250263226746968, -0.33305973618891704, -0.34101638239890386, -0.3488907093218636, -0.35667784006340536, -0.36437366898165136, -0.3719749358595934, -0.37947927447314395, -0.3868852316689914, -0.39419225368475785, -0.40140063788686114, -0.4085114502605842, -0.41552641165240345, -0.42244775860215766, -0.42927808717792576, -0.4360201900786723, -0.4426768980174051, -0.4492509358447224, -0.45574480207366214, -0.46216067772313574, -0.4685003671819577, -0.4747652706315239, -0.48095638490190123, -0.48707432776159193, -0.4931193796531593, -0.49909153671596457, -0.5049905694045115, -0.5108160818921035, -0.5165675685296663, -0.5222444647350056, -0.5278461907000331, -0.533372187156255, -0.5388219431077617, -0.5441950159303562, -0.5494910445664221, -0.5547097567453925, -0.5598509712586304, -0.5649145963415934, -0.5699006251870538, -0.5748091295489869, -0.5796402523100715, -0.5843941997866077, -0.5890712344392964, -0.5936716685515154, -0.5981958593313488, -0.6026442057914635, -0.6070171476634327, -0.6113151665108005, -0.6155387891188412, -0.6196885931587142, -0.6237652150502508, -0.6277693598806269, -0.6317018131766133, -0.6355634542754606, -0.6393552709944855, -0.6430783752618383, -0.6467340193410938, -0.6503236122599909, -0.65384873603923, -0.6573111613102888, -0.6607128619121608, -0.6640560280651921, -0.667343077736211, -0.6705766658323447, -0.6737596908915472, -0.6768952989753102, -0.6799868845132435, -0.6830380878997223, -0.6860527896988581, -0.6890351013751493, -0.6919893525321151, -0.6949200747091072, -0.6978319818555925, -0.7007299476713101, -0.7036189800677002, -0.7065041930692515, -0.7093907765307947, -0.7122839640964491, -0.7151889998661273, -0.7181111042646684, -0.7210554396255239, -0.724027076005062, -0.7270309577340122, -0.7300718711907066, -0.7331544142462402, -0.7362829677867774, -0.739461669664324, -0.7426943913663309, -0.7459847176293547, -0.7493359291543907, -0.7527509885144326, -0.7562325292798512, -0.7597828483266237, -0.7634039012376397, -0.7670973006594378, -0.7708643174363906, -0.7747058843123413, -0.7786226019653153, -0.7826147471246686, -0.7866822825108196, -0.790824868335095, -0.7950418751003839, -0.7993323974514494, -0.8036952688358402, -0.8081290767517704, -0.8126321783772313, -0.8172027163941284, -0.8218386348418982, -0.8265376948563328, -0.8312974901704067, -0.8361154622748563, -0.8409889151560338, -0.8459150295477929, -0.8508908766514053, -0.8559134312937728, -0.8609795845084066, -0.8660861555360624, -0.8712299032524772, -0.8764075370391994, -0.8816157271200518, -0.8868511143904014, -0.8921103197692615, -0.8973899531052654, -0.9026866216671547, -0.9079969382475632, -0.9133175289059999, -0.9186450403730949, -0.9239761471337995, -0.9293075582024707, -0.934636023597965, -0.9399583405222264, -0.9452713592414942, -0.9505719886656732, -0.9558572016183174, -0.9611240397875477, -0.9663696183469717, -0.9715911302351536, -0.9767858500829257, -0.9819511377788008, -0.9870844416650059, -0.9921833013591789, -0.9972453501997217, -1.0022683173162172, -1.0072500293297657, -1.0121884116914417, -1.0170814896704679, -1.0219273890065026, -1.0267243362431655, -1.0314706587619071, -1.0361647845368867, -1.0408052416325848, -1.0453906574661498, -1.0499197578565975, -1.05439136588202, -1.0588044005652764, -1.0631578754069195, -1.067450896782657, -1.0716826622205708, -1.075852458571569, -1.079959660084349, -1.0840037263945037, -1.0879842004354656, -1.091900706277473, -1.095752946899553, -1.0995407018983259, -1.1032638251368043, -1.106922242335802, -1.110515948610525, -1.1140450059546805, -1.1175095406751698, -1.1209097407803368, -1.1242458533257598, -1.1275181817220374, -1.1307270830097125, -1.133872965107382, -1.1369562840394365, -1.1399775411507587, -1.1429372803160915]}