{"FCI": -1.2447842234670006, "Energy": -0.8064871378257072, "Loss": [-0.26120017816166924, -0.2637275479323637, -0.2662643138076719, -0.26881043560617096, -0.27136587119736466, -0.27393057648815045, -0.2765045054099345, -0.2790876099064097, -0.2816798399220081, -0.2842811433910604, -0.2868914662276575, -0.28951075231626083, -0.2921389435030505, -0.2947759795880517, -0.29742179831802656, -0.3000763353802006, -0.3027395243967648, -0.30541129692022784, -0.3080915824296396, -0.31078030832762626, -0.313477399938345, -0.31618278050630616, -0.3188963711961099, -0.32161809109308676, -0.3243478572048895, -0.3270855844639925, -0.32983118573118025, -0.33258457179996254, -0.33534565140199357, -0.3381143312134429, -0.3408905158623937, -0.34367410793718994, -0.3464650079958357, -0.3492631145763858, -0.3520683242083494, -0.35488053142512505, -0.35769962877746253, -0.36052550684795365, -0.36335805426655465, -0.36619715772715045, -0.3690427020051351, -0.37189456997605896, -0.3747526426352845, -0.377616799118692, -0.38048691672440355, -0.38336287093554544, -0.38624453544403037, -0.38913178217534916, -0.3920244813143916, -0.39492250133225537, -0.3978257090140517, -0.4007339694877175, -0.40364714625378956, -0.4065651012161314, -0.4094876947136516, -0.4124147855529287, -0.41534623104179436, -0.41828188702379443, -0.4212216079135876, -0.424165246733199, -0.4271126551491477, -0.43006368351041757, -0.4330181808872594, -0.43597599511080287, -0.4389369728134335, -0.4419009594699722, -0.44486779943955956, -0.44783733600828624, -0.45080941143249886, -0.4537838669827984, -0.45676054298865787, -0.45973927888367633, -0.4627199132514178, -0.46570228387182866, -0.46868622776816216, -0.47167158125443415, -0.4746581799833593, -0.4776458589947055, -0.4806344527641138, -0.48362379525225196, -0.486613719954371, -0.48960405995014955, -0.49259464795385843, -0.49558531636475844, -0.49857589731774815, -0.5015662227341893, -0.5045561243728975, -0.5075454338812677, -0.5105339828464706, -0.5135216028467443, -0.5165081255026677, -0.5194933825284735, -0.5224772057832625, -0.5254594273222154, -0.5284398794476144, -0.5314183947597831, -0.5343948062078215, -0.5373689471401331, -0.5403406513547176, -0.5433097531491762, -0.5462760873704113, -0.5492394894639997, -0.552199795523167, -0.5551568423373752, -0.558110467440475, -0.5610605091583801, -0.5640068066562666, -0.5669491999852162, -0.5698875301283328, -0.5728216390462639, -0.5757513697221167, -0.5786765662057226, -0.58159707365725, -0.58451273839014, -0.5874234079132937, -0.5903289309725479, -0.5932291575913716, -0.5961239391108024, -0.5990131282285418, -0.6018965790372448, -0.6047741470619609, -0.6076456892967032, -0.6105110642401245, -0.6133701319303069, -0.6162227539786206, -0.6190687936026569, -0.6219081156581926, -0.6247405866702049, -0.6275660748629225, -0.6303844501888709, -0.6331955843569027, -0.6359993508592634, -0.6387956249976052, -0.6415842839079844, -0.6443652065848284, -0.6471382739038622, -0.6499033686439885, -0.6526603755081258, -0.6554091811429891, -0.6581496741578176, -0.6608817451420561, -0.6636052866819622, -0.6663201933761812, -0.6690263618502542, -0.6717236907700701, -0.674412080854289, -0.6770914348856926, -0.6797616577215317, -0.682422656302792, -0.6850743396624784, -0.687716618932855, -0.6903494073516779, -0.6929726202674116, -0.6955861751434779, -0.6981899915614888, -0.7007839912235362, -0.7033680979534829, -0.7059422376973449, -0.708506338522705, -0.7110603306172035, -0.7136041462861444, -0.7161377199491631, -0.7186609881360553, -0.7211738894817046, -0.7236763647201807, -0.7261683566779937, -0.7286498102665333, -0.731120672473704, -0.7335808923547831, -0.7360304210224942, -0.738469211636363, -0.7408972193913155, -0.743314401505571, -0.7457207172078557, -0.7481161277239334, -0.7505005962624675, -0.7528740880002798, -0.7552365700669545, -0.7575880115288885, -0.7599283833727226, -0.7622576584882462, -0.7645758116507593, -0.7668828195028994, -0.7691786605359957, -0.7714633150709194, -0.7737367652385113, -0.7759989949595405, -0.7782499899242491, -0.7804897375715125, -0.7827182270676106, -0.7849354492846347, -0.7871413967785756, -0.7893360637670543, -0.7915194461067844, -0.7936915412707303, -0.7958523483250081, -0.7980018679055422, -0.8001401021944738, -0.802267054896397, -0.8043827312143557]}