{"FCI": -1.2430558295908476, "Energy": -1.1887637757178855, "Loss": [-0.3496083225334531, -0.3642998131854246, -0.37556541099574137, -0.38531362467883645, -0.3941636232775128, -0.4024043387133145, -0.410196435962215, -0.4176390743787779, -0.4247978079168045, -0.4317181119975086, -0.4384326596253669, -0.444965549753803, -0.451334916699543, -0.45755462014635184, -0.46363538421135764, -0.4695855914851438, -0.4754118528862399, -0.48111942723758533, -0.48671253739958875, -0.4921946135704072, -0.49756848431407397, -0.5028365294669428, -0.5080008048734562, -0.5130631460786901, -0.5180252561512295, -0.5228887814069292, -0.5276553777402243, -0.53232676939586, -0.5369048012175412, -0.5413914846056234, -0.5457890365491305, -0.5500999101705775, -0.5543268143410907, -0.5584727193640732, -0.5625408459743494, -0.5665346365785915, -0.570457711206516, -0.5743138156932582, -0.5781067744602756, -0.5818404620623131, -0.5855188039965428, -0.5891458082057482, -0.5927256174081106, -0.5962625631337307, -0.5997611978835476, -0.603226282709636, -0.6066627136938315, -0.6100753828760043, -0.6134689871467921, -0.6168478186164539, -0.6202155828042392, -0.6235752865655779, -0.626929214158151, -0.6302789786074504, -0.63362561426311, -0.6369696756446821, -0.6403113233560842, -0.6436503961184747, -0.6469864765673788, -0.6503189555912409, -0.653647093158437, -0.6569700703835663, -0.6602870292693603, -0.6635970999648995, -0.6668994177519916, -0.6701931327293549, -0.6734774149256345, -0.6767514570069946, -0.680014476201829, -0.6832657166483287, -0.6865044530774232, -0.6897299965452596, -0.6929417028000756, -0.6961389837905743, -0.699321322787892, -0.7024882935972321, -0.7056395843780614, -0.7087750266772966, -0.7118946304121493, -0.7149986257254414, -0.7180875128810004, -0.7211621216719161, -0.7242236821670912, -0.7272739089778173, -0.7303151014721484, -0.733350262247981, -0.7363832351856566, -0.7394188615929209, -0.7424631467678774, -0.745523417566764, -0.7486084322472236, -0.7517283776031595, -0.7548946637133324, -0.7581194257437702, -0.7614146980591838, -0.7647913543274837, -0.7682580609766366, -0.7718205555526627, -0.7754814518803461, -0.7792405502464221, -0.7830954540102859, -0.7870422607743309, -0.7910761709237197, -0.7951919516460058, -0.7993842580614758, -0.8036478393748587, -0.8079776615374912, -0.8123689725698995, -0.8168173298356022, -0.8213186028123756, -0.8258689606925012, -0.8304648511796261, -0.8351029747788495, -0.8397802574247641, -0.8444938232738127, -0.8492409687783019, -0.8540191386733692, -0.8588259041823013, -0.8636589435338774, -0.8685160247536602, -0.873394990613966, -0.8782937455870058, -0.8832102446288528, -0.8881424836201987, -0.893088491296693, -0.8980463225130347, -0.9030140526984073, -0.907989773374301, -0.9129715886183281, -0.9179576123684938, -0.9229459664713963, -0.927934779384441, -0.9329221854462875, -0.9379063246318778, -0.9428853427077045, -0.9478573917005062, -0.9528206305883021, -0.9577732261173767, -0.9627133536435422, -0.9676391978925207, -0.9725489535346181, -0.9774408254758266, -0.9823130287843521, -0.9871637882013421, -0.9919913372296538, -0.9967939168547346, -1.0015697740245546, -1.0063171600928071, -1.011034329499844, -1.015719539013708, -1.020371047864747, -1.0249871190720745, -1.0295660221790373, -1.0341060374998607, -1.0386054618522356, -1.043062615636317, -1.0474758510400066, -1.0518435611138837, -1.056164189464725, -1.060436240352609, -1.064658289027111, -1.06882899218882, -1.0729470985027296, -1.077011459115407, -1.0810210381368737, -1.084974923042481, -1.0888723349312357, -1.0927126385467905, -1.0964953519252858, -1.10022015547928, -1.1038869002547866, -1.1074956150014434, -1.1110465115612884, -1.114539987889584, -1.1179766277430625, -1.1213571956732036, -1.1246826254184965, -1.1279539991160397, -1.131172514072282, -1.134339433471326, -1.1374560179628106, -1.140523437376231, -1.143542666470925, -1.146514375258051, -1.1494388308575916, -1.1523158304669816, -1.1551446808729064, -1.1579242294771857, -1.1606529394148704, -1.1633289925250971, -1.1659504016115176, -1.1685151167140533, -1.1710211160004613, -1.1734664775755488, -1.1758494325500704, -1.1781684018978305, -1.1804220203856917, -1.1826091507550398, -1.184728890825748, -1.1867805755802292]}