{"FCI": -1.116298042885828, "Energy": -0.6729290799583262, "Loss": [-0.4875927420766507, -0.48825011416326264, -0.48891063069128887, -0.489574296269188, -0.49024111534406767, -0.4909110921993885, -0.4915842309526746, -0.49226053555322324, -0.4929400097798127, -0.49362265723841436, -0.4943084813598996, -0.4949974853977473, -0.4956896724257697, -0.4963850453358172, -0.4970836068354978, -0.4977853594459152, -0.4984903054993704, -0.49919844713711986, -0.4999097863071012, -0.5006243247616796, -0.5013420640554016, -0.5020630055427621, -0.5027871503759628, -0.5035144995026962, -0.5042450536639255, -0.5049788133917038, -0.5057157790069594, -0.5064559506173361, -0.507199328115023, -0.5079459111745995, -0.5086956992509041, -0.5094486915769126, -0.5102048871616284, -0.5109642847880005, -0.5117268830108467, -0.5124926801547992, -0.5132616743122799, -0.514033863341474, -0.5148092448643524, -0.5155878162646805, -0.5163695746860854, -0.5171545170301224, -0.5179426399543721, -0.5187339398705686, -0.5195284129427374, -0.5203260550853811, -0.5211268619616705, -0.5219308289816844, -0.5227379513006702, -0.5235482238173198, -0.5243616411720987, -0.5251781977455909, -0.5259978876569031, -0.5268207047620447, -0.5276466426524121, -0.5284756946532589, -0.5293078538222219, -0.530143112947872, -0.5309814645483316, -0.531822900869873, -0.5326674138856256, -0.5335149952942703, -0.5343656365188041, -0.535219328705326, -0.5360760627218752, -0.536935829157335, -0.5377986183203254, -0.5386644202381976, -0.5395332246560427, -0.5404050210357467, -0.541279798555125, -0.5421575461070546, -0.5430382522986894, -0.5439219054507334, -0.544808493596722, -0.5456980044824044, -0.5465904255651337, -0.5474857440133526, -0.5483839467060857, -0.5492850202325301, -0.5501889508916737, -0.5510957246919679, -0.5520053273510792, -0.5529177442956763, -0.5538329606612735, -0.5547509612921548, -0.555671730741327, -0.55659525327056, -0.5575215128504574, -0.5584504931606195, -0.55938217758984, -0.5603165492363833, -0.5612535909083024, -0.5621932851238475, -0.5631356141119097, -0.564080559812553, -0.5650281038775825, -0.565978227671202, -0.5669309122707222, -0.5678861384673384, -0.5688438867669674, -0.5698041373911612, -0.5707668702780749, -0.5717320650835086, -0.5726997011820101, -0.5736697576680436, -0.5746422133572389, -0.5756170467876844, -0.5765942362213072, -0.5775737596453066, -0.5785555947736677, -0.579539719048724, -0.5805261096428169, -0.5815147434599824, -0.582505597137748, -0.5834986470489573, -0.5844938693037006, -0.5854912397512693, -0.5864907339822202, -0.587492327330482, -0.5884959948755251, -0.5895017114446202, -0.5905094516151383, -0.5915191897169344, -0.5925308998347883, -0.5935445558109131, -0.5945601312475339, -0.5955775995095135, -0.5965969337270667, -0.5976181067985216, -0.5986410913931537, -0.5996658599540721, -0.6006923847011734, -0.6017206376341752, -0.6027505905356683, -0.6037822149742796, -0.6048154823078485, -0.6058503636867072, -0.6068868300569762, -0.6079248521639614, -0.6089644005555602, -0.6100054455857741, -0.6110479574182308, -0.6120919060298013, -0.6131372612142353, -0.6141839925858824, -0.6152320695834307, -0.616281461473739, -0.6173321373556723, -0.6183840661640246, -0.6194372166734627, -0.6204915575025503, -0.6215470571177645, -0.6226036838376217, -0.6236614058367967, -0.6247201911503099, -0.6257800076777477, -0.6268408231875268, -0.6279026053211955, -0.6289653215977671, -0.6300289394181126, -0.6310934260693545, -0.6321587487293263, -0.633224874471045, -0.6342917702672218, -0.6353594029948086, -0.6364277394395619, -0.6374967463006458, -0.6385663901952489, -0.639636637663245, -0.6407074551718529, -0.6417788091203382, -0.6428506658447213, -0.6439229916225269, -0.6449957526775152, -0.6460689151844592, -0.6471424452739303, -0.6482163090371007, -0.6492904725305252, -0.6503649017809944, -0.6514395627903358, -0.6525144215402592, -0.6535894439971958, -0.6546645961171478, -0.6557398438505246, -0.6568151531470049, -0.6578904899603758, -0.6589658202533839, -0.6600411100025858, -0.6611163252031811, -0.6621914318738399, -0.6632663960615452, -0.6643411838463973, -0.665415761346423, -0.6664900947223652, -0.6675641501824748, -0.6686378939872689, -0.6697112924542754, -0.670784311962772, -0.6718569189584943]}