{"FCI": -1.1617635907421635, "Energy": -1.1436133085759193, "Loss": [0.49931465711160755, 0.47689736564308927, 0.4584170519677138, 0.4415380102853567, 0.4255737666017791, 0.410215698763785, 0.3952923316774163, 0.38069412525906343, 0.36634278358928185, 0.3521764988899929, 0.3381426141062835, 0.32419528453894314, 0.310297395385963, 0.29642470570490226, 0.2825681559433463, 0.2687317618082767, 0.2549277292220143, 0.2411718904826725, 0.22748084746670533, 0.21387059982391216, 0.2003560330888433, 0.18695080760194918, 0.17366740465245714, 0.16051721953381531, 0.14751065678435882, 0.13465721180808074, 0.12196553491518573, 0.10944347825734661, 0.09709812749466439, 0.08493582017910763, 0.07296215254777491, 0.061181976001208706, 0.04959938411585012, 0.03821769064464281, 0.027039398603889455, 0.01606616022624221, 0.0052987272776527025, -0.005263109005413779, -0.015620589288514345, -0.02577606985086568, -0.0357331196207518, -0.0454966312355977, -0.05507294615302169, -0.06446999254374272, -0.07369743244555738, -0.08276681099250116, -0.09169169489139903, -0.10048777913796555, -0.10917292999292492, -0.11776711919050595, -0.1262921920575305, -0.1347714070794195, -0.14322869710558617, -0.15168764512052724, -0.16017024537689176, -0.16869561775892847, -0.17727891575062477, -0.1859306628227403, -0.1946566478936138, -0.2034583500623116, -0.21233372747818988, -0.22127815409242757, -0.23028532086670636, -0.2393479923723292, -0.24845858157966216, -0.25760955297317345, -0.2667936857128456, -0.2760042326758419, -0.28523500671209, -0.29448041829026206, -0.30373548188695887, -0.3129958030420411, -0.3222575540625964, -0.33151744363867425, -0.3407726838006332, -0.3500209564155228, -0.35926038058295207, -0.3684894817165857, -0.3777071627068315, -0.38691267730850304, -0.3961056057534673, -0.4052858325205727, -0.4144535261609002, -0.42360912102073583, -0.4327533005701098, -0.44188698178858554, -0.45101129967432607, -0.46012759046814555, -0.46923737171134705, -0.4783423169071162, -0.48744422246240693, -0.4965449648646565, -0.5056464467741251, -0.5147505319131943, -0.5238589702573491, -0.5329733169180261, -0.5420948499552375, -0.551224493738234, -0.5603627549126239, -0.5695096771819642, -0.5786648189287411, -0.5878272545523499, -0.596995597005856, -0.6061680362066939, -0.6153423864496727, -0.6245161359409186, -0.6336864929194914, -0.6428504250150142, -0.6520046908555484, -0.6611458649373784, -0.6702703580772539, -0.6793744363181761, -0.6884542410678576, -0.6975058127186253, -0.7065251192335045, -0.715508090358322, -0.7244506573063969, -0.7333487971070203, -0.7421985799648927, -0.7509962180797021, -0.7597381112616298, -0.7684208911422181, -0.7770414219572058, -0.7855966345678503, -0.7940797350567235, -0.8024778131057902, -0.810749306604854, -0.8190471568645576, -0.8272251174554904, -0.8353230037508906, -0.8433417922519225, -0.8512797824146456, -0.8591349270121108, -0.8669050878369592, -0.8745881018777423, -0.8821818013093309, -0.8896840437001117, -0.8970927320264038, -0.9044058319226611, -0.9116213831599711, -0.9187375074697777, -0.9257524131159318, -0.9326643971798089, -0.9394718461222481, -0.9461732351451775, -0.9527671267458138, -0.9592521687973343, -0.9656270924331152, -0.9718907099700201, -0.9780419130676299, -0.984079671284469, -0.9900030311570901, -0.9958111158936948, -1.0015031257403895, -1.0070783390455538, -1.0125361140161224, -1.0178758911282844, -1.0230971961240372, -1.0281996434931868, -1.0331829403071804, -1.0380468902362503, -1.0427913975450371, -1.0474164708258937, -1.0519222261968526, -1.0563088896692958, -1.0605767983868464, -1.0647264004635286, -1.068758253215654, -1.072673019695925, -1.076471463596581, -1.0801544427745378, -1.0837229018321795, -1.0871778643176306, -1.0905204251468879, -1.0937517437753612, -1.096873038473395, -1.0998855818380122, -1.1027906974668242, -1.1055897575825588, -1.1082841813472806, -1.110875433628779, -1.1133650240430544, -1.1157545061626861, -1.1180454768321444, -1.1202395755613543, -1.1223384839866541, -1.1243439253825516, -1.1262576642562594, -1.1280815058218998, -1.1298172957277526, -1.1314668950629325, -1.1330312782826877, -1.1344713219082356, -1.1356421735984026, -1.136963193931282, -1.1383837022484076, -1.1396036494262667, -1.1407154695011148, -1.1417487948756446, -1.142713516623812]}