{"FCI": -1.0873240054222568, "Energy": -1.0372111851299002, "Loss": [-0.5579145943192736, -0.5586599219233731, -0.5600787931190947, -0.5621087334671563, -0.5646950213215912, -0.5677893417844039, -0.5713486382090945, -0.5753341413722163, -0.5797105544641175, -0.5844453726935446, -0.5895083182487204, -0.5948708738252497, -0.6005059004681856, -0.6063873278384363, -0.6124899070858426, -0.6187890182507968, -0.6252605255240955, -0.6318806747944101, -0.6386260287388092, -0.6454734353035797, -0.6524000258194161, -0.6593832392358177, -0.6664008690804611, -0.673431129784323, -0.6804527389942497, -0.6874450124491157, -0.6943879679503269, -0.7012624349333269, -0.7080501661631453, -0.7147339481479499, -0.7212977070003547, -0.7277266066822357, -0.7340071368459037, -0.7401271878292773, -0.7460761107668098, -0.7518447612304642, -0.7574255253012729, -0.7628123274756198, -0.7680006203140466, -0.7729873562268301, -0.7777709422431001, -0.7823511790149486, -0.7867291856523104, -0.7909073122603009, -0.7948890422522119, -0.7986788866371565, -0.8022822725325852, -0.8057054281330298, -0.8089552662846431, -0.8120392686788747, -0.8149653724984208, -0.8177418611349783, -0.820377260362217, -0.8228802410993136, -0.8252595296495135, -0.8275238260534034, -0.8296817309643099, -0.831741681239398, -0.8337118942483663, -0.8356003207349949, -0.8374146059260055, -0.839162058467698, -0.840849626681969, -0.8424838815688641, -0.8440710059403222, -0.8456167890468625, -0.8471266260533735, -0.8486055217285909, -0.8500580977334391, -0.8514886029229958, -0.8529009261135733, -0.8542986108079398, -0.8556848714162594, -0.8570626105567181, -0.8584344370658695, -0.8598026843945442, -0.8611694291088281, -0.8625365092573481, -0.8639055424047224, -0.8652779431670934, -0.8666549401178985, -0.8680375919617, -0.8694268028996323, -0.8708233371332532, -0.8722278324732868, -0.8736408130370295, -0.8750627010325032, -0.8764938276397524, -0.8779344430092964, -0.8793847254060148, -0.880844789532668, -0.8823146940720852, -0.8837944484904002, -0.8852840191457312, -0.8867833347481285, -0.8882922912167945, -0.8898107559803754, -0.8913385717652136, -0.8928755599150935, -0.8944215232844143, -0.8959762487446951, -0.8975395093422661, -0.8991110661426905, -0.9006906697951825, -0.9022780618479276, -0.9038729758429037, -0.9054751382164266, -0.9070842690296411, -0.9087000825507995, -0.910322287709349, -0.9119505884398567, -0.9135846839320654, -0.9152242688016912, -0.9168690331950282, -0.9185186628391147, -0.9201728390477835, -0.9218312386929322, -0.9234935341491485, -0.9251593932189557, -0.926828479045112, -0.9285004500156233, -0.9301749596663771, -0.9318516565859511, -0.9335301843263422, -0.9352101813231136, -0.9368912808279828, -0.9385731108565066, -0.9402552941532455, -0.9419374481765033, -0.9436191851044978, -0.9453001118645958, -0.9469798301870688, -0.9486579366846284, -0.9503340229588482, -0.9520076757344129, -0.9536784770220411, -0.9553460043106666, -0.9570098307894227, -0.9586695255998281, -0.9603246541183867, -0.961974778269619, -0.9636194568695828, -0.9652582459995375, -0.966890699409462, -0.9685163689508327, -0.9701348050380073, -0.9717455571373111, -0.9733481742827956, -0.9749422056175268, -0.9765272009589355, -0.9781027113867709, -0.9796682898519425, -0.9812234918043485, -0.9827678758377372, -0.9843010043494079, -0.9858224442124351, -0.987331767458035, -0.9888285519654717, -0.9903123821569195, -0.9917828496944454, -0.9932395541764336, -0.994682103830401, -0.9961101161994549, -0.9975232188193435, -0.9989210498831755, -1.0003032588909293, -1.0016695072807775, -1.0030194690394099, -1.0043528312886416, -1.0056692948454922, -1.0069685747533277, -1.008250400781491, -1.0095145178911817, -1.010760686665476, -1.011988683701451, -1.0131983019627404, -1.0143893510908897, -1.0155616576741655, -1.0167150654727413, -1.0178494355992869, -1.0189646466543436, -1.0200605948160453, -1.021137193883984, -1.022194375277268, -1.02323208798706, -1.0242502984841215, -1.0252489905820676, -1.0262281652573169, -1.0271878404268657, -1.0281280506853319, -1.029048847002662, -1.029950296384403, -1.0308324814962324, -1.0316955002549022, -1.0325394653876594, -1.0333645039623844, -1.0341707568909018, -1.0349583784076843, -1.0357275355266198, -1.036478407478224]}