{"FCI": -1.1917623439771352, "Energy": -0.6932873213659397, "Loss": [-0.5435088151839582, -0.5442211478341362, -0.5449343082126812, -0.5456482922774708, -0.5463630959299905, -0.5470787150149826, -0.5477951453201145, -0.5485123825756424, -0.5492304224540787, -0.5499492605698819, -0.5506688924791274, -0.5513893136792112, -0.5521105196085321, -0.5528325056462037, -0.5535552671117564, -0.5542787992648539, -0.5550030973050125, -0.5557281563713338, -0.5564539715422365, -0.5571805378351893, -0.5579078502064779, -0.5586359035509362, -0.5593646927017296, -0.5600942124301181, -0.5608244574452278, -0.5615554223938453, -0.5622871018602027, -0.5630194903657835, -0.5637525823691252, -0.5644863722656519, -0.5652208543874706, -0.565956023003237, -0.5666918723179732, -0.5674283964729299, -0.5681655895454361, -0.5689034455487831, -0.5696419584320789, -0.5703811220801531, -0.5711209303134435, -0.571861376887893, -0.5726024554948808, -0.5733441597611243, -0.5740864832486268, -0.5748294194546081, -0.5755729618114704, -0.576317103686735, -0.5770618383830421, -0.5778071591381105, -0.578553059124736, -0.5792995314507939, -0.5800465691592466, -0.580794165228172, -0.581542312570782, -0.582291004035482, -0.583040232405911, -0.5837899904010115, -0.5845402706751022, -0.585291065817961, -0.5860423683549241, -0.5867941707469915, -0.5875464653909414, -0.5882992446194657, -0.5890525007013021, -0.5898062258413945, -0.5905604121810425, -0.5913150517980813, -0.5920701367070743, -0.5928256588594876, -0.5935816101439203, -0.5943379823863065, -0.5950947673501572, -0.5958519567367851, -0.596609542185577, -0.5973675152742436, -0.598125867519103, -0.5988845903753616, -0.5996436752374203, -0.6004031134391795, -0.6011628962543585, -0.6019230148968358, -0.6026834605209983, -0.6034442242220801, -0.6042052970365444, -0.6049666699424671, -0.6057283338599144, -0.6064902796513594, -0.6072524981220868, -0.6080149800206207, -0.6087777160391716, -0.6095406968140727, -0.6103039129262458, -0.6110673549016774, -0.6118310132118968, -0.6125948782744707, -0.6133589404535105, -0.6141231900601989, -0.6148876173532988, -0.6156522125397069, -0.6164169657750083, -0.6171818671640258, -0.6179469067614044, -0.6187120745721845, -0.6194773605524071, -0.6202427546097169, -0.6210082466039725, -0.6217738263478804, -0.6225394836076305, -0.6233052081035465, -0.6240709895107394, -0.6248368174597807, -0.6256026815373841, -0.6263685712870876, -0.6271344762099527, -0.6279003857652922, -0.628666289371361, -0.629432176406111, -0.6301980362079087, -0.6309638580763023, -0.631729631272761, -0.6324953450214634, -0.6332609885100472, -0.6340265508904188, -0.6347920212795335, -0.6355573887602026, -0.6363226423819052, -0.6370877711616041, -0.637852764084575, -0.6386176101052529, -0.6393822981480641, -0.6401468171082837, -0.6409111558528968, -0.6416753032214642, -0.6424392480270035, -0.6432029790568626, -0.643966485073617, -0.6447297548159661, -0.6454927769996305, -0.6462555403182745, -0.647018033444409, -0.6477802450303276, -0.6485421637090264, -0.6493037780951468, -0.6500650767859071, -0.650826048362066, -0.6515866813888528, -0.6523469644169441, -0.6531068859834149, -0.6538664346127149, -0.6546255988176337, -0.6553843671002767, -0.6561427279530566, -0.6569006698596668, -0.6576581812960767, -0.6584152507315195, -0.6591718666295014, -0.6599280174487793, -0.6606836916443894, -0.661438877668637, -0.6621935639721005, -0.6629477390046642, -0.663701391216507, -0.6644545090591386, -0.6652070809863959, -0.6659590954554921, -0.6667105409280057, -0.6674614058709194, -0.668211678757646, -0.6689613480690442, -0.6697104022944428, -0.6704588299326798, -0.6712066194931103, -0.6719537594966478, -0.6727002384767727, -0.6734460449805756, -0.6741911675697684, -0.6749355948217217, -0.6756793153304645, -0.67642231770774, -0.6771645905839933, -0.6779061226094102, -0.6786469024549303, -0.6793869188132518, -0.680126160399865, -0.6808646159540368, -0.6816022742398435, -0.6823391240471594, -0.6830751541926656, -0.6838103535208467, -0.6845447109049871, -0.685278215248165, -0.68601085548423, -0.6867426205788044, -0.6874734995302487, -0.6882034813706466, -0.6889325551667622, -0.6896607100210255, -0.6903879350724742, -0.6911142194977262, -0.6918395525119161, -0.6925639233696507]}