{"FCI": -1.1617635907421635, "Energy": -0.9912250097412748, "Loss": [-0.3035126842219371, -0.30808551065789336, -0.31266023341641813, -0.3172366182131969, -0.3218144295106414, -0.3263934305591385, -0.3309733834389947, -0.3355540491030878, -0.34013518742023197, -0.34471655721923117, -0.34929791633362217, -0.3538790216471047, -0.3584596291396251, -0.36303949393415585, -0.3676183703441039, -0.3721960119213812, -0.37677217150510767, -0.3813466012709328, -0.3859190527809901, -0.39048927703443437, -0.3950570245185844, -0.399622045260647, -0.4041840888799841, -0.4087429046409594, -0.41329824150629924, -0.41784984819099474, -0.42239747321668003, -0.4269408649665375, -0.4314797717406369, -0.4360139418117465, -0.4405431234815835, -0.44506706513747385, -0.44958551530939084, -0.45409822272739575, -0.4586049363794168, -0.4631054055693601, -0.4675993799755306, -0.472086609709336, -0.4765668453742433, -0.4810398381249996, -0.4855053397270226, -0.48996310261600806, -0.49441287995768035, -0.49885442570766175, -0.5032874946714794, -0.5077118425645983, -0.5121272260725332, -0.5165334029109657, -0.5209301318858266, -0.5253171729533633, -0.5296942872801012, -0.5340612373027109, -0.5384177867877157, -0.5427637008910383, -0.5470987462173421, -0.5514226908791012, -0.5557353045554402, -0.5600363585506137, -0.5643256258521784, -0.5686028811887716, -0.5728679010874659, -0.5771204639307015, -0.5813603500127026, -0.5855873415953983, -0.589801222963773, -0.5940017804806427, -0.598188802640788, -0.602362080124457, -0.6065214058501243, -0.6106665750265923, -0.6147973852042421, -0.6189136363255809, -0.6230151307748738, -0.6271016734269754, -0.6311730716952308, -0.6352291355784482, -0.6392696777069393, -0.6432945133875025, -0.6473034606474896, -0.6512963402777066, -0.6552729758743032, -0.659233193879536, -0.6631768236213748, -0.667103697351967, -0.6710136502849113, -0.6749065206312912, -0.6787821496344884, -0.6826403816037312, -0.6864810639463667, -0.6903040471987835, -0.694109185056069, -0.6978963344002768, -0.7016653553273549, -0.7054161111726769, -0.709148468535193, -0.7128622973001728, -0.7165574706605027, -0.7202338651365914, -0.7238913605947896, -0.7275298402643904, -0.7311491907531487, -0.7347493020613294, -0.7383300675943207, -0.7418913841737258, -0.7454331520470052, -0.7489552748956227, -0.7524576598417403, -0.7559402174533925, -0.7594028617482356, -0.762845510195767, -0.7662680837181535, -0.7696705066895337, -0.7730527069339049, -0.7764146157215607, -0.7797561677640994, -0.7830773012080181, -0.7863779576268861, -0.789658082012132, -0.7929176227624745, -0.7961565316719565, -0.79937476391667, -0.8025722780401273, -0.8057490359373538, -0.8089050028376668, -0.812040147286222, -0.8151544411243126, -0.818247859468404, -0.8213203806880542, -0.8243719863826089, -0.8274026613567722, -0.830412393595054, -0.8334011742351324, -0.8363689975401627, -0.8393158608700421, -0.8422417646516782, -0.8451467123482594, -0.8480307104276292, -0.8508937683297059, -0.8537358984330251, -0.8565571160204285, -0.8593574392439748, -0.8621368890889971, -0.8648954893374379, -0.8676332665304765, -0.8703502499304157, -0.8730464714819757, -0.8757219657728857, -0.8783767699939533, -0.8810109238985276, -0.8836244697614496, -0.8862174523374964, -0.8887899188193913, -0.8913419187953375, -0.8938735042062088, -0.896384729302299, -0.8988756505998365, -0.9013463268370852, -0.9037968189302523, -0.9062271899291301, -0.9086375049725369, -0.9110278312435186, -0.9133982379245129, -0.91574879615225, -0.9180795789727035, -0.9203906612958523, -0.9226821198504862, -0.9249540331389832, -0.9272064813920501, -0.9294395465236042, -0.9316533120856327, -0.9338478632231968, -0.936023286629534, -0.9381796705013007, -0.940317104494008, -0.9424356796775957, -0.9445354884922571, -0.9466166247044858, -0.9486791833633378, -0.9507232607570393, -0.9527489543698104, -0.9547563628390258, -0.9567455859127408, -0.9587167244074639, -0.960669880166422, -0.9626051560180896, -0.9645226557351632, -0.9664224839939486, -0.9683047463341274, -0.9701695491190225, -0.9720169994962313, -0.9738472053587983, -0.9756602753067949, -0.9774563186094232, -0.9792354451675697, -0.9809977654769068, -0.9827433905914741, -0.9844724320877808, -0.9861850020294275, -0.987881212932295, -0.9895611777302271]}