{"FCI": -1.1696834518614552, "Energy": -1.1370351198393787, "Loss": [-0.7845907294419675, -0.788609241795723, -0.7925061145863943, -0.7962888563924506, -0.7999862410760264, -0.8036212759401969, -0.8072011843958095, -0.8107282819375197, -0.8142045389366835, -0.8176326970539657, -0.821016429747233, -0.8243600746787927, -0.8276681327694586, -0.8309447418951653, -0.8341933189788432, -0.8374164569875049, -0.84061603753483, -0.8437934567598505, -0.8469498699117614, -0.850086398843105, -0.8532042820149018, -0.8563049672172908, -0.8593901555517148, -0.8624618069437061, -0.8655221166501438, -0.8685734709219852, -0.8716183888799589, -0.8746594568184372, -0.8776992604175404, -0.8807403195508616, -0.8837850294370285, -0.886835610801036, -0.8898940705652868, -0.8929621734974628, -0.8960414243178698, -0.8991330590942707, -0.9022380443590281, -0.905357082254926, -0.908490620098456, -0.9116388629716362, -0.9148017882428774, -0.9179791612130831, -0.9211705513427181, -0.9243753487154438, -0.9275927805276379, -0.9308219274666569, -0.9340617398670246, -0.9373110535294444, -0.9405686050681913, -0.9438330466312645, -0.9471029598240572, -0.9503768686666059, -0.9536532514281424, -0.9569305512098434, -0.9602071851839507, -0.9634815524413199, -0.9667520404450949, -0.970017030132849, -0.9732748997492076, -0.9765240275248137, -0.9797627933435232, -0.9829895795584137, -0.9862027711283698, -0.9894007552520795, -0.9925819206752171, -0.995744656841526, -0.998887353049215, -1.0020083977620515, -1.0051061782100112, -1.0081790803976032, -1.0112254896199298, -1.014243791566626, -1.0172323740734073, -1.020189629559377, -1.0231139581667064, -1.0260037715979144, -1.0288574976253613, -1.0316735852282117, -1.0344505102945023, -1.0371867818106266, -1.0398809484474627, -1.0425316054421572, -1.0451374016671902, -1.0476970467735607, -1.050209318293077, -1.052673068585461, -1.0550872315190596, -1.057450828779453, -1.0597629757074365, -1.0620228865772519, -1.0642298792364218, -1.0663833790404968, -1.068482922028921, -1.0705281573017154, -1.0725188485705586, -1.0744548748718954, -1.0763362304434787, -1.0781630237788407, -1.0799354758868616, -1.0816539177948146, -1.083318787343324, -1.0849306253304485, -1.0864900710686578, -1.0879978574240063, -1.0894548054099011, -1.0908618184094967, -1.0922198761007011, -1.0935300281560814, -1.0947933877868745, -1.0960111251963185, -1.0971844610024895, -1.0983146596853526, -1.099403023106904, -1.1004508841475615, -1.1014596004963264, -1.10243054862693, -1.1033651179876627, -1.1042647054281147, -1.105130709882707, -1.1059645273275613, -1.1067675460247206, -1.107541142065213, -1.1082866752203786, -1.109005485108644, -1.109698887682955, -1.110368172041615, -1.1110145975631798, -1.111639391363352, -1.112243746069315, -1.1128288179043202, -1.1133957250727453, -1.1139455464333494, -1.1144793204463468, -1.1149980443778926, -1.1155026737442006, -1.1159941219763612, -1.116473260286301, -1.1169409177142993, -1.1173978813383723, -1.1178448966268506, -1.1182826679159936, -1.1187118589957508, -1.1191330937879846, -1.1195469571028591, -1.1199539954603352, -1.1203547179653186, -1.120749597226065, -1.1211390703071473, -1.1215235397091883, -1.1219033743691909, -1.1222789106762607, -1.1226504534989226, -1.1230182772213275, -1.1233826267868015, -1.123743718748385, -1.1241017423268242, -1.1244568604776002, -1.1248092109691097, -1.125158907474856, -1.1255060406827264, -1.125850679424675, -1.1261928718299268, -1.1265326465046113, -1.1268700137399597, -1.1272049667506463, -1.1275374829437173, -1.12786752521755, -1.1281950432889343, -1.1285199750452493, -1.1288422479172358, -1.129161780266629, -1.1294784827817677, -1.1297922598729833, -1.1301030110588461, -1.1304106323333523, -1.130715017503622, -1.1310160594874386, -1.1313136515596913, -1.1316076885372244, -1.1318980678918895, -1.1321846907824655, -1.1324674629971079, -1.132746295799303, -1.1330211066717562, -1.1332918199543203, -1.1335583673738299, -1.1338206884655264, -1.1340787308875977, -1.1343324506321475, -1.134581812137338, -1.1348267883072407, -1.1350673604466708, -1.135303518119548, -1.1355352589398584, -1.1357625883044487, -1.1359855190770685, -1.1362040712328334, -1.1364182714715292, -1.1366281528077764, -1.1368337541450193]}