{"FCI": -1.1617635907421635, "Energy": -0.8682529839629274, "Loss": [-0.1877904523868203, -0.1925373629438552, -0.1972766141894171, -0.2020079677691396, -0.20673118950503178, -0.21144604941224038, -0.21615232171276333, -0.22084978484617387, -0.2255382214773844, -0.23021741850153798, -0.2348871670460264, -0.23954726246976263, -0.2441975043596988, -0.24883769652469648, -0.25346764698679003, -0.2580871679699206, -0.26269607588619226, -0.2672941913197273, -0.2718813390081952, -0.2764573478220724, -0.2810220507417022, -0.2855752848322515, -0.29011689121660894, -0.2946467150462996, -0.2991646054705233, -0.3036704156033457, -0.3081640024891437, -0.31264522706638004, -0.31711395412976956, -0.32157005229092056, -0.32601339393752615, -0.3304438551911736, -0.33486131586385504, -0.33926565941324743, -0.3436567728968309, -0.34803454692492913, -0.3523988756127385, -0.3567496565314108, -0.361086790658265, -0.36541018232621514, -0.36971973917242895, -0.37401537208636354, -0.3782969951571716, -0.3825645256205803, -0.3868178838053141, -0.3910569930790811, -0.39528177979424883, -0.3994921732331895, -0.4036881055534422, -0.4078695117326665, -0.4120363295135033, -0.41618849934835545, -0.420325964344172, -0.42444867020728283, -0.42855656518827584, -0.43264960002708075, -0.4367277278981849, -0.44079090435610074, -0.4448390872810931, -0.4488722368252345, -0.45289031535880553, -0.4568932874170731, -0.4608811196475204, -0.4648537807575203, -0.46881124146251396, -0.47275347443470883, -0.47668045425233885, -0.480592157349508, -0.4844885619666456, -0.4883696481015969, -0.49223539746139505, -0.49608579341467457, -0.49992082094483364, -0.5037404666038909, -0.5075447184671096, -0.5113335660883506, -0.5151070004562278, -0.5188650139510296, -0.5226076003024548, -0.5263347545481537, -0.530046472993093, -0.533742753169754, -0.5374235937991501, -0.5410889947527272, -0.5447389570150669, -0.5483734826474809, -0.5519925747524405, -0.5555962374388762, -0.5591844757883272, -0.5627572958219634, -0.566314704468453, -0.5698567095326943, -0.5733833196654046, -0.5768945443335566, -0.5803903937916498, -0.5838708790538609, -0.5873360118669698, -0.5907858046841792, -0.5942202706397107, -0.59763942352424, -0.6010432777611245, -0.6044318483834218, -0.6078051510117267, -0.6111632018327527, -0.614506017578697, -0.6178336155073418, -0.6211460133829415, -0.6244432294577899, -0.627725282454541, -0.6309921915492391, -0.6342439763550192, -0.6374806569065129, -0.6407022536449027, -0.6439087874036618, -0.6471002793948916, -0.6502767511963155, -0.6534382247388872, -0.6565847222949718, -0.6597162664671374, -0.6628328801774939, -0.6659345866576094, -0.6690214094389401, -0.6720933723438004, -0.6751504994768425, -0.6781928152170261, -0.6812203442100598, -0.6842331113613371, -0.6872311418292912, -0.6902144610191867, -0.6931830945773723, -0.6961370683858827, -0.6990764085574755, -0.7020011414310235, -0.7049112935672907, -0.7078068917450244, -0.7106879629574324, -0.7135545344089211, -0.7164066335122052, -0.7192442878856513, -0.7220675253509556, -0.7248763739310534, -0.7276708618483065, -0.730451017522914, -0.7332168695715708, -0.7359684468063361, -0.738705778233715, -0.7414288930539148, -0.74413782066031, -0.7468325906390676, -0.7495132327689255, -0.7521797770211277, -0.754832253559512, -0.7574706927406929, -0.7600951251143984, -0.7627055814239003, -0.7653020926065326, -0.7678846897943339, -0.7704534043147303, -0.773008267691314, -0.7755493116446889, -0.7780765680933628, -0.7805900691546847, -0.7830898471458329, -0.7855759345848198, -0.7880483641915546, -0.7905071688888696, -0.7929523818036232, -0.7953840362677499, -0.7978021658193521, -0.8002068042037653, -0.8025979853745956, -0.8049757434947926, -0.8073401129376294, -0.8096911282877077, -0.8120288243419146, -0.8143532361103185, -0.8166643988170613, -0.8189623479011817, -0.821247119017389, -0.8235187480368029, -0.8257772710476002, -0.8280227243556436, -0.8302551444850195, -0.8324745681785111, -0.8346810323980249, -0.8368745743249175, -0.8390552313602713, -0.8412230411250905, -0.8433780414603964, -0.8455202704272924, -0.8476497663069005, -0.8497665676002402, -0.8518707130280223, -0.8539622415303612, -0.8560411922663789, -0.8581076046137701, -0.8601615181682272, -0.8622029727428252, -0.8642320083672774, -0.866248665287148]}