{"FCI": -1.2675874487922068, "Energy": -1.2556686832833401, "Loss": [-0.4816435039128756, -0.49763762827403996, -0.5138399201031497, -0.5303097639798281, -0.5470916103029753, -0.5642143313304192, -0.581690859007227, -0.5995181455773512, -0.6176774989694471, -0.6361353432417324, -0.654844439794487, -0.6737455787987479, -0.6927697150720677, -0.7118404826916798, -0.730876983363651, -0.7497967108156268, -0.7685184526085626, -0.7869650056197113, -0.80506555355294, -0.8227575829794177, -0.8399882548501036, -0.8567151955745538, -0.8729067193160692, -0.8885415352399794, -0.9036080256205405, -0.9181032005087271, -0.9320314417286466, -0.9454031447234827, -0.958233353830056, -0.9705404680786966, -0.9823450736944219, -0.9936689387409429, -1.0045341867237043, -1.0149626506208111, -1.0249753972346063, -1.034592403917463, -1.0438323652316974, -1.0527126053656184, -1.0612490724854893, -1.0694563930171899, -1.0773479665581371, -1.0849360852609695, -1.0922320647562174, -1.0992463767476892, -1.1059887761657468, -1.1124684181172848, -1.118693961798773, -1.1246736600503187, -1.1304154343597297, -1.1359269359256492, -1.141215593913214, -1.1462886523398135, -1.1511531971639404, -1.155816175162514, -1.160284406109328, -1.1645645896406243, -1.1686633080374988, -1.1725870259863358, -1.176342088210811, -1.1799347157105424, -1.183371001197271, -1.1866569041920467, -1.1897982461373793, -1.1928007057858252, -1.19566981505037, -1.1984109554400542, -1.2010293551551976, -1.2035300868783136, -1.2059180662675013, -1.2081980511374277, -1.2103746412973104, -1.2124522790046401, -1.2144352499862716, -1.216327684974668, -1.2181335617053697, -1.2198567073217867, -1.221500801134626, -1.2230693776855304, -1.2245658300671893, -1.2259934134553288, -1.2273552488114983, -1.2286543267188157, -1.2298935113164222, -1.2310755443017969, -1.2322030489732274, -1.2332785342878962, -1.2343043989139377, -1.2352829352574919, -1.236216333448424, -1.2371066852704402, -1.2379559880237636, -1.2387661483101837, -1.2395389857322041, -1.2402762364994055, -1.2409795569368367, -1.2416505268910838, -1.2422906530311664, -1.2429013720421684, -1.2434840537103247, -1.244040003899269, -1.2445704674175178, -1.2450766307780399, -1.245559624851048, -1.2460205274117238, -1.2464603655848323, -1.2468801181883702, -1.2472807179788943, -1.2476630538009486, -1.24802797264358, -1.2483762816066724, -1.2487087497801082, -1.2490261100387903, -1.2493290607563865, -1.249618267441035, -1.2498943642957756, -1.2501579557068112, -1.2504096176624948, -1.2506498991058046, -1.2508793232232502, -1.2510983886728309, -1.2513075707537222, -1.2515073225203033, -1.2516980758429712, -1.2518802424181323, -1.2520542147297764, -1.2522203669648233, -1.2523790558842929, -1.2525306216526233, -1.2526753886267687, -1.2528136661073486, -1.2529457490533837, -1.2530719187624453, -1.253192443518025, -1.253307579205444, -1.2534175698980754, -1.253522648415169, -1.2536230368527677, -1.253718947088885, -1.25381058126441, -1.2538981322407334, -1.2539817840353398, -1.2540617122364286, -1.2541380843976146, -1.25421106041362, -1.2542807928779434, -1.2543474274234376, -1.254411103046511, -1.2544719524158698, -1.2545301021664994, -1.2545856731796448, -1.2546387808494444, -1.2546895353369012, -1.2547380418117644, -1.254784400682984, -1.2548287078182294, -1.2548710547530408, -1.2549115288900932, -1.2549502136890955, -1.254987188847731, -1.2550225304741018, -1.255056311251085, -1.2550886005929887, -1.2551194647948671, -1.2551489671748812, -1.2551771682099986, -1.2552041256653774, -1.255229894717749, -1.2552545280730418, -1.2552780760785736, -1.2553005868300295, -1.2553221062734896, -1.2553426783027706, -1.2553623448522373, -1.2553811459853665, -1.255399119979226, -1.255416303405061, -1.2554327312051952, -1.2554484367664132, -1.2554634519899328, -1.2554778073582447, -1.2554915319988715, -1.2555046537451775, -1.2555171991944623, -1.2555291937633917, -1.2555406617408802, -1.2555516263386024, -1.2555621097392007, -1.2555721331423066, -1.2555817168084555, -1.2555908801010573, -1.2555996415264385, -1.2556080187720595, -1.255616028743052, -1.2556236875970694, -1.2556310107775772, -1.2556380130456521, -1.2556447085103626, -1.2556511106577155, -1.2556572323783974, -1.2556630859942164]}