{"FCI": -1.1617635907421635, "Energy": -1.146032633685476, "Loss": [-0.21024260069099812, -0.22360425070356948, -0.2369548543237055, -0.2502877435589682, -0.263596674473776, -0.27687625300742025, -0.29012250449132815, -0.30333335447581455, -0.31650849424660454, -0.3296482392900294, -0.3427519226858241, -0.3558169933067967, -0.36883923923628054, -0.38181360092936745, -0.39473497412123426, -0.4075987539764563, -0.42040108926431075, -0.43313887424876274, -0.4458095266516592, -0.4584106308068276, -0.47093954576058716, -0.48339306398197157, -0.495767171702562, -0.5080569367354749, -0.5202565361117231, -0.5323594161938643, -0.5443585501462833, -0.5562467374656166, -0.5680168872718614, -0.5796622372084976, -0.5911764767747701, -0.6025537668918253, -0.6137886765073738, -0.6248760842851503, -0.635811103997713, -0.6465890770253381, -0.6572056415958264, -0.6676568539529423, -0.677939315829384, -0.6880502603852192, -0.6979875646121749, -0.7077496862333843, -0.7173355566437283, -0.7267444809521698, -0.7359760886927739, -0.745030348265693, -0.7539076232257135, -0.7626087275631103, -0.771134938361639, -0.7794879458217921, -0.7876697527039239, -0.7956825612861751, -0.8035286901738312, -0.8112105428481027, -0.8187306184890331, -0.826091533157554, -0.8332960179774287, -0.840346879564033, -0.8472469347532738, -0.8539989499761862, -0.8606056134854899, -0.8670695478435363, -0.8733933454303872, -0.8795795980563416, -0.8856309001789349, -0.8915498269091855, -0.8973389070167108, -0.9030006138082199, -0.9085373821298606, -0.9139516400554906, -0.919245834034625, -0.9244224327337995, -0.9294839115479019, -0.9344327334999036, -0.9392713424941914, -0.9440021723336253, -0.9486276607424817, -0.9531502537279093, -0.9575723944522658, -0.9618965039387478, -0.966124966817081, -0.9702601294466598, -0.9743043062596104, -0.9782597836052672, -0.9821288140703678, -0.9859136039710161, -0.9896163030929481, -0.9932390031511633, -0.9967837430581232, -1.0002525134091684, -1.0036472547958415, -1.0069698517299737, -1.0102221285693302, -1.0134058515458684, -1.0165227347736705, -1.0195744446280643, -1.022562599417108, -1.025488766608724, -1.0283544621931064, -1.0311611539297212, -1.0339102658199897, -1.0366031800919528, -1.0392412360846048, -1.0418257288315569, -1.0443579100550975, -1.0468389911782034, -1.0492701456842493, -1.0516525092081814, -1.053987178547381, -1.056275211882957, -1.058517630800886, -1.0607154225291344, -1.0628695408102986, -1.0649809057484008, -1.0670504042396647, -1.0690788917303893, -1.0710671943588344, -1.0730161102300617, -1.0749264098634965, -1.0767988369125616, -1.0786341097557541, -1.0804329233349121, -1.0821959503519853, -1.0839238418625525, -1.0856172280503413, -1.0872767195620092, -1.0889029089147564, -1.0904963713957927, -1.092057665584925, -1.0935873340701194, -1.0950859045185881, -1.0965538906912151, -1.0979917930769714, -1.0994000993654303, -1.1007792851361877, -1.1021298147412355, -1.1034521420464656, -1.104746710920916, -1.1060139557188284, -1.1072543019432142, -1.1084681669484129, -1.10965596046696, -1.1108180850073013, -1.1119549363207546, -1.1130669039603118, -1.1141543717660298, -1.1152177182060594, -1.1162573166932643, -1.1172735359712374, -1.1182667404926134, -1.1192372906898107, -1.1201855431811807, -1.121111851010142, -1.1220165639049067, -1.1229000284750534, -1.1237625883402984, -1.1246045842644818, -1.1254263543144811, -1.1262282339871832, -1.127010556280749, -1.127773651757178, -1.1285178486247311, -1.1292434728059257, -1.1299508479634246, -1.1306402955116128, -1.1313121346412063, -1.1319666823370502, -1.1326042533657295, -1.13322516024975, -1.1338297132507609, -1.134418220350106, -1.1349909872087118, -1.1355483171173404, -1.136090510954155, -1.1366178671421385, -1.1371306815934614, -1.1376292476490306, -1.1381138560253965, -1.138584794762824, -1.1390423491656803, -1.1394868017418556, -1.1399184321492808, -1.1403375171438603, -1.1407443305235399, -1.1411391430740356, -1.1415222225209511, -1.1418938334830908, -1.1422542374242757, -1.1426036926084318, -1.142942454060082, -1.143270773525937, -1.1435888994367402, -1.1438970768734245, -1.1441955475373409, -1.1444845497215788, -1.144764318283927, -1.145035084624262, -1.1452970766650026, -1.1455505188327333, -1.1457956320424478]}