{"FCI": -0.741096446723329, "Energy": 0.375256652477632, "Loss": [1.1265546155543706, 1.1235950306696691, 1.1206301884244745, 1.117660069878512, 1.114684655234033, 1.1117039238382036, 1.1087178541858318, 1.1057264239223514, 1.102729609847234, 1.0997273879176384, 1.0967197332524319, 1.0937066201365089, 1.0906880220254582, 1.0876639115505313, 1.0846342605239538, 1.0815990399445403, 1.0785582200036385, 1.0755117700913828, 1.0724596588032993, 1.0694018539471548, 1.066338322550207, 1.0632690308667005, 1.0601939443857096, 1.0571130278392542, 1.0540262452107658, 1.0509335597438128, 1.0478349339511577, 1.044730329624077, 1.0416197078419955, 1.0385030289824304, 1.0353802527311473, 1.0322513380927016, 1.029116243401166, 1.0259749263311713, 1.0228273439092197, 1.0196734525252658, 1.0165132079445276, 1.013346565319577, 1.0101734792026666, 1.0069939035583289, 1.003807791776167, 1.0006150966839233, 0.9974157705607432, 0.9942097651506783, 0.9909970316763939, 0.9877775208530879, 0.9845511829026261, 0.9813179675678502, 0.9780778241270873, 0.9748307014088177, 0.9715765478065754, 0.9683153112939511, 0.9650469394397826, 0.9617713794235047, 0.9584885780506393, 0.9551984817683952, 0.9519010366814533, 0.9485961885678287, 0.9452838828948428, 0.9419640648352527, 0.9386366792833867, 0.9353016708714873, 0.9319589839860333, 0.9286085627841724, 0.9252503512102442, 0.9218842930123151, 0.9185103317587754, 0.9151284108549954, 0.9117384735600101, 0.908340463003172, 0.9049343222009085, 0.9015199940734073, 0.8980974214613525, 0.894666547142623, 0.8912273138489869, 0.887779664282752, 0.8843235411334303, 0.8808588870942973, 0.877385644878954, 0.8739037572378152, 0.8704131669745354, 0.8669138169623772, 0.8634056501604906, 0.8598886096301159, 0.8563626385507126, 0.8528276802359718, 0.8492836781497451, 0.8457305759218711, 0.8421683173638765, 0.8385968464845933, 0.8350161075056217, 0.8314260448766947, 0.8278266032909237, 0.8242177276998754, 0.8205993633285802, 0.8169714556903418, 0.8133339506014525, 0.8096867941957583, 0.8060299329390836, 0.8023633136435137, 0.7986868834815551, 0.7950005900001244, 0.7913043811344269, 0.7875982052216943, 0.7838820110147612, 0.7801557476955496, 0.7764193648883809, 0.7726728126731849, 0.7689160415985923, 0.7651490026948684, 0.761371647486793, 0.757583928006368, 0.7537857968054689, 0.7499772069683848, 0.7461581121242491, 0.7423284664594422, 0.738488224729851, 0.7346373422731307, 0.7307757750208536, 0.726903479510671, 0.7230204128983899, 0.7191265329700605, 0.715221798154026, 0.7113061675330107, 0.7073796008561728, 0.7034420585512194, 0.6994935017365561, 0.6955338922334733, 0.6915631925784157, 0.6875813660353471, 0.6835883766081777, 0.6795841890533495, 0.6755687688925116, 0.6715420824253808, 0.6675040967427491, 0.6634547797396668, 0.659394100128843, 0.6553220274542441, 0.6512385321049536, 0.6471435853292666, 0.6430371592490556, 0.6389192268744455, 0.6347897621187903, 0.6306487398139757, 0.6264961357260768, 0.6223319265713864, 0.6181560900328182, 0.6139686047767255, 0.6097694504701582, 0.6055586077985362, 0.6013360584838084, 0.5971017853030797, 0.5928557721077581, 0.5885980038431851, 0.5843284665688439, 0.5800471474790913, 0.5757540349244701, 0.5714491184335995, 0.5671323887356842, 0.5628038377836437, 0.5584634587778319, 0.5541112461904695, 0.5497471957906778, 0.5453713046702271, 0.5409835712699397, 0.5365839954068263, 0.5321725783018697, 0.5277493226085961, 0.523314232442308, 0.5188673134100881, 0.5144085726415207, 0.5099380188201627, 0.5054556622157469, 0.5009615147171635, 0.49645558986615596, 0.49193790289178857, 0.48740847074564914, 0.4828673121378156, 0.47831444757352803, 0.4737498993906426, 0.46917369179775886, 0.46458585091311866, 0.4599864048041672, 0.45537538352783646, 0.45075281917149734, 0.44611874589458095, 0.4414731999708482, 0.4368162198312765, 0.43214784610756923, 0.42746812167623405, 0.4227770917032277, 0.4180748036891244, 0.4133613075147955, 0.40863665548755446, 0.4039009023877405, 0.3991541055156975, 0.3943963247391422, 0.3896276225408331, 0.384848064066541, 0.3800577171732645]}