{"FCI": -1.0460431288342917, "Energy": -1.0218141475992293, "Loss": [-0.8068280797309669, -0.8145459642786957, -0.8205109639139778, -0.8257282186492, -0.8305052168027653, -0.8349796759756782, -0.839225669923263, -0.8432877382798983, -0.8471948203563062, -0.8509668738355368, -0.8546183628001218, -0.8581602335630424, -0.8616010828920058, -0.8649478515312237, -0.8682062108207289, -0.8713807362786352, -0.8744749355309263, -0.8774911978803669, -0.8804307410262874, -0.8832936272759138, -0.8860788940464426, -0.8887847971899356, -0.8914091233461802, -0.8939495101261278, -0.8964037231224444, -0.8987698630849436, -0.9010464996529479, -0.9032327420660826, -0.905328262268941, -0.9073332851514101, -0.9092485576459151, -0.9110753050921442, -0.912815180585644, -0.9144702111674632, -0.9160427435971409, -0.9175353918871202, -0.9189509885553553, -0.920292541480753, -0.9215631981562203, -0.9227662188971559, -0.9239049601079283, -0.9249828680376607, -0.926003482651179, -0.9269704504393402, -0.9278875443497476, -0.9287586886463346, -0.9295879864336218, -0.9303797477323714, -0.931138516196209, -0.9318690925764226, -0.9325765526059077, -0.9332662558342009, -0.9339438399554144, -0.9346151924524055, -0.9352863886043626, -0.9359635836092112, -0.9366528491902874, -0.9373599540881895, -0.9380901037380154, -0.9388476730733362, -0.9396359788602843, -0.9404571352190283, -0.9413120164057532, -0.942200323323136, -0.9431207279333164, -0.944071060968909, -0.9450485120835032, -0.9460498213687387, -0.9470714508944825, -0.9481097317739636, -0.9491609861354705, -0.9502216252952799, -0.951288226298488, -0.9523575893449442, -0.9534267786694863, -0.9544931493090454, -0.9555543619563693, -0.9566083878578872, -0.9576535055167118, -0.9586882908244089, -0.9597116021427803, -0.9607225617524376, -0.9617205349461798, -0.9627051078592035, -0.9636760649016941, -0.9646333664135753, -0.9655771269242123, -0.9665075941968024, -0.9674251290862482, -0.9683301861482388, -0.9692232949054145, -0.9701050416962661, -0.970976052092561, -0.9718369739588069, -0.9726884613275073, -0.973531159360841, -0.9743656907454016, -0.9751926439039561, -0.976012563390872, -0.9768259427564308, -0.9776332200195733, -0.9784347756924257, -0.979230933080024, -0.9800219603735292, -0.9808080739072342, -0.9815894418954101, -0.9823661880267867, -0.9831383944687155, -0.9839061040903254, -0.9846693219964663, -0.9854280167037336, -0.9861821214204807, -0.9869315358807942, -0.9876761290364761, -0.9884157426852546, -0.9891501958832772, -0.9898792898243487, -0.9906028128017508, -0.9913205448982441, -0.9920322621427728, -0.992737739988866, -0.9934367560767218, -0.9941290923199676, -0.9948145364048764, -0.9954928828095457, -0.9961639334502359, -0.996827498051224, -0.9974833943184849, -0.9981314479807932, -0.9987714927470306, -0.9994033702149958, -1.0000269297603825, -1.0006420284131454, -1.0012485307835735, -1.001846308799487, -1.0024352419768148, -1.0030151990440723, -1.003585596933944, -1.0041301793380808, -1.0046373935232806, -1.0051639354382553, -1.0057202019901375, -1.006263409038513, -1.006784423537212, -1.0072904336354496, -1.0077836891149232, -1.0082662669488347, -1.008738396885007, -1.0092003686475017, -1.009651920865548, -1.01009284818605, -1.0105224230652186, -1.0109395559301215, -1.0113427161585362, -1.0117315826891453, -1.0121118101608952, -1.0124901400335427, -1.0128651012201946, -1.0132311429133882, -1.0135838851306656, -1.0139242685145289, -1.0142521914061244, -1.0145689989989402, -1.0148743950202688, -1.0151691449293099, -1.0154525647096706, -1.0157253358147524, -1.0159866480006132, -1.016238425752288, -1.0164808884511416, -1.0167179340171182, -1.016948168288912, -1.017173061445428, -1.017389452372365, -1.0175988335859176, -1.0177998215666832, -1.0179944632591813, -1.0181820525720366, -1.0183645748487105, -1.018541285468509, -1.018714343953474, -1.0188828198846687, -1.0190495714784407, -1.0192133243876849, -1.019377363220845, -1.0195393801367623, -1.01970198499391, -1.0198623241736742, -1.0200225449517308, -1.0201802969090021, -1.0203375445241638, -1.0204923517264404, -1.0206465085742618, -1.02079816742216, -1.0209490899567082, -1.0210973507390297, -1.0212448622838832, -1.0213895417840138, -1.0215334541876182, -1.0216743177761047]}