{"FCI": -0.741096446723329, "Energy": -0.7331534037237742, "Loss": [1.1670966666285878, 1.101389731413086, 1.052123646389112, 1.0101095603609824, 0.9723602171395763, 0.9374690653233836, 0.9046405816780664, 0.8733696834418968, 0.8433070681380297, 0.8141933177282953, 0.7858230458339106, 0.7580244862759942, 0.7306488079120992, 0.7035671265323263, 0.6766736365912953, 0.6498912807730421, 0.6231746348360878, 0.5965067077490513, 0.5698910932627582, 0.5433434007875129, 0.5168846972407133, 0.4905375066816231, 0.46432375260711345, 0.4382638661899278, 0.41237650209267673, 0.3866785393058405, 0.36118520176066427, 0.3359102209304904, 0.31086600683590604, 0.28606381475934217, 0.2615139040937426, 0.2372256891036364, 0.21320788195551582, 0.18946862766906564, 0.16601562944827972, 0.14285626166644777, 0.11999766696303375, 0.09744683373655662, 0.07521065094241448, 0.053295938519048264, 0.03170945376161083, 0.010457876152542567, -0.01045222493296799, -0.03101443402867768, -0.05122253901821547, -0.07107058102748756, -0.09055290092814824, -0.10966418022688162, -0.1283994756048021, -0.14675424746541185, -0.16472438345385085, -0.1823062180824314, -0.1994965494806639, -0.21629265403634682, -0.23269229942299907, -0.24869375627883028, -0.26429580862988666, -0.27949776302645796, -0.29429945627191745, -0.30870126155407196, -0.32270409273363465, -0.3363094065011656, -0.34951920208505416, -0.362336018184567, -0.3747629268218853, -0.386803523864957, -0.39846191607909076, -0.40974270472760116, -0.4206509659635581, -0.43119222852996947, -0.4413724495950222, -0.45119798985710186, -0.4606755893082829, -0.46981234518130466, -0.47861569355764044, -0.48709339583455447, -0.49525353072196165, -0.5031044917014776, -0.5106549890196572, -0.5179140544361397, -0.5248910462491271, -0.5315956516964636, -0.5380378837472141, -0.5442280695533197, -0.5501768283596549, -0.5558950373731965, -0.5613937848643633, -0.5666843105369002, -0.5717779339135916, -0.5766859721336798, -0.581419649150975, -0.5859899988644311, -0.5904077651965844, -0.594683302531548, -0.5988264801926395, -0.6028465947366664, -0.6067522937315425, -0.61055151434466, -0.6142514394980845, -0.6178584735569145, -0.6213782385464821, -0.6248155907942468, -0.6281746567552307, -0.631458885672147, -0.6346711158355702, -0.637813650419913, -0.6408883388844682, -0.6438966590027937, -0.6468397978060925, -0.6497187213674134, -0.6525342423540597, -0.6552868652650641, -0.6579739242262788, -0.6605335873991416, -0.6629984028011408, -0.6655713379702548, -0.668085117909488, -0.6704973282002897, -0.6728401042863504, -0.675123511565217, -0.6773507476088199, -0.6795222730277523, -0.6816393951844195, -0.6837034267484501, -0.6857184180717517, -0.687683041043155, -0.6895954380709808, -0.6914511303393567, -0.6932521311185449, -0.6950085994644728, -0.6967327907470202, -0.6984175383374807, -0.7000545314720172, -0.7016404408543111, -0.7031774315888474, -0.7046665190847243, -0.7061094716086007, -0.7075065111622959, -0.7088586057588446, -0.7101655747874276, -0.711428236001415, -0.7126467471264758, -0.7138229472520333, -0.7149580424680969, -0.7160541071086672, -0.7171106277481124, -0.7181275899462025, -0.7191034145381903, -0.7200382815493015, -0.7209310220380719, -0.7217812037023864, -0.722584181543471, -0.7233312829790508, -0.7240042920203132, -0.7246204703283703, -0.7252626233852432, -0.7259535141972882, -0.7266113701224843, -0.7272123303976724, -0.7277601095492789, -0.7282655327231065, -0.7287327748284909, -0.7291655654400548, -0.7295642277796235, -0.7299298513181677, -0.7302604556210497, -0.7305567621996283, -0.7308188419739897, -0.7310601810735524, -0.7312929550378908, -0.7315267980470495, -0.7317481778818383, -0.7319498943514011, -0.7321256521106541, -0.7322785801760244, -0.7324094410534022, -0.7325218608733632, -0.7326161605213319, -0.7326949186178994, -0.7327578779955636, -0.7328087462455994, -0.732849203695925, -0.732886619908419, -0.7329228956830605, -0.7329614695369955, -0.7329978369149424, -0.733031227594756, -0.7330582953125094, -0.7330802802999967, -0.7330963827413131, -0.7331084391309162, -0.733115964400069, -0.7331206177128615, -0.7331220623794314, -0.7331226194891288, -0.7331227190567051, -0.7331251687087783, -0.7331296443683295, -0.7331369966181338, -0.7331450463126884]}