{"FCI": -1.116298042885828, "Energy": -0.960697247651525, "Loss": [-0.8055029125965407, -0.8121396313202746, -0.8186629837502624, -0.8250622859296116, -0.8313269750678621, -0.8374467159858077, -0.8434115433236149, -0.8492120476753923, -0.8548396130501443, -0.8602867069096866, -0.8655472071106752, -0.8706167170531489, -0.8754927745423998, -0.8801748277988408, -0.8846638854267023, -0.8889618778379502, -0.8930709324482734, -0.8969928230801325, -0.9007287439727725, -0.904279383735955, -0.907645171943973, -0.9108265717269539, -0.9138243421129124, -0.9166397417888374, -0.9192746733210376, -0.9217317771114617, -0.9240144855280179, -0.9261270454822779, -0.9280745150775449, -0.9298627378654564, -0.9314982969642234, -0.9329884507360875, -0.934341051734038, -0.9355644510201666, -0.9366673905335641, -0.9376588867532774, -0.9385481092998292, -0.9393442582488942, -0.9400564437783423, -0.9406935714053398, -0.941264235613734, -0.9417766242436508, -0.9422384356821596, -0.9426568106435596, -0.9430382800797652, -0.9433887304056332, -0.9437133866801407, -0.9440168136359163, -0.9443029335633023, -0.9445750591530293, -0.9448359386247445, -0.945087809932713, -0.9453324606067046, -0.9455712898583251, -0.9458053699152019, -0.9460355040640265, -0.9462622795081762, -0.9464861138031925, -0.9467072942650305, -0.9469260103082425, -0.9471423791351635, -0.94735646554356, -0.9475682968410183, -0.9477778739496693, -0.9479851797640113, -0.9481901857066405, -0.9483928572372436, -0.9485931588407117, -0.9487910587820609, -0.948986533698627, -0.9491795729261914, -0.9493701823390526, -0.9495583874310566, -0.9497442353705775, -0.9499277958197498, -0.9501091604012173, -0.950288440809815, -0.9504657656843986, -0.9506412764621787, -0.950815122521941, -0.9509874559745158, -0.9511584264748189, -0.9513281764092479, -0.9514968367595964, -0.9516645238674513, -0.9518313372309809, -0.9519973583700722, -0.9521626507059567, -0.9523272603263817, -0.9524912174533667, -0.9526545383999366, -0.9528172277957732, -0.9529792808766665, -0.9531406856640824, -0.9533014249041865, -0.9534614776836507, -0.9536208206866981, -0.9537794290995288, -0.9539372772005416, -0.9540943386957836, -0.9542505868683542, -0.9544059946088533, -0.9545605343840223, -0.9547141781849631, -0.954866897478297, -0.9550186631661868, -0.9551694455471396, -0.9553192142601046, -0.9554679381910129, -0.9556155853226348, -0.9557621225152826, -0.9559075152151634, -0.9560517270978972, -0.9561947196647366, -0.9563364518170084, -0.9564768794390437, -0.9566159550212836, -0.9567536273525958, -0.9568898413058493, -0.9570245377332752, -0.9571576534798383, -0.9572891215147442, -0.9574188711740906, -0.9575468285023194, -0.9576729166770064, -0.9577970565003155, -0.9579191669411088, -0.9580391657137423, -0.958156969882383, -0.9582724964822216, -0.9583856631518303, -0.9584963887721847, -0.9586045941090791, -0.958710202455369, -0.9588131402688522, -0.9589133378003721, -0.9590107297055959, -0.9591052556327103, -0.9591968607778782, -0.9592854964001339, -0.9593711202880819, -0.9594536971718441, -0.959533199075238, -0.9596096056047498, -0.9596829041736124, -0.9597530901606199, -0.9598201670045012, -0.9598841462352333, -0.9599450474443822, -0.9600028981961971, -0.9600577338814982, -0.9601095975160719, -0.9601585394852257, -0.9602046172363966, -0.9602478949218041, -0.9602884429938527, -0.9603263377563953, -0.9603616608759423, -0.9603944988574973, -0.9604249424904115, -0.9604530862702678, -0.9604790278030643, -0.9605028671982321, -0.9605247064570014, -0.9605446488624421, -0.9605627983773056, -0.9605792590554152, -0.960594134472032, -0.9606075271781194, -0.9606195381833402, -0.9606302664717926, -0.9606398085545366, -0.9606482580621223, -0.960655705380148, -0.9606622373300144, -0.9606679368966061, -0.9606728830038992, -0.9606771503386511, -0.9606808092217789, -0.9606839255261915, -0.9606865606392413, -0.9606887714673478, -0.9606906104798995, -0.9606921257891035, -0.9606933612621484, -0.9606943566618527, -0.9606951478118838, -0.9606957667825277, -0.9606962420930247, -0.9606965989266045, -0.9606968593544708, -0.9606970425651167, -0.9606971650957385, -0.9606972410626027, -0.9606972823876432, -0.9606972990189309, -0.9606972991429522, -0.9606972893869591, -0.9606972750101387, -0.9606972600826154]}