{"FCI": -1.2655724615197328, "Energy": -1.2510708676480309, "Loss": [-0.7492469795876661, -0.7809811997884804, -0.8030236036920836, -0.8210087208621552, -0.8366702140312358, -0.8507916946919106, -0.8637991146378802, -0.8759528042670541, -0.8874255513646999, -0.8983390411181166, -0.9087827490243064, -0.9188246199419039, -0.9285175262732235, -0.937903377776415, -0.9470158443732227, -0.9558822262578963, -0.9645247872605653, -0.9729617460598431, -0.9812080465379923, -0.9892759810862937, -0.9971757090156519, -1.0049156917780866, -1.0125030546350948, -1.0199438782527397, -1.0272434212440291, -1.0344062743954585, -1.0414364487235799, -1.048337403009303, -1.0551120225575683, -1.061762568968422, -1.0682906278371211, -1.0746970829986855, -1.0809821387656307, -1.087145396647141, -1.093185976396204, -1.0991026602241147, -1.1048940372037273, -1.110558630495887, -1.1160949985215949, -1.1215018086253723, -1.1267778863915754, -1.1319222456883438, -1.1369341046263086, -1.1418128918495842, -1.1465582465513742, -1.151170014649295, -1.155648242786482, -1.1599931712562639, -1.1642052265501297, -1.1682850139592245, -1.1722333104814895, -1.1760510581713217, -1.1797393579940494, -1.1832994642004337, -1.1867327792055526, -1.1900408489361072, -1.1932253585955745, -1.1962881287848413, -1.1992311119049215, -1.2020563887567066, -1.2047661652391963, -1.2073627690319824, -1.2098486461288083, -1.2122263570671767, -1.2144985726738902, -1.2166680691191007, -1.2187377220427646, -1.2207104994899138, -1.2225894533682686, -1.2243777091280883, -1.2260784533668103, -1.2276949190883244, -1.2292303684083874, -1.2306880726039502, -1.2320712895644772, -1.233383238921328, -1.2346270754051942, -1.2358058612949587, -1.2369225391448802, -1.2379799062636874, -1.2389805926108093, -1.2399270438095005, -1.2408215108060863, -1.2416660473080074, -1.2424625155363809, -1.2432126001025994, -1.2439178290727144, -1.2445796006394758, -1.2451992133854723, -1.2457778979497505, -1.2463168480087121, -1.2468172487977627, -1.2472803018510819, -1.2477072451298545, -1.2480993681669905, -1.248458022227388, -1.2487846257452144, -1.2490806654565367, -1.2493476937159242, -1.2495873224958431, -1.249801214544182, -1.2499910721414085, -1.2501586238716946, -1.250305609812366, -1.2504337655583186, -1.250544805531212, -1.2506404060709344, -1.2507221888587507, -1.2507917052630706, -1.2508504222144607, -1.250899710191805, -1.2509408338225871, -1.2509749453378904, -1.2510030763965583, -1.2510259454382096, -1.2510357762047697, -1.250786715274173, -1.2507926638083005, -1.251009839758477, -1.251072577292946, -1.2510911473332715, -1.2510994130389477, -1.2511044205737578, -1.2511079026262721, -1.2511104347212008, -1.2511122754647095, -1.2511135586824442, -1.2511143215605396, -1.2511144410016262, -1.2511133816805888, -1.2511093685296397, -1.2510969287313385, -1.2510633529926805, -1.2510065362590652, -1.2509853451378854, -1.251020585963259, -1.2510607305806511, -1.2510849360307614, -1.251097265713945, -1.251103157873052, -1.2511056636188789, -1.2511059947202121, -1.2511044026943177, -1.2511003634869764, -1.251092707350383, -1.2510798497053184, -1.2510617961980497, -1.251043439904957, -1.2510344385611099, -1.2510388785774558, -1.2510513879271463, -1.2510645846495225, -1.25107478840484, -1.2510813425429614, -1.2510846056156961, -1.251085054592778, -1.2510828926885451, -1.2510782317220086, -1.2510712454123534, -1.2510628019781826, -1.2510545769804793, -1.2510491161105919, -1.2510479291227188, -1.2510512095601023, -1.251056894485696, -1.2510633334790873, -1.2510686827034407, -1.2510725826928333, -1.2510744834600716, -1.2510747277867524, -1.2510731888840678, -1.2510704739049665, -1.2510667716871051, -1.2510631706562299, -1.2510601595508055, -1.2510589038623483, -1.2510592367530005, -1.251061375633744, -1.2510641825140865, -1.2510673802092738, -1.2510699250914226, -1.2510718563962497, -1.2510726224080735, -1.2510726003376822, -1.2510715622571509, -1.251070134206642, -1.2510682901023464, -1.251066834866303, -1.2510657173106026, -1.2510656069793564, -1.251066073792025, -1.251067403662565, -1.2510688403743846, -1.2510705108450446, -1.25107170970026, -1.2510726842414102, -1.251072949225617, -1.2510729315005624, -1.2510723295409827, -1.2510717143754162]}