{"FCI": -1.2237808467680051, "Energy": -1.201635233769186, "Loss": [-0.7326687949493348, -0.7374165575125068, -0.7422534178667343, -0.7471755582412446, -0.7521790583685808, -0.7572598474411936, -0.7624136635970942, -0.7676360224721429, -0.772922196468101, -0.7782672067048244, -0.7836658302610825, -0.7891126261968764, -0.7946019848726009, -0.8001282059511468, -0.8056856105281158, -0.8112686907607788, -0.8168722939628233, -0.8224918247524176, -0.8281234275890277, -0.8337640886300991, -0.8394115874594068, -0.8450642592857216, -0.850720601859526, -0.8563788403822479, -0.8620365865090467, -0.8676906734052997, -0.8733371636717857, -0.8789714710689516, -0.8845885290740912, -0.8901829599747276, -0.8957492229032676, -0.90128173608361, -0.9067749766314507, -0.9122235635921474, -0.9176223294996082, -0.9229663844109387, -0.928251174955874, -0.9334725397329028, -0.9386267614347502, -0.9437106153588438, -0.9487214134046107, -0.9536570422391628, -0.9585159940052602, -0.9632973877443539, -0.9680009796207318, -0.9726271600760031, -0.9771769362368404, -0.9816518982610891, -0.9860541688498989, -0.9903863358731252, -0.9946513689305235, -0.9988525216559668, -1.0029932225968172, -1.0070769584751948, -1.0111071544598869, -1.0150870566466208, -1.019019622176096, -1.0229074222611745, -1.026752562837494, -1.0305566266326125, -1.0343206392465403, -1.0380450604616331, -1.0417298005745772, -1.0453742601875966, -1.0489773907075393, -1.0525377718506705, -1.0560537017734757, -1.0595232950527418, -1.0629445836056515, -1.0663156157435985, -1.069634548857667, -1.072899731707582, -1.0761097729021287, -1.0792635928969323, -1.0823604576765051, -1.0853999932127434, -1.0883821807758056, -1.0913073341801331, -1.094176061029028, -1.0969892109164998, -1.0997478142858594, -1.102453016164352, -1.1051060092327691, -1.1077079706117576, -1.1102600063429293, -1.1127631068369976, -1.115218115611035, -1.1176257125269589, -1.1199864115746525, -1.1223005721235961, -1.1245684215923923, -1.1267900867371572, -1.1289656302890245, -1.1310950895020282, -1.1331785133003027, -1.135215995107003, -1.1372076990454376, -1.1391538779604218, -1.1410548825405207, -1.1429111616539993, -1.1447232547702564, -1.1464917779620654, -1.1482174054231238, -1.1499008486620785, -1.1515428355391157, -1.1531440911098243, -1.1547053218667056, -1.1562272044716189, -1.1577103795129808, -1.159155450261111, -1.1605629858927924, -1.1619335282578869, -1.1632676010001226, -1.1645657197345327, -1.1658284020233318, -1.1670561760615172, -1.168249587252319, -1.169409202182018, -1.1705356098516528, -1.171629420349195, -1.172691261415611, -1.1737217735465229, -1.1747216043643145, -1.1756914029916983, -1.1766318150678363, -1.1775434788906518, -1.1784270229707656, -1.1792830650721324, -1.18011221261867, -1.1809150641889257, -1.1816922117171036, -1.1824442429763122, -1.1831717439372547, -1.183875300663806, -1.1845555005112387, -1.185212932515679, -1.185848186985613, -1.1864618544125758, -1.1870545238947205, -1.1876267813079888, -1.1881792074632094, -1.1887123764571403, -1.1892268543706392, -1.1897231983975283, -1.1902019564156758, -1.1906636669477113, -1.1911088594110961, -1.1915380545307006, -1.1919517647830256, -1.1923504947574224, -1.1927347413508114, -1.1931049937525693, -1.193461733217072, -1.193805432657787, -1.1941365561223851, -1.1944555582216114, -1.1947628835844069, -1.195058966400062, -1.1953442300883312, -1.1956190871146504, -1.1958839389443021, -1.1961391761102451, -1.1963851783569632, -1.196622314818246, -1.1968509441902053, -1.1970714148698214, -1.197284065042454, -1.1974892227157867, -1.1976872057098338, -1.1978783216217217, -1.198062867788368, -1.1982411312696162, -1.198413388870084, -1.198579907210862, -1.198740942853839, -1.1988967424739017, -1.1990475430682292, -1.19919357218875, -1.199335048183496, -1.1994721804347712, -1.1996051695858947, -1.1997342077532236, -1.1998594787245598, -1.1999811581486126, -1.2000994137221848, -1.200214405381814, -1.2003262855056274, -1.2004351991284956, -1.2005412841711511, -1.2006446716810235, -1.2007454860808842, -1.2008438454203634, -1.2009398616253046, -1.2010336407412265, -1.2011252831683032, -1.201214883887261, -1.2013025326769196, -1.201388314325265, -1.2014723088362649, -1.2015545916345234]}