{"FCI": -1.0321107324634744, "Energy": -0.8654556556677488, "Loss": [-0.7062948310524443, -0.7126097420360533, -0.7170894433715557, -0.7207527256056854, -0.723927761245334, -0.7267686548372334, -0.7293622518063341, -0.7317631843460138, -0.734008464778472, -0.7361245477456287, -0.7381311250528213, -0.7400433292795598, -0.7418730924255503, -0.7436300245612253, -0.7453220046107585, -0.746955590603569, -0.74853631238229, -0.7500688852993478, -0.7515573693370986, -0.7530052896489202, -0.7544157293014647, -0.755791401674897, -0.7571347077970969, -0.7584477824103434, -0.7597325315337768, -0.7609906635364284, -0.7622237151839316, -0.763433073714719, -0.7646199957060331, -0.7657856232831148, -0.7669309980855209, -0.7680570733138417, -0.7691647241217059, -0.7702547565788507, -0.7713279154024676, -0.7723848906305733, -0.773426323390158, -0.7744528108934334, -0.7754649107773037, -0.7764631448846223, -0.777448002570872, -0.7784199436068748, -0.779379400736786, -0.7803267819411855, -0.7812624724468535, -0.7821868365183663, -0.7831002190607749, -0.7840029470583507, -0.7848953308703176, -0.7857776654015032, -0.7866502311631257, -0.7875132952368218, -0.788367112153155, -0.7892119246943418, -0.7900479646295852, -0.7908754533903954, -0.7916946026922216, -0.7925056151080058, -0.7933086845985426, -0.7941039970039071, -0.7948917304997243, -0.7956720560215501, -0.7964451376603453, -0.7972111330315309, -0.7979701936199188, -0.7987224651025702, -0.799468087651269, -0.8002071962162797, -0.8009399207927599, -0.8016663866711007, -0.8023867146723361, -0.8031010213696582, -0.8038094192969483, -0.8045120171452121, -0.8052089199476697, -0.8059002292542075, -0.8065860432959125, -0.8072664571402471, -0.807941562837438, -0.8086114495586683, -0.8092762037264967, -0.8099359091380486, -0.81059064708134, -0.8112404964452093, -0.8118855338232283, -0.812525833611929, -0.8131614681037105, -0.8137925075747758, -0.814419020368347, -0.8150410729734593, -0.8156587300996547, -0.8162720547477338, -0.8168811082768789, -0.8174859504683314, -0.8180866395858395, -0.8186832324330695, -0.8192757844081625, -0.8198643495555888, -0.8204489806155109, -0.8210297290707296, -0.8216066451914259, -0.8221797780777558, -0.8227491757004941, -0.8233148849397779, -0.8238769516221075, -0.8244354205556292, -0.8249903355639259, -0.8255417395182326, -0.8260896743683048, -0.8266341811719249, -0.8271753001231749, -0.8277130705794876, -0.8282475310876034, -0.8287787194084246, -0.8293066725408689, -0.829831426744776, -0.8303530175628723, -0.8308714798418828, -0.8313868477528064, -0.8318991548104326, -0.8324084338920736, -0.832914717255614, -0.8334180365568782, -0.8339184228663359, -0.8344159066852121, -0.834910517961016, -0.835402286102463, -0.8358912399939393, -0.8363774080093599, -0.8368608180256496, -0.8373414974356422, -0.8378194731606345, -0.838294771662438, -0.8387674189550601, -0.8392374406159849, -0.839704861797077, -0.8401697072351382, -0.8406320012620818, -0.8410917678148273, -0.8415490304448412, -0.8420038123273794, -0.8424561362704528, -0.8429060247234814, -0.8433534997857286, -0.8437985832144069, -0.8442412964325958, -0.8446816605368866, -0.8451196963047986, -0.8455554242019839, -0.8459888643892156, -0.8464200367291572, -0.8468489607929462, -0.8472756558665787, -0.8477001409571202, -0.848122434798717, -0.848542555858468, -0.8489605223420916, -0.849376352199466, -0.8497900631300059, -0.8502016725878679, -0.8506111977870515, -0.8510186557063263, -0.8514240630940553, -0.8518274364728489, -0.8522287921441396, -0.8526281461925913, -0.8530255144904363, -0.8534209127016508, -0.8538143562860586, -0.8542058605033183, -0.8545954404167919, -0.8549831108973389, -0.8553688866269854, -0.855752782102533, -0.8561348116390494, -0.8565149893732805, -0.8568933292669884, -0.8572698451101918, -0.8576445505243271, -0.8580174589653528, -0.8583885837267441, -0.8587579379424495, -0.8591255345897536, -0.8594913864920835, -0.8598555063217385, -0.8602179066025678, -0.8605785997125741, -0.8609375978864646, -0.8612949132181338, -0.8616505576631026, -0.8620045430408869, -0.8623568810373161, -0.8627075832068114, -0.8630566609745931, -0.8634041256388556, -0.8637499883728815, -0.8640942602271102, -0.8644369521311687, -0.8647780748958631, -0.8651176392150874]}