{"FCI": -1.2447842234670006, "Energy": -1.2337691117092588, "Loss": [-0.35730953682576416, -0.39325799701200065, -0.42025547212773634, -0.4433508102032205, -0.4641611514314778, -0.4834395516988905, -0.5016055980642103, -0.5189194830730895, -0.5355544423893861, -0.5516317783025464, -0.5672396633261404, -0.5824440529072678, -0.5972954134584948, -0.611833076776298, -0.6260881732024859, -0.6400856747893955, -0.6538458595013987, -0.6673853859392492, -0.6807180978216879, -0.6938556351682339, -0.7068079027220235, -0.7195834291237873, -0.7321896390914303, -0.7446330533621742, -0.7569194263261121, -0.7690538285817177, -0.7810406808417886, -0.7928837465696534, -0.8045860931562134, -0.816150034736265, -0.8275770728004606, -0.838867852153894, -0.8500221481695934, -0.8610388961172817, -0.8719162653570894, -0.8826517723943179, -0.8932424197366109, -0.9036848441070532, -0.9139754583383519, -0.9241105752298213, -0.934086507018193, -0.9438996391917045, -0.9535464810950977, -0.963023697811678, -0.9723281283874613, -0.9814567950486148, -0.9904069071358779, -0.9991758624123337, -1.007761247429507, -1.0161608378766065, -1.0243725993158104, -1.0323946883961208, -1.0402254544868286, -1.0478634416225525, -1.0553073906568615, -1.0625562415475747, -1.0696091357249742, -1.0764654185163767, -1.0831246416154172, -1.0895865655930284, -1.0958511624515919, -1.1019186182256187, -1.1077893356325803, -1.1134639367766455, -1.1189432659065877, -1.124228392226766, -1.12932061275672, -1.1342214552307515, -1.1389326810230203, -1.1434562880768886, -1.1477945138078605, -1.1519498379294921, -1.1559249851198328, -1.1597229235264441, -1.1633467131306325, -1.1667923868366694, -1.1699676807179533, -1.1731802706005734, -1.176164664579766, -1.1789751837459093, -1.1816326282700458, -1.1841448081928383, -1.1865272656980164, -1.188776342146629, -1.190897794928838, -1.192893906230377, -1.194772893093166, -1.196539723651648, -1.1982018969731147, -1.1997638383030025, -1.201234440101838, -1.2026179960627936, -1.2039279286643974, -1.2051649763921377, -1.206340913332649, -1.207453951662481, -1.2085132178672289, -1.2095193492655798, -1.2104799563235946, -1.2113968403610178, -1.212276017888605, -1.2131186354365378, -1.213929747776979, -1.2147092043408108, -1.2154622329291933, -1.2161871802489153, -1.2168900599065777, -1.2175674764019582, -1.2182249028696375, -1.21885818963669, -1.2194715362157207, -1.2200618468422428, -1.2206323519062456, -1.2211810491006678, -1.2217105886267456, -1.2222194124710037, -1.222710089647699, -1.2231810340778795, -1.223635201911095, -1.2240706393343477, -1.2244908716587726, -1.2248933537173514, -1.2252819844751779, -1.2256537857286762, -1.2260127198768878, -1.2263557897369726, -1.2266868182072035, -1.2270029879026458, -1.2273079835585134, -1.2275990503198702, -1.2278799121870243, -1.2281476158385571, -1.2284061690308234, -1.2286521651721658, -1.2288900848916708, -1.229115931433879, -1.2293346958158173, -1.2295418667514566, -1.229742792502497, -1.229932728032463, -1.2301170795809395, -1.230291226844871, -1.2304602943587866, -1.2306200748954161, -1.2307751325578007, -1.2309218190313143, -1.2310639976592705, -1.231198601070757, -1.231328820341915, -1.231452115174342, -1.2315711491791743, -1.231683811060336, -1.231792406597359, -1.231895137897241, -1.231994086376999, -1.232087660389091, -1.2321777933466436, -1.2322630158718508, -1.232345137269209, -1.2324227568989248, -1.232497556725908, -1.2325681872103165, -1.232636202841075, -1.2327003193974257, -1.2327619761069362, -1.2328199868049534, -1.2328756862845998, -1.2329280327637162, -1.2329782488848973, -1.2330255059560233, -1.2330708759172433, -1.2331138250946667, -1.233155183385597, -1.2331947365795828, -1.233232916478085, -1.2332697453822394, -1.2333051538231539, -1.2333393349389732, -1.2333718226120518, -1.23340302149788, -1.2334322762449812, -1.233460247055719, -1.2334862159724678, -1.2335110828508005, -1.2335340855363788, -1.2335563017569828, -1.2335768778554508, -1.2335969761722954, -1.2336155928402237, -1.2336338905017048, -1.2336507141919704, -1.2336672066122134, -1.2336821356296714, -1.233696659937881, -1.233709555646354, -1.233722033895901, -1.23373291803926, -1.233743476578427, -1.2337525690883053, -1.2337614941091832]}