{"FCI": -1.1617635907421635, "Energy": -1.1520168264777828, "Loss": [0.6126458944746953, 0.5888420871910388, 0.5692802880142322, 0.5513883541939228, 0.5343394009662831, 0.5177516315532429, 0.5014153088862472, 0.4852028841901449, 0.4690316238433285, 0.45284558569125094, 0.43660597689221453, 0.4202855808161615, 0.40386533516179063, 0.3873321251750228, 0.37067730031282353, 0.35389564035204313, 0.3369846105651245, 0.31994380813666795, 0.3027745380069594, 0.28547947785689526, 0.26806240522701186, 0.2505279681600094, 0.23288148616593496, 0.21512877183575868, 0.19727596573878317, 0.17932937874896923, 0.16129533692875286, 0.14318002475395797, 0.12498932295578882, 0.1067286377622939, 0.08840271907089241, 0.0700154664117041, 0.0515697239766481, 0.03306707023842653, 0.01450761477665629, -0.004110173992482969, -0.022789570667514025, -0.04153556512720299, -0.060354627460809926, -0.07925418205710025, -0.09824173363920409, -0.11732366548133781, -0.13650385713490676, -0.1557823997137949, -0.17515473581625612, -0.19461145380570044, -0.2141387524689941, -0.233719382511493, -0.25333377761841663, -0.27296112657527954, -0.2925802450261273, -0.31217020827428926, -0.33171077003572225, -0.3511826166647941, -0.3705675068976791, -0.389848337559485, -0.40900916427812234, -0.428035196566082, -0.4469127794991117, -0.4656293693413857, -0.48417350724715014, -0.5025347930528057, -0.5207038597353829, -0.5386723480521889, -0.5564328799894763, -0.5739790288063213, -0.5913052825978058, -0.6084069974232766, -0.6252803352483909, -0.6419221814594837, -0.6583300369108065, -0.6745018808893538, -0.6904360045890011, -0.7061308199806936, -0.7215846559601269, -0.7367955608522228, -0.7517611351640838, -0.766478418071916, -0.7809438440254051, -0.7951532733582793, -0.8091020869396163, -0.8227853245205687, -0.8361978425788477, -0.8493344700720344, -0.8621901470809186, -0.8747600387398264, -0.8870396228869258, -0.8990247536669601, -0.9107117050599107, -0.9220971986278679, -0.9331784193247179, -0.9439530224788704, -0.9544191343155146, -0.9645753477565218, -0.9744207147570423, -0.9839547360977505, -0.9931773493246365, -1.002088915385466, -1.0106902044278896, -1.0189823811773147, -1.026966990284622, -1.0346459420121574, -1.0420214986011174, -1.0490962616312633, -1.055873160643031, -1.0623554432460447, -1.0685466668878814, -1.0744506924036983, -1.0800716794091239, -1.0854140835314348, -1.090482655393999, -1.095282441175349, -1.0998187844609788, -1.1040973290012392, -1.1081240218941493, -1.1119051166389537, -1.115447175462578, -1.1187570703087422, -1.1218419818949132, -1.1247093962751966, -1.127367098387816, -1.12982316210216, -1.1320859363076137, -1.13416402660319, -1.1360662721590171, -1.1378017173387338, -1.1393795777092184, -1.1408092001358612, -1.1421000167819595, -1.1432614930113645, -1.1443030694424037, -1.1452340987208, -1.1460637779643041, -1.1468010782679303, -1.1474546731182447, -1.1480328680089138, -1.1485435339241243, -1.1489940476002598, -1.149391241525239, -1.149741366433564, -1.150050068570249, -1.1503223832284633, -1.1505627450586944, -1.150775014492656, -1.150962518450828, -1.1511281024572344, -1.1512741905062025, -1.15140284845028, -1.1515158401733288, -1.1516143935207503, -1.1516868383288323, -1.151649698426247, -1.1517381490841223, -1.1518072817634806, -1.151910343245063, -1.1519681288377617, -1.1520060126065257, -1.1520344273104275, -1.1520565776927831, -1.1520738836376012, -1.1520872075822894, -1.1520971126358304, -1.1521038637513776, -1.1521071870318602, -1.1521057846281255, -1.1520969659214253, -1.1520800150830137, -1.1520655373883761, -1.15206856580709, -1.152084149550588, -1.152098734946649, -1.1521081876143175, -1.1521133441787372, -1.15211587408591, -1.1521166639083695, -1.1521161072768582, -1.1521141241776747, -1.1521103834306328, -1.1521044094763262, -1.1520963461153733, -1.152087801405017, -1.1520821573052402, -1.1520816601918775, -1.1520855976297204, -1.1520911148620931, -1.1520961018333327, -1.1520995666279108, -1.1521013299486107, -1.1521014317318292, -1.1520998806135272, -1.152096642851841, -1.1520916154997056, -1.1520848888526112, -1.1520766264904179, -1.1520671924051542, -1.1520562832926369, -1.1520430260303693, -1.1520264099381488, -1.1520086837734806, -1.1520024895169545]}