{"FCI": -1.2735345211687557, "Energy": -1.2332374741360181, "Loss": [-0.6507281865099634, -0.6525380728413452, -0.6543168529500355, -0.6560662300849982, -0.6577901799671041, -0.659496129122058, -0.6611958810958073, -0.6629048703632099, -0.6646390967588444, -0.6664119313456559, -0.6682332232202561, -0.6701102110763124, -0.6720486554843381, -0.6740535057420913, -0.676129123152508, -0.6782792493449228, -0.6805068773154792, -0.6828141240827558, -0.6852021541036989, -0.687671167951404, -0.690220451258627, -0.6928484706347504, -0.6955530011612147, -0.6983312708203195, -0.7011801093381295, -0.7040960917648402, -0.7070756701406891, -0.7101152893146164, -0.7132114850882952, -0.7163609642798121, -0.719560667152939, -0.7228078131391058, -0.7260999310911731, -0.7294348756016378, -0.7328108312712149, -0.7362263072294569, -0.7396801246269387, -0.7431714001372717, -0.7466995286150674, -0.750264167862544, -0.7538652279221744, -0.7575028664588819, -0.7611774907099671, -0.7648897652971027, -0.7686406240625939, -0.7724312831485921, -0.7762632518804118, -0.7801383376886979, -0.7840586413043914, -0.7880265387451381, -0.7920446471338256, -0.7961157721225659, -0.8002428356531756, -0.8044287840203559, -0.8086764777658051, -0.8129885667963712, -0.8173673561145952, -0.8218146693315289, -0.8263317182546582, -0.830918986927034, -0.8355761374014546, -0.8403019424729634, -0.8450942480512845, -0.849949965414798, -0.8548650917143035, -0.8598347560023984, -0.8648532877014966, -0.8699143045474571, -0.8750108173347522, -0.8801353489466747, -0.885280064986522, -0.890436912788136, -0.8955977647942575, -0.9007545615050346, -0.9058994487513125, -0.9110249042526316, -0.916123849453467, -0.9211897444200289, -0.9262166657527817, -0.9311993694208791, -0.9361333414998746, -0.9410148395508185, -0.9458409257939864, -0.9506094907551684, -0.9553192634746824, -0.9599698025179411, -0.9645614615711191, -0.9690953246585419, -0.9735731088883044, -0.9779970366506607, -0.9823696835878111, -0.98669381249059, -0.9909722056751614, -0.9952075087692662, -0.9994020971079204, -1.0035579725500714, -1.0076766943201234, -1.011759343415025, -1.015806517018932, -1.0198183477121996, -1.0237945420997459, -1.0277344344416233, -1.0316370522623641, -1.0355011919634167, -1.039325502573576, -1.0431085747938356, -1.0468490308041194, -1.0505456086667462, -1.0541972344222816, -1.0578030756795649, -1.0613625726847964, -1.064875445993954, -1.0683416830831787, -1.0717615086026258, -1.075135343934095, -1.0784637612390018, -1.081747435804498, -1.084987099010736, -1.0881834933443049, -1.0913373308581613, -1.0944492570997033, -1.0975198231949086, -1.1005494688220088, -1.1035385178519452, -1.1064871865980075, -1.1093956024985283, -1.112263829438839, -1.1150918953872133, -1.1178798186717487, -1.1206276306344487, -1.1233353938533694, -1.1260032160049338, -1.1286312595363936, -1.131219746906307, -1.1337689607857138, -1.1362792387762872, -1.1387509630050368, -1.1411845460708714, -1.143580415682837, -1.1459390004837438, -1.1482607189158758, -1.1505459718952553, -1.1527951390576048, -1.1550085778377683, -1.1571866247053217, -1.1593295982171474, -1.161437803758429, -1.1635115396941247, -1.1655511042252167, -1.1675568018609894, -1.1695289483944782, -1.1714678736834518, -1.1733739221871844, -1.1752474517461486, -1.177088831277332, -1.178898437905762, -1.180676653789499, -1.1824238627694441, -1.1841404470701793, -1.1858267844645596, -1.1874832463774259, -1.1891101972222404, -1.190707994913153, -1.1922769921797665, -1.1938175382073593, -1.195329980245382, -1.1968146650324534, -1.1982719400088264, -1.1997021542671757, -1.2011056591095972, -1.2024828080648855, -1.2038339563348175, -1.2051594598183224, -1.2064596739817939, -1.2077349528260035, -1.208985648078677, -1.2102121086213136, -1.211414680120071, -1.2125937048630369, -1.2137495218364196, -1.2148824670395584, -1.215992873955753, -1.2170810740320939, -1.2181473970321899, -1.2191921712017981, -1.2202157232673008, -1.2212183783172508, -1.222200459599311, -1.2231622882418205, -1.2241041829190948, -1.2250264595128184, -1.2259294308410713, -1.2268134065037797, -1.227678692844157, -1.228525592987548, -1.2293544069163573, -1.2301654315600496, -1.230958960893033, -1.2317352860269895, -1.232494695271066]}