{"FCI": -1.2447842234670006, "Energy": -0.9738818896052741, "Loss": [-0.35935999211036285, -0.36367827095625166, -0.3679923775621859, -0.37230203845331866, -0.376606983017088, -0.3809069435612399, -0.3852016553693495, -0.389490856753841, -0.3937742891064826, -0.3980516969463834, -0.40232282796549196, -0.40658743307157863, -0.4108452664287646, -0.41509608549556243, -0.41933965106046134, -0.4235757272750987, -0.4278040816849916, -0.43202448525789633, -0.43623671240979545, -0.4404405410285391, -0.444635752495205, -0.44882213170314533, -0.4529994670748194, -0.45716755057639163, -0.4613261777301856, -0.4654751476249793, -0.46961426292421116, -0.47374332987214185, -0.47786215829800094, -0.481970561618137, -0.48606835683629923, -0.4901553645419767, -0.49423140890695894, -0.4982963176800607, -0.5023499221801623, -0.5063920572874989, -0.5104225614333672, -0.5144412765881953, -0.5184480482480951, -0.5224427254199133, -0.5264251606048413, -0.5303952097806329, -0.5343527323824819, -0.5382975912826068, -0.5422296527685979, -0.546148786520567, -0.5500548655871655, -0.5539477663605039, -0.5578273685500322, -0.5616935551554328, -0.5655462124385643, -0.569385229894499, -0.5732105002217396, -0.5770219192916054, -0.5808193861168848, -0.584602802819763, -0.5883720745990891, -0.592127109697046, -0.5958678193651867, -0.5995941178300088, -0.6033059222579804, -0.6070031527201409, -0.6106857321562787, -0.6143535863387556, -0.6180066438359592, -0.6216448359755083, -0.6252680968071578, -0.6288763630654925, -0.6324695741324319, -0.6360476719995797, -0.6396106012304361, -0.6431583089225236, -0.6466907446694514, -0.6502078605229434, -0.6537096109548585, -0.6571959528192288, -0.6606668453143553, -0.664122249944957, -0.6675621304844529, -0.6709864529373123, -0.6743951855015969, -0.6777882985316398, -0.6811657645008985, -0.6845275579650534, -0.6878736555252909, -0.6912040357918195, -0.6945186793476842, -0.6978175687128069, -0.7011006883083496, -0.7043680244213507, -0.7076195651696906, -0.7108553004673687, -0.7140752219901448, -0.7172793231415007, -0.720467599018973, -0.7236400463808408, -0.7267966636132177, -0.7299374506974885, -0.7330624091781738, -0.7361715421311484, -0.7392648541323207, -0.74234235122665, -0.7454040408976423, -0.7484499320372087, -0.7514800349159776, -0.7544943611540148, -0.757492923691958, -0.7604757367626118, -0.7634428158629218, -0.7663941777264127, -0.7693298402960497, -0.7722498226975076, -0.7751541452128919, -0.7780428292548583, -0.7809158973411957, -0.7837733730698052, -0.7866152810940963, -0.7894416470988258, -0.7922524977763294, -0.7950478608031899, -0.7978277648172967, -0.8005922393953206, -0.8033413150305971, -0.8060750231113908, -0.8087933958995865, -0.8114964665097351, -0.8141842688885224, -0.8168568377945816, -0.819514208778722, -0.8221564181645027, -0.8247835030291887, -0.8273955011850499, -0.8299924511610581, -0.8325743921848737, -0.835141364165245, -0.8376934076746949, -0.8402305639325803, -0.8427528747884574, -0.8452603827057803, -0.8477531307459193, -0.8502311625524914, -0.8526945223360054, -0.855143254858771, -0.8575774054201646, -0.8599970198421358, -0.8624021444550203, -0.8647928260836308, -0.8671691120335973, -0.8695310500780293, -0.8718786884443723, -0.8742120758015677, -0.8765312612474557, -0.8788362942964031, -0.8811272248671952, -0.8834041032711579, -0.8856669802005033, -0.887915906716884, -0.890150934240221, -0.8923721145376756, -0.8945794997128788, -0.8967731421953634, -0.8989530947301645, -0.9011194103676602, -0.9032721424535551, -0.9054113446190828, -0.9075370707713809, -0.9096493750840616, -0.9117483119879036, -0.9138339361617664, -0.9159063025236646, -0.9179654662219502, -0.9200114826267332, -0.9220444073213829, -0.9240642960942169, -0.9260712049303516, -0.9280651900036172, -0.9300463076687371, -0.9320146144534979, -0.933970167051194, -0.9359130223130875, -0.9378432372410634, -0.939760868980368, -0.9416659748124986, -0.9435586121481924, -0.9454388385205292, -0.9473067115781566, -0.9491622890786171, -0.9510056288817866, -0.9528367889434105, -0.9546558273087447, -0.9564628021063037, -0.9582577715417063, -0.9600407938915967, -0.9618119274976864, -0.9635712307608582, -0.9653187621354106, -0.9670545801233239, -0.9687787432686498, -0.9704913101519926, -0.9721923393850569]}