{"FCI": -1.116298042885828, "Energy": -0.9606983363561634, "Loss": [-0.8800423070391943, -0.8841005108768497, -0.8880357021877879, -0.8918403204428139, -0.8955080258199466, -0.8990346712662056, -0.9024190076867031, -0.9056618273886254, -0.9087637068153377, -0.911723731361081, -0.9145399516405502, -0.9172103038974551, -0.9197332273689148, -0.9221079656735343, -0.9243346972069647, -0.9264145881162957, -0.9283498095810654, -0.9301435347887557, -0.9317999198069381, -0.9333240682089589, -0.9347219778804584, -0.9360004683078856, -0.9371670871970985, -0.9382299962378005, -0.939197837091726, -0.9400795801347168, -0.9408843599971969, -0.9416213033651961, -0.9422993556424253, -0.942927113757049, -0.9435126724877894, -0.9440634911210601, -0.9445862860670087, -0.9450869533858777, -0.9455705232079754, -0.9460411460039155, -0.9465021087977252, -0.9469558778868395, -0.947404163541964, -0.9478480015359624, -0.9482878461635763, -0.9487236695906395, -0.9491550628211197, -0.9495813341997837, -0.9500016020941328, -0.950414879155058, -0.9508201462924026, -0.9512164151865363, -0.951602778770812, -0.9519784496524033, -0.952342786887276, -0.9526953118896562, -0.9530357145406017, -0.9533638507678107, -0.9536797330052118, -0.9539835150107678, -0.9542754725303858, -0.9545559812512183, -0.9548254933958318, -0.9550845141777053, -0.9553335791767401, -0.9555732335097467, -0.9558040134749086, -0.9560264311491524, -0.9562409622224842, -0.9564480371708965, -0.9566480357053384, -0.9568412842943426, -0.957028056444487, -0.9572085753387024, -0.9573830183771019, -0.9575515231380156, -0.9577141942756163, -0.9578711108922777, -0.9580223339642978, -0.9581679134550922, -0.9583078948157661, -0.9584423246446175, -0.9585712553507534, -0.9586947487384527, -0.9588128784950841, -0.9589257316237225, -0.9590334089097218, -0.9591360245477507, -0.9592337050808046, -0.959326587816642, -0.9594148188895086, -0.9594985511283969, -0.9595779418778655, -0.9596531508967807, -0.9597243384349503, -0.95979166356096, -0.9598552827870231, -0.9599153490113101, -0.9599720107753895, -0.9600254118156674, -0.9600756908733399, -0.9601229817178446, -0.9601674133336286, -0.9602091102194708, -0.9602481927519527, -0.9602847775706085, -0.9603189779492385, -0.9603509041266857, -0.9603806635789297, -0.9604083612227374, -0.9604340995484605, -0.9604579786856763, -0.9604800964097583, -0.9605005481006561, -0.9605194266662938, -0.960536822443423, -0.9605528230877088, -0.9605675134632544, -0.9605809755395858, -0.9605932883020941, -0.9606045276794782, -0.9606147664900454, -0.9606240744071474, -0.9606325179428282, -0.9606401604482333, -0.9606470621289497, -0.9606532800734252, -0.9606588682929533, -0.960663877771894, -0.9606683565271776, -0.9606723496765364, -0.960675899514847, -0.9606790455983133, -0.960681824835892, -0.9606842715874399, -0.9606864177675543, -0.9606882929541559, -0.9606899245003524, -0.9606913376481139, -0.9606925556422088, -0.9606935998428653, -0.9606944898357301, -0.9606952435381126, -0.9606958773005279, -0.9606964060032398, -0.9606968431475912, -0.9606972009423747, -0.9606974903857204, -0.960697721343195, -0.9606979026227465, -0.9606980420473337, -0.9606981465257687, -0.9606982221222561, -0.960698274124854, -0.9606983071127908, -0.9606983250225091, -0.9606983312119208, -0.9606983285223665, -0.9606983193377093, -0.9606983056398505, -0.9606982890602285, -0.9606982709268592, -0.960698252306606, -0.9606982340427586, -0.9606982167878385, -0.9606982010320916, -0.9606981871279677, -0.9606981753111339, -0.9606981657185131, -0.9606981584039674, -0.9606981533520408, -0.9606981504902051, -0.9606981496999686, -0.9606981508270056, -0.9606981536904904, -0.9606981580916387, -0.9606981638215032, -0.9606981706678258, -0.9606981784210782, -0.9606981868794363, -0.9606981958527815, -0.9606982051656708, -0.9606982146593438, -0.9606982241928259, -0.9606982336433004, -0.9606982429057597, -0.960698251892331, -0.960698260531075, -0.9606982687647669, -0.9606982765494544, -0.9606982838531168, -0.9606982906543121, -0.9606982969409621, -0.9606983027092508, -0.9606983079625675, -0.9606983127105995, -0.960698316968448, -0.9606983207558093, -0.9606983240961743, -0.9606983270160504, -0.9606983295442303, -0.9606983317110485, -0.9606983335477274, -0.960698335085721]}