{"FCI": -1.2237808467680051, "Energy": -1.2036185369923322, "Loss": [-0.7558209849315092, -0.7577661526255486, -0.7596308852564502, -0.7614335927579504, -0.7631921693174145, -0.7649240898269477, -0.7666465151913076, -0.768376403963885, -0.7701306280778588, -0.7719260906322818, -0.7737798437760172, -0.7757092046993557, -0.7777318675894836, -0.7798660091266081, -0.7821303846893191, -0.7845444118995155, -0.7871282374717589, -0.7899027825489061, -0.7928897608249545, -0.7961116628118649, -0.7995916986539685, -0.8033536910119499, -0.807421908840631, -0.8118208325201298, -0.8165748409565416, -0.8217078121721766, -0.827242630807719, -0.8332005991190503, -0.8396007526982769, -0.8464590884337987, -0.8537877201543698, -0.8615939867658255, -0.8698795479842529, -0.8786395131493804, -0.8878616578697447, -0.8975257899199041, -0.907603328258487, -0.9180571557565771, -0.9288417961483004, -0.9399039485462748, -0.951183389362576, -0.9626142235673302, -0.9741264378692311, -0.9856476812363787, -0.9971051768627653, -1.008427657254797, -1.0195472123409313, -1.0304009495601187, -1.0409323832965856, -1.051092496036878, -1.060840441751887, -1.070143889723373, -1.0789790313535226, -1.0873302913581002, -1.0951897971608842, -1.1025566662822208, -1.1094361718096093, -1.1158388418787688, -1.121779541881747, -1.127276579206789, -1.1323508608557413, -1.1370251251605903, -1.1413232606271697, -1.1452697180114657, -1.1488890162128915, -1.1522053384279036, -1.155242212123664, -1.1580222645864424, -1.1605670448718075, -1.162896902733666, -1.1650309153545348, -1.1669868532818577, -1.1687811777666985, -1.1704290625992793, -1.1719444344664558, -1.1733400267648781, -1.1746274426554608, -1.1758172239186075, -1.1769189228550567, -1.1779411750710613, -1.1788917714926443, -1.1797777283761754, -1.1806053544312873, -1.1813803144540185, -1.1821076890937035, -1.1827920305535515, -1.1834374141610249, -1.1840474858464474, -1.184625505643346, -1.185174387376837, -1.1856967347419975, -1.1861948739955595, -1.186670883495696, -1.1871266203275277, -1.187563744249255, -1.1879837391867227, -1.1883879324940247, -1.1887775121858895, -1.18915354233435, -1.1895169768084912, -1.1898686715222437, -1.1902093953418171, -1.1905398397909508, -1.1908606276800204, -1.1911723207731013, -1.1914754265961505, -1.1917704044794306, -1.1920576709177733, -1.1923376043238851, -1.1926105492419476, -1.192876820081808, -1.1931367044274177, -1.1933904659676604, -1.193638347092227, -1.193880571190598, -1.194117344688051, -1.1943488588487026, -1.1945752913723617, -1.1947968078088245, -1.1950135628106657, -1.1952257012431888, -1.195433359167926, -1.195636664714435, -1.1958357388532528, -1.1960306960814528, -1.1962216450309255, -1.1964086890084333, -1.1965919264751688, -1.196771451473011, -1.1969473540035453, -1.1971197203652981, -1.197288633454203, -1.1974541730312218, -1.1976164159612945, -1.1977754364265798, -1.1979313061172492, -1.1980840944021196, -1.1982338684817173, -1.198380693525573, -1.1985246327956613, -1.1986657477575628, -1.198804098180632, -1.1989397422286017, -1.1990727365415206, -1.1992031363101299, -1.1993309953434432, -1.1994563661303512, -1.199579299895843, -1.1996998466525124, -1.1998180552478157, -1.1999339734075851, -1.200047647776131, -1.2001591239534075, -1.2002684465294502, -1.200375659116463, -1.2004808043787054, -1.2005839240605163, -1.2006850590125615, -1.200784249216593, -1.2008815338087446, -1.2009769511016097, -1.2010705386051819, -1.2011623330467736, -1.2012523703899696, -1.2013406858527753, -1.2014273139249894, -1.2015122883848455, -1.2015956423150354, -1.2016774081181494, -1.2017576175315665, -1.2018363016418374, -1.2019134908986202, -1.2019892151281808, -1.2020635035465197, -1.2021363847720767, -1.202207886838153, -1.2022780372049742, -1.2023468627714142, -1.2024143898865332, -1.2024806443607199, -1.2025456514766735, -1.2026094360000767, -1.2026720221900666, -1.202733433809465, -1.202793694134815, -1.202852825966166, -1.2029108516367124, -1.2029677930221991, -1.2030236715501599, -1.2030785082089743, -1.2031323235567228, -1.2031851377299174, -1.2032369704520356, -1.203287841041876, -1.2033377684217883, -1.2033867711257626, -1.203434867307266, -1.203482074747079, -1.2035284108608868, -1.203573892706721]}