{"FCI": -1.2735345211687557, "Energy": -1.2594070055248017, "Loss": [0.008015593857561856, -0.006029091020718205, -0.016862702340447802, -0.026347799117682272, -0.03508219687527636, -0.04334345112646855, -0.05128579303544553, -0.059004766131750264, -0.0665640701608204, -0.07400850028588166, -0.08137086902222125, -0.0886760089022021, -0.0959432337629874, -0.10318793251537414, -0.11042265114725702, -0.11765786352986683, -0.12490255136912737, -0.13216467063969228, -0.1394515587568131, -0.14677032511932064, -0.15412826264876034, -0.16153331492034556, -0.16899462372265142, -0.17652314501155814, -0.18413221486512107, -0.1918377140289518, -0.1996571499004971, -0.20760694192956647, -0.21569823724233922, -0.22393346150745483, -0.2323060293423067, -0.24080309342528988, -0.24940913236143547, -0.2581086738711294, -0.2668878262932579, -0.27573498040562755, -0.28464108503261865, -0.2935997308148235, -0.3026071061002835, -0.31166176963192177, -0.3207641521216303, -0.3299157940969368, -0.33911850685865036, -0.348373733023994, -0.3576822635218388, -0.36704425851693245, -0.37645941432501556, -0.38592714670315037, -0.39544673270125796, -0.4050174030215851, -0.4146383960504246, -0.42430898694551916, -0.43402850179866853, -0.4437963230811696, -0.4536118897293251, -0.46347469335267577, -0.47338427085146584, -0.4833401929559798, -0.49334204770786433, -0.5033894176627461, -0.5134818496677651, -0.5236188165846164, -0.5337996714213805, -0.5440235960371876, -0.5542895486801492, -0.5645962165490768, -0.574941980486823, -0.5853248980334924, -0.5957427081926794, -0.606192857124264, -0.6166725400149857, -0.6271787519883112, -0.6377083406854356, -0.6482580546611428, -0.6588245839952347, -0.66940459157332, -0.679994734820578, -0.6905916782123269, -0.7011920968435765, -0.7117926710080545, -0.7223900713839823, -0.732980934263165, -0.743561826458351, -0.754129200202267, -0.7646793395596502, -0.7752083015340788, -0.7857118568990878, -0.7961854373480347, -0.8066240962445204, -0.8170224895529511, -0.8273748812753583, -0.8376751742866875, -0.8479169636984302, -0.8580936068052601, -0.8681983020401253, -0.8782241693980507, -0.8881643261599705, -0.8980119538212499, -0.9077603542617356, -0.9174029949429174, -0.9269335440960602, -0.936345897489774, -0.945634198561267, -0.9547928536139996, -0.9638165435573045, -0.9727002333829348, -0.9814391802967425, -0.9900289411784956, -0.9984653798402546, -1.0067446743932273, -1.0148633249100107, -1.022818161476195, -1.0306063526553824, -1.0382254143385539, -1.0456732189065405, -1.05294800459902, -1.0600483849509446, -1.0669733581252847, -1.0737223159360665, -1.0802950523169008, -1.0866917709450068, -1.092913091678077, -1.0989600554004058, -1.1048341268044928, -1.110537194556291, -1.1160715682073343, -1.121439971130218, -1.126645528671325, -1.131691750648399, -1.1365825072854485, -1.1413219976965296, -1.145914710130078, -1.1503653733990584, -1.1546788992818418, -1.1588603162108146, -1.162914695278606, -1.1668470704646923, -1.1706623559508047, -1.174365264332072, -1.177960230274743, -1.18145134450861, -1.1848423028632438, -1.1881363737240713, -1.1913363817192733, -1.194444410921153, -1.1974489462602667, -1.2003446745132138, -1.2032282435846362, -1.20599391413012, -1.2086690422539688, -1.2112593430399379, -1.213766403147033, -1.2161909946366949, -1.218533865604526, -1.2207956945273555, -1.2229772403679464, -1.2250792524461833, -1.227102579137648, -1.2290480418958898, -1.2309165427234472, -1.2327086724050065, -1.2344245304147192, -1.2360621235447304, -1.2376275548595812, -1.2391293846388383, -1.2405660829254166, -1.2419302808180264, -1.2432259348874755, -1.2444540464908778, -1.2456180760621902, -1.2467180408565255, -1.2477576108345285, -1.2487362102186115, -1.2496578957220437, -1.2505218638018059, -1.2513327242917343, -1.2520900150308705, -1.2527983338982227, -1.253456810980713, -1.2540691435846465, -1.2546350293101491, -1.2551580111032978, -1.2556384754154306, -1.2560798590138964, -1.2564827350480585, -1.256850600255982, -1.2571839783487555, -1.2574866618172496, -1.2577590191177896, -1.2580050721640328, -1.2582249259503235, -1.2584223518575297, -1.2585973318748211, -1.2587531277621566, -1.2588898677829805, -1.259010163144464, -1.2591143214317262, -1.2592040917312564, -1.2592809499604927, -1.2593468071751703]}