{"FCI": -1.2735345211687557, "Energy": -1.2060889162653703, "Loss": [-0.46013952917193013, -0.4685961793304713, -0.4769501816132781, -0.4851912469447407, -0.4933091511163821, -0.5012937876141451, -0.5091352270626548, -0.5168237826217232, -0.5243500809567381, -0.5317051383618759, -0.5388804415246683, -0.5458680323124838, -0.5526605958409331, -0.5592515509514686, -0.5656351420798389, -0.5718065313370985, -0.5777618894485095, -0.5834984840005989, -0.5890147632292997, -0.594310433338762, -0.5993865270658705, -0.6042454608946203, -0.6088910779734142, -0.6133286733983746, -0.6175649981119409, -0.6216082372695596, -0.6254679586349992, -0.6291550265288207, -0.6326814773040782, -0.6360603535482198, -0.6393054964935034, -0.6424312996055191, -0.6454524308452478, -0.6483835360482022, -0.6512389401772104, -0.6540323656324484, -0.6567766863553124, -0.6594837328809832, -0.6621641574530859, -0.6648273612139214, -0.6674814789234463, -0.6701334118678716, -0.6727888971285125, -0.6754526010455467, -0.6781282259469439, -0.6808186213093541, -0.683525892861002, -0.6862515053130122, -0.6889963762026228, -0.6917609596895085, -0.6945453200968134, -0.6973491956039801, -0.7001720528618078, -0.7030131334849806, -0.7058714934432012, -0.7087460363629303, -0.7116355416985494, -0.714538688655251, -0.7174540766589156, -0.7203802430791119, -0.7233156788242346, -0.726258842345335, -0.7292081725080141, -0.7321621007205783, -0.7351190626406493, -0.7380775097218651, -0.7410359208065179, -0.7439928139186158, -0.746946758365256, -0.7498963872115877, -0.7528404101567555, -0.7557776268049484, -0.758706940297133, -0.7616273712457037, -0.7645380718961041, -0.767438340426776, -0.7703276352911645, -0.7732055895029277, -0.7760720247671967, -0.7789269653656382, -0.7817706517098136, -0.7846035534839346, -0.7874263823020111, -0.7902401038027538, -0.7930459490948532, -0.7958454254416589, -0.7986403260343407, -0.8014327386422452, -0.804225052846218, -0.8070199654532134, -0.8098204835597951, -0.8126299245815662, -0.8154519124033521, -0.8182903686437364, -0.8211494978855429, -0.824033765625489, -0.8269478676699304, -0.829896689781399, -0.8328852565931696, -0.8359186691806549, -0.8390020312208257, -0.8421403643747012, -0.845338514359747, -0.8486010500746781, -0.8519321590120837, -0.855335542939822, -0.8588143183475558, -0.8623709263549671, -0.8660070566152269, -0.8697235892206749, -0.873520557776965, -0.8773971357462603, -0.8813516469816584, -0.885381600196894, -0.8894837460323696, -0.8936541544547267, -0.8978883094910737, -0.9021812177479068, -0.9065275267733229, -0.9109216490552786, -0.9153578872758691, -0.9198305563434893, -0.9243340977036064, -0.9288631815121564, -0.9334127924939618, -0.9379782957714986, -0.9425554797080352, -0.9471405739188111, -0.9517302420756553, -0.9563215509050013, -0.9609119187120929, -0.9654990486241182, -0.9700808532485812, -0.974655378307245, -0.9792207328224103, -0.9837750325300137, -0.9883163614719276, -0.9928427544321546, -0.997352200378102, -1.0018426647150929, -1.0063121262622214, -1.0107586236021993, -1.015180304912832, -1.019575475513287, -1.0239426380410563, -1.0282805212691306, -1.0325880949222865, -1.0368645693131624, -1.0411093800637685, -1.0453221594954927, -1.0495026973645294, -1.0536508944122573, -1.057766712637285, -1.0618501262501099, -1.065901076952475, -1.0699194365369318, -1.073904978909, -1.0778573626017256, -1.0817761238002839, -1.085660678939732, -1.0895103351804614, -1.0933243065719673, -1.0971017335164077, -1.1008417032313984, -1.1045432692429034, -1.1082054684450409, -1.1118273348593508, -1.1154079098251173, -1.1189462488774713, -1.122441425963392, -1.1258925358751757, -1.129298695841326, -1.1326590471248126, -1.1359727572763363, -1.1392390234217649, -1.1424570766776518, -1.145626187529087, -1.14874567180181, -1.1518148967353916, -1.1548332866214732, -1.1578003275060826, -1.1607155705536067, -1.1635786338127432, -1.166389202290124, -1.1691470264027592, -1.1718519190271317, -1.1745037514749561, -1.1771024487935142, -1.1796479848080665, -1.1821403772974093, -1.1845796836285936, -1.186965997084575, -1.189299444013738, -1.1915801818261238, -1.193808397771393, -1.195984308366985, -1.1981081593068028, -1.2001802256716796, -1.2022008122790724, -1.2041702540437702]}