{"FCI": -1.0873240054222568, "Energy": -0.954779945329315, "Loss": [-0.5680112801869959, -0.571351108820117, -0.5746882253716592, -0.5780220979887615, -0.581352589418482, -0.5846800963922866, -0.5880057584711049, -0.5913317612837596, -0.5946617485854317, -0.5980013122194048, -0.6013584233221385, -0.6047435187421579, -0.608168907927527, -0.6116474433938166, -0.6151909334626576, -0.6188090128706165, -0.6225088061422234, -0.6262951854909842, -0.6301712475969572, -0.6341387593120418, -0.6381984877316185, -0.6423504196280474, -0.646593901167723, -0.6509277269626752, -0.6553501988942072, -0.6598591674001846, -0.6644520625509789, -0.6691259188901287, -0.6738773960438362, -0.6787027960104566, -0.6835980775112819, -0.6885588676268581, -0.6935804710372555, -0.6986578774314072, -0.7037857679544703, -0.7089585218256881, -0.7141702244006779, -0.7194146779233664, -0.724685416016189, -0.7299757226395507, -0.7352786558868155, -0.740587076640559, -0.7458936818485529, -0.7511910420017404, -0.756471642302891, -0.7617279269810049, -0.7669523462065546, -0.7721374050750333, -0.7772757141360546, -0.7823600409452495, -0.787383362103269, -0.7923389152206606, -0.7972202502103675, -0.8020212792627233, -0.8067363248029824, -0.8113601646702551, -0.8158880736916428, -0.8203158607607473, -0.824639900470601, -0.8288571583071398, -0.8329652083917748, -0.8369622427868867, -0.84084707146333, -0.8446191121939788, -0.8482783698973517, -0.8518254053197297, -0.8552612934085736, -0.858587572273246, -0.8618061842095336, -0.8649194108223739, -0.8679298047453927, -0.8708401207553682, -0.873653249159171, -0.8763721541632057, -0.8789998195311561, -0.8815392032419473, -0.8839932021510234, -0.8863646269213098, -0.8886561868074044, -0.890870483311198, -0.8930100113157646, -0.8950771660563583, -0.8970742541910843, -0.8990035072629223, -0.9008670959690902, -0.9026671438438766, -0.9044057391938034, -0.9060849443825088, -0.9077068018366642, -0.9092733364255423, -0.91078655414924, -0.912248437345493, -0.9136609368804892, -0.91502596201071, -0.9163453687736358, -0.917620947869489, -0.9188544130217567, -0.9200473907467333, -0.921201412325217, -0.9223179085665841, -0.9233982077081275, -0.9244435365269159, -0.9254550244849045, -0.9264337105053798, -0.9273805518085424, -0.9282964341275182, -0.9291821825870135, -0.9300385725509924, -0.930866339825051, -0.9316661897198002, -0.9324388046300837, -0.9331848499450421, -0.933904978262434, -0.9345998320233618, -0.9352700448006491, -0.9359162415569959, -0.9365390382337669, -0.937139041036282, -0.9377168457501855, -0.9382730373616156, -0.938808190170639, -0.9393228684932191, -0.9398176279527353, -0.9402930172779567, -0.9407495804585846, -0.9411878590671147, -0.9416083945396359, -0.9420117302169351, -0.9423984129778635, -0.942768994343376, -0.9431240309858032, -0.9434640846358129, -0.9437897214333378, -0.9441015108123729, -0.9444000240394552, -0.9446858325397715, -0.9449595061433284, -0.9452216113686842, -0.9454727098358564, -0.9457133568687873, -0.9459441003140598, -0.946165479572044, -0.9463780248118489, -0.9465822563248862, -0.9467786839646231, -0.9469678066217186, -0.947150111692826, -0.9473260745154425, -0.9474961577582275, -0.9476608107725492, -0.9478204689252371, -0.9479755529422513, -0.9481264682975292, -0.9482736046804392, -0.9484173355699514, -0.9485580179345788, -0.9486959920665565, -0.9488315815477888, -0.9489650933357027, -0.9490968179500318, -0.9492270297378115, -0.9493559871933389, -0.9494839333121069, -0.949611095962299, -0.9497376882631227, -0.9498639089651024, -0.9499899428325133, -0.9501159610319346, -0.9502421215326757, -0.9503685695249882, -0.9504954378603804, -0.9506228475157642, -0.9507509080800356, -0.9508797182585664, -0.9510093663887402, -0.9511399309580691, -0.9512714811161105, -0.9514040771719711, -0.9515377710708687, -0.9516726068450466, -0.9518086210367045, -0.9519458430924834, -0.9520842957305894, -0.9522239952825948, -0.9523649520121727, -0.9525071704127794, -0.9526506494856717, -0.9527953829988156, -0.952941359726543, -0.9530885636693563, -0.9532369742530364, -0.9533865665065381, -0.9535373112186587, -0.9536891750742104, -0.9538421207712995, -0.9539961071220501, -0.9541510891398117, -0.9543070181160401, -0.9544638416903233, -0.9546215039167425]}