{"FCI": -1.137067858273465, "Energy": -1.1089796127353642, "Loss": [-0.8999678024454151, -0.905033317850792, -0.9099050877108525, -0.9145756845490833, -0.9190383910109199, -0.9232873219630503, -0.9273175538153247, -0.9311252592002852, -0.9347078449024462, -0.9380640901814719, -0.9411942816412021, -0.9441003395801705, -0.9467859293463858, -0.9492565496838204, -0.9515195885515272, -0.9535843356691998, -0.9554619404563782, -0.9571653045398929, -0.9587089000876265, -0.9601085092735991, -0.9613808863093475, -0.9625433513545021, -0.9636133343400431, -0.9646078948611485, -0.9655432501144754, -0.9664343448394344, -0.9672944945398623, -0.9681351261144583, -0.9689656296668457, -0.9697933236562117, -0.9706235247625151, -0.9714597055156711, -0.9723037177322146, -0.9731560581566997, -0.9740161538400556, -0.9748826478158678, -0.9757536696417823, -0.9766270796038767, -0.977500679321731, -0.9783723848625194, -0.9792403611775727, -0.9801031187393647, -0.9809595747657287, -0.9818090824773048, -0.9826514325401912, -0.983486831277568, -0.9843158604454509, -0.9851394233934301, -0.9859586822917258, -0.9867749908145692, -0.9875898262408052, -0.9884047243843227, -0.9892212201268716, -0.9900407956283068, -0.9908648375754354, -0.9916946041418528, -0.9925312017070502, -0.9933755708538284, -0.9942284807506854, -0.995090530737876, -0.9959621577710769, -0.9968436483222562, -0.99773515337601, -0.9986367052693499, -0.9995482352810641, -1.0004695910634847, -1.001400553205902, -1.0023408504119007, -1.0032901729514137, -1.004248184206192, -1.0052145302604742, -1.0061888475957597, -1.0071707690299514, -1.0081599280985742, -1.0091559621110786, -1.0101585141318021, -1.0111672341353848, -1.0121817795733483, -1.0132018155651843, -1.0142270148962014, -1.0152570579681328, -1.0162916328098512, -1.0173304352163506, -1.0183731690469477, -1.0194195466798583, -1.0204692895919951, -1.021522129010487, -1.0225778065676667, -1.0236360748835434, -1.0246966979998051, -1.0257594515959134, -1.0268241229303408, -1.0278905104672174, -1.0289584231684483, -1.030027679453493, -1.0310981058501563, -1.0321695353798004, -1.0332418057375496, -1.0343147573408757, -1.035388231328409, -1.0364620675941716, -1.0375361029403019, -1.0386101694248355, -1.039684092969992, -1.040757692282016, -1.0418307781166316, -1.0429031529060104, -1.0439746107445063, -1.0450449377128057, -1.046113912504147, -1.0471813073031775, -1.048246888857751, -1.049310419677774, -1.0503716592925325, -1.0514303654991324, -1.0524862955392744, -1.053539207149259, -1.0545888594382278, -1.055635013561532, -1.056677433168732, -1.0577158846191193, -1.058750136969874, -1.0597799617537313, -1.0608051325723904, -1.0618254245397754, -1.0628406136143023, -1.063850475861878, -1.0648547866917886, -1.0658533201050868, -1.0668458479912495, -1.0678321395029644, -1.0688119605320399, -1.0697850733020555, -1.070751236085797, -1.071710203048571, -1.0726617242122214, -1.0736055455298952, -1.074541409057892, -1.0754690532091997, -1.0763882130727995, -1.0772986207837703, -1.0782000059314596, -1.0790920959959411, -1.0799746168063389, -1.0808472930184354, -1.0817098486121648, -1.0825620074126245, -1.0834034936402779, -1.084234032497399, -1.0850533507979927, -1.085861177648042, -1.0866572451813545, -1.0874412893545204, -1.088213050801957, -1.0889722757494318, -1.0897187169820728, -1.0904521348603515, -1.091172298375593, -1.091878986235147, -1.0925719879661477, -1.0932511050262876, -1.0939161519099532, -1.0945669572381258, -1.0952033648209492, -1.09582523468236, -1.0964324440368949, -1.097024888209175, -1.0976024814871492, -1.0981651579006295, -1.0987128719168222, -1.0992455990449772, -1.0997633363424542, -1.100266102814941, -1.1007539397039723, -1.1012269106555705, -1.1016851017646068, -1.1021286214907378, -1.102557600442751, -1.1029721910298007, -1.1033725669795875, -1.1037589227250477, -1.1041314726629936, -1.104490450289634, -1.1048361072196595, -1.105168712096763, -1.1054885494050835, -1.105795918191861, -1.1060911307128127, -1.106374511012255, -1.1066463934507909, -1.106907121193705, -1.1071570446734649, -1.1073965200399403, -1.1076259076118824, -1.1078455703429575, -1.1080558723155056, -1.1082571772744543, -1.108449847213418, -1.1086342410240142, -1.1088107132185872]}