{"FCI": -1.137067858273465, "Energy": -0.745896755151813, "Loss": [-0.5595506165474091, -0.5604850153289883, -0.5614214586468039, -0.5623599213826509, -0.5633003781430502, -0.56424280326134, -0.5651871707998513, -0.5661334545521431, -0.5670816280453299, -0.5680316645424558, -0.5689835370449687, -0.5699372182952308, -0.5708926807791483, -0.5718498967288188, -0.5728088381253011, -0.573769476701405, -0.5747317839446024, -0.5756957310999655, -0.5766612891731975, -0.5776284289337293, -0.5785971209178833, -0.5795673354320914, -0.5805390425562151, -0.5815122121468852, -0.5824868138409519, -0.5834628170589783, -0.5844401910087854, -0.5854189046891041, -0.5863989268932418, -0.5873802262128454, -0.5883627710417056, -0.5893465295796461, -0.5903314698364378, -0.5913175596358109, -0.5923047666194898, -0.5932930582513227, -0.5942824018214153, -0.5952727644503837, -0.5962641130936145, -0.5972564145455891, -0.5982496354442612, -0.599243742275503, -0.6002387013775738, -0.6012344789456381, -0.6022310410363718, -0.6032283535725503, -0.6042263823477397, -0.6052250930309923, -0.6062244511716097, -0.6072244222039267, -0.6082249714521507, -0.6092260641352313, -0.610227665371759, -0.61122974018492, -0.6122322535074726, -0.6132351701867436, -0.6142384549896743, -0.6152420726078972, -0.6162459876628233, -0.6172501647107608, -0.6182545682480809, -0.6192591627163663, -0.6202639125076232, -0.6212687819694751, -0.622273735410413, -0.6232787371050256, -0.6242837512992722, -0.6252887422157506, -0.6262936740589939, -0.6272985110207608, -0.6283032172853462, -0.6293077570348906, -0.630312094454693, -0.6313161937385541, -0.6323200190940685, -0.6333235347479753, -0.6343267049514589, -0.6353294939854784, -0.6363318661660814, -0.6373337858497031, -0.6383352174384662, -0.639336125385477, -0.6403364742000806, -0.6413362284531569, -0.6423353527823271, -0.6433338118972144, -0.6443315705846453, -0.6453285937138337, -0.6463248462415706, -0.6473202932173454, -0.6483148997884849, -0.6493086312052452, -0.6503014528258636, -0.6512933301216189, -0.652284228681811, -0.6532741142187525, -0.6542629525726918, -0.6552507097167258, -0.6562373517616583, -0.6572228449608141, -0.6582071557148438, -0.6591902505764519, -0.6601720962550943, -0.6611526596216395, -0.6621319077129678, -0.6631098077365452, -0.6640863270749131, -0.665061433290176, -0.6660350941283795, -0.6670072775238964, -0.6679779516037169, -0.6689470846916866, -0.66991464531271, -0.6708806021968952, -0.6718449242835965, -0.6728075807254549, -0.6737685408923574, -0.6747277743753022, -0.6756852509902568, -0.6766409407819042, -0.6775948140273642, -0.6785468412398056, -0.6794969931720345, -0.6804452408199897, -0.6813915554261812, -0.6823359084830346, -0.6832782717362224, -0.6842186171878512, -0.6851569170996467, -0.6860931439960094, -0.6870272706670483, -0.6879592701714977, -0.6888891158395898, -0.6898167812758464, -0.6907422403617888, -0.6916654672585743, -0.6925864364095741, -0.6935051225428485, -0.6944215006735677, -0.6953355461063448, -0.6962472344374985, -0.6971565415572305, -0.6980634436517452, -0.6989679172052585, -0.6998699390019749, -0.700769486127936, -0.7016665359728315, -0.7025610662317241, -0.703453054906674, -0.7043424803083146, -0.7052293210573377, -0.7061135560859044, -0.7069951646389746, -0.7078741262755555, -0.7087504208699001, -0.7096240286125792, -0.7104949300115361, -0.7113631058930168, -0.7122285374024431, -0.713091206005222, -0.7139510934874578, -0.7148081819566005, -0.7156624538420253, -0.7165138918955269, -0.7173624791917396, -0.7182081991284992, -0.7190510354271202, -0.7198909721326098, -0.7207279936137841, -0.7215620845633617, -0.7223932299979429, -0.7232214152579349, -0.7240466260074175, -0.7248688482339336, -0.7256880682482003, -0.7265042726837744, -0.7273174484966307, -0.7281275829647017, -0.7289346636873218, -0.7297386785846283, -0.7305396158968929, -0.7313374641837974, -0.7321322123236366, -0.7329238495124631, -0.7337123652631894, -0.7344977494046155, -0.7352799920803845, -0.7360590837479225, -0.7368350151772773, -0.7376077774499475, -0.7383773619576044, -0.7391437604008193, -0.7399069647876828, -0.7406669674324208, -0.7414237609539166, -0.7421773382742293, -0.7429276926170227, -0.7436748175059773, -0.7444187067631292, -0.7451593545071932]}