{"FCI": -1.1696834518614552, "Energy": -1.148050044767443, "Loss": [-0.7002128398659836, -0.712724979352644, -0.7208626457256476, -0.7272355233432773, -0.7326765567235398, -0.7375840644511084, -0.742156224077288, -0.7464804695531244, -0.7505949038316104, -0.7545194919192888, -0.7582675052028884, -0.7618493756511797, -0.7652741219778932, -0.7685499767625343, -0.7716847151668181, -0.7746858541364384, -0.7775607875230979, -0.7803168863285136, -0.782961578791058, -0.78550241847426, -0.7879471451758219, -0.7903037415396958, -0.7925804869079403, -0.7947860087577958, -0.7969293307467369, -0.7990199147186542, -0.8010676918535382, -0.8030830754375794, -0.8050769447036622, -0.8070605864949643, -0.8090455804110183, -0.8110436154908183, -0.8130662343418475, -0.8151245147142867, -0.8172287167102692, -0.819387940221033, -0.8216098439552556, -0.8239004693372409, -0.8262641912808211, -0.8287037916939517, -0.8312206303163497, -0.8338148768057504, -0.8364857678368255, -0.8392318598245584, -0.8420512575951686, -0.8449418087868802, -0.8479012612391434, -0.8509273855567707, -0.854018067616133, -0.8571713765801561, -0.8603856136224829, -0.8636593455204826, -0.8669914258817197, -0.8703810052000756, -0.8738275293136624, -0.8773307243007115, -0.8808905646615433, -0.8845072212180343, -0.888180986053523, -0.8919121744320206, -0.8957010078755041, -0.8995474874739767, -0.9034512703087604, -0.9074115628410515, -0.9114270425975601, -0.915495814414132, -0.9196154018128253, -0.9237827695226084, -0.9279943704703658, -0.9322462096344593, -0.9365339174543914, -0.9408528265278969, -0.9451980467291086, -0.9495645353752086, -0.9539471604480684, -0.9583407560082055, -0.9627401697611873, -0.9671403032601673, -0.9715361455029383, -0.9759228007743357, -0.9802955115607425, -0.9846496772734269, -0.98898086939945, -0.9932848435751035, -0.9975575489614297, -1.001795135199589, -1.0059939571396928, -1.010150577470004, -1.0142617673251633, -1.018324504922563, -1.0223359722665681, -1.0262935499719221, -1.0301948102919098, -1.0340375084932776, -1.0378195727966202, -1.0415390931920276, -1.0451943095353635, -1.0487835994160166, -1.0523054663455829, -1.0557585288304556, -1.0591415108480235, -1.0624532341410722, -1.0656926125883317, -1.0688586487210552, -1.0719504322674103, -1.0749671404485162, -1.0779080396471805, -1.0807724880314993, -1.083559938736862, -1.0862699432732519, -1.0889021549085813, -1.091456331863118, -1.0939323402206178, -1.0963301565133587, -1.0986498699712326, -1.1008916844432646, -1.1030559200083194, -1.1051430142946388, -1.107153523527007, -1.1090881233175363, -1.1109476092108355, -1.1127328969863608, -1.1144450227088982, -1.116085142501583, -1.1176545319939282, -1.1191545853693055, -1.1205868139031143, -1.121952843845257, -1.1232544134621016, -1.1244933690170815, -1.125671659441907, -1.126791329437849, -1.1278545107560105, -1.128863411442942, -1.1298203029083884, -1.1307275047773417, -1.1315873676276105, -1.132402253880927, -1.133174517299225, -1.1339064817219386, -1.1346004198442836, -1.1352585329564868, -1.1358829326161728, -1.1364756251900499, -1.1370385000666885, -1.137573322110771, -1.1380817286213885, -1.1385652307056597, -1.13902521863202, -1.139462970433293, -1.1398796628309182, -1.140276383474386, -1.1406541435370845, -1.141013889860988, -1.1413565160593113, -1.1416828722207004, -1.1419937730671812, -1.1422900045694733, -1.142572329106752, -1.142841489280618, -1.1430982104715155, -1.1433432021999819, -1.1435771582926195, -1.1438007559694114, -1.1440146534182711, -1.1442194859561292, -1.1444158165192564, -1.1446032885836188, -1.144761466509145, -1.144931494406413, -1.1451045655230263, -1.145274532992207, -1.1454319951442005, -1.1455829018419124, -1.1457283021638267, -1.1458690468775612, -1.1460052681953177, -1.1461372191363726, -1.1462649067356865, -1.1463884662743362, -1.146507845953304, -1.146623135423238, -1.1467341632727188, -1.1468409357595215, -1.1469426856422533, -1.1470392346963556, -1.1471277412297096, -1.1472139110958675, -1.1472955431353984, -1.14738139321152, -1.1474622587229495, -1.1475408949812265, -1.1476137316285508, -1.1476829824283366, -1.1477473288344977, -1.1478081705721523, -1.1478644368170667, -1.1479172611964883, -1.1479654304017313, -1.1480102344018817]}