{"FCI": -1.0321107324634744, "Energy": -1.0109827978574024, "Loss": [-0.9066380068866963, -0.9083861611912163, -0.9088963811433921, -0.9091681517920456, -0.9093785876908803, -0.9095798475323855, -0.9097979351401496, -0.9100519568990868, -0.9103575332862949, -0.9107267802711713, -0.9111690285950309, -0.9116928634287812, -0.9123074634099239, -0.9130211993411512, -0.9138383931385198, -0.9147578189968714, -0.9157741381289015, -0.9168801650810992, -0.9180683817097463, -0.9193316070785728, -0.9206631907388863, -0.9220570097168317, -0.9235074108536583, -0.9250091567857468, -0.9265573939292753, -0.9281476440194044, -0.9297758144151977, -0.9314382194735685, -0.9331316017127199, -0.9348531351226546, -0.9366003851553103, -0.9383711990588377, -0.9401635217136286, -0.9419751804480626, -0.943803722307289, -0.9456463658905592, -0.9475000576916568, -0.9493615739732986, -0.951227616877772, -0.9530948846510979, -0.9549601170187223, -0.9568201231875904, -0.9586717991992295, -0.9605121390774782, -0.9623382423913278, -0.9641473197266467, -0.9659366969234248, -0.9677038185789867, -0.9694462511121628, -0.9711616855571455, -0.9728479401729275, -0.9745029628951881, -0.9761248336132656, -0.9777117662204889, -0.9792621103600379, -0.9807743527712249, -0.9822471181346952, -0.9836791693221577, -0.9850694069793862, -0.9864168684106042, -0.9877207257847829, -0.9889802837418478, -0.9901949765277888, -0.9913643648190982, -0.992488132400625, -0.9935660828351146, -0.9945981362165335, -0.9955843260464543, -0.9965247962284064, -0.9974197981466367, -0.9982696877852957, -0.9990749228458334, -0.999836059828374, -1.0005537510518447, -1.0012287415943164, -1.0018618661392746, -1.0024540457148858, -1.0030062843131566, -1.0035196653736287, -1.0039953481132604, -1.0044345636794672, -1.004838611098135, -1.0052088529815353, -1.0055467109542555, -1.0058536607473678, -1.0061312269036398, -1.0063809770298398, -1.0066045155271115, -1.0068034767285898, -1.006979517375612, -1.0071343083727875, -1.0072695257790119, -1.007386841018414, -1.0074879103338807, -1.0075743635573504, -1.0076477923347562, -1.0077097380183357, -1.0077616795196302, -1.0078050214973409, -1.007841083324616, -1.007871089329701, -1.0078961608193833, -1.007917310365194, -1.0079354387532662, -1.0079513348546516, -1.0079656785287994, -1.007979046005014, -1.007991912147841, -1.0080044767234795, -1.0080122723798628, -1.0079776245346537, -1.0080244728851602, -1.0080491539878538, -1.0080665465768224, -1.0080828297939972, -1.0080997737228046, -1.008117820919117, -1.008137161764589, -1.0081579254252113, -1.0081802111044131, -1.0082041192437585, -1.008229727902751, -1.0082571202947408, -1.0082863395822388, -1.008317426017365, -1.0083503203877715, -1.0083848632529289, -1.008420607010264, -1.0084564023634603, -1.0084930468209836, -1.0085309534638296, -1.0085744706564326, -1.0086191190745049, -1.008664287066598, -1.0087093791686998, -1.0087541358471763, -1.0087986978799381, -1.008842598562576, -1.0088860811808746, -1.0089290680416365, -1.0089721427792517, -1.0090155971708494, -1.0090596229528552, -1.009104108995356, -1.0091485656524095, -1.0091926460891698, -1.0092359853148483, -1.0092784343752093, -1.0093199553184065, -1.0093604394871685, -1.0094000579344313, -1.0094386187481963, -1.0094765407378852, -1.009513554662382, -1.0095504410218519, -1.0095867672640493, -1.0096235476221382, -1.0096599163353135, -1.0096968434037403, -1.0097330772895154, -1.0097695853369781, -1.0098050772474496, -1.0098406330757552, -1.0098750426100935, -1.0099095064211279, -1.0099428352417303, -1.0099763739710015, -1.0100088875656505, -1.0100418886325415, -1.0100740265376376, -1.010106901986486, -1.010138986178879, -1.0101718383825526, -1.010203805841394, -1.0102363822207752, -1.010267929395632, -1.0102999268039607, -1.010330814775652, -1.0103621015856536, -1.0103922791044055, -1.0104229147635526, -1.0104524990874961, -1.0104826654846577, -1.0105118554504364, -1.0105417299421042, -1.0105706596756279, -1.0106002785542456, -1.010628915885815, -1.0106581606143377, -1.0106863582152854, -1.010715071875622, -1.010742694724338, -1.0107707915244384, -1.0107977945115922, -1.0108252895796177, -1.0108517204889398, -1.0108786957076095, -1.0109046443040575, -1.01093117695225, -1.0109566988817658]}