{"FCI": -1.2675874487922068, "Energy": -1.2556379602910208, "Loss": [-0.4183926762379351, -0.42317684261403565, -0.42802165490442107, -0.4329262228071551, -0.43788888335412723, -0.4429078844295814, -0.44798145160932945, -0.4531077888258269, -0.45828506622037185, -0.4635114042985604, -0.46878485917089613, -0.47410341594649696, -0.4794649997860888, -0.48486751399692873, -0.49030891125864406, -0.4957872990475428, -0.5013010759407194, -0.5068490933740727, -0.5124308376666171, -0.5180466284860157, -0.5236978307067267, -0.5293870752442624, -0.5351184798831377, -0.5408978530932869, -0.5467328533147778, -0.5526330659010009, -0.5586099545682407, -0.5646766497768663, -0.5708475576646497, -0.5771378092768668, -0.5835626114634526, -0.5901365913024409, -0.5968732298589708, -0.6037844550096276, -0.6108804188569096, -0.6181694423821181, -0.6256580831749593, -0.6333512749259886, -0.6412524945737655, -0.6493639264768145, -0.6576866064346238, -0.6662205386934436, -0.6749647856179172, -0.6839175331426286, -0.6930761364457151, -0.7024371503990148, -0.7119963488743783, -0.7217487363051011, -0.7316885542184661, -0.7418092848604356, -0.7521036535550709, -0.7625636310753819, -0.7731804370332117, -0.7839445451030229, -0.794845690758946, -0.8058728821099073, -0.8170144143495583, -0.8282578882862107, -0.8395902333732294, -0.8509977356169595, -0.8624660706916731, -0.8739803425365124, -0.8855251276457851, -0.8970845251906181, -0.9086422130272302, -0.9201815095559739, -0.9316854412977368, -0.9431368159523299, -0.954518300599653, -0.9658125046013674, -0.9770020666603806, -0.9880697454003686, -0.9989985127392025, -1.0097716492499733, -1.0203728406328856, -1.0307862743609988, -1.0409967355140013, -1.0509897007775613, -1.0607514295616547, -1.0702690511814525, -1.079530647048721, -1.0885253268414663, -1.0972432976559763, -1.1056759251979704, -1.1138157861393483, -1.1216567108536868, -1.1291938158465276, -1.1364235253148127, -1.1433435814023638, -1.1499530428631355, -1.1562522719991315, -1.1622429099028069, -1.167927840202084, -1.1733111416760575, -1.1783980302787849, -1.1831947912727627, -1.1877087023300517, -1.1919479486034046, -1.1959215308985174, -1.199639168188736, -1.203111195801506, -1.206348460668913, -1.209362215071303, -1.2121640103105156, -1.2147655917285765, -1.2171787964376175, -1.219415455049226, -1.2214872985885719, -1.2234058716522365, -1.2251824527239619, -1.2268279824019053, -1.228353000120626, -1.2297675897743996, -1.2310813344715823, -1.232303280476224, -1.2334419102282572, -1.2345051241804532, -1.235500231052615, -1.2364339459837042, -1.2373123959621455, -1.238141131835086, -1.238925146138714, -1.23966889595384, -1.2403763299727677, -1.2410509189637051, -1.2416956888356934, -1.2423132555383598, -1.2429058610743766, -1.2434754099561962, -1.2440235054996749, -1.2445514854142308, -1.2450604562191787, -1.2455513260874322, -1.2460248357894002, -1.2464815874793884, -1.2469220711337272, -1.2473466885126487, -1.2477557745758794, -1.248149616334802, -1.2485284691708798, -1.2488925706910403, -1.2492421522257149, -1.2495774481039408, -1.249898702863343, -1.2502061765698043, -1.25050014843415, -1.2507809189203198, -1.2510488105421498, -1.2513041675448213, -1.2515473546621083, -1.2517787551327624, -1.2519987681488152, -1.2522078058963193, -1.2524062903346487, -1.2525946498453089, -1.2527733158652996, -1.2529427196035234, -1.253103288922592, -1.2532554454524512, -1.2533996019867433, -1.2535361601987496, -1.2536655087000839, -1.2537880214535264, -1.2539040565404589, -1.254013955274173, -1.2541180416423732, -1.2542166220559057, -1.2543099853756663, -1.2543984031860644, -1.254482130281118, -1.2545614053278926, -1.2546364516721558, -1.2547074782516685, -1.2547746805841924, -1.2548382417996502, -1.2548983336884287, -1.2549551177410798, -1.2550087461580306, -1.255059362811346, -1.2551071041442712, -1.255152099997519, -1.2551944743548322, -1.255234346003272, -1.255271829106481, -1.255307033691828, -1.2553400660542793, -1.255371029081827, -1.2554000225085884, -1.2554271431028716, -1.2554524847981272, -1.255476138775258, -1.2554981935047236, -1.2555187347568637, -1.2555378455884565, -1.255555606312996, -1.2555720944614968, -1.255587384739834, -1.2556015489878156, -1.2556146561442336, -1.2556267722213013]}