{"FCI": -1.1617635907421635, "Energy": -1.1060791051619863, "Loss": [0.44370896202733406, 0.43665922730284734, 0.42956137928266397, 0.4224222150145266, 0.4152475818146911, 0.40804077163125263, 0.4008006274229655, 0.3935227320226603, 0.3862035932378328, 0.3788419746337584, 0.3714375702975671, 0.363989654035658, 0.35649601910804, 0.34895193202848274, 0.3413492315314238, 0.3336763051447287, 0.32591974506561844, 0.3180671653388844, 0.31010929538667675, 0.3020403329317215, 0.29385722618522275, 0.2855588295336117, 0.27714530970097107, 0.2686177979778166, 0.2599781950115587, 0.25122905449159255, 0.24237350339483615, 0.2334151771239163, 0.22435815896247455, 0.21520691879765447, 0.20596624875329486, 0.19664119470141878, 0.18723698329321356, 0.17775894451600058, 0.16821243000117556, 0.15860272745621845, 0.14893497170836328, 0.13921405294701444, 0.12944452284616279, 0.11963049934318726, 0.10977557095040186, 0.09988270158379597, 0.0899541370120253, 0.07999131415960596, 0.06999477464246491, 0.05996408407123401, 0.04989775882597865, 0.039793202181392456, 0.02964665183638963, 0.01945314106583423, 0.009206475849269459, -0.001100769577848184, -0.011477236285557847, -0.021932740938822692, -0.032478210640376266, -0.043125590521233506, -0.05388772282419524, -0.06477819697167927, -0.07581117104618411, -0.08700116621397128, -0.09836283683946072, -0.10991072029349262, -0.12165897165625354, -0.13362108954703822, -0.14580964007112335, -0.15823598626990448, -0.1709100304370027, -0.18383997620784573, -0.19703211647865726, -0.21049065204343198, -0.2242175444676282, -0.23821240527457982, -0.25247242213115584, -0.2669923214894175, -0.2817643661450404, -0.2967783854482732, -0.3120218354505336, -0.327479886061977, -0.34313553228520327, -0.3589697267215551, -0.37496153076221117, -0.391088282125994, -0.40732577664911673, -0.4236484624404053, -0.44002964467142636, -0.4564416993672897, -0.47285629460089973, -0.48924461747702935, -0.505577605232358, -0.5218261786847685, -0.5379614761517715, -0.5539550858360053, -0.5697792745560512, -0.5854072105940316, -0.6008131783463166, -0.6159727824080914, -0.6308631387036499, -0.6454630502970217, -0.6597531655871374, -0.6737161167107679, -0.6873366361473039, -0.7006016497428432, -0.7135003446458246, -0.72602421097107, -0.7381670563792411, -0.7499249931691558, -0.7612963979244156, -0.7722818442244375, -0.7828840094134762, -0.7931075569081251, -0.8029589960017438, -0.8124465215799139, -0.8215798365806611, -0.830369960403016, -0.838829026774099, -0.8469700748156557, -0.854806837195115, -0.8623535292948649, -0.8696246432804406, -0.8766347507912827, -0.8833983177181609, -0.8899295341742149, -0.8962421623227673, -0.902349404207996, -0.9082637911622812, -0.9139970957576516, -0.9195602666498097, -0.9249633860557737, -0.9302156490314649, -0.9353253631941418, -0.9402999670834572, -0.9451460649862858, -0.9498694757737944, -0.9544752931171073, -0.9589679543606188, -0.9633513153345896, -0.967628728473028, -0.9718031217594187, -0.9758770762389892, -0.9798529001001114, -0.9837326976253112, -0.9875184316327428, -0.9912119783597939, -0.9948151740712747, -0.9983298529959233, -1.0017578764990394, -1.0051011536783951, -1.0083616538198272, -1.0115414113633816, -1.0146425242070054, -1.017667146310055, -1.0206174756524322, -1.023495738656402, -1.0263041721885586, -1.0290450042309425, -1.031720434246717, -1.03433261417112, -1.0368836308383225, -1.0393754905153578, -1.0418101060615543, -1.0441892870734018, -1.0465147332161693, -1.0487880307918505, -1.0510106524532299, -1.0531839598507649, -1.0553092088964044, -1.0573875572482951, -1.059420073564804, -1.0614077480443285, -1.0633515037591386, -1.0652522083044251, -1.0671106853155472, -1.0689277254537908, -1.0707040965205534, -1.072440552427432, -1.0741378408224216, -1.0757967092456244, -1.0774179097595078, -1.0790022020650554, -1.0805503551742395, -1.0820631477594165, -1.0835413673400152, -1.0849858084956725, -1.0863972703128693, -1.087776553279304, -1.0891244558373931, -1.0904417707969996, -1.0917292817887352, -1.0929877599147362, -1.0942179607254798, -1.0954206216206075, -1.096596459740263, -1.0977461703831157, -1.0988704259588788, -1.099969875457993, -1.1010451444000957, -1.1020968352061369, -1.1031255279273098, -1.104131781256825, -1.10511613374777]}