{"FCI": -1.0873240054222568, "Energy": -1.0617184791952539, "Loss": [-0.6484142252801836, -0.6671694224202505, -0.6806383413375078, -0.6918398364941172, -0.7017553258248094, -0.710861531612363, -0.7194432964036214, -0.7276891636524428, -0.7357233054943042, -0.7436205522630848, -0.7514216288337994, -0.7591475263893381, -0.7668090177994503, -0.7744116228058033, -0.7819579791246014, -0.7894490067059856, -0.796884537449244, -0.804263698110648, -0.8115851682003062, -0.818847366809691, -0.8260485938604019, -0.83318713842168, -0.8402613602706289, -0.8472697471471611, -0.8542109477503306, -0.8610837789119399, -0.8678872044855761, -0.8746202834794367, -0.8812820861523143, -0.8878715794861453, -0.8943874876995037, -0.9008281387932116, -0.9071913133016745, -0.9134741146326489, -0.9196728798101046, -0.9257831443101375, -0.9317996660181034, -0.9377165038014597, -0.9435271388634807, -0.9492246238219957, -0.9548017452469416, -0.9602511885351852, -0.9655656975100988, -0.9707382237507202, -0.9757620621651052, -0.980630970178716, -0.9853392686635989, -0.9898819236665151, -0.9942546090707276, -0.9984537513458211, -1.002476558310933, -1.0063210342645357, -1.0099859839302314, -1.0134710075077344, -1.0167764887976583, -1.019903577971892, -1.0228541701487992, -1.0256308805401742, -1.0282370165824766, -1.0306765471527681, -1.0329540687006271, -1.0350747678983638, -1.037044380224586, -1.038869143755411, -1.0405557473541924, -1.0421112724424257, -1.0435431276250646, -1.0448589756605244, -1.046066652636554, -1.0471740797583347, -1.0481891688762262, -1.049119723749916, -1.0499733399932882, -1.0507573075513381, -1.0514785202655235, -1.0521433974039829, -1.052757821805614, -1.053327098421664, -1.0538559355664663, -1.0543484492849606, -1.0548081892049954, -1.0552381824177437, -1.055640990629438, -1.056018775233715, -1.0563733650779916, -1.056706322396154, -1.0570190034205995, -1.057312611327905, -1.0575882402276202, -1.0578469097710834, -1.0580895906114407, -1.0583172214101184, -1.0585307183994883, -1.0587309787137045, -1.058918878813238, -1.0590952693671924, -1.0592609679269027, -1.0594167506310015, -1.0595633440334606, -1.0597014179543458, -1.0598315800321452, -1.059954372422198, -1.0600702708536922, -1.0601796860422443, -1.0602829672680802, -1.0603804077824301, -1.0604722516037444, -1.0605587012149382, -1.0606399256722214, -1.0607160686792203, -1.0607872562563987, -1.060853603731186, -1.0609152218744713, -1.0609722221007802, -1.0610247207233863, -1.0610728423067102, -1.0611167221866813, -1.0611565082379584, -1.0611923619613015, -1.0612244589504174, -1.0612529887818536, -1.0612781543579892, -1.0613001707255632, -1.0613192633915607, -1.0613356661656324, -1.0613496185721352, -1.0613613628952931, -1.061371140944471, -1.0613791906518413, -1.06138574263831, -1.0613910169015595, -1.0613952197897807, -1.0613985414214635, -1.0614011536945673, -1.0614032089954997, -1.0614048396721611, -1.061406158279567, -1.061407258547762, -1.0614082169672245, -1.0614090948449189, -1.0614099406595972, -1.0614107925415794, -1.061411680719187, -1.0614126298067694, -1.061413660852384, -1.0614147931023636, -1.061416045328873, -1.0614174307761275, -1.0614187048633759, -1.0614082672100726, -1.0611815092696126, -1.0612339062073917, -1.0613320883141324, -1.0613928818685965, -1.0614160296685988, -1.0614252481301638, -1.061430068752025, -1.0614335230874323, -1.061436552553859, -1.0614394690297972, -1.0614422637703431, -1.0614446705668241, -1.0614457704638145, -1.0614433151160045, -1.0614319861871222, -1.0614064904635603, -1.0613792205697572, -1.0613842819825858, -1.0614159074869627, -1.0614450216837115, -1.0614645208685225, -1.0614771732199153, -1.0614864321004847, -1.0614942439650126, -1.0615016976178924, -1.061508759421593, -1.0615151394670872, -1.0615198239336932, -1.0615213712936562, -1.0615186541589308, -1.0615127699340139, -1.061510977177231, -1.0615214157477415, -1.0615400130799206, -1.0615607897697759, -1.0615782989316336, -1.0615932373689934, -1.061605664998715, -1.0616169310418417, -1.0616268051752193, -1.0616355201989267, -1.0616424754974305, -1.0616476151895853, -1.0616509583218754, -1.0616538271244453, -1.0616583752754873, -1.0616666610823058, -1.0616785261657045, -1.0616923784414962, -1.061706020574686]}