{"FCI": -2.180316558115521, "Energy": -2.119204224766437, "Loss": [-0.11509525750465971, -0.13507655199785676, -0.1554758833560717, -0.17628692416092323, -0.19750305151405317, -0.21911726575461782, -0.24112211828537533, -0.26350964741749144, -0.286271321797259, -0.30939799130094026, -0.33287984549422006, -0.3567063798670579, -0.38086637010325886, -0.405347854650211, -0.4301381258320913, -0.45522372970754504, -0.48059047481506895, -0.5062234498780352, -0.5321070504578557, -0.55822501444763, -0.5845604661891515, -0.6110959688711979, -0.6378135847245603, -0.6646949423652657, -0.691721310448883, -0.7188736765812886, -0.7461328301817318, -0.7734794477116202, -0.8008941783689784, -0.8283577280128286, -0.8558509387417552, -0.8833548612345312, -0.9108508167138458, -0.9383204452737257, -0.9657457373909822, -0.9931090457975813, -1.020393075595645, -1.047580851593156, -1.0746556633221687, -1.1016009899972021, -1.1284004096226203, -1.1550374983343714, -1.1814957275850997, -1.207758367683852, -1.2338084062799715, -1.25962848955754, -1.2852008922570495, -1.3105075203838599, -1.3355299479113358, -1.3602494862836811, -1.3846472833633736, -1.4087044468536047, -1.4324021862406002, -1.4557219669233201, -1.478645670330334, -1.5011557543292615, -1.5232354089703828, -1.5448687034500808, -1.5660407210378888, -1.5867376795209926, -1.606947035451972, -1.6266575711232198, -1.645859463740343, -1.664544336731151, -1.6827052935199955, -1.70033693442553, -1.7174353576141423, -1.7339981452616555, -1.7500243362498669, -1.7655143868489767, -1.7804701209169749, -1.79489467118025, -1.8087924131518316, -1.8221688931959446, -1.8350307521664748, -1.8473856459383386, -1.8592421640213912, -1.8706097473046368, -1.8814986058309244, -1.8919196373563374, -1.9018843473093894, -1.911404770638729, -1.9204933959267168, -1.9291630920531495, -1.9374270376177762, -1.9452986532741896, -1.9527915370875124, -1.9599194030033298, -1.9666960225025147, -1.9731351695128136, -1.9792505686495017, -1.9850558468606105, -1.9905644885548557, -1.995789794287804, -2.0007448430730417, -2.005442458369485, -2.009895177770429, -2.014115226389515, -2.018114493900528, -2.0219045151478903, -2.0254964542037177, -2.028901091707951, -2.032128815295461, -2.0351896128868687, -2.0380930686024943, -2.04084836105076, -2.043464263743134, -2.045949147397099, -2.048310983904071, -2.0505573517603795, -2.0526954427811646, -2.05473206994086, -2.0566736762049076, -2.05852634423554, -2.060295806868503, -2.0619874582672026, -2.063606365666239, -2.065157281617594, -2.066644656652229, -2.0680726522667303, -2.0694451541425214, -2.0707657855024015, -2.0720379205094304, -2.0732646976148477, -2.074449032766, -2.075593632392736, -2.076701006099109, -2.0777734789986466, -2.0788132036421456, -2.079822171499492, -2.080802223967115, -2.081755062883768, -2.0826822605448707, -2.083585269212955, -2.084465430126465, -2.0853239820126777, -2.0861620691126266, -2.0869807487268544, -2.0877809982914894, -2.0885637219947086, -2.089329756943521, -2.090079878892421, -2.090814807545754, -2.0915352114478107, -2.092241712476138, -2.092934889955835, -2.093615284414379, -2.094283400997889, -2.0949397125719234, -2.095584662529614, -2.0962186673310166, -2.096842118796516, -2.0974553861766037, -2.0980588180196285, -2.098652743855839, -2.0992374757167958, -2.0998133095054303, -2.10038052623194, -2.100939393128404, -2.101490164654554, -2.1020330834054315, -2.102568380931647, -2.1030962784818312, -2.1036169876759083, -2.1041307111183896, -2.1046376429589717, -2.105137969407783, -2.1056318692118103, -2.10611951409796, -2.1066010691875956, -2.1070766933866496, -2.107546539754358, -2.108010755853112, -2.108469484081429, -2.108922861991349, -2.1093710225914153, -2.1098140946357997, -2.1102522029006163, -2.1106854684473486, -2.1111140088745772, -2.111537938557871, -2.111957368878589, -2.112372408441772, -2.1127831632837557, -2.1131897370693506, -2.1135922312792634, -2.113990745387547, -2.114385377029341, -2.11477622215914, -2.1151633751992462, -2.1155469291789593, -2.115926975864452, -2.116303605879415, -2.11667690881701, -2.1170469733432293, -2.1174138872921024, -2.1177777377532485, -2.11813861115217, -2.1184965933236444, -2.1188517695788147]}