{"FCI": -2.166386984981435, "Energy": -2.107633657741217, "Loss": [-1.0670959766942032, -1.0825888246690325, -1.097999248735982, -1.1134243024942927, -1.1288198322671357, -1.1441592377885823, -1.1594480407433383, -1.1746899780851663, -1.189876782815325, -1.2049964244177962, -1.2200379417191998, -1.2349926749538278, -1.249853376610505, -1.264612921154381, -1.2792637564901208, -1.29379803681843, -1.308207992350948, -1.3224862940075899, -1.3366263428767704, -1.3506224653362762, -1.3644699996163956, -1.3781652659393726, -1.3917054467847108, -1.40508845988505, -1.4183129307193605, -1.4313783130535416, -1.4442850907017237, -1.4570349113846315, -1.4696305261424878, -1.4820755292148067, -1.4943740291820053, -1.5065304203622163, -1.518549313888409, -1.5304355104333272, -1.5421938270808693, -1.5538287372756001, -1.5653440073334526, -1.5767425390336693, -1.588026419981541, -1.5991970082705305, -1.6102549232575745, -1.6211999831156743, -1.632031216336767, -1.642747003493697, -1.653345282880556, -1.663823716636209, -1.6741797804540515, -1.6844108190724254, -1.6945141232856757, -1.7044870390808478, -1.714327073154676, -1.72403195362589, -1.7335996387107997, -1.7430283043875863, -1.752316347377704, -1.7614624082112857, -1.7704653864597024, -1.7793244232320085, -1.7880388594785348, -1.796608201413725, -1.8050321096440594, -1.8133103962718478, -1.821443005394207, -1.8294299771272269, -1.8372714195749036, -1.8449675041764304, -1.8525184710056328, -1.8599246221894776, -1.8671863033840514, -1.8743038921712727, -1.881277802019444, -1.8881084885156354, -1.894796443862471, -1.9013421855149604, -1.9077462541960586, -1.9140092222518994, -1.9201316990282329, -1.9261143273131665, -1.931957780312148, -1.9376627674208469, -1.9432300430957286, -1.9486604099599074, -1.9539547187576214, -1.9591138736620635, -1.9641388425532547, -1.9690306642311817, -1.9737904505201496, -1.9784193892912583, -1.9829187508760708, -1.9872898927598603, -1.991534259496686, -1.9956533819109705, -1.999648878772595, -2.003522457672439, -2.007275911985784, -2.010911116606444, -2.014430025427024, -2.0178346685274318, -2.0211271467320913, -2.024309625627024, -2.0273843312567226, -2.0303535457108377, -2.033219600854133, -2.035984871970454, -2.0386517727522553, -2.0412227500290836, -2.0437002773044486, -2.0460868487145496, -2.0483849739888464, -2.0505971729292187, -2.0527259692337916, -2.05477388503691, -2.056743436061738, -2.058637126302312, -2.060457442681912, -2.062206850549183, -2.0638877894116234, -2.065502668400273, -2.0670538621973233, -2.0685437076512767, -2.069974500399423, -2.0713484915770417, -2.0726678851635807, -2.0739348356638807, -2.0751514457758273, -2.076319764453961, -2.077441785472934, -2.0785194460748015, -2.0795546257893367, -2.0805491457085963, -2.081504767967912, -2.0824231953072703, -2.0833060709778928, -2.0841549789321214, -2.084971444078141, -2.08575693274664, -2.086512853429644, -2.087240557595833, -2.0879413406272094, -2.0886164429831164, -2.0892670514466913, -2.089894300420727, -2.0904992733757837, -2.091083004366426, -2.0916464795559744, -2.0921906388341487, -2.0927163774837636, -2.0932245478258715, -2.0937159609032117, -2.0941913881863803, -2.0946515632415545, -2.0950971834043743, -2.095528911455571, -2.095947377245856, -2.096353179299816, -2.0967468864015517, -2.0971290391217297, -2.0975001513099314, -2.097860711554731, -2.098211184579339, -2.0985520125922807, -2.098883616594594, -2.099206397621928, -2.099520737938348, -2.0998270021816468, -2.100125538444415, -2.1004166793068855, -2.1007007428198214, -2.1009780334283854, -2.1012488428511893, -2.1015134509098217, -2.1017721263060523, -2.102025127358205, -2.1022727026917987, -2.102515091885668, -2.1027525260806477, -2.1029852285466784, -2.1032134152121302, -2.103437295161083, -2.103657071094039, -2.103872939757621, -2.104085092344513, -2.1042937148622745, -2.1044989884773906, -2.1047010898335854, -2.1049001913451, -2.1050964614678684, -2.1052900649480004, -2.1054811630503747, -2.105669913769793, -2.1058564720230555, -2.1060409898248342, -2.106223616447002, -2.106404498563311, -2.1065837803817957, -2.1067616037641557, -2.106938108333609, -2.1071134315713014, -2.1072877089030793, -2.1074610737783335]}