{"FCI": -2.180316558115521, "Energy": -2.138360891521316, "Loss": [-0.8149215280366027, -0.8343639347210831, -0.8534226580544723, -0.8720833601292657, -0.8903392149942438, -0.9081951759230779, -0.925673145380305, -0.9428146320380189, -0.9596752374832095, -0.9763108429276893, -0.9927655565955168, -1.0090693135751687, -1.0252422117135205, -1.041299784950299, -1.0572567484976683, -1.073129160982086, -1.0889354840585572, -1.1046968852608332, -1.1204369663148641, -1.1361810450540817, -1.151955145267009, -1.1677848869623835, -1.1836944605195774, -1.1997057997651361, -1.2158379838850186, -1.232106840434792, -1.2485246952649014, -1.2651002180981488, -1.2818383389892805, -1.2987402325510575, -1.3158033682491497, -1.3330216196685316, -1.3503854285640229, -1.3678820252726658, -1.385495703709288, -1.403208141104174, -1.4209987504169517, -1.4388450567713182, -1.4567230926851045, -1.4746078078029388, -1.4924734876995018, -1.5102941740969942, -1.5280440763045142, -1.545697961598943, -1.5632315114019038, -1.5806216307818688, -1.5978467003549892, -1.6148867608597934, -1.6317236212781487, -1.6483408828514172, -1.6647238756994716, -1.6808595125845691, -1.6967360742685322, -1.7123429503451113, -1.7276703658380255, -1.742709125506561, -1.757450404204697, -1.7718856036471704, -1.786006285422402, -1.7998041793367487, -1.8132712571646878, -1.8263998558391081, -1.8391828313701202, -1.851613724930133, -1.8636869247654264, -1.8753978109594989, -1.8867428737513898, -1.897719799514758, -1.9083275213259558, -1.9185662332545206, -1.9284373692546875, -1.9379435490566044, -1.947088494939991, -1.9558769247793832, -1.9643144281773761, -1.9724073336269203, -1.9801625751954794, -1.9875875669815208, -1.9946900924560578, -2.0014782138345866, -2.0079602040589712, -2.014144501158495, -2.02003968212122, -2.025654451324288, -2.030997637342162, -2.036078191715451, -2.040905183999539, -2.045487788944305, -2.0498352636826223, -2.0539569149692, -2.0578620584441523, -2.0615599732981535, -2.0650598563931535, -2.0683707797932716, -2.0715016548706595, -2.0744612048780056, -2.077257946396575, -2.079900178664684, -2.0823959787150867, -2.0847531996642674, -2.0869794694630692, -2.0890821878903334, -2.0910685204153023, -2.092945388578872, -2.094719457539624, -2.0963971222105706, -2.0979844938438745, -2.099487388950093, -2.1009113220924625, -2.102261503476935, -2.1035428415108957, -2.104759949788643, -2.105917157417317, -2.1070185213143815, -2.1080678391138115, -2.1090686615788905, -2.1100243038485997, -2.1109378553349214, -2.111812188525027, -2.1126499672423344, -2.113453655034437, -2.1142255242824106, -2.114967666408267, -2.1156820032582213, -2.1163702994424316, -2.117034175179125, -2.1176751190733443, -2.1182945002694984, -2.118893579536591, -2.1194735190376592, -2.1200353907484017, -2.120580183675347, -2.1211088101445084, -2.1216221114700398, -2.1221208632738273, -2.1226057806328584, -2.1230775231151564, -2.1235366996577794, -2.1239838731724054, -2.124419564742813, -2.124844257309085, -2.1252583987948044, -2.1256624047118247, -2.1260566603434885, -2.126441522648814, -2.1268173220367173, -2.1271843641324923, -2.1275429316090255, -2.1278932860974633, -2.1282356701412506, -2.12857030912586, -2.128897413108368, -2.129217178485304, -2.1295297894668623, -2.1298354193583555, -2.13013423167855, -2.130426381159804, -2.1307120146749297, -2.130991272123349, -2.1312642872887073, -2.1315311886599546, -2.1317921001928632, -2.1320471419844442, -2.132296430837406, -2.132540080703941, -2.132778203014048, -2.133010906906613, -2.133238299389213, -2.1334604854542434, -2.1336775681729456, -2.133889648779953, -2.13409682675172, -2.1342991998741976, -2.1344968642932654, -2.1346899145420632, -2.1348784435441495, -2.135062542597678, -2.1352423013486987, -2.1354178077654793, -2.13558914812229, -2.135756406999101, -2.135919667297463, -2.136079010269476, -2.1362345155535998, -2.136386261211036, -2.136534323758192, -2.136678778193333, -2.1368196980186727, -2.1369571552608786, -2.1370912204931622, -2.1372219628619438, -2.1373494501187396, -2.1374737486562836, -2.1375949235471015, -2.137713038582016, -2.137828156306885, -2.1379403380573874, -2.1380496439918097, -2.138156133124026, -2.1382598633574483]}