{"FCI": -2.167561072567176, "Energy": -2.089660034221778, "Loss": [0.4318631427925067, 0.3987599571043182, 0.3652621866047519, 0.3314060885511308, 0.2972273502805745, 0.2627623101872731, 0.2280483752682351, 0.19312418374331616, 0.15802965230980495, 0.12280595520754596, 0.08749545436863113, 0.05214158983126943, 0.016788735524428854, -0.018517976183127973, -0.05373285845380093, -0.08880989994127397, -0.12370301814616909, -0.15836633338667283, -0.1927544603595196, -0.22682281400660234, -0.2605279261525453, -0.29382776915660297, -0.32668208264112114, -0.35905269922623967, -0.39090386512090464, -0.42220255139474816, -0.4529187517808041, -0.4830257629299252, -0.5125004431454712, -0.5413234457600551, -0.5694794234635187, -0.5969572000394362, -0.6237499061067326, -0.6498550755847965, -0.6752746997035448, -0.7000152354697459, -0.724087565594424, -0.747506907013064, -0.7702926653356029, -0.792468232906869, -0.8140607287123732, -0.8351006792082158, -0.8556216403590904, -0.875659762786153, -0.8952533039653144, -0.9144420938227406, -0.9332669627193696, -0.9517691434896665, -0.9699896616269177, -0.9879687295797658, -1.0057451621486517, -1.023355829926426, -1.0408351665158135, -1.0582147429300675, -1.0755229193463798, -1.0927845805568597, -1.1100209574336868, -1.1272495328763747, -1.1444840273599297, -1.1617344565737397, -1.1790072518353976, -1.1963054329796317, -1.213628823170744, -1.2309742954298182, -1.248336041440912, -1.2657058542467772, -1.2830734176205896, -1.3004265960972974, -1.3177517207820826, -1.3350338670742619, -1.3522571213234666, -1.3694048341650018, -1.3864598588674566, -1.4034047734855788, -1.420222085965676, -1.436894421624509, -1.4534046926393338, -1.4697362493701904, -1.4858730135043685, -1.5017995931830102, -1.5175013804516082, -1.5329646315730858, -1.548176530955089, -1.5631252396636757, -1.5777999297134695, -1.592190805524365, -1.6062891141002926, -1.6200871456002102, -1.6335782260214022, -1.64675670369066, -1.6596179311573955, -1.6721582439076195, -1.684374937079455, -1.69626624107739, -1.7078312966735447, -1.7190701298739, -1.7299836265385953, -1.7405735064957601, -1.7508422966971502, -1.7607933028351865, -1.7704305787841195, -1.7797588932360013, -1.7887836929710172, -1.7975110623196744, -1.80594767853016, -1.81410076293212, -1.8219780279789741, -1.8295876204387045, -1.8369380611806452, -1.8440381821635874, -1.8508970613626008, -1.8575239564739745, -1.8639282383081326, -1.870119324816835, -1.876106616705837, -1.8818994355579397, -1.8875069653370498, -1.8929381980646987, -1.8982018843608803, -1.9033064894240623, -1.9082601548972018, -1.9130706669301563, -1.9177454306103854, -1.9222914507958357, -1.9267153192531323, -1.9310232078801874, -1.9352208676834106, -1.9393136330833085, -1.9433064310439054, -1.9472037944602458, -1.9510098791960258, -1.9547284841386294, -1.9583630736324746, -1.9619168016605675, -1.965392537168403, -1.968792889961005, -1.9721202366506143, -1.975376746187637, -1.978564404568395, -1.9816850383764597, -1.9847403368808711, -1.9877318724774213, -1.9906611193228327, -1.9935294700686528, -1.9963382506553473, -1.9990887331744036, -2.0017821468468857, -2.00441968720138, -2.007002523561554, -2.0095318049749524, -2.01200866472873, -2.0144342236079447, -2.0168095920556515, -2.01913587139353, -2.0214141542576636, -2.0236455243973137, -2.0258310559737462, -2.0279718124861805, -2.030068845437996, -2.0321231928440557, -2.034135877665912, -2.0361079062483265, -2.0380402668183555, -2.0399339280947912, -2.041789838045634, -2.043608922820212, -2.04539208587365, -2.047140207292756, -2.0488541433261025, -2.0505347261143547, -2.052182763612207, -2.053799039689579, -2.055384314396333, -2.0569393243726357, -2.0584647833858774, -2.0599613829739822, -2.0614297931749705, -2.0628706633231175, -2.064284622892353, -2.065672282369798, -2.067034234142388, -2.0683710533826347, -2.069683298920384, -2.0709715140901053, -2.0722362275447774, -2.0734779540294883, -2.074697195109841, -2.0758944398517216, -2.0770701654509356, -2.078224837812102, -2.0793589120777876, -2.0804728331096847, -2.0815670359242624, -2.0826419460861056, -2.08369798006238, -2.0847355455422205, -2.0857550417245476, -2.086756859578313, -2.0877413820785167, -2.088708984421388]}