{"FCI": -2.1379697873519112, "Energy": -2.0577756027687575, "Loss": [-0.043752503719450386, -0.05211181323805336, -0.06068643327661094, -0.06948199482295604, -0.07849869215913376, -0.08773733798598857, -0.09719998084860529, -0.10689045081957771, -0.11681500865674488, -0.12698297339252995, -0.13740767248425562, -0.14810781548337512, -0.15910871767599138, -0.17044252591008208, -0.18214654687065876, -0.19425949320287478, -0.20681682456012573, -0.21984711376664462, -0.23337073543774667, -0.24740055559785162, -0.26194342332335285, -0.27700161399761114, -0.292573927582983, -0.308656447208418, -0.32524305437722384, -0.3423257927548689, -0.35989514471841355, -0.37794025986106833, -0.39644915686821286, -0.41540890831908434, -0.43480581028439536, -0.45462553381670034, -0.47485325280501484, -0.49547374181426734, -0.5164714382975051, -0.5378304658284945, -0.5595346184928061, -0.5815673107943412, -0.6039115016351106, -0.6265496042386871, -0.6494633955413175, -0.6726339381419468, -0.6960415254573998, -0.7196656568384133, -0.7434850449407056, -0.7674776535199899, -0.7916207607175904, -0.81589104115072, -0.8402646596760671, -0.8647173702277438, -0.8892246141323938, -0.9137616132003477, -0.9383034531685465, -0.9628251525189193, -0.9873017107800577, -1.01170813061301, -1.0360194114468626, -1.0602105204258099, -1.0842563570070125, -1.1081317351483881, -1.1318114061346058, -1.1552701353413746, -1.1784828331022479, -1.2014247298317418, -1.2240715814793026, -1.2463998919778356, -1.268387141860556, -1.2900120145688259, -1.3112546132742575, -1.332096661215444, -1.352521677914658, -1.37251512272298, -1.39206449669225, -1.411159394732079, -1.4297915032554531, -1.4479545443120645, -1.4656441746136077, -1.4828578546298234, -1.4995947063883686, -1.5158553771409644, -1.5316419202552218, -1.5469576970602623, -1.5618072968147088, -1.5761964682564327, -1.59013205549001, -1.603621932321064, -1.6166749313386688, -1.6293007661694494, -1.641509946933317, -1.6533136899337708, -1.6647238231186754, -1.6757526890042205, -1.6864130467083613, -1.696717974589755, -1.706680774800118, -1.7163148808625595, -1.725633769206456, -1.734650875422299, -1.7433795158513232, -1.7518328149913758, -1.760023639080991, -1.7679645361173377, -1.7756676824679996, -1.7831448361519278, -1.7904072967911604, -1.7974658721697725, -1.8043308512818572, -1.8110119837029655, -1.8175184650792104, -1.8238589284933078, -1.8300414414352306, -1.8360735080753225, -1.8419620765079938, -1.847713550604345, -1.8533338060812228, -1.8588282103621616, -1.8642016457768738, -1.8694585356168776, -1.8746028725432389, -1.8796382488262124, -1.8845678878893453, -1.8893946766344507, -1.894121198037334, -1.8987497635294317, -1.9032824447159098, -1.907721104024298, -1.912067423929793, -1.9163229344590167, -1.920489038733969, -1.924567036377994, -1.9285581446648927, -1.9324635173490337, -1.9362842611664155, -1.9400214500446051, -1.9436761371000648, -1.9472493645370956, -1.950742171591021, -1.954155600679989, -1.9574907019462058, -1.9607485363768093, -1.9639301776992886, -1.9670367132459077, -1.9700692439764889, -1.973028883840096, -1.9759167586441742, -1.9787340045849344, -1.9814817665753086, -1.9841611964892998, -1.9867734514211317, -1.9893196920383829, -1.9918010810890021, -1.9942187821026536, -1.996573958309721, -1.998867771785901, -2.0011013828150963, -2.0032759494535255, -2.005392627267403, -2.007452569210544, -2.0094569256041828, -2.0114068441788637, -2.013303470139051, -2.0151479462129167, -2.0169414126534786, -2.018685007161773, -2.020379864709082, -2.022027117240524, -2.0236278932494542, -2.025183317217989, -2.0266945089249875, -2.028162582628485, -2.029588646134003, -2.0309737997645647, -2.0323191352505403, -2.0336257345610136, -2.034894668698049, -2.0361269964769177, -2.037323763314719, -2.0384860000481893, -2.039614721800816, -2.0407109269164825, -2.0417755959746864, -2.042809690899551, -2.043814154171889, -2.044789908150659, -2.0457378545073683, -2.046658873774157, -2.047553825003803, -2.0484235455380073, -2.0492688508779446, -2.050090534650268, -2.050889368659993, -2.051666103021464, -2.052421466357732, -2.0531561660590536, -2.053870888591219, -2.0545662998446366, -2.055243045515828, -2.055901751514226, -2.056543024387226, -2.057167451757584]}