{"FCI": -1.6531213475174578, "Energy": -0.8465890895780226, "Loss": [1.9837845521625685, 1.9286643635027165, 1.8744135707743261, 1.8211172014573351, 1.7688552467540164, 1.7177039811818655, 1.667732486401245, 1.6189999864607134, 1.5715536767329785, 1.5254271372261636, 1.4806400000680833, 1.437199130712163, 1.3951005062992166, 1.3543304901529492, 1.31486602460039, 1.2766743095187372, 1.2397127612315129, 1.2039296941256055, 1.169265789386453, 1.1356561944321013, 1.103032996105631, 1.0713277822185503, 1.0404740301803068, 1.0104091262565078, 0.9810759059273984, 0.9524236917327109, 0.9244088708151439, 0.8969950913265322, 0.870153166731009, 0.843860768121184, 0.8181019667614989, 0.7928666700497465, 0.7681499786003573, 0.7439514819388182, 0.7202745051381466, 0.6971253174186894, 0.6745123147972887, 0.6524451909787048, 0.6309341128210084, 0.6099889182281688, 0.5896183548979006, 0.5698293779057938, 0.5506265227426739, 0.5320113683648052, 0.5139821023420065, 0.4965331975747288, 0.4796552075210397, 0.4633346845462493, 0.4475542238478013, 0.4322926332130913, 0.4175252262760438, 0.40322423351960346, 0.3893593206750784, 0.37589819834341, 0.3628073000391959, 0.35005249942081273, 0.3375998325929185, 0.3254161894174605, 0.3134699396071521, 0.30173146499604764, 0.29017357787738285, 0.27877181517404054, 0.26750460787279373, 0.2563533333627937, 0.24530226437891492, 0.23433843200569648, 0.22345142187046269, 0.2126331226583137, 0.20187744487781795, 0.19118002581889898, 0.18053793422570963, 0.16994938562955858, 0.1594134767461658, 0.14892994496719023, 0.1384989568405068, 0.128120927567339, 0.11779637194942093, 0.10752578588345883, 0.09730955640912044, 0.08714789746272286, 0.07704080787034535, 0.06698804773827116, 0.05698912927104889, 0.0470433181679413, 0.037149642101739086, 0.027306903335745758, 0.017513693230298333, 0.007768407158075835, -0.0019307408937369042, -0.011585704087020199, -0.021198588402711355, -0.030771637452134404, -0.04030721558235617, -0.049807788560694816, -0.059275901430570266, -0.06871415355251903, -0.07812517130676994, -0.08751157936193485, -0.09687597174029983, -0.1062208840845443, -0.11554876852700233, -0.12486197238196303, -0.13416272154974035, -0.1434531090854935, -0.15273508890513704, -0.1620104741387138, -0.17128093925431706, -0.18054802480775886, -0.1898131435476081, -0.19907758662792077, -0.20834252883482385, -0.21760903198939338, -0.2268780460067623, -0.23615040742760982, -0.245426835552181, -0.2547079265661218, -0.2639941462298434, -0.2732858217981051, -0.28258313384733486, -0.29188610862508724, -0.30119461141843623, -0.3105083412874965, -0.3198268273487009, -0.3291494266394591, -0.33847532346585757, -0.34780353003747894, -0.3571328881318443, -0.36646207150439475, -0.37578958876294044, -0.3851137864523406, -0.3944328521371693, -0.4037448173206212, -0.41304756009078925, -0.4223388074364405, -0.4316161372201303, -0.4408769798365898, -0.450118619617512, -0.45933819607121973, -0.4685327050679937, -0.4776990000988036, -0.4868337937490517, -0.49593365953834745, -0.5049950342832901, -0.5140142211422558, -0.5229873934992437, -0.5319105998373301, -0.5407797697413844, -0.5495907211546447, -0.5583391689939798, -0.5670207352054022, -0.575630960314835, -0.5841653164996522, -0.5926192221755793, -0.6009880580611094, -0.6092671846493745, -0.6174519609853528, -0.625537764615615, -0.6335200125494791, -0.6413941830441888, -0.649155838003898, -0.6568006457632516, -0.6643244040109397, -0.6717230625977783, -0.6789927459676479, -0.6861297749478823, -0.6931306876387644, -0.6999922591496806, -0.7067115199416242, -0.713285772552523, -0.7197126065023556, -0.7259899111995217, -0.7321158866967952, -0.7380890521756086, -0.7439082520688024, -0.7495726597654393, -0.7550817788744631, -0.7604354420580823, -0.7656338074780792, -0.7706773529298546, -0.775566867768135, -0.7803034427550092, -0.7848884579848757, -0.7893235690610221, -0.7936106917156021, -0.7977519850777025, -0.8017498338038295, -0.8056068292902452, -0.8093257501893748, -0.8129095424505823, -0.8163612991015162, -0.819684239979008, -0.8228816916086293, -0.8259570674202987, -0.8289138484734321, -0.8317555648500623, -0.8344857778577593, -0.8371080631666326, -0.839625994986975, -0.8420431313751652, -0.8443630007368924]}