{"FCI": -2.1069982837436174, "Energy": -1.9957297118853579, "Loss": [0.3116661901097314, 0.28495626613801756, 0.25823591009256064, 0.23145275306519625, 0.20458297567872633, 0.17756506558668672, 0.1503371226179563, 0.12287142912727583, 0.09515457554351078, 0.06717914110495517, 0.03894261772839791, 0.010447232742669038, -0.01830056494077556, -0.04729090134610954, -0.07651127083635811, -0.10594714771757718, -0.13558235952093728, -0.16539922004733565, -0.19537844659663683, -0.22549892806933186, -0.25573746468067493, -0.28606861883392426, -0.31646476606567553, -0.3468963395543888, -0.37733218104633515, -0.4077398843719993, -0.4380860461815565, -0.46833639991776144, -0.49845587130509744, -0.5284086296737965, -0.5581582129976076, -0.5876677845239275, -0.6169005420584228, -0.6458202526893372, -0.6743918393917966, -0.7025819199433999, -0.7303592072621753, -0.7576947278066956, -0.7845618872370839, -0.8109364748902081, -0.8367967132578825, -0.8621234175742172, -0.8869002610603999, -0.9111140791691559, -0.9347551127355666, -0.957817092667925, -0.9802971090417941, -1.0021952773466218, -1.0235142869697682, -1.0442589513709422, -1.0644358528735305, -1.0840531052731577, -1.1031201878409331, -1.1216477706752528, -1.1396474664818037, -1.1571314981697463, -1.1741123353275835, -1.1906023859698793, -1.2066138109765498, -1.2221584734137474, -1.2372479818611004, -1.2518937639482042, -1.2661071171850546, -1.2798992159334792, -1.2932810875369372, -1.3062635904933981, -1.3188574246536842, -1.331073182040307, -1.3429214215817864, -1.3544127373362773, -1.3655577945960085, -1.376367326821602, -1.3868521062549874, -1.3970229106820449, -1.4068905044333297, -1.416465638525993, -1.4257590619720955, -1.4347815304737974, -1.4435438014106798, -1.4520566119864664, -1.4603306454496214, -1.4683764941652495, -1.476204626704167, -1.4838253610463576, -1.491248841198436, -1.4984850129260592, -1.5055435963242807, -1.5124340566334364, -1.5191655773940889, -1.525747040185561, -1.5321870131463515, -1.5384937477983445, -1.5446751818936755, -1.5507389456220702, -1.5566923691483157, -1.562542490350498, -1.5682960623054099, -1.5739595604056815, -1.5795391890704005, -1.585040887906806, -1.5904703369895077, -1.5958329608210757, -1.6011339307343646, -1.6063781660385412, -1.611570334846468, -1.6167148558039615, -1.6218159015745865, -1.62687740404918, -1.6319030603919746, -1.6368963387684958, -1.641860483075674, -1.6467985168186172, -1.6517132468238243, -1.6566072673902998, -1.6614829649334555, -1.6663425226964852, -1.6711879250862895, -1.6760209615981594, -1.6808432307243406, -1.6856561443289813, -1.6904609326747666, -1.6952586498838802, -1.7000501794134986, -1.7048362392115437, -1.7096173864405808, -1.7143940218163025, -1.7191663936248132, -1.723934601431729, -1.7286985994771786, -1.7334581997956182, -1.738213075173582, -1.7429627621154258, -1.7477066640288834, -1.7524440548774982, -1.7571740835714773, -1.761895779353587, -1.7666080583743835, -1.7713097315731483, -1.7759995139270626, -1.7806760351034392, -1.7853378515043297, -1.7899834595892248, -1.7946113102078687, -1.7992198235264247, -1.803807404034686, -1.8083724550918474, -1.812913392475744, -1.8174286564390127, -1.8219167218617864, -1.8263761062505022, -1.8308053755477232, -1.8352031479257813, -1.8395680958596676, -1.8438989467747169, -1.8481944824651548, -1.8524535373554878, -1.8566749956135742, -1.860857787187004, -1.8650008830329263, -1.8691032900816287, -1.87316404669365, -1.877182219417135, -1.8811569016716383, -1.8850872146290782, -1.8889723101544889, -1.8928113753354099, -1.8966036379390308, -1.9003483720996588, -1.90404490362436, -1.9076926144639161, -1.911290946081087, -1.9148394016146244, -1.9183375468583628, -1.9217850101480682, -1.9251814812850503, -1.9285267096451009, -1.9318205016378855, -1.9350627177010573, -1.9382532690386425, -1.9413921143389756, -1.9444792567256493, -1.9475147411908096, -1.9504986527247805, -1.953431115284399, -1.9563122916404463, -1.9591423840229836, -1.9619216353619477, -1.9646503308213508, -1.9673287992665414, -1.969957414300938, -1.9725365945566733, -1.9750668030181497, -1.9775485452839034, -1.9799823668121732, -1.9823688493274378, -1.9847086066667488, -1.9870022803956333, -1.989250535517424, -1.9914540565381393, -1.9936135440504676]}