{"FCI": -2.166386984981435, "Energy": -2.040607876351375, "Loss": [-0.8345103947829643, -0.846013309578356, -0.8575585144108707, -0.869135500355821, -0.8807340822570124, -0.8923442835995812, -0.9039562817022593, -0.9155603806797469, -0.9271470241161491, -0.938706862746453, -0.9502308581944308, -0.9617104129219339, -0.9731375254184136, -0.9845049682444312, -0.995806482964261, -1.00703698163888, -1.0181927394022783, -1.0292715572780369, -1.040272870157395, -1.051197773823613, -1.0620489493784802, -1.0728304749034496, -1.0835475319543941, -1.0942060347019944, -1.1048122258646684, -1.115372289785985, -1.1258920261981584, -1.1363766106270863, -1.146830445288094, -1.157257084790607, -1.167659209038783, -1.178038613255659, -1.1883961913240357, -1.1987319011789646, -1.209044716187457, -1.2193325799478518, -1.2295923895638388, -1.2398200317074062, -1.2500104870726192, -1.260158005322321, -1.2702563388320216, -1.2802990132467735, -1.2902796079342396, -1.3001920196529124, -1.3100306867305904, -1.3197907570629919, -1.3294681899365715, -1.339059788224309, -1.348563163487074, -1.3579766417429722, -1.3672991220114177, -1.3765299030452762, -1.3856684957455578, -1.3947144394021107, -1.403667138950851, -1.41252573782116, -1.421289036814839, -1.4299554642261798, -1.4385230967496938, -1.4469897254250388, -1.4553529566715007, -1.4636103358641284, -1.4717594800684766, -1.4797982073350926, -1.4877246520032843, -1.4955373583250864, -1.5032353479476954, -1.5108181599958788, -1.5182858653471392, -1.5256390589413567, -1.5328788354254597, -1.5400067540105136, -1.5470247981219667, -1.5539353343891744, -1.5607410739785084, -1.5674450375324391, -1.5740505233441109, -1.5805610771368819, -1.5869804611042697, -1.5933126197561072, -1.5995616405703605, -1.6057317083342504, -1.6118270531923105, -1.6178518935973636, -1.6238103763878113, -1.6297065169340677, -1.6355441426089368, -1.6413268427118723, -1.6470579274592594, -1.652740397842056, -1.6583769271876134, -1.663969854289706, -1.6695211871197755, -1.6750326154963195, -1.6805055307140853, -1.685941050021438, -1.6913400439470845, -1.6967031647525168, -1.702030874651255, -1.7073234728210023, -1.7125811205803307, -1.7178038643735176, -1.7229916563890841, -1.7281443727403558, -1.7332618291787039, -1.7383437943267446, -1.7433900004358727, -1.7484001517133805, -1.7533739303387386, -1.7583110003911182, -1.7632110100277638, -1.7680735923624342, -1.7728983655731818, -1.7776849328003876, -1.7824328823701765, -1.7871417887943584, -1.79181121486851, -1.7964407150301784, -1.8010298399742846, -1.8055781423709456, -1.8100851834130192, -1.8145505398424369, -1.818973811074446, -1.8233546260477487, -1.8276926494713845, -1.831987587200716, -1.8362391905466438, -1.8404472593910932, -1.8446116440443021, -1.8487322458317519, -1.8528090164405682, -1.8568419560921257, -1.860831110638622, -1.864776567713186, -1.8686784520931377, -1.872536920464185, -1.8763521557982834, -1.8801243615730787, -1.8838537560657531, -1.887540566944693, -1.8911850263587036, -1.8947873666874284, -1.8983478170702979, -1.901866600781302, -1.905343933465072, -1.9087800222036304, -1.9121750653439913, -1.9155292529874202, -1.9188427680222562, -1.9221157875725305, -1.925348484733368, -1.928541030468636, -1.9316935955562693, -1.934806352478612, -1.937879477170293, -1.9409131505524473, -1.9439075597996678, -1.9468628993048955, -1.9497793713262157, -1.952657186318604, -1.9554965629704184, -1.9582977279795024, -1.9610609156152496, -1.9637863671198392, -1.9664743300046204, -1.9691250572967662, -1.9717388067850183, -1.9743158403065837, -1.9768564231068868, -1.979360823294383, -1.9818293114026706, -1.984262160063191, -1.9866596437849886, -1.9890220388317428, -1.991349623182399, -1.9936426765588848, -1.9959014805030133, -1.9981263184846099, -2.0003174760233513, -2.0024752408090554, -2.0045999028072203, -2.0066917543400353, -2.008751090136092, -2.0107782073457394, -2.012773405521812, -2.014736986568249, -2.0166692546610547, -2.0185705161470486, -2.020441079426372, -2.0222812548247155, -2.0240913544603036, -2.0258716921099826, -2.0276225830776617, -2.029344344067642, -2.0310372930639526, -2.0327017492167565, -2.034338032735841, -2.035946464791039, -2.0375273674189383, -2.0390810634351992]}