{"FCI": -2.0652279741058157, "Energy": -1.921084026663165, "Loss": [-1.376013404098194, -1.3852139631865636, -1.3942170262498814, -1.4030028479467198, -1.4115536754911235, -1.4198547146580147, -1.4278954887026758, -1.4356714157258337, -1.4431849317767147, -1.4504449976768938, -1.4574643282441955, -1.4642555418646992, -1.4708285621324486, -1.4771902709251803, -1.4833455429663562, -1.4892984435026007, -1.4950530032889184, -1.500613538724273, -1.5059847004987357, -1.5111714416306514, -1.5161790234214567, -1.5210130955208085, -1.5256798282134298, -1.5301860506455045, -1.534539350545688, -1.5387481057954784, -1.5428214353919383, -1.5467690716450255, -1.5506011655555059, -1.5543280437442597, -1.5579599388814478, -1.5615067167444845, -1.5649776219305993, -1.5683810609984044, -1.5717244368160714, -1.575014041857985, -1.5782550120121281, -1.5814513370052308, -1.5846059194573618, -1.587720672122472, -1.5907966419960429, -1.5938341503688946, -1.5968329391631866, -1.5997923155956766, -1.6027112890465673, -1.605588695746971, -1.6084233084111752, -1.6112139291860028, -1.6139594652732223, -1.6166589873384973, -1.6193117713945955, -1.6219173252865384, -1.6244754012484004, -1.626985996277648, -1.62944934229691, -1.6318658882532062, -1.6342362764291736, -1.6365613152848724, -1.6388419510534589, -1.6410792399971925, -1.6432743226448938, -1.6454284006828308, -1.6475427169508292, -1.6496185393522118, -1.6516571496579984, -1.6536598376226583, -1.6556279000409437, -1.657562643824194, -1.6594653917818016, -1.661337489548635, -1.6631803121007953, -1.664995268530564, -1.666783804087072, -1.6685473988490003, -1.6702875627384857, -1.672005826902359, -1.6737037317667889, -1.6753828123068426, -1.6770445812528159, -1.6786905110752668, -1.6803220156455436, -1.681940432458397, -1.6835470062294033, -1.685142874552394, -1.6867290561330663, -1.6883064419267693, -1.6898757893206993, -1.6914377193341874, -1.692992716678249, -1.6945411324211381, -1.6960831889502468, -1.697618986895804, -1.6991485136817457, -1.700671653390257, -1.7021881976634907, -1.7036978574188364, -1.70520027522058, -1.7066950382230814, -1.7081816916634744, -1.7096597528952027, -1.711128725856625, -1.712588115575737, -1.7140374417839792, -1.7154762500836915, -1.7169041188417133, -1.7183206607199177, -1.7197255196812609, -1.7211183664175136, -1.722498895781944, -1.7238668284481138, -1.7252219169195924, -1.7265639547428708, -1.7278927876923587, -1.7292083261315438, -1.7305105579004105, -1.7317995605119778, -1.7330755104068694, -1.7343386867347632, -1.735589469127488, -1.7368283325859277, -1.738055844376664, -1.7392726657138715, -1.7404795576175187, -1.7416773888547952, -1.7428671443164931, -1.7440499330595538, -1.7452269957390674, -1.7463997112445266, -1.7475696022710223, -1.7487383394820077, -1.7499077439516777, -1.7510797877367799, -1.7522565926772131, -1.753440427765897, -1.7546337055629662, -1.7558389781052433, -1.757058932602689, -1.7582963869945958, -1.759554285234636, -1.7608356920335897, -1.762143786714078, -1.763481855811459, -1.7648532840590903, -1.7662615434119133, -1.7677101797742072, -1.769202797109772, -1.7707430386281908, -1.7723345647710722, -1.7739810277723123, -1.7756860426428989, -1.7774531545333534, -1.779285802552009, -1.7811872802585682, -1.7831606932031554, -1.7852089140295642, -1.7873345358044612, -1.7895398243596616, -1.7918266705421781, -1.7941965433500495, -1.7966504449927805, -1.799188868953733, -1.8018117621517065, -1.804518492303837, -1.807307821582863, -1.810177887638671, -1.8131261930068971, -1.8161496038455436, -1.819244358800173, -1.82240608858077, -1.8256298465150136, -1.8289101499115659, -1.8322410315219462, -1.835616099750384, -1.8390286055742222, -1.8424715134986878, -1.845937573421498, -1.8494193902216862, -1.8529094883922785, -1.8564003701783565, -1.859884567281067, -1.8633546877954021, -1.86680346108712, -1.8702237833805804, -1.8736087659510854, -1.8769517864271736, -1.8802465423847288, -1.8834871055511289, -1.886667974623983, -1.8897841248018037, -1.8928310524018483, -1.8958048132287755, -1.8987020535637407, -1.901520032743304, -1.9042566363207993, -1.9069103787923287, -1.9094803949015309, -1.91196641869756, -1.9143687499065813, -1.9166882078608356, -1.9189260741983531]}