{"FCI": -2.180316558115521, "Energy": -2.126548127749375, "Loss": [-0.29189466526325947, -0.3114826793420668, -0.3310058698336009, -0.35050296965614763, -0.3699845057269818, -0.3894449599899508, -0.4088852542475314, -0.4283076073133884, -0.4477089805412305, -0.46708110440344053, -0.4864122423616174, -0.5056885159509881, -0.52489495596873, -0.5440162581167229, -0.5630372174686136, -0.5819429042388043, -0.6007186631044812, -0.6193500359163256, -0.6378227310873903, -0.6561227523741618, -0.6742367369670345, -0.6921524625527647, -0.7098594023329945, -0.7273491633304738, -0.7446156694296058, -0.7616550742159482, -0.7784655567499349, -0.7950472214561821, -0.8114022201824319, -0.827535045844858, -0.8434528481756864, -0.8591656161896828, -0.8746861125739435, -0.890029497898382, -0.9052126409061372, -0.920253176588021, -0.9351684387664618, -0.9499744382253706, -0.9646850571543673, -0.9793115763804131, -0.9938625608509088, -1.008344037839223, -1.0227598456780906, -1.0371120229025224, -1.0514011405629684, -1.0656265328003456, -1.0797864296447504, -1.0938780251722648, -1.1078975184538973, -1.1218401532527544, -1.1357002732964743, -1.1494714110788815, -1.163146425525753, -1.176717679408898, -1.1901772076069708, -1.2035168070744868, -1.2167280125642996, -1.2298020017572908, -1.2427295404106449, -1.2555010670664257, -1.2681069239275506, -1.280537634778463, -1.292784096867572, -1.3048376251696214, -1.3166899140380706, -1.328333054957932, -1.3397596996207366, -1.3509633298227404, -1.361938506399387, -1.3726809929667856, -1.3831877594074862, -1.3934569642468058, -1.403488006184289, -1.413281636623751, -1.4228400466763083, -1.4321668648375225, -1.441267084477754, -1.4501469833841671, -1.4588140649495884, -1.4672769954632183, -1.475545501182874, -1.4836302288107999, -1.49154260884199, -1.499294747590586, -1.5068993329352864, -1.5143695278293952, -1.5217188533008867, -1.5289610795087323, -1.5361101197715537, -1.5431798921471969, -1.5501841218796903, -1.5571361009169078, -1.5640484487975983, -1.570932904483659, -1.5778001544029634, -1.5846597151095962, -1.591519928016793, -1.5983881311847739, -1.6052710237465293, -1.6121751646416655, -1.6191074929194338, -1.6260757465851028, -1.6330886876136952, -1.6401560653144458, -1.6472882826029114, -1.6544958928734876, -1.6617892281092053, -1.6691783086779064, -1.6766727989392756, -1.6842816356352461, -1.6920122794947448, -1.6998699221171203, -1.7078569729551, -1.7159729057620867, -1.7242143803110654, -1.732575511406987, -1.7410481843931225, -1.7496223824296666, -1.7582865309153193, -1.767027841408959, -1.775832594256717, -1.78468628773968, -1.7935736012527888, -1.8024781650241977, -1.8113822145329246, -1.8202663067716023, -1.8291093094857345, -1.837888797040227, -1.8465818255535151, -1.8551658887702058, -1.8636197545294655, -1.87192392476793, -1.8800606863246885, -1.8880140052589376, -1.895769607254738, -1.9033153978265167, -1.9106421143648036, -1.917743957301988, -1.9246189147486712, -1.9312685370727687, -1.9376971158543408, -1.9439105943989792, -1.9499157642949978, -1.9557200735150244, -1.9613319251081034, -1.9667610889172484, -1.9720188455719991, -1.9771176323026287, -1.9820702155113352, -1.9868886804379051, -1.9915836087627428, -1.9961636469913555, -2.000635437284531, -2.0050037681987414, -2.009271817929298, -2.013441455686575, -2.017513666076485, -2.0214891396950767, -2.0253689022708574, -2.029154719163696, -2.0328490787790807, -2.0364547902527543, -2.0399744623942637, -2.043410191396752, -2.046763619184487, -2.0500362646699055, -2.053229876133345, -2.056346589279631, -2.059388839271338, -2.0623591313852785, -2.0652598170988528, -2.0680929601430473, -2.070860307394483, -2.073563354667459, -2.076203490099629, -2.0787821754519284, -2.0813010888050703, -2.0837621343411357, -2.086167276646875, -2.08851827405118, -2.090816470346747, -2.0930627664428187, -2.0952577620672144, -2.0974019469113108, -2.0994958153007097, -2.1015398668464256, -2.1035345496218842, -2.1054802260006498, -2.107377198490318, -2.109225780761188, -2.1110263770095132, -2.1127795367619684, -2.1144859622931267, -2.116146460359781, -2.117761857487577, -2.119332925549205, -2.1208603638116568, -2.122344845779425, -2.1237870897270565, -2.125187895816707]}