{"FCI": -2.1379697873519112, "Energy": -2.064256630379619, "Loss": [-0.6803641482843242, -0.6910419442365571, -0.7018631811156306, -0.7128210250071264, -0.7239084274878721, -0.7351180878459419, -0.7464424285884866, -0.7578735848609982, -0.7694034075103193, -0.7810234768530031, -0.7927251204075444, -0.8044994251816955, -0.8163372387733269, -0.8282291671935235, -0.8401655941794924, -0.8521367512754874, -0.8641328544106333, -0.8761443034698869, -0.8881619293405488, -0.9001772675057935, -0.9121828309960047, -0.9241723451050855, -0.9361408962901199, -0.9480849487027699, -0.9600022041663703, -0.971891324388158, -0.9837515791582694, -0.9955825045656104, -1.0073836390961952, -1.0191543669127077, -1.0308938615365768, -1.042601103885499, -1.0542749450372522, -1.0659141886804462, -1.077517675113726, -1.0890843552220213, -1.1006133482291456, -1.1121039810003692, -1.12355580934873, -1.134968623469259, -1.146342440612504, -1.157677488676584, -1.1689741846939044, -1.1802331122574723, -1.1914550017394305, -1.2026407166397268, -1.2137912485208389, -1.2249077217579494, -1.2359914078748868, -1.2470437477408365, -1.258066378604398, -1.2690611620488612, -1.2800302085923048, -1.2909758948468066, -1.3019008698130043, -1.3128080478776591, -1.3237005872393377, -1.3345818536575174, -1.3454553704717136, -1.3563247566696022, -1.3671936553329687, -1.3780656550428303, -1.3889442068173332, -1.3998325389742092, -1.4107335720614267, -1.4216498357887577, -1.432583389788828, -1.4435357500529646, -1.4545078229915913, -1.4654998491808013, -1.4765113588804182, -1.4875411412540875, -1.4985872288270088, -1.5096468980713822, -1.5207166861541257, -1.5317924229072637, -1.542869276107875, -1.5539418073109739, -1.5650040348767138, -1.5760495005533728, -1.5870713360566526, -1.5980623265160754, -1.609014968392194, -1.6199215204139878, -1.6307740471279213, -1.6415644556486089, -1.652284527014024, -1.662925944056326, -1.6734803178385529, -1.6839392145019703, -1.6942941839388075, -1.704536791248787, -1.7146586516420466, -1.724651469399003, -1.7345070815850667, -1.7442175071970691, -1.7537750020429375, -1.7631721188680967, -1.7724017712264801, -1.7814572986842394, -1.790332530419712, -1.7990218442575758, -1.8075202185756372, -1.815823275184878, -1.8239273120273358, -1.831829325231427, -1.8395270206277528, -1.8470188152333156, -1.8543038294578793, -1.8613818709008678, -1.8682534106284225, -1.8749195527917317, -1.8813819984099707, -1.8876430041247607, -1.8937053367536727, -1.8995722245281983, -1.9052473059824104, -1.9107345775390883, -1.9160383408930242, -1.9211631512941523, -1.9261137677695712, -1.9308951061911768, -1.9355121959009587, -1.939970140369773, -1.9442740821105151, -1.9484291718223539, -1.9524405415336161, -1.9563132813565525, -1.9600524193782132, -1.9636629041892804, -1.967149589590017, -1.9705172210939346, -1.9737704239580631, -1.976913692583321, -1.979951381232277, -1.98288769609077, -1.9857266887479064, -1.9884722511833266, -1.9911281123359394, -1.9936978362923397, -1.996184822085567, -1.9985923050448968, -2.000923359593443, -2.0031809033561614, -2.005367702419759, -2.0074863775748617, -2.009539411369466, -2.0115291558040393, -2.0134578405032846, -2.0153275812017744, -2.017140388382211, -2.0188981759057016, -2.0206027694754143, -2.022255914781277, -2.0238592851844555, -2.0254144888204477, -2.026923075025117, -2.028386540020179, -2.0298063318303465, -2.0311838544381975, -2.0325204712156553, -2.033817507694782, -2.0350762537590814, -2.0362979653439046, -2.0374838657350596, -2.0386351465491055, -2.0397529684675764, -2.040838461785541, -2.0418927268223697, -2.0429168342319834, -2.043911825241583, -2.0448787118422778, -2.0458184769508416, -2.0467320745605244, -2.0476204298959604, -2.0484844395866473, -2.049324971870769, -2.0501428668391033, -2.050938936726008, -2.0517139662522363, -2.0524687130219617, -2.0532039079751065, -2.053920255894976, -2.054618435970522, -2.055299102412249, -2.0559628851198672, -2.056610390398768, -2.057242201721235, -2.0578588805257483, -2.058460967046461, -2.059048981162359, -2.059623423255203, -2.060184775063655, -2.0607335005224403, -2.061270046575396, -2.0617948439539244, -2.062308307913914, -2.0628108389267132, -2.063302823321732, -2.0637846338800525]}