{"FCI": -2.180316558115521, "Energy": -2.161444731959841, "Loss": [-0.20515316894044736, -0.22552069984741024, -0.2460461004083154, -0.26671702181769086, -0.28752131761549915, -0.3084469123962808, -0.32948185782302797, -0.3506144811531524, -0.3718333693183583, -0.3931271239467822, -0.4144842430519919, -0.4358932214136884, -0.45734275203218516, -0.4788220023275507, -0.5003209358837774, -0.5218306251077761, -0.5433434889917821, -0.5648533719384177, -0.5863553729112795, -0.6078453712737957, -0.6293192886636418, -0.650772241756122, -0.6721978069233274, -0.6935875817024783, -0.7149311111484558, -0.7362161267624531, -0.7574289830572243, -0.7785551780471037, -0.799579879326066, -0.8204884166379551, -0.8412667300726381, -0.8619017782966932, -0.8823819170954369, -0.9026972590291883, -0.922840022970002, -0.9428048790710049, -0.9625892907163558, -0.9821938499931566, -1.001622596711101, -1.0208833024659703, -1.0399876905941878, -1.0589515509919762, -1.0777946982802593, -1.096540717455546, -1.115216449284425, -1.1338511935763065, -1.1524756521038955, -1.1711206853418692, -1.1898160012975998, -1.2085889129054654, -1.2274632849047942, -1.2464587488250423, -1.2655902128783052, -1.2848676493082944, -1.3042961142383462, -1.323875944526565, -1.3436030776375691, -1.3634694482606804, -1.3834634250279807, -1.4035702598233295, -1.4237725298708663, -1.4440505588791586, -1.4643828081762522, -1.484746232282992, -1.505116596020371, -1.525468752269958, -1.5457768810848056, -1.566014692114119, -1.5861555933485016, -1.6061728300896083, -1.6260395988631309, -1.645729141786952, -1.6652148277027725, -1.6844702271508103, -1.703469188892239, -1.72218592596263, -1.7405951189144777, -1.758672042748572, -1.7763927219176747, -1.7937341147656425, -1.8106743250919553, -1.8271928346205268, -1.8432707465040121, -1.8588910271013284, -1.8740387315260865, -1.8887011981389963, -1.9028681983492515, -1.9165320307391507, -1.9296875524196837, -1.9423321452980187, -1.9544656200872859, -1.9660900658181952, -1.9772096566990784, -1.9878304308776518, -1.9979600566442726, -2.00760760081203, -2.0167833116352347, -2.025498425140509, -2.0337649997218246, -2.041595779878312, -2.0490040865356565, -2.056003728825037, -2.062608930671031, -2.068834265091915, -2.0746945896686118, -2.0802049780207716, -2.085380644116143, -2.0902368585403357, -2.09478885815009, -2.0990517524944243, -2.1030404317256495, -2.106769481237396, -2.1102531078947435, -2.1135050815523373, -2.1165386938206963, -2.1193667340676527, -2.122001480781757, -2.12445470498498, -2.126737681569515, -2.128861204318407, -2.1308356008980325, -2.1326707451190874, -2.134376065029625, -2.1359605466871434, -2.137432734544315, -2.138800730117332, -2.1400721909129286, -2.1412543314738515, -2.1423539279425605, -2.1433773268702363, -2.1443304582622416, -2.1452188521986186, -2.1460476579064878, -2.1468216639557545, -2.1475453183009985, -2.148222747163497, -2.148857772154469, -2.149453925492517, -2.1500144635725693, -2.150542379428135, -2.151040414757101, -2.151511072147636, -2.151956627974673, -2.1523791461900994, -2.1527804929620453, -2.1531623518857814, -2.153526239336699, -2.153873519480476, -2.1542054185003248, -2.154523037720053, -2.154827365464215, -2.1551192876631764, -2.155399597346879, -2.1556690032564982, -2.155928137824359, -2.156177564738599, -2.1564177862338063, -2.1566492501559287, -2.1568723567627317, -2.1570874651581295, -2.157294899231889, -2.157494952986483, -2.157687895173058, -2.1578739732168977, -2.1580534164728515, -2.1582264389009933, -2.1583932412803652, -2.158554013084234, -2.158708934121766, -2.1588581760193932, -2.15900190357744, -2.1591402760036447, -2.15927344800277, -2.1594015706925562, -2.1595247923227743, -2.159643258788745, -2.1597571139523164, -2.1598664998008146, -2.1599715564879696, -2.160072422303974, -2.16016923361657, -2.1602621248126703, -2.16035122825595, -2.1604366742597705, -2.1605185910662303, -2.160597104816218, -2.1606723394975877, -2.1607444168640217, -2.160813456325187, -2.160879574816206, -2.1609428866599525, -2.1610035034364317, -2.1610615338720347, -2.1611170837562956, -2.161170255887866, -2.1612211500468934, -2.161269862986462, -2.161316488435697, -2.161361117108173, -2.16140383671174]}