{"FCI": -2.0652279741058157, "Energy": -1.9811545958479482, "Loss": [-1.0764243411842904, -1.0950346493603345, -1.1138461914099103, -1.1328347780852115, -1.1519760671013477, -1.1712452876950814, -1.1906171543504769, -1.2100658325702647, -1.2295649394251913, -1.2490875726884678, -1.2686063650420139, -1.288093560724203, -1.3075211122997616, -1.326860795312312, -1.3460843385503591, -1.365163567574617, -1.3840705590487352, -1.4027778033079552, -1.4212583725050818, -1.4394860916023602, -1.4574357094394093, -1.4750830671066544, -1.4924052608943685, -1.509380797171834, -1.5259897366758426, -1.542213825854379, -1.5580366131136665, -1.5734435480523068, -1.588422062031429, -1.602961628719402, -1.6170538035622726, -1.6306922414621723, -1.643872692294689, -1.6565929742596859, -1.6688529254351119, -1.680654334288025, -1.6920008502831114, -1.7028978761128024, -1.7133524434403395, -1.7233730743899132, -1.7329696313181082, -1.7421531576472382, -1.7509357127149474, -1.7593302036862417, -1.767350217572558, -1.7750098563038779, -1.7823235776065132, -1.789306044158255, -1.795971983139519, -1.802336057891458, -1.808412752953644, -1.8142162733059684, -1.8197604582060445, -1.825058709611005, -1.8301239348188858, -1.8349685026671292, -1.8396042123893217, -1.844042274058407, -1.8482932994279135, -1.8523673019198172, -1.8562737044894937, -1.860021354114864, -1.863618541704264, -1.8670730262843365, -1.8703920624120376, -1.873582429846932, -1.8766504646178437, -1.8796020907180195, -1.8824428517636873, -1.8851779420484729, -1.8878122365218142, -1.8903503193097946, -1.8927965104819944, -1.8951548908471136, -1.8974293246326361, -1.8996234799694163, -1.901740847159793, -1.9037847547591973, -1.9057583835435328, -1.9076647784710916, -1.9095068587762536, -1.9112874263535908, -1.913009172607146, -1.9146746839484798, -1.9162864461318385, -1.917846847613664, -1.9193581821192058, -1.9208226505905839, -1.922242362679251, -1.9236193379321036, -1.9249555068053175, -1.9262527116229866, -1.9275127075801992, -1.9287371638726973, -1.9299276650177208, -1.9310857124132135, -1.9322127261669984, -1.9333100472121851, -1.9343789397116264, -1.9354205937419668, -1.9364361282381422, -1.9374265941692854, -1.938392977912083, -1.9393362047804499, -1.940257142668896, -1.941156605764063, -1.9420353582792282, -1.9428941181673993, -1.9437335607711876, -1.9445543223705237, -1.9453570035936385, -1.9461421726612145, -1.946910368438739, -1.9476621032773327, -1.9483978656287881, -1.9491181224256304, -1.9498233212224088, -1.9505138920987968, -1.951190249329645, -1.951852792830823, -1.9525019093930056, -1.9531379737181926, -1.953761349275896, -1.9543723889973355, -1.954971435827099, -1.9555588231519119, -1.9561348751262193, -1.9566999069136843, -1.9572542248628362, -1.9577981266338242, -1.958331901291787, -1.9588558293806395, -1.959370182989422, -1.959875225821119, -1.960371213272464, -1.960858392530923, -1.961337002693806, -1.9618072749120592, -1.962269432560602, -1.9627236914350756, -1.963170259973945, -1.9636093395042629, -1.964041124507582, -1.9644658029032604, -1.9648835563449867, -1.9652945605263323, -1.9656989854914666, -1.9660969959465329, -1.9664887515680851, -1.9668744073045479, -1.9672541136677026, -1.9676280170110525, -1.9679962597927154, -1.968358980820871, -1.968716315480391, -1.9690683959395048, -1.9694153513359394, -1.9697573079429036, -1.9700943893146035, -1.9704267164123668, -1.9707544077123258, -1.97107757929563, -1.971396344922847, -1.9717108160940053, -1.972021102095878, -1.9723273100382905, -1.9726295448810909, -1.9729279094534424, -1.9732225044670757, -1.9735134285249005, -1.9738007781266025, -1.974084647672088, -1.9743651294644515, -1.9746423137128448, -1.974916288536472, -1.9751871399704335, -1.9754549519735807, -1.9757198064391865, -1.9759817832085242, -1.9762409600875732, -1.9764974128669046, -1.976751215344787, -1.9770024393533476, -1.9772511547876446, -1.9774974296374543, -1.9777413300217364, -1.977982920224874, -1.9782222627352524, -1.9784594182851292, -1.9786944458918572, -1.97892740290012, -1.97915834502477, -1.9793873263938977, -1.9796143995922357, -1.9798396157042126, -1.9800630243565251, -1.9802846737603488, -1.9805046107524586, -1.9807228808355173, -1.9809395282171647]}