{"FCI": -1.960196231318309, "Energy": -1.8776085277147991, "Loss": [1.320840290276625, 1.290218671248077, 1.259353037997206, 1.2282709815405715, 1.1969985237232401, 1.1655599847468057, 1.1339777042967152, 1.1022716763406049, 1.070459241623186, 1.0385550534650023, 1.0065715673005582, 0.9745202092333165, 0.9424130793506102, 0.9102646964347825, 0.8780931910588092, 0.845920613622606, 0.8137724220166713, 0.7816764580667444, 0.7496617336017981, 0.7177572350814417, 0.6859908442010575, 0.6543884146835225, 0.6229730406361226, 0.591764574248087, 0.5607794673426758, 0.5300309893452612, 0.49952979703472133, 0.46928472213834604, 0.43930356434109824, 0.40959368731717005, 0.3801623116083289, 0.35101651841628867, 0.32216305769459286, 0.2936080715108256, 0.26535681924808396, 0.23741345481824117, 0.20978087691622974, 0.18246065690417893, 0.15545304228946577, 0.12875703123000581, 0.10237050981514742, 0.07629043619555614, 0.050513044776444145, 0.025034034122001392, -0.0001512999282126254, -0.02504801505332324, -0.04966156640787468, -0.07399792888517659, -0.09806376278562776, -0.12186657825570318, -0.1454148563462767, -0.16871809707761354, -0.19178678302657265, -0.21463226565687632, -0.2372665964909909, -0.25970233314758984, -0.28195234987439965, -0.3040296741581481, -0.3259473578846901, -0.34771837726072785, -0.369355544502206, -0.3908714094859733, -0.41227813259801427, -0.43358731986265153, -0.4548098247819391, -0.4759555336598965, -0.4970331585992857, -0.5180500629905834, -0.5390121388815082, -0.5599237466556739, -0.5807877179298075, -0.6016054147506348, -0.6223768331035804, -0.6431007364902795, -0.6637748053570426, -0.6843957897500479, -0.7049596550924324, -0.7254617139406533, -0.7458967396471752, -0.7662590607765699, -0.7865426376504556, -0.8067411242829406, -0.8268479199874281, -0.846856214970975, -0.8667590333539786, -0.8865492755480788, -0.9062197602428105, -0.9257632648752622, -0.9451725627515116, -0.9644404550899356, -0.9835597970389017, -1.0025235178598715, -1.0213246365575606, -1.0399562749339453, -1.0584116701578672, -1.0766841884944243, -1.0947673410243322, -1.1126548012936297, -1.130340424151953, -1.147818264747503, -1.1650825967818186, -1.1821279295739582, -1.1989490240267044, -1.2155409080014863, -1.2318988917301161, -1.2480185836835267, -1.2638959068706543, -1.2795271150336691, -1.2949088078314752, -1.3100379439956729, -1.3249118516263576, -1.3395282351883253, -1.3538851792174218, -1.3679811490955212, -1.381814989397483, -1.395385920242793, -1.4086935318694631, -1.4217377774109496, -1.4345189637123585, -1.4470377400326426, -1.4592950846367816, -1.4712922895092135, -1.4830309436227642, -1.4945129152912402, -1.505740334092785, -1.5167155727042785, -1.5274412288057249, -1.5379201070786501, -1.5481552012789037, -1.5581496764172296, -1.5679068511847372, -1.5774301808560052, -1.586723240935704, -1.5957897117711008, -1.604633364249942, -1.6132580465885717, -1.6216676721319052, -1.629866208060436, -1.6378576649238292, -1.6456460869651632, -1.6532355432313988, -1.6606301194603916, -1.6678339106962041, -1.674851014532091, -1.681685524844561, -1.6883415258813814, -1.6948230866014626, -1.7011342552206996, -1.7072790539674392, -1.7132614740788852, -1.7190854710678127, -1.724754960269539, -1.7302738126594355, -1.7356458509228934, -1.740874845770781, -1.7459645125100007, -1.7509185078938962, -1.7557404272773496, -1.7604338020868004, -1.7650020975937402, -1.7694487109627706, -1.7737769695395147, -1.7779901293508695, -1.7820913738046014, -1.786083812587734, -1.7899704807672454, -1.7937543380945518, -1.797438268508167, -1.8010250798249718, -1.8045175036131869, -1.8079181952450127, -1.811229734134005, -1.8144546241627588, -1.817595294303303, -1.8206540994239901, -1.8236333212699338, -1.8265351696000132, -1.8293617834644393, -1.8321152326096501, -1.8347975190000327, -1.8374105784451082, -1.839956282319599, -1.842436439360526, -1.8448527975254017, -1.84720704589702, -1.8495008166232692, -1.8517356868831145, -1.8539131808697864, -1.8560347717822454, -1.8581018838130914, -1.860115894122121, -1.8620781347845, -1.8639898947051314, -1.8658524214927152, -1.8676669232879917, -1.869434570540843, -1.8711564977312478, -1.872833805029777, -1.8744675598942777, -1.8760587986017172]}