{"FCI": -1.6531213475174578, "Energy": -1.4256914501697258, "Loss": [1.2018802774230581, 1.148247380970888, 1.0955117672391932, 1.0437284166308027, 0.9929445738587653, 0.9431959502539962, 0.8945019081085646, 0.8468603341366429, 0.8002440207220463, 0.754601222767449, 0.7098622738671513, 0.6659514311936281, 0.622800415231448, 0.5803591971163836, 0.5386007260313374, 0.4975192652764473, 0.4571248883844984, 0.4174372181972053, 0.37848019510218256, 0.3402783211415683, 0.3028541764950232, 0.2662268604204308, 0.23041105956099206, 0.1954165305162191, 0.1612478538477274, 0.12790437174798985, 0.09538026730547697, 0.06366478019857941, 0.032742577093035116, 0.0025942999983245285, -0.026802698527317287, -0.05547345334960488, -0.08344437227142196, -0.11074219262321106, -0.13739300747181288, -0.1634214558588255, -0.18885014871727568, -0.21369936650380986, -0.237987025114893, -0.2617288722715645, -0.2849388532572696, -0.3076295745392218, -0.3298127948014985, -0.3514998819190483, -0.37270218792060084, -0.39343130933108594, -0.4136992157405355, -0.433518244043561, -0.4529009689202098, -0.47185997123411744, -0.49040753449459346, -0.5085553047374579, -0.5263139506618479, -0.5436928585197369, -0.5606998904937056, -0.5773412270037652, -0.593621303768607, -0.609542844803584, -0.6251069839985806, -0.6403134612884371, -0.6551608751288058, -0.6696469710796056, -0.6837689465536432, -0.6975237537845269, -0.7109083862679091, -0.723920137755438, -0.7365568267878796, -0.748816983299604, -0.7606999967147222, -0.7722062270605583, -0.7833370819714784, -0.7940950631804911, -0.8044837863753516, -0.8145079783029913, -0.8241734548650761, -0.8334870837320865, -0.8424567347379386, -0.8510912210023143, -0.8594002333529647, -0.8673942701838779, -0.8750845643951859, -0.8824830085430412, -0.8896020788213865, -0.8964547580535075, -0.9030544575446502, -0.9094149374858397, -0.91555022563319, -0.9214745342164152, -0.9272021754164385, -0.932747476225715, -0.9381246939693166, -0.9433479341232867, -0.94843107223424, -0.9533876816739576, -0.9582309686506832, -0.9629737153904167, -0.9676282317784362, -0.9722063151170801, -0.9767192171163026, -0.9811776168736637, -0.9855915984732672, -0.9899706319465382, -0.9943235566604796, -0.9986585666611053, -1.002983198015858, -1.0073043186724011, -1.0116281217063001, -1.0159601230071704, -1.0203051644333432, -1.0246674232587403, -1.0290504283861408, -1.033457083368564, -1.0378896958362136, -1.0423500125341436, -1.0468392588861712, -1.0513581818410844, -1.0559070947325, -1.0604859229749444, -1.0650942495938591, -1.069731359802028, -1.0743962840507426, -1.0790878391651029, -1.0838046673009114, -1.088545272528547, -1.0933080548663172, -1.098091341570845, -1.1028934154661036, -1.1077125400819945, -1.1125469813895599, -1.117395025976246, -1.1222549955947065, -1.1271252581357225, -1.132004235201458, -1.1368904065732472, -1.1417823119611579, -1.1466785504810755, -1.1515777783227954, -1.156478705054901, -1.1613800889648367, -1.1662807317703232, -1.1711794729712004, -1.1760751840526047, -1.180966762705967, -1.1858531272070572, -1.190733211079078, -1.1956059581656138, -1.200470318238946, -1.2053252432648982, -1.210169684431619, -1.2150025900245323, -1.2198229041947781, -1.2246295666253388, -1.229421513055778, -1.234197676586669, -1.238956989653276, -1.2436983865387494, -1.2484208062887325, -1.2531231958923263, -1.257804513604345, -1.2624637322985006, -1.2670998427562308, -1.2717118568105943, -1.276298810276272, -1.2808597656071785, -1.2853938142327395, -1.2899000785335315, -1.2943777134294538, -1.298825907567375, -1.3032438841116845, -1.3076309011576635, -1.3119862518037329, -1.3163092639316, -1.320599299751898, -1.3248557551773168, -1.3290780590834277, -1.3332656725122216, -1.3374180878650366, -1.3415348281209307, -1.345615446107072, -1.349659523836895, -1.3536666719247166, -1.3576365290776473, -1.361568761660344, -1.3654630633236204, -1.369319154683691, -1.3731367830361214, -1.3769157220859476, -1.3806557716740941, -1.3843567574809286, -1.3880185306887263, -1.3916409675883727, -1.3952239691195372, -1.3987674603389457, -1.402271389816032, -1.4057357289603487, -1.40916047128886, -1.4125456316440221, -1.415891245375164, -1.4191973674962817, -1.422464071832898]}