{"FCI": -1.6531213475174578, "Energy": -1.145764245632062, "Loss": [2.9213993015501347, 2.8749243614252196, 2.8285037108300175, 2.78219128639399, 2.736041785465892, 2.6901104781096103, 2.6444529600525644, 2.599124844722674, 2.5541813915714906, 2.5096770682938665, 2.465665045711176, 2.4221966263633554, 2.3793206119270778, 2.337082621353476, 2.2955243820493636, 2.2546830309844053, 2.214590480252821, 2.1752729183642834, 2.1367505265180218, 2.099037478032464, 2.0621422519209522, 2.0260682329862294, 1.9908145111589104, 1.956376759696709, 1.922748081120247, 1.8899197525645501, 1.8578818518860427, 1.8266237779025392, 1.7961346845528252, 1.7664038370634927, 1.7374208815274417, 1.7091760078283262, 1.6816599838605841, 1.6548640458759345, 1.6287796423883163, 1.6033980437223996, 1.5787098430487163, 1.5547043858741876, 1.5313691728626673, 1.5086892857221197, 1.4866468880969101, 1.4652208530059567, 1.4443865647119403, 1.4241159345333296, 1.404377655175409, 1.3851376954820243, 1.3663600080955376, 1.348007390773723, 1.3300424157021382, 1.312428328538772, 1.295129825501426, 1.27811364161025, 1.2613489188710663, 1.2448073593191085, 1.2284631955677487, 1.2122930265472602, 1.1962755690231006, 1.1803913698165376, 1.1646225137385313, 1.148952351616485, 1.1333652635787002, 1.11784646580727, 1.1023818642300611, 1.0869579555886757, 1.0715617743550385, 1.0561808825180252, 1.0408033979503024, 1.025418055729561, 1.0100142954423967, 0.9945823662920676, 0.9791134409725407, 0.9635997289737045, 0.9480345803993926, 0.9324125725608096, 0.9167295734828593, 0.9009827788345383, 0.8851707213819456, 0.8692932545330502, 0.8533515135753922, 0.8373478595442139, 0.8212858111451871, 0.8051699697637187, 0.7890059414214443, 0.772800257801599, 0.7565602964516459, 0.7402941983194632, 0.7240107792137929, 0.7077194308762915, 0.6914300072859227, 0.6751526926446807, 0.6588978491410951, 0.6426758448661702, 0.6264968648880245, 0.610370711152979, 0.5943065992388826, 0.5783129617371571, 0.5623972689348138, 0.5465658773412696, 0.5308239153971672, 0.5151752134781113, 0.4996222822652482, 0.48416634002333775, 0.46880738572384867, 0.4535443117221909, 0.4383750472380248, 0.4232967224571401, 0.4083058427469538, 0.39339846313076815, 0.3785703545130039, 0.3638171548189326, 0.3491344998548964, 0.334518130066424, 0.31996397040161784, 0.3054681812854992, 0.2910271795121868, 0.27663762892816324, 0.2622964022881532, 0.24800051761914121, 0.2337470546235771, 0.21953305871211767, 0.2053554417131581, 0.19121088873374112, 0.17709577978854557, 0.1630061326959899, 0.14893757072659358, 0.13488531522069622, 0.12084420061256701, 0.10680870758187186, 0.09277300959691279, 0.07873102868652532, 0.06467649737615794, 0.05060302480788084, 0.03650416574579965, 0.022373491285248598, 0.008204659691487343, -0.006008514891511801, -0.020271998785863443, -0.03459148343087107, -0.048972341369096006, -0.06341959578454934, -0.0779379045822986, -0.09253155867376978, -0.10720449305220553, -0.12196030863598781, -0.13680230275360594, -0.15173350637605923, -0.1667567265045744, -0.181874592258033, -0.19708960308797982, -0.2124041772767401, -0.22782069867733123, -0.2433415597772164, -0.2589691997360052, -0.27470613698052565, -0.2905549969647693, -0.3065185364473996, -0.3225996657929383, -0.33880147024037877, -0.35512722992670487, -0.37158043702171284, -0.38816480701978623, -0.40488428037223845, -0.4217430103929034, -0.4387453337142027, -0.4558957203710198, -0.473198701680748, -0.4906587753504452, -0.5082802886244681, -0.5260673017666205, -0.5440234357000691, -0.5621517090869441, -0.5804543713384149, -0.5989327388043982, -0.6175870415304551, -0.6364162873590362, -0.655418148692053, -0.6745888748296024, -0.6939232294237817, -0.7134144484092089, -0.7330542093846626, -0.7528325999508317, -0.7727380714371793, -0.7927573669956046, -0.8128754193225621, -0.8330752218939593, -0.853337686196085, -0.873641504061547, -0.8939630383709378, -0.9142762676894991, -0.9345528114036575, -0.9547620613326617, -0.97487144300243, -0.9948468244300048, -1.0146530818496466, -1.0342548183170164, -1.0536172084168856, -1.0727069057550849, -1.0914928998318705, -1.1099471592699541, -1.128044883226438]}