{"FCI": -2.1379697873519112, "Energy": -1.9651710438724257, "Loss": [-0.3735061265097936, -0.39187123193796575, -0.4104341159832789, -0.42917034123289843, -0.44805487287876355, -0.46706205221292724, -0.48616559454021535, -0.5053386105529085, -0.5245536507959412, -0.5437827726437255, -0.5629976289651137, -0.5821695774083774, -0.6012698089896973, -0.6202694944186609, -0.6391399463470083, -0.6578527954847743, -0.6763801782852061, -0.694694933636221, -0.7127708056727822, -0.7305826493871037, -0.748106635100348, -0.7653204470303764, -0.7822034701672843, -0.7987369585900248, -0.8149041775251341, -0.830690511330019, -0.846083530725127, -0.8610730154178278, -0.8756509327378986, -0.8898113783327618, -0.9035504899612228, -0.9168663483333476, -0.9297588786111399, -0.9422297625746857, -0.9542823657659335, -0.9659216780133817, -0.9771542613079809, -0.9879881969229467, -0.9984330239068194, -1.0084996629611178, -1.0182003223816796, -1.027548385454697, -1.0365582809741996, -1.0452453401551707, -1.0536256441164267, -1.061715866381441, -1.0695331146425873, -1.077094775525864, -1.0844183654403712, -1.0915213899256744, -1.0984212132993247, -1.1051349398931207, -1.1116793077501737, -1.118070595320894, -1.1243245414202276, -1.1304562784726644, -1.1364802788621515, -1.1424103140149051, -1.1482594256732621, -1.1540399086697997, -1.1597633043864553, -1.1654404039848805, -1.1710812604237564, -1.176695208236539, -1.1822908900266726, -1.1878762886458878, -1.1934587640498393, -1.1990450938719086, -1.2046415168141327, -1.2102537780234857, -1.2158871756930538, -1.2215466082028144, -1.227236621185887, -1.2329614539735414, -1.2387250849314722, -1.2445312752505988, -1.2503836107954476, -1.2562855416418668, -1.2622404189531478, -1.268251528850327, -1.2743221229289596, -1.280455445064662, -1.286654754134336, -1.2929233422637458, -1.2992645481999805, -1.3056817654018844, -1.3121784444498852, -1.318758089401969, -1.3254242477680058, -1.3321804938443667, -1.3390304052430595, -1.3459775325653027, -1.3530253623044997, -1.3601772732120625, -1.367436486518189, -1.3748060105587516, -1.382288580515486, -1.3898865941236198, -1.3976020443358066, -1.4054364500528302, -1.4133907861398112, -1.4214654140429153, -1.429660014405411, -1.4379735231546154, -1.4464040725870704, -1.4549489390160495, -1.46360449855139, -1.4723661925523852, -1.4812285042149864, -1.4901849476226696, -1.4992280703977556, -1.5083494708373757, -1.5175398301111684, -1.5267889597436763, -1.5360858642178887, -1.5454188181317496, -1.554775456936146, -1.5641428798959807, -1.573507763564104, -1.5828564837540398, -1.5921752437546666, -1.6014502063569525, -1.6106676271651612, -1.6198139866468841, -1.6288761184342506, -1.6378413315230833, -1.6466975242167705, -1.6554332879209064, -1.6640379991997538, -1.6725018988438762, -1.6808161570552522, -1.688972924216731, -1.6969653670645322, -1.7047876904104904, -1.7124351448575428, -1.7199040212075143, -1.7271916324709418, -1.7342962845531533, -1.7412172368087144, -1.7479546537332245, -1.7545095491003013, -1.7608837238606725, -1.7670796991038733, -1.7731006453498113, -1.7789503093892312, -1.7846329398364509, -1.7901532124936226, -1.7955161565571132, -1.80072708262224, -1.8057915133616504, -1.8107151176657674, -1.8155036489376757, -1.8201628881317884, -1.8246985920135135, -1.8291164469985794, -1.833422028806916, -1.8376207680398622, -1.8417179216644997, -1.8457185502688216, -1.8496275008401335, -1.8534493947200787, -1.8571886203060317, -1.860849330003606, -1.8644354408886483, -1.867950638511283, -1.871398383268826, -1.8747819187855477, -1.8781042817663913, -1.8813683128326428, -1.8845766678998994, -1.8877318297172478, -1.8908361192496312, -1.8938917066485346, -1.8969006216177622, -1.8998647630388183, -1.902785907772405, -1.905665718597735, -1.9085057512895558, -1.9113074608634775, -1.9140722070441498, -1.9168012590270405, -1.9194957996168547, -1.9221569288308042, -1.9247856670573142, -1.9273829578588704, -1.9299496705036954, -1.9324866023044192, -1.934994480834192, -1.9374739660824776, -1.9399256526028428, -1.9423500716962738, -1.944747693664195, -1.9471189301557494, -1.9494641366265884, -1.9517836149170613, -1.9540776159522097, -1.9563463425580385, -1.9585899523846941, -1.9608085609216483, -1.9630022445873438]}