{"FCI": -2.166386984981435, "Energy": -1.4910574334272015, "Loss": [-0.9764177648746293, -0.9798932337481537, -0.9833510018630088, -0.9867911885341041, -0.990213914534604, -0.9936193020613721, -0.9970074747003025, -1.0003785573916613, -1.0037326763953207, -1.0070699592559884, -1.0103905347683855, -1.0136945329423126, -1.0169820849678322, -1.0202533231802864, -1.0235083810253378, -1.0267473930240205, -1.0299704947377455, -1.0331778227333221, -1.0363695145479639, -1.0395457086543305, -1.0427065444255499, -1.0458521621003258, -1.0489827027479846, -1.0520983082336604, -1.0551991211834546, -1.0582852849496454, -1.0613569435760544, -1.0644142417633884, -1.0674573248346186, -1.070486338700616, -1.0735014298256929, -1.0765027451933626, -1.0794904322721741, -1.0824646389816153, -1.0854255136582478, -1.0883732050218418, -1.0913078621417363, -1.094229634403381, -1.097138671474877, -1.100035123273863, -1.102919139934433, -1.1057908717742917, -1.1086504692620962, -1.1114980829849528, -1.114333863616153, -1.117157961883044, -1.1199705285352266, -1.1227717143128078, -1.1255616699150608, -1.1283405459690967, -1.1311084929990307, -1.1338656613951137, -1.1366122013833324, -1.1393482629951177, -1.1420739960374118, -1.144789550062895, -1.1474950743405696, -1.150190717826555, -1.152876629135181, -1.1555529565103733, -1.158219847797312, -1.1608774504143455, -1.1635259113252734, -1.166165377011836, -1.1687959934465835, -1.171417906066023, -1.1740312597440004, -1.176636198765566, -1.1792328668009073, -1.1818214068798447, -1.1844019613665298, -1.1869746719343692, -1.189539679541526, -1.19209712440647, -1.1946471459840355, -1.197189882941776, -1.1997254731366218, -1.2022540535918553, -1.2047757604745024, -1.207290729072957, -1.209799093775079, -1.2123009880464681, -1.2147965444092435, -1.2172858944210279, -1.2197691686543852, -1.222246496676557, -1.2247180070295343, -1.2271838272104967, -1.229644083652584, -1.2320989017060584, -1.2345484056197822, -1.2369927185230443, -1.2394319624077397, -1.2418662581109357, -1.2442957252977278, -1.2467204824445426, -1.2491406468226616, -1.2515563344822924, -1.2539676602366994, -1.2563747376470566, -1.2587776790073644, -1.2611765953298153, -1.2635715963305827, -1.2659627904158615, -1.2683502846683137, -1.270734184833901, -1.2731145953089829, -1.275491619127868, -1.2778653579506831, -1.2802359120515694, -1.2826033803072565, -1.284967860186015, -1.2873294477369992, -1.2896882375797727, -1.292044322894435, -1.2943977954119013, -1.296748745404663, -1.2990972616778507, -1.301443431560673, -1.303787340898179, -1.3061290740434186, -1.3084687138499813, -1.310806341664762, -1.3131420373212597, -1.3154758791331052, -1.3178079438879997, -1.3201383068419892, -1.3224670417140871, -1.3247942206813177, -1.3271199143740042, -1.3294441918715023, -1.331767120698277, -1.3340887668202737, -1.3364091946417354, -1.3387284670022372, -1.3410466451743401, -1.3433637888612107, -1.34567995619494, -1.3479952037350853, -1.3503095864674737, -1.3526231578035555, -1.354935969579903, -1.3572480720582212, -1.3595595139256305, -1.3618703422952845, -1.3641806027074626, -1.3664903391307914, -1.3687995939640527, -1.371108408038121, -1.3734168206184734, -1.3757248694078497, -1.3780325905493191, -1.3803400186297512, -1.3826471866835899, -1.3849541261969023, -1.3872608671118856, -1.389567437831622, -1.391873865225203, -1.3941801746332287, -1.396486389873522, -1.398792533247337, -1.4010986255457887, -1.4034046860566098, -1.4057107325712848, -1.4080167813925186, -1.410322847341922, -1.4126289437681898, -1.414935082555397, -1.4172412741317966, -1.4195475274787972, -1.421853850140313, -1.4241602482324371, -1.4264667264533522, -1.4287732880935955, -1.4310799350466548, -1.4333866678197198, -1.4356934855449393, -1.438000385990746, -1.4403073655736447, -1.442614419370174, -1.44492154112923, -1.4472287232844852, -1.449535956967392, -1.4518432320201347, -1.4541505370090455, -1.4564578592381767, -1.4587651847631857, -1.461072498405397, -1.4633797837662823, -1.4656870232418644, -1.4679941980377502, -1.4703012881840114, -1.4726082725505976, -1.4749151288627884, -1.4772218337169312, -1.4795283625963245, -1.4818346898874408, -1.484140788896156, -1.4864466318643783, -1.4887521899866718]}