{"FCI": -2.166386984981435, "Energy": -1.4872464811308255, "Loss": [-1.0348316079578723, -1.037150558167863, -1.039460710796142, -1.0417621304463638, -1.0440548838475023, -1.0463390398336005, -1.0486146693234317, -1.0508818453000186, -1.0531406427901193, -1.0553911388434813, -1.0576334125121618, -1.0598675448296264, -1.0620936187898913, -1.0643117193265592, -1.0665219332917604, -1.0687243494351206, -1.070919058382618, -1.0731061526154488, -1.0752857264488673, -1.0774578760109863, -1.079622699221506, -1.0817802957705585, -1.0839307670974065, -1.0860742163692285, -1.0882107484598658, -1.0903404699285617, -1.0924634889987213, -1.0945799155366784, -1.0966898610304157, -1.098793438568444, -1.1008907628184637, -1.1029819500062548, -1.1050671178944211, -1.107146385761209, -1.1092198743794066, -1.1112877059950375, -1.113350004306341, -1.115406894442489, -1.1174585029425415, -1.1195049577341865, -1.1215463881126464, -1.1235829247194746, -1.1256146995213923, -1.1276418457890782, -1.129664498075963, -1.1316827921969435, -1.1336968652071766, -1.1357068553807232, -1.1377129021891814, -1.1397151462803101, -1.141713729456542, -1.1437087946534772, -1.1457004859182567, -1.147688948387932, -1.1496743282676225, -1.1516567728087381, -1.1536364302869244, -1.155613449980051, -1.157587982145954, -1.1595601780001306, -1.1615301896931933, -1.163498170288299, -1.1654642737382925, -1.1674286548627408, -1.1693914693247478, -1.171352873607588, -1.1733130249911385, -1.17527208152805, -1.1772302020197265, -1.1791875459920322, -1.1811442736707194, -1.1831005459566706, -1.1850565244007316, -1.1870123711783505, -1.188968249063829, -1.1909243214043188, -1.1928807520934317, -1.1948377055445332, -1.196795346663585, -1.1987538408217622, -1.2007133538275303, -1.202674051898407, -1.204636101632252, -1.2065996699781898, -1.2085649242069771, -1.2105320318810115, -1.212501160823859, -1.214472479089189, -1.2164461549293377, -1.2184223567632972, -1.2204012531441755, -1.2223830127260717, -1.2243678042305437, -1.2263557964123069, -1.2283471580245413, -1.2303420577834832, -1.2323406643324524, -1.2343431462052594, -1.2363496717890465, -1.2383604092863596, -1.240375526676696, -1.242395191677329, -1.2444195717034976, -1.246448833827871, -1.2484831447393774, -1.2505226707012909, -1.252567577508716, -1.2546180304451486, -1.256674194238578, -1.2587362330166676, -1.2608043102613218, -1.262878588762431, -1.2649592305709547, -1.2670463969512218, -1.2691402483325127, -1.2712409442597905, -1.2733486433438872, -1.27546350321073, -1.2775856804499737, -1.2797153305627809, -1.2818526079089265, -1.2839976656531153, -1.2861506557106597, -1.2883117286922394, -1.2904810338481787, -1.292658719011794, -1.2948449305421923, -1.2970398132662875, -1.299243510420096, -1.3014561635895558, -1.3036779126503788, -1.305908895707591, -1.3081492490342108, -1.3103991070093934, -1.3126586020560251, -1.3149278645776814, -1.317207022895103, -1.3194962031821094, -1.3217955294010486, -1.3241051232376737, -1.3264251040357486, -1.3287555887311373, -1.3310966917854394, -1.333448525119466, -1.3358111980462004, -1.3381848172036754, -1.3405694864873492, -1.3429653069826062, -1.3453723768967751, -1.3477907914912886, -1.3502206430135766, -1.352662020628963, -1.355115010352748, -1.3575796949820622, -1.3600561540281109, -1.3625444636483706, -1.3650446965791243, -1.3675569220682793, -1.3700812058083787, -1.372617609870149, -1.375166192636421, -1.3777270087364897, -1.3803001089812112, -1.3828855402985478, -1.3854833456698965, -1.3880935640671233, -1.3907162303905016, -1.3933513754074252, -1.3959990256921546, -1.3986592035665895, -1.4013319270420892, -1.4040172097624637, -1.4067150609482326, -1.4094254853422465, -1.4121484831564857, -1.4148840500205524, -1.4176321769315618, -1.4203928502056617, -1.423166051431162, -1.4259517574235647, -1.4287499401822723, -1.4315605668492362, -1.4343835996695964, -1.437218995954318, -1.4400667080450475, -1.4429266832809537, -1.445798863968043, -1.4486831873506778, -1.451579585585494, -1.4544879857178798, -1.4574083096608008, -1.4603404741764703, -1.4632843908604474, -1.4662399661285759, -1.4692071012067027, -1.472185692123255, -1.4751756297046181, -1.478176799573589, -1.4811890821507336, -1.4842123526589257]}