{"FCI": -2.1069982837436174, "Energy": -0.825215140550485, "Loss": [0.777389848793978, 0.754408896137779, 0.7313689523038938, 0.7082835713542042, 0.6851665902917093, 0.6620320874564325, 0.638894339024005, 0.6157677738937738, 0.5926669272730455, 0.5696063932804728, 0.5466007769042044, 0.5236646456589196, 0.5008124812901332, 0.47805863187430714, 0.4554172646588848, 0.43290231997799705, 0.4105274665670339, 0.38830605858275735, 0.366251094615949, 0.34437517896021846, 0.32269048537493883, 0.30120872355201556, 0.27994110846613773, 0.25889833275686974, 0.23809054225879628, 0.2175273147633285, 0.1972176420635724, 0.1771699153019754, 0.15739191360970764, 0.13789079599786688, 0.11867309643291193, 0.09974472200380341, 0.08111095406522861, 0.06277645222100404, 0.044745260994038916, 0.0270208190142188, 0.0096059705434203, -0.007497020852683757, -0.024286456683136975, -0.040761186161873485, -0.05692058729280457, -0.07276454661248578, -0.08829343779064042, -0.10350809928436272, -0.11840981123579518, -0.13300027179552953, -0.14728157304538184, -0.16125617668437897, -0.1749268896313183, -0.18829683968620642, -0.20136945138132545, -0.21414842214102886, -0.2266376988574898, -0.23884145497799864, -0.2507640681878626, -0.2624100987617246, -0.2737842686454025, -0.2848914413199841, -0.29573660249015526, -0.30632484162959217, -0.31666133440767386, -0.3267513260137934, -0.33660011538850454, -0.34621304036387124, -0.3555954637096994, -0.3647527600768229, -0.3736903038241248, -0.38241345771166263, -0.3909275624389562, -0.3992379270043254, -0.407349819858766, -0.4152684608257418, -0.4229990137567175, -0.4305465798910287, -0.43791619188770853, -0.4451128084965834, -0.45214130983537093, -0.459006493239854, -0.4657130696540731, -0.47226566052823965, -0.47866879519236094, -0.48492690867448446, -0.4910443399332345, -0.4970253304753077, -0.5028740233294977, -0.5085944623501103, -0.5141905918235696, -0.5196662563532626, -0.5250252009989038, -0.5302710716477335, -0.5354074155962577, -0.5404376823222665, -0.5453652244280228, -0.5501932987368552, -0.5549250675262125, -0.5595635998815138, -0.5641118731561747, -0.5685727745240287, -0.5729491026115667, -0.5772435691981508, -0.5814588009733144, -0.5855973413411621, -0.5896616522625563, -0.5936541161266372, -0.5975770376439131, -0.6014326457537793, -0.6052230955400674, -0.6089504701486873, -0.6126167827020973, -0.6162239782058101, -0.6197739354425975, -0.6232684688506125, -0.6267093303819309, -0.6300982113385204, -0.6334367441829599, -0.6367265043215519, -0.6399690118578604, -0.6431657333147962, -0.6463180833239789, -0.6494274262809174, -0.6524950779651291, -0.6555223071243299, -0.6585103370220838, -0.6614603469483672, -0.6643734736928528, -0.6672508129806225, -0.6700934208703205, -0.6729023151147105, -0.6756784764839553, -0.6784228500516439, -0.6811363464440884, -0.6838198430531085, -0.6864741852128993, -0.689100187341415, -0.6916986340467577, -0.6942702811993586, -0.6968158569703562, -0.6993360628369729, -0.701831574555493, -0.7043030431026359, -0.7067510955859018, -0.7091763361237536, -0.711579346696264, -0.7139606879670565, -0.716320900077226, -0.7186605034119968, -0.7209799993408583, -0.7232798709319677, -0.725560583641441, -0.727822585978404, -0.7300663101463657, -0.7322921726617811, -0.7345005749503707, -0.7366919039219325, -0.738866532524355, -0.7410248202774505, -0.7431671137872498, -0.745293747241428, -0.7474050428864604, -0.7495013114871132, -0.7515828527688659, -0.7536499558438579, -0.7557028996208688, -0.7577419531999701, -0.7597673762522329, -0.7617794193852259, -0.7637783244945688, -0.765764325102199, -0.7677376466817628, -0.7696985069715775, -0.7716471162756534, -0.7735836777531847, -0.7755083876968424, -0.7774214358005231, -0.7793230054165825, -0.7812132738033227, -0.7830924123627421, -0.7849605868691792, -0.7868179576890464, -0.7886646799919829, -0.7905009039538612, -0.7923267749518283, -0.7941424337517201, -0.7959480166882009, -0.7977436558378043, -0.7995294791852181, -0.8013056107830316, -0.8030721709052235, -0.8048292761946237, -0.8065770398045233, -0.8083155715347532, -0.8100449779624276, -0.8117653625674297, -0.8134768258530307, -0.8151794654617441, -0.816873376286525, -0.8185586505776269, -0.8202353780452607, -0.8219036459580787, -0.8235635392378832]}