{"FCI": -2.1379697873519112, "Energy": -1.7518835038362899, "Loss": [-1.1523784779345427, -1.1584121355118724, -1.1644122122958729, -1.170378247925896, -1.1763097995010487, -1.1822064416251796, -1.188067766433914, -1.1938933836040164, -1.1996829203454495, -1.2054360213764745, -1.2111523488821931, -1.2168315824568383, -1.2224734190304198, -1.2280775727799387, -1.2336437750257652, -1.2391717741137267, -1.2446613352831102, -1.2501122405214322, -1.2555242884061373, -1.2608972939340852, -1.2662310883390422, -1.2715255188979495, -1.276780448726312, -1.2819957565633766, -1.2871713365476585, -1.2923070979832267, -1.2974029650973773, -1.3024588767902963, -1.307474786377111, -1.3124506613229685, -1.3173864829716448, -1.3222822462681991, -1.3271379594761945, -1.3319536438899837, -1.3367293335426331, -1.3414650749098478, -1.3461609266104881, -1.3508169591040824, -1.3554332543859375, -1.3600099056799946, -1.3645470171302754, -1.369044703490907, -1.3735030898155598, -1.377922311146313, -1.3823025122026826, -1.3866438470708538, -1.3909464788937071, -1.3952105795619003, -1.3994363294063623, -1.40362391689235, -1.4077735383156875, -1.4118853975011751, -1.4159597055035533, -1.4199966803112802, -1.4239965465534572, -1.4279595352097987, -1.4318858833243402, -1.4357758337226805, -1.4396296347331916, -1.4434475399121653, -1.447229807773301, -1.450976701521431, -1.4546884887908682, -1.458365441388283, -1.4620078350402481, -1.465615949145782, -1.4691900665337312, -1.4727304732250857, -1.476237458200477, -1.479711313172696, -1.4831523323645208, -1.4865608122915799, -1.4899370515506531, -1.4932813506130993, -1.4965940116236727, -1.499875338204504, -1.5031256352645044, -1.506345208814017, -1.5095343657846518, -1.512693413854483, -1.5158226612783905, -1.5189224167236486, -1.5219929891106114, -1.525034687458522, -1.5280478207364045, -1.5310326977189816, -1.5339896268474897, -1.5369189160954004, -1.5398208728389835, -1.5426958037327179, -1.5455440145892323, -1.5483658102640019, -1.551161494544552, -1.5539313700440882, -1.5566757380996543, -1.5593948986744248, -1.5620891502644028, -1.5647587898091153, -1.5674041126065261, -1.5700254122317425, -1.5726229804598253, -1.57519710719224, -1.5777480803871353, -1.5802761859931451, -1.5827817078868975, -1.5852649278137458, -1.587726125332193, -1.5901655777612136, -1.592583560131174, -1.5949803451374887, -1.597356203097571, -1.599711401910608, -1.6020462070202193, -1.6043608813798262, -1.6066556854208205, -1.6089308770232373, -1.6111867114889828, -1.6134234415175401, -1.615641317184041, -1.6178405859195037, -1.6200214924934966, -1.6221842789987493, -1.6243291848379329, -1.6264564467124014, -1.6285662986128213, -1.6306589718117037, -1.6327346948577244, -1.6347936935716456, -1.6368361910440594, -1.6388624076345715, -1.6408725609725812, -1.64286686595948, -1.644845534772318, -1.646808776868678, -1.6487567989930563, -1.6506898051841608, -1.65260799678371, -1.654511572446134, -1.6564007281494129, -1.6582756572069464, -1.660136550280362, -1.661983595393313, -1.6638169779460614, -1.6656368807309558, -1.6674434839486612, -1.669236965225185, -1.6710174996295737, -1.6727852596922388, -1.674540415423988, -1.6762831343356315, -1.678013581458072, -1.6797319193629525, -1.6814383081838615, -1.6831329056378606, -1.6848158670475506, -1.6864873453634588, -1.6881474911867675, -1.6897964527924754, -1.691434376152758, -1.6930614049606856, -1.6946776806541004, -1.6962833424398578, -1.6978785273181356, -1.6994633701069828, -1.7010380034670831, -1.702602557926563, -1.704157161905966, -1.705701941743351, -1.707237021719396, -1.708762524082633, -1.7102785690747346, -1.7117852749557536, -1.713282758029477, -1.7147711326686814, -1.7162505113404205, -1.7177210046313622, -1.719182721272886, -1.72063576816633, -1.7220802504080124, -1.7235162713143313, -1.7249439324466533, -1.7263633336361088, -1.7277745730083043, -1.7291777470080296, -1.7305729504235947, -1.7319602764112159, -1.7333398165192695, -1.7347116607122341, -1.7360758973946513, -1.737432613434818, -1.7387818941882944, -1.740123823521365, -1.7414584838341731, -1.7427859560837207, -1.7441063198066569, -1.7454196531420065, -1.7467260328534244, -1.7480255343515416, -1.7493182317158391, -1.7506041977165843]}