{"FCI": -1.6531213475174578, "Energy": -1.473134643820389, "Loss": [1.9666333889474679, 1.9000542619406913, 1.832512236394007, 1.764107456062116, 1.6949476080516208, 1.62514724327291, 1.5548269838635846, 1.4841126268555707, 1.4131341562877786, 1.3420246786642291, 1.2709192990130895, 1.1999539567055448, 1.1292642415581922, 1.0589842114999188, 0.9892452331950164, 0.9201748664655873, 0.8518958121707796, 0.7845249414231401, 0.7181724217340052, 0.6529409529736986, 0.5889251230264955, 0.5262108898357419, 0.46487519329881755, 0.40498569730611395, 0.34660065923268946, 0.2897689214834167, 0.23453001733479162, 0.1809143813666798, 0.1289436532641838, 0.0786310627057261, 0.02998188242753619, -0.01700606365827373, -0.06234185025580066, -0.10604087086943781, -0.14812424011304362, -0.18861818892013074, -0.22755346232349843, -0.26496472827031653, -0.3008900046905403, -0.33537011078800166, -0.368448147309758, -0.4001690094010856, -0.4305789345918911, -0.45972508750176, -0.48765518200306135, -0.5144171408502184, -0.5400587921661026, -0.5646276016711026, -0.5881704391382209, -0.6107333772523711, -0.6323615208314893, -0.6530988642232004, -0.6729881746110962, -0.6920708989408673, -0.7103870921973194, -0.7279753648208145, -0.7448728471374597, -0.7611151687843077, -0.7767364512327886, -0.7917693116450273, -0.8062448764346382, -0.8201928030418555, -0.833641308569641, -0.8466172040611125, -0.8591459333260132, -0.8712516153455767, -0.8829570893987432, -0.8942839621582857, -0.9052526561029117, -0.9158824586807617, -0.9261915717402119, -0.9361971608174066, -0.9459154039354672, -0.9553615396284636, -0.9645499139554861, -0.9734940263155633, -0.9822065739144257, -0.9906994947688674, -0.9989840091647374, -1.0070706595108105, -1.0149693485527935, -1.0226893759306612, -1.0302394730786655, -1.0376278364801972, -1.0448621593011018, -1.0519496614335027, -1.0588971179895943, -1.0657108862903766, -1.072396931398615, -1.0789608502483445, -1.0854078944253966, -1.0917429916550827, -1.0979707660531959, -1.104095557197185, -1.1101214380735964, -1.1160522319571695, -1.1218915282757451, -1.1276426975141187, -1.1333089052078433, -1.1388931250768466, -1.1443981513465111, -1.1498266103021286, -1.1551809711207148, -1.1604635560221792, -1.1656765497797894, -1.1708220086281846, -1.175901868604958, -1.1809179533603347, -1.1858719814672172, -1.1907655732624725, -1.1956002572485032, -1.2003774760824575, -1.2050985921789195, -1.2097648929504596, -1.2143775957088416, -1.2189378522485383, -1.2234467531328033, -1.2279053317010293, -1.2323145678156981, -1.2366753913653155, -1.2409886855390284, -1.2452552898879317, -1.2494760031864793, -1.2536515861072033, -1.2577827637206573, -1.2618702278319978, -1.2659146391647242, -1.2699166294016189, -1.2738768030919465, -1.2777957394338164, -1.2816739939396342, -1.2855120999924075, -1.2893105702997292, -1.2930698982524436, -1.296790559193786, -1.3004730116051206, -1.304117698213473, -1.3077250470260533, -1.3112954722964, -1.314829375426676, -1.3183271458101218, -1.3217891616176423, -1.3252157905320474, -1.3286073904334434, -1.33196431003875, -1.3352868894984775, -1.3385754609534253, -1.3418303490538581, -1.3450518714436916, -1.3482403392117668, -1.351396057312502, -1.3545193249578147, -1.3576104359820875, -1.3606696791820552, -1.3636973386331237, -1.3666936939836745, -1.3696590207287618, -1.3725935904645372, -1.375497671124578, -1.3783715271994448, -1.3812154199403404, -1.3840296075480842, -1.3868143453481994, -1.3895698859531935, -1.3922964794125596, -1.3949943733517165, -1.3976638131002286, -1.400305041810227, -1.4029183005655181, -1.4055038284822292, -1.408061862801281, -1.4105926389733745, -1.4130963907369831, -1.4155733501897938, -1.4180237478540074, -1.4204478127360316, -1.4228457723807186, -1.4252178529208557, -1.4275642791218477, -1.4298852744222905, -1.4321810609704557, -1.434451859657064, -1.436697890144746, -1.4389193708941304, -1.4411165191871524, -1.4432895511474484, -1.4454386817584015, -1.447564124878637, -1.4496660932555703, -1.4517447985367644, -1.453800451279567, -1.4558332609590299, -1.457843435974248, -1.4598311836533577, -1.4617967102570961, -1.463740220981367, -1.465661919958551, -1.467562010257922, -1.469440693885225, -1.47129817178135]}