{"FCI": -2.080183418191145, "Energy": -1.1312147760079807, "Loss": [-0.929668574383377, -0.9305353326827337, -0.931403216460326, -0.9322722319088098, -0.9331423852033048, -0.9340136825009772, -0.9348861299406148, -0.935759733642232, -0.9366344997066233, -0.9375104342149674, -0.9383875432283796, -0.9392658327875143, -0.9401453089121062, -0.941025977600554, -0.9419078448295055, -0.9427909165534114, -0.9436751987040494, -0.944560697190161, -0.9454474178969667, -0.9463353666857169, -0.9472245493932723, -0.9481149718316532, -0.9490066397875653, -0.949899559022001, -0.9507937352697138, -0.9516891742388351, -0.9525858816103828, -0.9534838630378013, -0.9543831241465087, -0.9552836705334208, -0.9561855077665332, -0.9570886413843777, -0.9579930768955974, -0.9588988197784987, -0.9598058754805381, -0.9607142494178588, -0.9616239469748006, -0.9625349735034523, -0.9634473343231591, -0.9643610347200043, -0.9652760799463708, -0.9661924752204317, -0.9671102257256885, -0.9680293366103813, -0.9689498129871517, -0.9698716599324219, -0.9707948824859421, -0.9717194856502872, -0.9726454743903827, -0.9735728536329294, -0.9745016282659756, -0.975431803138379, -0.9763633830592856, -0.9772963727976293, -0.978230777081629, -0.9791666005982567, -0.9801038479927382, -0.9810425238680155, -0.9819826327842411, -0.9829241792582567, -0.9838671677630645, -0.9848116027273025, -0.985757488534721, -0.9867048295236518, -0.9876536299864718, -0.9886038941690838, -0.989555626270376, -0.9905088304416922, -0.9914635107862964, -0.9924196713588093, -0.9933773161647135, -0.9943364491597995, -0.9952970742495776, -0.9962591952887958, -0.9972228160808866, -0.9981879403773769, -0.999154571877388, -1.000122714227073, -1.0010923710190442, -1.0020635457918732, -1.0030362420294814, -1.0040104631606503, -1.00498621255839, -1.0059634935394783, -1.006942309363818, -1.0079226632339349, -1.0089045582944247, -1.0098879976313484, -1.010872984271719, -1.0118595211829229, -1.0128476112721725, -1.0138372573859424, -1.0148284623093948, -1.015821228765838, -1.016815559416174, -1.0178114568583085, -1.018808923626599, -1.0198079621913307, -1.0208085749580926, -1.0218107642672756, -1.0228145323934732, -1.023819881544927, -1.0248268138629744, -1.0258353314215178, -1.0268454362263915, -1.0278571302148714, -1.0288704152550823, -1.0298852931454394, -1.0309017656141257, -1.0319198343184803, -1.0329395008444833, -1.0339607667061987, -1.0349836333451996, -1.0360081021300431, -1.037034174355674, -1.038061851242947, -1.0390911339380091, -1.0401220235117732, -1.0411545209594084, -1.0421886271997383, -1.043224343074738, -1.0442616693489954, -1.0453006067091406, -1.046341155763346, -1.0473833170407614, -1.0484270909910247, -1.0494724779836717, -1.0505194783076657, -1.051568092170843, -1.0526183196993975, -1.0536701609373607, -1.0547236158461062, -1.0557786843037857, -1.0568353661048833, -1.0578936609596667, -1.0589535684936877, -1.0600150882472945, -1.0610782196751334, -1.0621429621456686, -1.0632093149406319, -1.0642772772546434, -1.0653468481946233, -1.066418026779398, -1.0674908119391682, -1.0685652025150894, -1.0696411972587536, -1.0707187948318049, -1.0717979938054147, -1.0728787926598573, -1.0739611897840868, -1.0750451834752772, -1.0761307719383886, -1.0772179532857362, -1.0783067255366001, -1.0793970866167566, -1.080489034358105, -1.081582566498244, -1.0826776806800853, -1.0837743744514623, -1.0848726452647202, -1.0859724904763568, -1.0870739073466595, -1.08817689303929, -1.0892814446209946, -1.0903875590611782, -1.0914952332316261, -1.0926044639061112, -1.0937152477600847, -1.0948275813703778, -1.0959414612148166, -1.097056883672005, -1.0981738450209526, -1.0992923414407991, -1.1004123690105483, -1.1015339237088009, -1.1026570014134438, -1.1037815979014243, -1.1049077088484938, -1.1060353298289596, -1.1071644563154561, -1.1082950836787613, -1.1094272071875113, -1.1105608220080219, -1.1116959232041501, -1.112832505737018, -1.1139705644649185, -1.1151100941430758, -1.116251089423566, -1.117393544855128, -1.1185374548830305, -1.1196828138489268, -1.1208296159908342, -1.1219778554429052, -1.123127526235408, -1.124278622294661, -1.1254311374429213, -1.1265850653983, -1.1277403997748132, -1.1288971340822436, -1.1300552617261848]}