{"FCI": -1.960196231318309, "Energy": -0.4745095849318408, "Loss": [1.3444616745204698, 1.3346989616854446, 1.3248874035909544, 1.3150264190985654, 1.3051154862015588, 1.29515414177556, 1.285141981325992, 1.2750786587312302, 1.2649638859798698, 1.2547974329006133, 1.2445791268833348, 1.2343088525899086, 1.2239865516530353, 1.2136122223616745, 1.2031859193315013, 1.1927077531587347, 1.182177890055983, 1.1715965514683389, 1.1609640136684165, 1.1502806073286858, 1.139546717069861, 1.1287627809836824, 1.1179292901289726, 1.1070467879995465, 1.0961158699627342, 1.085137182667448, 1.0741114234204916, 1.0630393395303157, 1.0519217276171586, 1.040759432888653, 1.0295533483802963, 1.0183044141600015, 1.007013616496168, 0.9956819869888482, 0.9843106016636485, 0.9729005800280712, 0.9614530840902094, 0.9499693173397611, 0.9384505236914245, 0.9268979863910235, 0.9153130268844587, 0.9036970036501608, 0.8920513109956115, 0.8803773778183905, 0.8686766663329235, 0.8569506707635433, 0.8452009160051338, 0.8334289562524241, 0.8216363735992143, 0.8098247766090081, 0.7979957988584324, 0.7861510974550949, 0.7742923515316462, 0.7624212607176759, 0.7505395435915243, 0.7386489361137413, 0.726751190044538, 0.7148480713469363, 0.7029413585782205, 0.6910328412716247, 0.6791243183106275, 0.6672175962982887, 0.6553144879238053, 0.6434168103288456, 0.631526383476023, 0.6196450285218604, 0.6077745661968641, 0.595916815194962, 0.5840735905748619, 0.5722467021756463, 0.560437953049064, 0.5486491379108617, 0.5368820416133971, 0.525138437641907, 0.5134200866365757, 0.5017287349425849, 0.4900661131902228, 0.4784339349070735, 0.46683389516421364, 0.45526766925830936, 0.4437369114313026, 0.4322432536294305, 0.42078830430309266, 0.4093736472491191, 0.39800084049667, 0.3866714152381834, 0.375386874806358, 0.364148693698371, 0.352958316648081, 0.34181715774715826, 0.3307265996157486, 0.31968799262328035, 0.30870265415982917, 0.2977718679584504, 0.2868968834686063, 0.27607891528089723, 0.265319142603007, 0.25461870878683623, 0.24397872090653105, 0.23340024938713055, 0.22288432768340743, 0.21243195200833728, 0.20204408111068392, 0.19172163610085577, 0.18146550032436054, 0.1712765192819439, 0.16115550059545697, 0.1511032140184068, 0.141120391490215, 0.1312077272328444, 0.1213658778887724, 0.11159546269893311, 0.10189706371933843, 0.09227122607508018, 0.08271845825021436, 0.07323923241222219, 0.06383398476949863, 0.05450311596044699, 0.04524699147266875, 0.03606594209070968, 0.026960264370893314, 0.01793022114168029, 0.008976042028014025, 9.792399817985797e-05, -0.00870396806840669, -0.017429500793938776, -0.026078571697001715, -0.034651108570898925, -0.043147068846941375, -0.051566438944140425, -0.05990923360677719, -0.06817549523112235, -0.07636529318275785, -0.08447872310577688, -0.09251590622513169, -0.10047698864342945, -0.10836214063330706, -0.1161715559266726, -0.12390545100182562, -0.13156406436961918, -0.13914765585971683, -0.14665650590789192, -0.15409091484540846, -0.16145120219133474, -0.1687377059487295, -0.17595078190546914, -0.1830908029405777, -0.19015815833671995, -0.19715325309965287, -0.20407650728520899, -0.2109283553345011, -0.21770924541787684, -0.22441963878817825, -0.23106000914379954, -0.23763084200200107, -0.24413263408289365, -0.25056589270446605, -0.2569311351890417, -0.26322888828138974, -0.2694596875788563, -0.27562407697371544, -0.2817226081079341, -0.28775583984056685, -0.2937243377279063, -0.29962867351651185, -0.3054694246492368, -0.31124717378427064, -0.31696250832731565, -0.322616019976836, -0.3282083042824403, -0.33373996021635377, -0.3392115897579251, -0.34462379749113686, -0.3499771902149807, -0.3552723765667235, -0.36050996665779056, -0.36569057172227204, -0.3708148037778596, -0.3758832752990717, -0.3808965989025974, -0.3858553870446202, -0.39076025172985807, -0.39561180423225956, -0.40041065482702126, -0.4051574125338421, -0.4098526848710785, -0.4144970776207233, -0.4190911946038502, -0.42363563746640254, -0.4281310054750752, -0.43257789532296925, -0.43697690094493313, -0.44132861334224366, -0.4456336204164191, -0.44989250681196324, -0.4541058537677324, -0.458274238976777, -0.4623982364543102, -0.4664784164137072, -0.4705153451501601]}