{"FCI": -2.180316558115521, "Energy": -2.083267831791402, "Loss": [-0.506015101824449, -0.5105027765756937, -0.5189865947952811, -0.5309865070479769, -0.546035902729973, -0.5636821707611003, -0.5834869385226448, -0.6050266191692044, -0.6278935942568582, -0.6516981467981986, -0.6760711070676201, -0.7006670609041177, -0.7251678886926419, -0.7492863496944994, -0.7727694013082276, -0.795400947364541, -0.8170037437149287, -0.8374402506631818, -0.8566123045971227, -0.8744595770039847, -0.8909568874743592, -0.9061105274452727, -0.9199538236144371, -0.932542217113627, -0.9439481531522301, -0.954256066252745, -0.9635577121429781, -0.9719480451069105, -0.9795217767104412, -0.9863706860148669, -0.9925816894780131, -0.9982356259480324, -1.0034066717965353, -1.0081622747284258, -1.0125634818980647, -1.0166655371357471, -1.0205186310032401, -1.024168703308811, -1.0276582178427414, -1.0310268509019227, -1.0343120565364772, -1.037549490765243, -1.0407732932045368, -1.0440162370719945, -1.0473097672386227, -1.0506839511177712, -1.05416736915179, -1.057786971077299, -1.0615679216647191, -1.0655334558707856, -1.069704758885974, -1.0741008818803741, -1.078738699726114, -1.083632912870318, -1.0887960920221906, -1.0942387614935125, -1.0999695149206807, -1.105995155680842, -1.1123208535421087, -1.1189503088905355, -1.125885916171587, -1.1331289188892817, -1.1406795495366082, -1.1485371491062388, -1.1567002622722666, -1.1651667058697142, -1.1739336098592696, -1.182997431486296, -1.1923539447667666, -1.201998208705765, -1.2119245187289553, -1.2221263466466497, -1.2325962750425126, -1.2433259322648715, -1.2543059341878031, -1.2655258386035175, -1.2769741175193985, -1.2886381517892214, -1.300504251442066, -1.3125577038347698, -1.324782850398015, -1.337163191337527, -1.3496815162587248, -1.362320057374442, -1.3750606608000862, -1.3878849704997653, -1.4007746187726617, -1.4137114167994027, -1.4266775387252326, -1.4396556930435078, -1.452629275642718, -1.4655824997588185, -1.4785004991789021, -1.4913694023084838, -1.504176376067169, -1.5169096399394983, -1.529558451802216, -1.5421130683061886, -1.5545646835533016, -1.5669053505307164, -1.5791278902215096, -1.59122579349214, -1.603193120771937, -1.6150244042109796, -1.6267145564671033, -1.6382587895753002, -1.6496525465444862, -1.6608914474605516, -1.671971251000902, -1.682887831432662, -1.6936371704110742, -1.7042153622514464, -1.714618630834162, -1.7248433559345235, -1.7348861065474195, -1.7447436786965929, -1.7544131352687615, -1.7638918455731825, -1.7731775225803097, -1.7822682561106968, -1.7911625406075065, -1.7998592965060454, -1.808357884592981, -1.8166581131059045, -1.8247602376482375, -1.8326649542714577, -1.8403733863015506, -1.8478870656552957, -1.8552079095043976, -1.8623381932051448, -1.8692805204236933, -1.876037791357967, -1.8826131698966573, -1.8890100504700715, -1.895232025245874, -1.9012828522134866, -1.90716642458894, -1.9128867418644662, -1.91844788272796, -1.92385397999017, -1.9291091975820633, -1.934217709625687, -1.9391836815349375, -1.944011253069722, -1.9487045232456919, -1.953267536989559, -1.9577042734269354, -1.962018635691284, -1.966214442148449, -1.9702954189399313, -1.9742651937568183, -1.9781272907654246, -1.9818851266124777, -1.9855420074452466, -1.9891011268845482, -1.9925655648921279, -1.9959382874736196, -1.9992221471581042, -2.0024198841931415, -2.0055341283915347, -2.0085674015640755, -2.0115221204692633, -2.0144006002099384, -2.0172050580048375, -2.0199376172637797, -2.022600311895247, -2.0251950907780616, -2.027723822330995, -2.0301882991192914, -2.032590242440956, -2.0349313068417363, -2.0372130845140357, -2.039437109540758, -2.0416048619518867, -2.043717771568183, -2.045777221612201, -2.0477845520729545, -2.049741062816422, -2.0516480164378903, -2.053506640857985, -2.055318131666939, -2.0570836542252664, -2.058804345531776, -2.060481315871673, -2.0621156502590057, -2.0637084096891924, -2.065260632217352, -2.0667733338792877, -2.068247509470756, -2.0696841332018012, -2.0710841592410674, -2.072448522165057, -2.073778137326416, -2.0750739011538313, -2.0763366913964196, -2.077567367322876, -2.078766769885679, -2.079935721859532, -2.081075027962016, -2.0821854749633353]}