{"FCI": -1.6531213475174578, "Energy": -1.6320123502540822, "Loss": [1.4978318011888352, 1.4679726158755597, 1.4113756083224966, 1.3309962950475063, 1.2296660478708379, 1.1101268517027498, 0.9750497148988001, 0.8270360591997119, 0.6686078428391229, 0.5021959297667249, 0.33013684507424707, 0.15468534322232716, -0.021955448351920964, -0.1975919887129669, -0.3699993807676688, -0.5368993990712653, -0.6959756313512583, -0.844938251383415, -0.9816397588469981, -1.1042286931562757, -1.211315045768173, -1.3021135799054058, -1.3765328354395863, -1.4351884597633757, -1.4793363501424013, -1.5107383984569864, -1.5314860759484088, -1.5438117234182664, -1.5499144085450283, -1.5518191593003734, -1.5512786885981609, -1.5497181961271247, -1.5482179690816278, -1.54752553797602, -1.5480885016245285, -1.5500999500653871, -1.5535498939606742, -1.558277703772836, -1.564021979285933, -1.570465412936128, -1.577273096093653, -1.5841234079716862, -1.5907311842077778, -1.59686332689706, -1.602347405432874, -1.6070741052730262, -1.6109945997185524, -1.6141140404013843, -1.6164823862510969, -1.618183728966911, -1.6193251440489012, -1.6200259228285594, -1.6204078452098087, -1.6205869543802294, -1.6206671082075506, -1.6207354169772041, -1.620859538725004, -1.621086693521832, -1.6214441763187704, -1.6219410927469982, -1.6225710113364673, -1.6233152164524682, -1.6241462561727573, -1.6250315054869844, -1.625936504490156, -1.62682788024203, -1.6276757159533144, -1.6284552882283476, -1.629148148356505, -1.6297425735105273, -1.630233455182734, -1.6306217231225577, -1.6309134222991095, -1.6311185679458933, -1.6312499004931864, -1.6313216499212706, -1.6313484000974148, -1.6313441205846841, -1.6313214088018568, -1.63129096158224, -1.6312612739898034, -1.6312385460244352, -1.6312267653258052, -1.631227926362221, -1.6312423435996404, -1.6312690171605473, -1.6313060136453734, -1.6313508311344527, -1.6314007249449465, -1.631452978604325, -1.6315051119850956, -1.6315550250802264, -1.6316010811373822, -1.6316421366530838, -1.6316775280636868, -1.6317070259885988, -1.631730767805203, -1.6317491784289297, -1.6317628877125387, -1.63177265112507, -1.631779278539812, -1.631783574224342, -1.6317862895975477, -1.631788089066975, -1.6317895283055284, -1.6317910436628746, -1.6317929509996048, -1.6317954520396156, -1.63179864630906, -1.6318025468242672, -1.6318070978653225, -1.631812193395858, -1.631817694937682, -1.6318234479644569, -1.6318292961301566, -1.631835092885836, -1.6318407102583778, -1.6318460447609406, -1.6318510205731365, -1.6318555902671492, -1.6318597334591323, -1.631863453834172, -1.6318667750256501, -1.6318697358284884, -1.6318723851946293, -1.6318747774016453, -1.6318769677102973, -1.631879008739809, -1.6318809476991063, -1.6318828245254293, -1.6318846709040458, -1.6318865100800923, -1.6318883573270146, -1.631890220909505, -1.631892103367929, -1.6318940029583777, -1.6318959151005632, -1.6318978337136039, -1.631899752352957, -1.6319016650953384, -1.6319035671511397, -1.6319054552113312, -1.6319073275578933, -1.6319091839812692, -1.6319110255566753, -1.631912854332459, -1.631914672980218, -1.6319164844495244, -1.6319182916593182, -1.6319200972489525, -1.63192190340001, -1.6319237117317116, -1.6319255232648782, -1.631927338444352, -1.6319291572062133, -1.631930979075213, -1.6319328032780853, -1.6319346288601575, -1.6319364547948372, -1.6319382800786688, -1.6319401038073207, -1.6319419252302831, -1.6319437437845696, -1.6319455591089886, -1.6319473710418797, -1.6319491796058392, -1.631950984982895, -1.6319527874837256, -1.6319545875142099, -1.631956385541568, -1.6319581820626803, -1.6319599775755995, -1.6319617725556896, -1.6319635674367394, -1.6319653625972914, -1.6319671583519424, -1.6319689549476062, -1.6319707525637128, -1.631972551315962, -1.631974351263019, -1.6319761524149219, -1.6319779547430333, -1.6319797581901123, -1.6319815626806156, -1.6319833681298963, -1.631985174452513, -1.6319869815688592, -1.631988789410243, -1.6319905979221128, -1.6319924070657421, -1.6319942168183448, -1.6319960271720488, -1.6319978381317854, -1.6319996497126297, -1.632001461936902, -1.632003274831062, -1.6320050884229598, -1.6320069027394484, -1.6320087178044584, -1.6320105336377377]}