{"FCI": -2.1026075720482935, "Energy": -1.6614863493338001, "Loss": [-1.1970516211452873, -1.2068284067503932, -1.216564923282283, -1.226258480736998, -1.2359019710050474, -1.245484302898044, -1.2549909623081974, -1.264404683931845, -1.2737062115401296, -1.2828751152527065, -1.2918906278812081, -1.300732459166846, -1.3093815472473438, -1.3178207110340554, -1.3260351748822183, -1.3340129470434656, -1.3417450446415495, -1.3492255689694983, -1.356451644573136, -1.3634232429765427, -1.3701429165497894, -1.3766154698602635, -1.382847595184386, -1.388847496223356, -1.3946245201155558, -1.4001888132233862, -1.4055510114598053, -1.4107219715454993, -1.415712545836247, -1.42053340037629, -1.4251948736479296, -1.4297068720464976, -1.4340787973105702, -1.4383195008492342, -1.4424372600020048, -1.4464397716194433, -1.4503341588613732, -1.454126987692485, -1.457824290150898, -1.461431592033848, -1.46495394315679, -1.4683959487888711, -1.471761801240056, -1.475055310878502, -1.4782799360954078, -1.481438811916291, -1.4845347770927826, -1.4875703996043441, -1.490548000564873, -1.493469676571258, -1.4963373205548565, -1.4991526412099865, -1.5019171810768392, -1.5046323333556075, -1.5072993575237084, -1.509919393822766, -1.5124934766761673, -1.5150225470919052, -1.5175074641011135, -1.5199490152788022, -1.5223479263899893, -1.5247048702026813, -1.5270204745078524, -1.5292953293854823, -1.5315299937556626, -1.5337250012533494, -1.5358808654657299, -1.5379980845706236, -1.5400771454147646, -1.5421185270701223, -1.5441227039064085, -1.5460901482169649, -1.548021332434442, -1.5499167309718058, -1.5517768217227879, -1.5536020872545404, -1.5553930157236528, -1.5571501015453584, -1.5588738458434137, -1.5605647567070902, -1.5622233492792397, -1.5638501456981395, -1.565445674913599, -1.5670104723965288, -1.5685450797589162, -1.5700500443002043, -1.5715259184939339, -1.5729732594274852, -1.5743926282060419, -1.5757845893311615, -1.577149710062229, -1.5784885597691665, -1.5798017092828407, -1.5810897302489149, -1.582353194490423, -1.583592673383207, -1.5848087372476647, -1.5860019547599646, -1.587172892385033, -1.5883221138332573, -1.5894501795423173, -1.590557646185414, -1.5916450662064292, -1.5927129873827246, -1.593761952415581, -1.594792498548355, -1.5958051572121636, -1.5968004536986602, -1.5977789068594215, -1.5987410288313118, -1.5996873247870755, -1.600618292710447, -1.601534423194642, -1.6024361992636988, -1.6033240962154431, -1.604198581485091, -1.6050601145286278, -1.6059091467249509, -1.6067461212955736, -1.6075714732411344, -1.608385629293655, -1.6091890078834064, -1.6099820191197076, -1.6107650647845135, -1.6115385383379368, -1.6123028249349565, -1.613058301452246, -1.6138053365245302, -1.6145442905894947, -1.615275515940633, -1.6159993567872442, -1.6167161493209612, -1.6174262217880746, -1.6181298945670497, -1.6188274802507325, -1.6195192837326065, -1.6202056022966074, -1.6208867257100033, -1.6215629363188147, -1.622234509145546, -1.6229017119885105, -1.623564805522616, -1.6242240434012263, -1.6248796723586365, -1.6255319323129391, -1.6261810564691532, -1.626827271422033, -1.6274707972586355, -1.6281118476602126, -1.6287506300033718, -1.6293873454602565, -1.6300221890975746, -1.6306553499743632, -1.6312870112384534, -1.6319173502211706, -1.6325465385307338, -1.6331747421437441, -1.6338021214949183, -1.6344288315651214, -1.6350550219673037, -1.6356808370306661, -1.6363064158828806, -1.636931892530145, -1.6375573959354215, -1.6381830500946328, -1.6388089741108076, -1.639435282266298, -1.6400620840929612, -1.6406894844404545, -1.6413175835426221, -1.6419464770818704, -1.642576256251828, -1.6432070078181689, -1.643838814177598, -1.6444717534152604, -1.6451058993603933, -1.645741321640442, -1.6463780857336088, -1.647016253019983, -1.6476558808312567, -1.64829702249908, -1.6489397274022606, -1.6495840410126126, -1.6502300049399805, -1.6508776569759256, -1.651527031136693, -1.6521781577053012, -1.6528310632727181, -1.653485770778527, -1.6541422995508581, -1.6548006653458436, -1.6554608803866924, -1.656122953402338, -1.656786889665844, -1.6574526910327452, -1.6581203559791555, -1.6587898796399987, -1.6594612538472644, -1.6601344671685208, -1.660809504945617]}