{"FCI": -2.1069982837436174, "Energy": -2.084949188397555, "Loss": [0.4117272682566283, 0.274336406414765, 0.17914757226667577, 0.10258316361925035, 0.03709998290605707, -0.020941321555880472, -0.0737257939279929, -0.12279332627826836, -0.1693583844974949, -0.21436921761226888, -0.2584558784505694, -0.3019715995890324, -0.3450994390400348, -0.3879301198643712, -0.430500751043358, -0.47281013232628777, -0.5148245370059771, -0.5564820766366531, -0.5976987326325881, -0.6383759987902843, -0.6784088006010512, -0.7176923998513762, -0.7561276059687099, -0.793624218391733, -0.8301029767400288, -0.865496407973372, -0.8997489310707889, -0.9328164982189712, -0.9646659671344251, -0.995274331505076, -1.0246278887625715, -1.0527213931684052, -1.0795572227697507, -1.1051445769100994, -1.1294987134550698, -1.152640229588298, -1.1745943858501402, -1.1953904698358404, -1.2150611940695792, -1.2336421226276615, -1.2511711233577716, -1.267687846583627, -1.2832332358134764, -1.2978490796259956, -1.3115776152215806, -1.3244611924608245, -1.3365420029148298, -1.3478618727295315, -1.3584621125592449, -1.3683834138422384, -1.3776657789815887, -1.3863484734299085, -1.3944699895146433, -1.4020680141362392, -1.4091793944952695, -1.4158400974559717, -1.4220851591489168, -1.4279486223121056, -1.4334634600480003, -1.4386614863683005, -1.4435732561293302, -1.4482279595445686, -1.4526533190733029, -1.4568754987293977, -1.4609190373463166, -1.464806817754713, -1.468560082989133, -1.4721985085225213, -1.475740336287698, -1.4792025721574562, -1.4826012438904161, -1.4859517113951808, -1.4892690152391386, -1.4925682418695299, -1.495864873908701, -1.4991750802921904, -1.5025158848818103, -1.505905138757649, -1.509361222752458, -1.512902440599711, -1.5165461417477462, -1.520307722687715, -1.5241997431914458, -1.5282313908377751, -1.5324084120429908, -1.5367334612704702, -1.5412066993759928, -1.5458264486747977, -1.5505897651657858, -1.5554928639926273, -1.5605313937448604, -1.5657005875024697, -1.5709953293760979, -1.5764101733318676, -1.5819393420036076, -1.5875765096858496, -1.5933027123036323, -1.5989524465990397, -1.6050207678337354, -1.6109431403486845, -1.6167793138617186, -1.6229325799665613, -1.6292851203087786, -1.6356159426076229, -1.6419383669037102, -1.6482856602417075, -1.6546631880965783, -1.661072543587673, -1.6675108579597295, -1.6739767727642252, -1.6804668922315917, -1.6869776988853895, -1.693499869122942, -1.7000337496726223, -1.7065879525327599, -1.7131998714458092, -1.7198246562012418, -1.7264593780368709, -1.7330705613191426, -1.7398008366368167, -1.746583504228806, -1.7534690342550803, -1.76032705161411, -1.767207507732966, -1.7740635423236306, -1.7809379117029889, -1.7877953645857199, -1.7946616464749172, -1.8015034961099092, -1.808359099271444, -1.8152130783984932, -1.8220780197158015, -1.828927513317851, -1.8357881490028836, -1.842627114881184, -1.849462831529739, -1.8562478953795596, -1.8630005235769584, -1.8696525863870719, -1.8762977565889245, -1.8829089550801865, -1.8895283920977746, -1.8960600227211941, -1.9025426664193679, -1.9089345444369175, -1.9152681745722808, -1.921516128903041, -1.9276958800843405, -1.9337871930215529, -1.9397978797546256, -1.9457128233837255, -1.9515334790100411, -1.9572485655747105, -1.96285559965361, -1.9683469471775241, -1.9737197170623255, -1.9789681046163201, -1.9840904400536614, -1.98907735352644, -1.993930183515005, -1.9986383783883463, -2.003203732789403, -2.0076181160291036, -2.0118839522186063, -2.0159975439558218, -2.019964846004746, -2.0237800230889116, -2.027452090933653, -2.030974115374632, -2.034350723913862, -2.0375794865743777, -2.0406610289070826, -2.0435979041002383, -2.046388816831525, -2.049041145039074, -2.0515613615841457, -2.053962382035701, -2.0562488086908655, -2.0584169532906325, -2.0604752111664237, -2.062419597059874, -2.06426196982195, -2.066000110091526, -2.0676543257497086, -2.069215947717369, -2.070698224212769, -2.0720922135240842, -2.0734033082235257, -2.074627401391102, -2.075793489968371, -2.0768838656755864, -2.077914352738798, -2.078876643291353, -2.079794636410422, -2.080657512207852, -2.0814811715094814, -2.0822521450425437, -2.0829861942741994, -2.083673285294423, -2.0843304797751423]}