{"FCI": -2.166386984981435, "Energy": -2.14544397929831, "Loss": [-0.32082283464072303, -0.364867232794559, -0.39770199333927436, -0.4257104463369414, -0.4509719012004003, -0.47448563730312826, -0.4967968416952254, -0.5182274831324896, -0.5389923601472197, -0.5592447900814544, -0.5791013281418961, -0.5986542915088411, -0.6179800910355865, -0.6371440288572444, -0.6562035215076502, -0.6752093126831932, -0.6942052534565963, -0.7132266824177166, -0.7322986234047721, -0.7514345940501794, -0.7706372675926209, -0.7899002418881387, -0.8092111348919563, -0.8285531425956847, -0.8479071807028138, -0.8672448955282632, -0.8865657199127961, -0.9058636548075347, -0.9251229778413101, -0.9443056248297759, -0.9634092438965738, -0.9824231925150189, -1.001341919083662, -1.02015825735951, -1.0388689497138852, -1.0574711799327006, -1.0759658202139186, -1.094354578288962, -1.1126429974997418, -1.1308368822415467, -1.1489479405421463, -1.1669887105105172, -1.1849795965430425, -1.202930685306826, -1.2208574407342496, -1.238770394567022, -1.256683246805166, -1.2746039524295296, -1.2925380245132658, -1.3104854897877725, -1.3284425948701806, -1.346402071239587, -1.3643535244728384, -1.3822857528551054, -1.4001852440458873, -1.4180400724084452, -1.43583598176431, -1.4535612064727037, -1.4712015605737223, -1.488745461202799, -1.506179686407658, -1.5234933836083997, -1.540674435445476, -1.5577127859847333, -1.5745971057966348, -1.5913181411312214, -1.6078651488700204, -1.6242297840996447, -1.640401814051556, -1.6563738235092247, -1.6721360441690944, -1.6876816918010231, -1.7030015138849393, -1.7180891008664143, -1.7329359654301641, -1.7475360970414828, -1.7618819139772361, -1.7759678514051513, -1.7897872651352458, -1.8033349869626, -1.8166055504074208, -1.8295940282842635, -1.8422972041293124, -1.8547103454469516, -1.8668332303759598, -1.8786601602296038, -1.8901911377492076, -1.9014208050187333, -1.9123497235160627, -1.9229743848092438, -1.9332963791808944, -1.9433128662273873, -1.9530265901863562, -1.9624346011324478, -1.9715406785745178, -1.9803416038721056, -1.988842310483732, -1.9970394096685362, -2.0049399590906787, -2.0125405239186955, -2.019850217941004, -2.0268651327350855, -2.0335943542507326, -2.040035267973992, -2.0461973168462255, -2.0520797430489144, -2.057692495195622, -2.063035774141457, -2.0681199344210848, -2.0729457554925452, -2.0775240161097575, -2.08185603540238, -2.0859533982183116, -2.0898180311730736, -2.0934624036193386, -2.0968886525643993, -2.1001088799409198, -2.1031256529551987, -2.1059509615738032, -2.1085884194370603, -2.11105038087596, -2.1133409850844473, -2.1154727744388473, -2.1174500129630354, -2.119285114412905, -2.1209824589642596, -2.1225540907039644, -2.1240046950350404, -2.125345618052648, -2.126581553378385, -2.1277225243471194, -2.1287728119005127, -2.1297414221319206, -2.1306326415666925, -2.1314547035097906, -2.132212013717852, -2.132911529102146, -2.133557453352299, -2.13415523841841, -2.134708651362615, -2.1352219822440217, -2.1356987751098178, -2.136142756105823, -2.1365589202060566, -2.136950786148117, -2.1373222991958887, -2.1376739391070787, -2.1380072035744844, -2.1383240880202514, -2.1386261090127907, -2.1389162912428343, -2.1391953475254963, -2.1394656787909083, -2.1397266276338462, -2.1399795557993557, -2.140223131250436, -2.140457870218758, -2.1406805236879785, -2.140882505082855, -2.141046369392339, -2.14123131061051, -2.141447024611887, -2.141657954367027, -2.1418539064123663, -2.14203858982057, -2.142213298060382, -2.142379152887931, -2.1425365051021803, -2.1426858262707094, -2.1428271970970374, -2.1429605668622345, -2.143086260143181, -2.1432048710712532, -2.1433188310652387, -2.1434305018718356, -2.143542769631372, -2.143654618469047, -2.1437653810621633, -2.1438714211516685, -2.1439722122652474, -2.144063173155593, -2.144140096555617, -2.1441868553716903, -2.1441978027966435, -2.1442430178965406, -2.144362050048839, -2.144482172969314, -2.1445777723696824, -2.1446571869891464, -2.1447293545466417, -2.1447958305082593, -2.144861186069374, -2.1449233053051198, -2.144985786220723, -2.1450449935204094, -2.145104152624135, -2.145159435058675, -2.145217953798599, -2.145282093549196, -2.145359532349639]}