{"FCI": -2.1026075720482935, "Energy": -2.0981971190353366, "Loss": [-1.1479719508965727, -1.1868123162782505, -1.2146480170537497, -1.2387335902939192, -1.2607622160810716, -1.2813884862053322, -1.300964089314226, -1.3197063342829463, -1.3377603371419389, -1.3552284235081193, -1.372185999578223, -1.3886909381428045, -1.404789526632818, -1.4205204359631167, -1.4359174687814156, -1.451011498441037, -1.4658318114977873, -1.480406945061994, -1.494765048322919, -1.508933800415862, -1.5229399855489418, -1.5368089212334364, -1.550563963756198, -1.5642261918481102, -1.5778141252192632, -1.5913431440947368, -1.6048243419407633, -1.6182629173343657, -1.631656679907745, -1.6449954217108524, -1.658261569896549, -1.6714319261228647, -1.6844798878495935, -1.6973775535716265, -1.7100973761576665, -1.7226132927174358, -1.7349014079227747, -1.7469403512560095, -1.7587114174950251, -1.7701985719690614, -1.7813883756282012, -1.7922698649809377, -1.8028344083259087, -1.813075550837769, -1.8229888553970817, -1.8325717424336578, -1.8418233297522353, -1.850744271919478, -1.859336598131324, -1.8676035475214101, -1.8755494016525427, -1.8831793154567285, -1.8904991500000488, -1.897515312724348, -1.904234612571935, -1.9106641378486575, -1.9168111633021334, -1.9226830897670042, -1.9282874156528411, -1.9336317357169577, -1.9387237600228826, -1.9435713451793897, -1.9481825306535951, -1.952565574509884, -1.956728984650066, -1.960681543014439, -1.9644323209858092, -1.9679906843524364, -1.9713662856892622, -1.974569041041279, -1.9776090864918703, -1.9804967087670915, -1.9832422431967882, -1.985855934699175, -1.9883477675681487, -1.9907272884553082, -1.9930034616595362, -1.99518458786022, -1.9972782878221442, -1.999291526934714, -2.0012306531136703, -2.003101433182698, -2.0049090863607018, -2.006658320464125, -2.0083533768136683, -2.009998085185452, -2.011595921207899, -2.013150047557088, -2.0146633160061644, -2.0161382148690934, -2.0175762090128004, -2.0189501693322773, -2.019881824750218, -2.0215193431255196, -2.022944210132847, -2.0242429579900825, -2.0254915876653983, -2.026706687394128, -2.0278915493017866, -2.0290475318622043, -2.030175215314525, -2.031275218999119, -2.032347997320591, -2.033394086138856, -2.0344137616550073, -2.0354068300527683, -2.0363707632986, -2.037297330199483, -2.038169754125819, -2.039019115635281, -2.0399064829890867, -2.0408192088771617, -2.0417049444857027, -2.0425659337563262, -2.0434065265840315, -2.044235632477032, -2.0450568407613776, -2.045875155744348, -2.0466912850691976, -2.0475087646017838, -2.0483248875771145, -2.049144631201186, -2.049964589652154, -2.0508012066917485, -2.0516522771587207, -2.05253293954465, -2.0534270637866463, -2.0543381151142386, -2.055253817571475, -2.05617973098326, -2.0571100372934414, -2.058050421894011, -2.0589958539874473, -2.059951063542609, -2.060910191782934, -2.0618780583041754, -2.062847908033935, -2.063826248439978, -2.0648058586936657, -2.0657946862232683, -2.066784448308927, -2.0677811611925105, -2.0687758246466057, -2.0697718663151203, -2.0707617556938023, -2.0717479582662954, -2.072724688716095, -2.0736940622393187, -2.0746510734327672, -2.075597698796117, -2.0765291288474823, -2.0774475715340177, -2.078348343681984, -2.0792340244385135, -2.080100132741126, -2.080949096754673, -2.0817768024791916, -2.082584963493111, -2.08337020747738, -2.084133541465959, -2.084872454010525, -2.0855875847528362, -2.0862771089200733, -2.086941744068866, -2.087580124925079, -2.08819335744844, -2.088780279545244, -2.089342394053911, -2.0898784089326456, -2.0903899506125776, -2.090875351972907, -2.0913366128628073, -2.0917730343869994, -2.092188409472931, -2.0925869102188135, -2.0929721612247945, -2.0933455576354056, -2.093702681761396, -2.0940411444867064, -2.0943602207510827, -2.0946595711725298, -2.09493980696191, -2.095203579150087, -2.095453732993352, -2.0956981982047638, -2.0959351621959073, -2.0961639731641144, -2.0963768332025707, -2.09657197251018, -2.0967498021378983, -2.096916608319054, -2.0970838814583406, -2.097256824595966, -2.0974354647171918, -2.097601441725283, -2.097755647601943, -2.097892026477856, -2.0980083083281063, -2.0980889112418404, -2.0981456438340182]}