{"FCI": -1.960196231318309, "Energy": -1.9006944614866321, "Loss": [1.3490700274190193, 1.2105170583070646, 1.112389306262347, 1.0319331330839685, 0.9619159418710276, 0.8989473443384116, 0.8411068200304168, 0.7871778980901516, 0.7363365854676847, 0.6879984208437879, 0.641728365163665, 0.5971858879595059, 0.5540965952779769, 0.512241212735471, 0.47145063347219085, 0.4315987739599106, 0.39259204594361474, 0.3543587347172844, 0.31684094656890854, 0.2799894958416777, 0.24376082709581748, 0.20811484771093, 0.17301277019915792, 0.13841446785976852, 0.10427547123608649, 0.07054475427926796, 0.03716569704249423, 0.004082293074862527, -0.028751537237020328, -0.06136596988478475, -0.0937759605994466, -0.12598565735024783, -0.15799271940316878, -0.18979118016297847, -0.22137304411558908, -0.25272910295985795, -0.28384933187217354, -0.3147230793198338, -0.34533916620988914, -0.37568595313395614, -0.40575140274740557, -0.4355231476919263, -0.46498856654582255, -0.49413486703028275, -0.5229491746778785, -0.551418625061766, -0.5795304578698098, -0.6072721113437664, -0.6346313158187669, -0.6615961852824094, -0.6881553060319738, -0.7142978216481283, -0.7400135136269761, -0.7652928771193546, -0.7901271913160297, -0.8145085840891488, -0.8384300905528266, -0.8618857052400066, -0.8848704276101282, -0.907380300606328, -0.9294124419773815, -0.9509650680753521, -0.9720375098426608, -0.992630220726336, -1.012744776270087, -1.0323838652731718, -1.051551268860352, -1.0702517069480806, -1.0884843149439432, -1.106119511695719, -1.1235557382113142, -1.1405064501879814, -1.1569886679974912, -1.1730455661357002, -1.188693884346755, -1.2039445056799554, -1.2188097585830393, -1.2332958846250146, -1.2474285054677339, -1.2612119596099787, -1.2746794266503847, -1.287819677818261, -1.3006511039560966, -1.3131791858974102, -1.3254209444091845, -1.3373995565634187, -1.3491291153580094, -1.3606114275641576, -1.3718524185118233, -1.382860106368247, -1.3936477026594627, -1.4042200877900326, -1.4145913051333403, -1.4247619589664793, -1.4347464613476748, -1.4445423904542172, -1.4541621347444644, -1.463604659733016, -1.472880475050459, -1.4819901595192075, -1.4909404425902213, -1.4997305860077832, -1.5083666434946097, -1.5168481104109022, -1.525182005522326, -1.5333672958339284, -1.5414115740060392, -1.549312863617405, -1.5570792954892485, -1.5647081923690724, -1.5722079089869727, -1.5795754926566332, -1.5868186725368314, -1.5939342489676114, -1.600928860413237, -1.6077992936752235, -1.6145516437579945, -1.6211829262193875, -1.62769910322221, -1.6340972311733994, -1.6403833576351055, -1.6465543700029117, -1.6526166407134364, -1.6585668025904385, -1.664411630592864, -1.670147487120077, -1.6757813249754487, -1.6813093321419998, -1.6867383665819986, -1.6920647200976089, -1.697295079287726, -1.7024260490214858, -1.7074641866789297, -1.7124063600171837, -1.717259092970911, -1.7220193147750555, -1.7266936192909195, -1.7312787852771274, -1.7357814636970197, -1.7401981206377575, -1.744535174660291, -1.7487886532000503, -1.7529639566552921, -1.7570565138414616, -1.761069240111309, -1.7649986696350737, -1.7688481053637413, -1.7726269049578776, -1.7763455850024288, -1.7800085381119686, -1.783611265394298, -1.787146416581289, -1.7906156915090103, -1.7940167932260251, -1.797355139982448, -1.800628796645277, -1.8038422488266417, -1.806993507393842, -1.8100858559412885, -1.8131185644913967, -1.81609510185585, -1.8190178826301442, -1.821891065378099, -1.8247170474843062, -1.8274958279851563, -1.8302265633455115, -1.832907265762061, -1.8355382868634595, -1.8381187629246614, -1.8406505140091156, -1.8431330896005926, -1.8455688638220542, -1.847957601690472, -1.8503022441347055, -1.8526031100200073, -1.8548635944173866, -1.8570840562115787, -1.8592670630020232, -1.8614119323838165, -1.8635200131512748, -1.8655903326412915, -1.8676241532490503, -1.869621219604798, -1.8715830975075205, -1.8735103023470316, -1.8754045542786801, -1.8772670001377365, -1.8790993840386339, -1.8809032882963068, -1.8826801903053383, -1.8844316366459892, -1.8861584361951533, -1.887861740892019, -1.8895417492136404, -1.8911993704299213, -1.8928345753163789, -1.8944482316131896, -1.8960401790761592, -1.8976114118768797, -1.8991618423433334]}