{"FCI": -2.0652279741058157, "Energy": -2.0117852320460967, "Loss": [-1.3021051519331563, -1.3235129227271405, -1.3380199599922955, -1.3497929294703812, -1.3600710344725389, -1.3693903946187382, -1.3780227327319148, -1.3861247561925336, -1.3937971785045618, -1.4011097492831923, -1.4081132691057738, -1.414846102708188, -1.421338048341175, -1.4276127946727386, -1.4336895608841866, -1.4395842358539659, -1.4453101967249657, -1.4508789162299354, -1.45630042890947, -1.4615837040194342, -1.4667369605557279, -1.471767954225702, -1.4766842662581867, -1.4814936299836483, -1.4862043445047648, -1.4908258469185005, -1.4953695427669846, -1.4998500081741732, -1.504286601777448, -1.508705172676343, -1.5131386778156901, -1.5176244811309616, -1.5221970034023526, -1.5268789187472949, -1.5316771549136377, -1.536585583660153, -1.5415906483978663, -1.5466761623113838, -1.5518261548676513, -1.5570261731061328, -1.5622636924795037, -1.5675281007550734, -1.5728105119920357, -1.5781035359853084, -1.5834010577098931, -1.588698047092695, -1.593990402688975, -1.5992748266106307, -1.6045486963667488, -1.6098094640274438, -1.6150452881899473, -1.6201375074772888, -1.6253420898872162, -1.6306528257353277, -1.6358750493011922, -1.6410568282451679, -1.6462203888129694, -1.651372250005127, -1.6565155802627403, -1.6616529108676288, -1.6667865092276888, -1.6719184194082288, -1.6770501716278599, -1.682182609285592, -1.6873153822757885, -1.6924464017269196, -1.6975706393638956, -1.7026793729687586, -1.707774084205378, -1.7128719101703527, -1.717975533886924, -1.7230529505748247, -1.7280932903408708, -1.7330924584843344, -1.7380479739653991, -1.7429561237439355, -1.7478127778063681, -1.7526139831156575, -1.7573556744746484, -1.7620343938951977, -1.7666463793033338, -1.7711887118547096, -1.7756579969150945, -1.7800527615658486, -1.7843714195926714, -1.7886149088123198, -1.792781261278175, -1.7968697436510435, -1.8008769854512452, -1.8048031114135394, -1.8086465031787975, -1.8124084735897097, -1.816088242207397, -1.8196874750076282, -1.8232057931377175, -1.826645356499644, -1.8300062940287805, -1.8332916541720232, -1.836502306622054, -1.8396423788022729, -1.842713730825817, -1.8457214822034256, -1.8486686082628043, -1.851560894954831, -1.8544020738108304, -1.8571981396819661, -1.859952883721793, -1.8626720513607533, -1.8653585920919042, -1.8680175772539407, -1.870650515357049, -1.8732617397151472, -1.875851521477432, -1.8784236389908935, -1.8809776726906027, -1.8835167799156027, -1.8860402545611323, -1.888550518551694, -1.891046939677012, -1.8935312797361354, -1.8960031772457524, -1.8984637533386706, -1.900912824568697, -1.903350719510155, -1.9057771256858633, -1.908191351020164, -1.9105926553602468, -1.9129792636425542, -1.9153499814969226, -1.9177022294740849, -1.920034652382324, -1.9223443816263108, -1.9246303115625045, -1.9268897815762032, -1.929122227246985, -1.931325501754692, -1.9334996572079348, -1.9356431984956337, -1.937756717060832, -1.9398393783854675, -1.9418920369141597, -1.943914275547832, -1.945906785938794, -1.9478692448286916, -1.9498019824392991, -1.9517046518919021, -1.953577343729684, -1.9554197219320886, -1.9572318220268319, -1.95901333707754, -1.960764348151019, -1.962484560269054, -1.9641741360600091, -1.9658327757102132, -1.9674607294570297, -1.9690576920120806, -1.9706239894919113, -1.9721593300287437, -1.9736640871578648, -1.9751380221852894, -1.9765815100605433, -1.977994425229514, -1.9793770832754543, -1.9807295448835105, -1.9820520010326415, -1.9833447638535007, -1.9846078504493039, -1.985841842757956, -1.9870465781746232, -1.9882228462480929, -1.9893703602805939, -1.9904899957703766, -1.9915814383891732, -1.9926455439478998, -1.993682043004733, -1.9946917408943396, -1.9956744029461118, -1.996630830963055, -1.997560726043293, -1.998464974127194, -1.9993430661611282, -2.000196032796423, -2.001023018068786, -2.0018250331158756, -2.0026008492580796, -2.0033506530422653, -2.0040755904346286, -2.004775449554174, -2.005454608299075, -2.0061098846009267, -2.0067429051644297, -2.007351268347143, -2.0079353225594563, -2.008494246466353, -2.0090283288210564, -2.0095381131578214, -2.010025301442583, -2.0104933193397048, -2.0109426609190058, -2.0113744891357555]}