{"FCI": -2.080183418191145, "Energy": -2.0313769463099844, "Loss": [-1.2588272574457002, -1.3165410322602593, -1.3573372838262676, -1.390452784705229, -1.4188908030005594, -1.4440735598534338, -1.4668070742873813, -1.487598478125306, -1.5067890252131606, -1.5246197053050456, -1.5412679009047627, -1.5568694506612273, -1.5715323013004752, -1.5853450764136625, -1.598382583182061, -1.6107094682834513, -1.622382721649248, -1.633453426986573, -1.6439679925478266, -1.6539690070209883, -1.6634958193790434, -1.672584918919976, -1.6812701809016433, -1.6895830357964468, -1.697552610298239, -1.7052058732631679, -1.7125678015251786, -1.719661563827336, -1.7265087105659256, -1.733129354095707, -1.7395423268923578, -1.7457653093283612, -1.7518149226014839, -1.7577067849597632, -1.763455531763576, -1.7690748029759045, -1.7745772049864061, -1.7799742560425873, -1.7852763255116173, -1.7904925774800247, -1.7956309294270796, -1.8006980362242682, -1.8056993073571266, -1.8106389607844848, -1.8155201112990027, -1.8203448863103002, -1.8251145589899795, -1.8298296881676401, -1.834490255826524, -1.8390957955926037, -1.8436455083055776, -1.8481383629695973, -1.8525731828685974, -1.8569487174527584, -1.8612637009600685, -1.8655168988470894, -1.869707143126611, -1.8738333577347457, -1.8778945751056997, -1.8818899452046018, -1.8858187383323775, -1.88968034303862, -1.8934742604387031, -1.8972000961255107, -1.9008575507017107, -1.9044464097625469, -1.9079665339586218, -1.9114178495897076, -1.9148003400392763, -1.918114038258886, -1.9213590204453812, -1.9245354010088511, -1.9276433288955601, -1.9306829852968728, -1.9336545827381322, -1.9365583655014866, -1.9393946112928613, -1.9421636340310184, -1.9448657875846531, -1.947501470314762, -1.950071129402968, -1.9525752498309528, -1.9550138785489648, -1.9573782590399333, -1.9596816499994918, -1.9619308350208449, -1.9640716146805923, -1.9661024983121, -1.9681346909600437, -1.9702121315606584, -1.97221896950941, -1.974140151322778, -1.9759901992898192, -1.977779841165922, -1.9795143083542657, -1.9811965129215976, -1.9828283160306241, -1.9844107199710603, -1.9859438078035871, -1.9874262705854506, -1.988856380668469, -1.9902381780631195, -1.9915878609423312, -1.9929212398400513, -1.9942298579344335, -1.9954948474487606, -1.996725485161145, -1.9979303347411055, -1.9991081575316654, -2.0002468908797573, -2.001349729662112, -2.002415961998438, -2.0034491928070035, -2.0044493195961675, -2.0054191797472165, -2.006359491314123, -2.007272184221419, -2.00816413762594, -2.0090416581278476, -2.0099029462492806, -2.0107422113831905, -2.0115552777439136, -2.0123442443356137, -2.01310595101211, -2.0138428694711834, -2.0145531285131697, -2.015239257331929, -2.0159004033962087, -2.0165394999630553, -2.0171567469245133, -2.0177555899745148, -2.0183356611208843, -2.018899357526229, -2.0194442093703353, -2.019971963465919, -2.0204794471355747, -2.0209688386668216, -2.0214374782415048, -2.021888102959706, -2.022318835078179, -2.022732873743046, -2.0231289152758714, -2.023510372827213, -2.0238759644895485, -2.024228700965514, -2.0245667654694124, -2.02489247121727, -2.0252036688819817, -2.0255023682711704, -2.0257866352911686, -2.0260585292886426, -2.0263165608802174, -2.026562906304887, -2.0267964913261647, -2.0270195490927123, -2.0272312674499386, -2.0274337683075943, -2.0276262621757226, -2.0278105516066107, -2.0279857229871263, -2.028153231700804, -2.0283121366354036, -2.0284637092776867, -2.0286071708200675, -2.028743754180269, -2.0288729403077332, -2.0289959533704693, -2.0291125208474914, -2.0292237956260273, -2.029329671556942, -2.0294311171277175, -2.029528101175573, -2.0296213132698133, -2.0297107688828264, -2.0297968674744755, -2.029879729588738, -2.029959516116941, -2.0300365406162135, -2.030110765617351, -2.0301827554539873, -2.0302522624499257, -2.030320115476236, -2.0303858001673816, -2.030450393256271, -2.03051304664435, -2.0305750616825327, -2.030635222046363, -2.0306950464866773, -2.0307529718137793, -2.0308107450098816, -2.0308665170603897, -2.0309222726863845, -2.030975942267263, -2.0310297367960706, -2.031081413025342, -2.03113336948334, -2.0311832181790472, -2.031233486351821, -2.0312816657509547, -2.0313303507460447]}