{"FCI": -2.166386984981435, "Energy": -1.8933049463749425, "Loss": [-0.17757180842250936, -0.2246604429422657, -0.26198672120016187, -0.2953477045754603, -0.3263772752745111, -0.3557836830639951, -0.3839393597483647, -0.41106266249232615, -0.4372915780082119, -0.46271899823307083, -0.48741138131761597, -0.5114192969275047, -0.5347837355134052, -0.5575401249097977, -0.5797210722910339, -0.601358373514369, -0.622484574414045, -0.6431342269042193, -0.6633449170424233, -0.6831581356909399, -0.7026200798301406, -0.7217824493075797, -0.7407032031089034, -0.7594470918315515, -0.7780855783799626, -0.7966953049112906, -0.8153534088784229, -0.8341276991328811, -0.8530628267320043, -0.8721699254643438, -0.8914275042637988, -0.9107919535921408, -0.9302097254455376, -0.9496260773699426, -0.9689898452363328, -0.9882555105618612, -1.0073837801670085, -1.026341435644296, -1.0451008530083543, -1.0636393879433164, -1.081938717318062, -1.099984177865239, -1.1177641218528693, -1.1352693034079073, -1.152492310157155, -1.1694270577050354, -1.1860683649020538, -1.2024116231354618, -1.2184525629790293, -1.2341871094770966, -1.2496113075799908, -1.264721295125995, -1.2795133027746315, -1.29398366638888, -1.3081288445590775, -1.3219454398856942, -1.3354302261784743, -1.3485801848883836, -1.3613925535067914, -1.3738648871832364, -1.3859951331826206, -1.397781716530869, -1.4092236344612663, -1.4203205569053452, -1.4310729298639115, -1.4414820775929875, -1.4515502979098691, -1.4612809427240774, -1.4706784737079748, -1.4797484817629316, -1.4884976597873172, -1.4969337225554864, -1.505065276298843, -1.5129016533444297, -1.5204527403674006, -1.5277288358379164, -1.5347405668266667, -1.5414988772506282, -1.5480150769946746, -1.5543009253244342, -1.5603687184406738, -1.5662313573985671, -1.5719023823396596, -1.5773959669776005, -1.582726871957724, -1.5879103578401264, -1.59296205942391, -1.597897824010625, -1.6027335175523945, -1.6074848045902692, -1.612166910321652, -1.6167943757143497, -1.6213808188327365, -1.6259387168942587, -1.6304792234439545, -1.6350120329408944, -1.6395453007897627, -1.6440856206980492, -1.648638054090267, -1.6532061996574392, -1.6577922867685853, -1.662397275989772, -1.6670209539933114, -1.6716620178443629, -1.6763181525815305, -1.680986112772734, -1.6856618204203395, -1.6903404873715617, -1.6950167621937533, -1.6996848930719393, -1.7043388931763253, -1.708972694571222, -1.7135802801815434, -1.7181557884387062, -1.722693589970712, -1.7271883389762277, -1.731635003571237, -1.7360288798205676, -1.7403655939132978, -1.7446410964466545, -1.7488516522685082, -1.752993828841851, -1.757064485585373, -1.7610607660604547, -1.7649800942110323, -1.7688201751687287, -1.772579000482005, -1.7762548570806305, -1.779846338871975, -1.7833523595857432, -1.7867721653214077, -1.7901053451883664, -1.7933518384557892, -1.7965119367518012, -1.7995862800308497, -1.8025758455390557, -1.8054819257087331, -1.8083060262605937, -1.8110468179205237, -1.8136577991405027, -1.816206390170971, -1.8187836774173487, -1.8212484928927848, -1.8236324784547988, -1.8259457335165503, -1.828194747683228, -1.8303826411450943, -1.8325122892159629, -1.8345861100613912, -1.8366064302451754, -1.8385752936514657, -1.8404943614626874, -1.8423643973725174, -1.8441849851710004, -1.8459543288345004, -1.8476798151562475, -1.8493732730973789, -1.851044445562886, -1.8526799356743304, -1.8542760591485965, -1.8558317689409056, -1.8573487492755398, -1.8588287157628554, -1.860272192057712, -1.8616802322054424, -1.863052377966846, -1.8643894007842965, -1.865690022265275, -1.8669555605594874, -1.8681834773725654, -1.8693793491772783, -1.8705400281644038, -1.8716830920004799, -1.8727991000939184, -1.8738944142513907, -1.8749546284411318, -1.8759825331638686, -1.876975588916812, -1.877940997295661, -1.8788905181695263, -1.8798183577385412, -1.8807198102564393, -1.881591966704291, -1.8824335343558887, -1.883247776611584, -1.884034134857322, -1.8847986097671963, -1.8855417890698662, -1.8862680392914668, -1.8869739885579917, -1.8876590760943923, -1.8883190727466452, -1.8889533069033078, -1.8895621403131577, -1.8901514274282656, -1.8907301317987508, -1.8912922776865142, -1.8918323647915243, -1.8923475109127743, -1.892837685155862]}