{"FCI": -2.166386984981435, "Energy": -2.133344724645792, "Loss": [-0.6808358583375846, -0.7388152697811574, -0.7812534613480207, -0.8169622815654095, -0.8487431357975044, -0.8778983633826187, -0.9051534056512455, -0.9309567807503287, -0.9556049603029173, -0.9793035183306082, -1.0022002946696604, -1.0244046246552259, -1.0459991357307594, -1.0670473607029691, -1.087598869603058, -1.107692858614261, -1.1273607406849688, -1.1466280679766019, -1.1655159933996788, -1.184042404862734, -1.2022228199524285, -1.2200710990784331, -1.2376000153005404, -1.2548217055484028, -1.2717480187430896, -1.288390770248204, -1.3047619081875454, -1.32087359438755, -1.3367381997490444, -1.3523682099758239, -1.3677760342760934, -1.3829737123134203, -1.397972531517385, -1.4127826020682115, -1.4274124802181145, -1.4418689546079688, -1.4561570869782032, -1.4702805283138722, -1.4842420504343454, -1.4980441854963316, -1.5116898675570538, -1.525183002975938, -1.5385289303201575, -1.551734745762367, -1.5648094619273207, -1.577763942993111, -1.5906105313855834, -1.603362276482759, -1.6160317264573243, -1.6286293738827156, -1.6411620292256683, -1.6536315353567541, -1.6660342056563182, -1.6783611361603603, -1.6905992343643053, -1.7027326087431682, -1.714743956391923, -1.7266157125901986, -1.738330876490098, -1.749873532105174, -1.7612291308370203, -1.7723846085074284, -1.7833283976534346, -1.794050378923287, -1.8045418004538836, -1.8147951831018483, -1.8248042221952983, -1.8345636922052713, -1.8440693583557133, -1.8533178976944182, -1.8623068308155335, -1.8710344640652214, -1.879499840943112, -1.8877027008577074, -1.895643443440537, -1.903323097027648, -1.91074329039069, -1.9179062271744485, -1.9248146627279166, -1.9314718831535833, -1.9378816862491135, -1.9440483614635753, -1.9499765674647436, -1.9556676481289454, -1.9610945727359348, -1.9663537061840546, -1.9714010283182954, -1.9762222395228553, -1.9808396735534468, -1.985268347213618, -1.9895136164173703, -1.9935878632558333, -1.9974936926395028, -2.0012417042968837, -2.0048372338098637, -2.0082922102753917, -2.011613458716266, -2.014813053732708, -2.0178976481327826, -2.020879678763834, -2.0237645355794784, -2.026564560754392, -2.0292834393919383, -2.0319326776885815, -2.034514989905682, -2.037040280448101, -2.039510833395216, -2.04193448997386, -2.0443129833439437, -2.0466521012172203, -2.0489526343290443, -2.0512186328349875, -2.0534497471666793, -2.0556487393788747, -2.0578142074284735, -2.059948035980375, -2.062048039505109, -2.0641155266452156, -2.0661478869730407, -2.0681460983420314, -2.070107467859815, -2.0720328361900955, -2.0739196453498767, -2.0757687165792764, -2.077577725918783, -2.079347544060764, -2.081076126751404, -2.082764434875949, -2.084410735299348, -2.086016091485611, -2.087579114736112, -2.089100965413033, -2.090580640135806, -2.092019393918819, -2.0934166477183918, -2.094773759467784, -2.096090590991828, -2.097368607656767, -2.0986080902704547, -2.099810589634384, -2.1009767382070326, -2.102108105044641, -2.1032055646230154, -2.1042705954153234, -2.1053041885898565, -2.1063076201348063, -2.1072818995531257, -2.108228027741821, -2.109146966878972, -2.1100394027946265, -2.1109061338375867, -2.1117474792768047, -2.112563703727435, -2.1133549004124164, -2.114120215009353, -2.114862024472523, -2.115581193029001, -2.116286909857616, -2.116978253848884, -2.11765184699782, -2.1183004415191244, -2.1189279716446667, -2.119544200422179, -2.1201637025171345, -2.120774656910808, -2.121370827326401, -2.1219435921551684, -2.1224940435522592, -2.123020646807292, -2.123524091256175, -2.124006543669292, -2.124473361331875, -2.124932615304635, -2.125379975659829, -2.1258111864933205, -2.1262241971334856, -2.126620968025248, -2.1270104805280967, -2.127391164005693, -2.1277653534028182, -2.128125113792523, -2.1284711677988417, -2.1287997921545747, -2.129112549564652, -2.1294098692023082, -2.129697301305362, -2.1299816042962045, -2.1302634006297576, -2.1305384937564913, -2.1308048501491546, -2.131061448249296, -2.13131412383276, -2.1315620522665406, -2.131809478479613, -2.1320510749501227, -2.1322878356300334, -2.132515293978622, -2.1327343015998688, -2.1329429647140077, -2.1331449380521543]}