{"FCI": -2.1379697873519112, "Energy": -2.039987735610326, "Loss": [-1.0534047048931914, -1.1025408187452428, -1.1367838308670613, -1.1646301014430198, -1.1886445224836888, -1.2100205242687294, -1.2294287552981467, -1.2472916619990448, -1.2638970030691334, -1.2794521836449226, -1.2941128522394931, -1.3079989929032945, -1.3212045766015892, -1.3338038766042024, -1.3458560706336145, -1.3574088734105008, -1.3685014521731158, -1.379166695685606, -1.3894329031661494, -1.3993249980163092, -1.4088653854042703, -1.4180745581871317, -1.4269715289453588, -1.4355741397585702, -1.4438992803635917, -1.4519630296499577, -1.459780725024332, -1.4673669616593776, -1.4747355335119512, -1.4818993482311877, -1.4888703612372434, -1.4956595607240757, -1.5022770035616915, -1.5087318828184966, -1.5150326123537812, -1.5211869257115191, -1.5272019887919126, -1.5330845190974098, -1.538840899014028, -1.5444772729273641, -1.5499996253348838, -1.5554138430780686, -1.5607257658069442, -1.5659412262520516, -1.571066078630458, -1.576106212963543, -1.581067552374214, -1.5859560367830665, -1.590777582274197, -1.5955380139426543, -1.6002420199496914, -1.604878298530865, -1.609291469192832, -1.6139213047862124, -1.6185003597430452, -1.623023493294412, -1.6274981592479767, -1.6319445270432071, -1.6363681773940597, -1.6407743507743389, -1.6451654318180204, -1.64954395277124, -1.6539109129399763, -1.6582669431631614, -1.6626100101433987, -1.6669380405488865, -1.6712451385221645, -1.6755428814770044, -1.6798397637362972, -1.68414684553105, -1.688449800722091, -1.6927383245429803, -1.6970105746116104, -1.701264694837292, -1.7055040006757525, -1.709726230329776, -1.7139340138618384, -1.7181236926182462, -1.7222979898390836, -1.7264517361406562, -1.7305896432644259, -1.734704906853467, -1.7388061229442002, -1.7428837067725023, -1.746948299472667, -1.7509873862074279, -1.7550115260725725, -1.759008256359631, -1.7629877440416284, -1.7669389801882254, -1.7708715947732083, -1.7747753659056027, -1.7786596398049235, -1.782514076019302, -1.7863484501485003, -1.7901516172707954, -1.7939345579516217, -1.7976848796307152, -1.801415148685539, -1.8051116457610095, -1.808788239177473, -1.8124302856536414, -1.8160522739179608, -1.8196393054928264, -1.8232058888133333, -1.8267373700574931, -1.830247993158037, -1.8337234829677183, -1.8371778151899003, -1.8405969680946097, -1.8439947964329144, -1.8473573479695267, -1.8506985302516448, -1.8540043701499054, -1.8572889188336072, -1.8605382428520847, -1.863766446302257, -1.866959739486924, -1.8701319990111487, -1.873269601308768, -1.8763859942863723, -1.879467782726236, -1.88252805798439, -1.8855537400950357, -1.8885576659931904, -1.8915270514461007, -1.8944745063777948, -1.8973875449943245, -1.9002786901329118, -1.9031359562375156, -1.905972035645903, -1.9087755532901336, -1.9115588701008208, -1.9143105857993716, -1.9170418079912657, -1.9197413329873383, -1.9224194763831552, -1.9250659681309006, -1.9276906196343253, -1.9302840391454803, -1.9328553784655917, -1.9353959584770661, -1.93791425974939, -1.940402322025146, -1.9428681236854035, -1.9453043827083736, -1.947718612823695, -1.9501038847755587, -1.9524670955350838, -1.9548014192622727, -1.9571132810187455, -1.9593961075107795, -1.9616561500366374, -1.9638872196618888, -1.9660953820944886, -1.9682748002297088, -1.9704311285727076, -1.9725588983152034, -1.9746632346235773, -1.976739137206738, -1.9787912738419722, -1.9808150948087364, -1.9828149666069772, -1.9847866091286792, -1.986734342081241, -1.9886539935480743, -1.9905500976470336, -1.9924183851584036, -1.9942634918351978, -1.9960807903062816, -1.9978748486763407, -1.9996408613478691, -2.001383362788223, -2.003097103821163, -2.0047830050940187, -2.0064210484389626, -2.008007099702551, -2.009622352178578, -2.0112532296873087, -2.0128456756074615, -2.0143950007175526, -2.0159007878462636, -2.0173681824616003, -2.018810352889483, -2.020217241173175, -2.0216305973437567, -2.023037229234669, -2.0244111536579448, -2.025751496648599, -2.02706249698426, -2.0283526015232645, -2.029621624999051, -2.030872250221126, -2.0320992848265553, -2.0333027758547133, -2.0344791951233523, -2.0356283925583596, -2.0367505283051237, -2.0378469070878213, -2.0389253227741553]}