{"FCI": -2.180316558115521, "Energy": -2.1504720648097653, "Loss": [-0.18168957581715023, -0.238271085849548, -0.2806960699178668, -0.3172220356819663, -0.35039563805351687, -0.3813833145342993, -0.4108318703509977, -0.43914462142005534, -0.46659440048587875, -0.49337724633403457, -0.5196404752210803, -0.5454982457429158, -0.5710404795222552, -0.5963381010566261, -0.6214463359822618, -0.6464072646019724, -0.6712524207919127, -0.696005729055644, -0.7206865754401609, -0.7453124948403338, -0.7699008774103897, -0.7944691717245745, -0.8190332532055896, -0.8436040267237773, -0.8681830250384784, -0.8927585039292996, -0.9173036789891258, -0.9417778883953403, -0.9661301394949374, -0.9903037237090446, -1.0142406725629098, -1.0378853227761964, -1.0611867601730762, -1.0841002605314136, -1.1065879900039928, -1.1286192249533058, -1.1501702909349278, -1.17122435729357, -1.1917711755811466, -1.2118068180731123, -1.231333452993427, -1.250359180491532, -1.268897942523802, -1.2869695046309568, -1.3045994814177777, -1.321819332914703, -1.338666189655489, -1.355182273091132, -1.3714135969774546, -1.3874076523858372, -1.403210027266665, -1.418860445186307, -1.4343892856913123, -1.4498157457330978, -1.4651481390378087, -1.4803858627613213, -1.495522041504869, -1.5105460044123116, -1.525445195845694, -1.5402064786068645, -1.55481694927753, -1.569264410677761, -1.583537618985462, -1.5976263882612658, -1.6115216077575538, -1.62521520841912, -1.6387001019848968, -1.651970107152409, -1.6650198713597248, -1.6778447931575424, -1.6904409481393412, -1.70280502028764, -1.7149342399237877, -1.7268263289815373, -1.7384794539574027, -1.7498921865796289, -1.7610634719570304, -1.771992603710032, -1.7826792053519764, -1.7931232169947768, -1.8033248863189453, -1.813284762691914, -1.8230036933465965, -1.8324828206385373, -1.8417235795653006, -1.8507276949302158, -1.8594971777365492, -1.8680343205850412, -1.8763416920001954, -1.8844221297237163, -1.892278733080977, -1.8999148545563258, -1.9073340907081389, -1.9145402725243001, -1.9215374552692628, -1.9283299078156388, -1.9349221013896374, -1.941318697601688, -1.9475245355819473, -1.9535446180025655, -1.9593840957447175, -1.9650482509612033, -1.970542478296282, -1.9758722640528834, -1.9810431631478764, -1.9860607737666975, -1.9909307097258828, -1.995658570672837, -2.000249910398049, -2.004710203703345, -2.0090448124492224, -2.013258951590797, -2.017357656181982, -2.021345750468848, -2.0252278202813807, -2.0290081899505896, -2.032690904904748, -2.0362797209250028, -2.0397781007555573, -2.043189218367246, -2.046515970682996, -2.0497609960244088, -2.0529266980035374, -2.0560152731500674, -2.0590287403170255, -2.0619689698974466, -2.064837711104256, -2.067636615962565, -2.07036725915743, -2.073031153380256, -2.075629760259555, -2.0781644972971254, -2.0806367414474956, -2.0830478300800324, -2.0853990600881342, -2.0876916858198413, -2.0899269165216, -2.09210590402384, -2.0942293316779845, -2.096278703046498, -2.098246343211705, -2.100262746920334, -2.102188495216293, -2.1040518064748523, -2.1058629951660777, -2.1076126587910062, -2.1092558505822234, -2.110763872954829, -2.112442680489804, -2.1141334275987234, -2.1157203476014623, -2.1172276487004416, -2.118680004544324, -2.120083800259686, -2.1214440716914957, -2.122761846828722, -2.124042464721225, -2.1252819955618416, -2.126481062601659, -2.1276337740815734, -2.1287388112025054, -2.1297913797276213, -2.1308160672672063, -2.1318302614164475, -2.1328348803686588, -2.1337967667642754, -2.134714428728349, -2.1355896772653797, -2.1364345172563546, -2.137254488465043, -2.1380461371054187, -2.1388039265714935, -2.1395261381579767, -2.1402108362991448, -2.1408637555757326, -2.1414845009685597, -2.1420827924102803, -2.1426550292522197, -2.1432087213236533, -2.1437354820107486, -2.1442395949490463, -2.1447160626043438, -2.1451704827530946, -2.1456046812113034, -2.146020690018988, -2.146414149269462, -2.1467879475249165, -2.1471391563160505, -2.1474734456440743, -2.147787360437519, -2.1480876183697797, -2.148370066023119, -2.1486420424757013, -2.1488988659484125, -2.149148351395575, -2.1493859284535253, -2.1496190604869527, -2.1498419482599624, -2.1500603673630363, -2.1502683452333886]}