{"FCI": -2.180316558115521, "Energy": -2.1605610653883796, "Loss": [-0.2503044102672769, -0.3164300597435903, -0.36497739913350363, -0.40563044488336725, -0.4415355304735957, -0.4741913656024657, -0.504461592199953, -0.5329033606931609, -0.559898646401288, -0.5857148680716023, -0.6105399080587811, -0.6345072730861334, -0.6577142734024105, -0.6802337590088758, -0.7021212153412636, -0.7234193360811618, -0.7441614170089843, -0.764374068574709, -0.7840793199984541, -0.8032961319982715, -0.8220414084406727, -0.8403306434415618, -0.8581783329193793, -0.8755982460597613, -0.8926036177872901, -0.9092072980405833, -0.9254218778467579, -0.9412598032687751, -0.9567334835933461, -0.9718553977635301, -0.9866382019160528, -1.00109484035457, -1.015238662074026, -1.029083544898891, -1.0426440293263024, -1.0559354642081535, -1.0689741663884298, -1.081777596225604, -1.0943645504169974, -1.1067553724628296, -1.1189721791230351, -1.1310390978693758, -1.1429825050740485, -1.154831247000975, -1.166616815449637, -1.178373437982907, -1.190138031684941, -1.2019499643458729, -1.2138505744097619, -1.2258824254390832, -1.238088308558564, -1.2505100422022737, -1.2631871346945192, -1.2761553728911876, -1.2894454104938036, -1.3030814822997383, -1.3170804357947261, -1.3314512610020914, -1.346195166965612, -1.3613060761046683, -1.3767713180318746, -1.3925723488980293, -1.4086854332823295, -1.4250823111191708, -1.4417308936679774, -1.4585960079684284, -1.4756401758245903, -1.492824395893693, -1.5101088983150985, -1.527453849772513, -1.5448199936908826, -1.5621692130855178, -1.5794650019369763, -1.5966728232456384, -1.6137603256711173, -1.630697414930324, -1.6474562433712636, -1.6640112170593802, -1.6803390555032869, -1.6964188541337757, -1.7122320815900367, -1.7277624766449602, -1.7429958662683698, -1.7579199782665946, -1.772524312424605, -1.7868000682218035, -1.8007400844870176, -1.8143387550695982, -1.82759190950528, -1.840496665447589, -1.8530512703342719, -1.8652549531281108, -1.8771077976839616, -1.88861062913938, -1.8997648894368464, -1.910572485379556, -1.9210356226816716, -1.9311566684187362, -1.9409380827655454, -1.9503824274095787, -1.9594924238158087, -1.9682710259363472, -1.97672148477966, -1.9848473981462424, -1.9926527475967142, -2.0001419265689884, -2.0073197620856322, -2.0141915303597955, -2.0207629650403964, -2.027040256279696, -2.033030039418342, -2.0387393738085575, -2.0441757146060255, -2.0493468821167804, -2.054261033207784, -2.0589266370683412, -2.0633524544740367, -2.0675475175425992, -2.0715211067381776, -2.075282723093067, -2.078842055151035, -2.0822089411994162, -2.0853933277527363, -2.08840522515152, -2.0912546608040357, -2.093951630230043, -2.0965060457912, -2.0989276828838763, -2.101226123453053, -2.103410696959862, -2.1054904193669524, -2.1074739312434576, -2.10936943667509, -2.1111846451731116, -2.112926719323867, -2.114602229505036, -2.1162170840427024, -2.1177746536508666, -2.119221216598765, -2.1206315323062506, -2.122113565992763, -2.123520139420699, -2.1248722432366676, -2.1261795912214776, -2.127450180329732, -2.1286855165939094, -2.1298880698908147, -2.1310578542204466, -2.1321960925417747, -2.1333013854668583, -2.134374025052087, -2.1354085805608043, -2.136410929041996, -2.1373779793540097, -2.138341034617791, -2.139280709659286, -2.140203264203108, -2.1410924335033314, -2.141954143922087, -2.1427882877649056, -2.1435967685864328, -2.144379890596562, -2.1451389686993996, -2.145873416057385, -2.1465852183359897, -2.1472725757659763, -2.1479399877673897, -2.148585138745013, -2.14921629372519, -2.149828660698296, -2.1504279606872947, -2.1510078461228286, -2.151571370574121, -2.15211545957645, -2.1526425098506325, -2.1531507440062834, -2.1536424775278653, -2.1541155072587634, -2.15457295334002, -2.1550117080423514, -2.1554359614558405, -2.1558413691883453, -2.156232513846886, -2.1566036471963623, -2.156958927054855, -2.1572924052141147, -2.157609647001803, -2.157908248736221, -2.1581980073077975, -2.1584761685073155, -2.1587468076502834, -2.159001063856559, -2.1592412769894187, -2.1594614948563877, -2.159666357676541, -2.159851897782609, -2.160023142708283, -2.160176678746975, -2.1603178204407, -2.1604438997699162]}