{"FCI": -0.9861936863274511, "Energy": -0.9861916776041445, "Loss": [-0.8874270325406786, -0.8897619520294013, -0.892073135968121, -0.8943573501650413, -0.8966186142434437, -0.8988564859046918, -0.9010683241752767, -0.9032497988206287, -0.905407896706468, -0.907537348045064, -0.9096365362742153, -0.9117092876518291, -0.9137531528136446, -0.9157660606129056, -0.9177505382849477, -0.9197069792698421, -0.9216347313324424, -0.9235360759350996, -0.9254139278767773, -0.9272703516923507, -0.929106832664412, -0.9309241746582727, -0.9327225741967899, -0.9345018402220993, -0.9362615356513848, -0.9380010366400187, -0.9397195561146516, -0.9414161571532889, -0.943089765239413, -0.9447391817033525, -0.9463630985416308, -0.9479601142931995, -0.9495287506176063, -0.9510674692950867, -0.9525746894460716, -0.9540488048252725, -0.9554882010836376, -0.9568912729154506, -0.9582564410226853, -0.9595821688378764, -0.9608669789526739, -0.9621094692032679, -0.9633083283666466, -0.964462351423518, -0.965570454344483, -0.9666316883552175, -0.9676452536335998, -0.9686105123856956, -0.9695270012375276, -0.9703944428645147, -0.9712127567587229, -0.9719820690050842, -0.9727027208999525, -0.9733752761987873, -0.9740005267242593, -0.9745794960035578, -0.9751134405372784, -0.9756038482378876, -0.9760524335218912, -0.9764611285088475, -0.9768320697867211, -0.9771675802643562, -0.9774701457640926, -0.9777423862236664, -0.9779870216795583, -0.9782068335836986, -0.9784046224330909, -0.9785831631209807, -0.978745159788464, -0.9788932022029012, -0.9790297257604754, -0.9791569770744819, -0.9792769867717167, -0.9793915506137992, -0.9795022194538813, -0.979610297910631, -0.9797168510674434, -0.9798227180466315, -0.9799285310026588, -0.9800347379356835, -0.9801416277345304, -0.9802493559878849, -0.980357970317181, -0.9804674342462583, -0.9805776488976894, -0.9806884720672795, -0.980799734458697, -0.9809112530496366, -0.9810228417059152, -0.9811343192620435, -0.9812455153508877, -0.9813562742972399, -0.9814664573973984, -0.9815759438960252, -0.9816846309482634, -0.9817924328244885, -0.9818992795809912, -0.9820051153849738, -0.9821098966487465, -0.9822135900967708, -0.9823161708611382, -0.9824176206762768, -0.9825179262223055, -0.9826170776483734, -0.9827150672924736, -0.9828118886023062, -0.9829075352527908, -0.9830020004492502, -0.9830952764010381, -0.9831873539478562, -0.9832782223199971, -0.9833678690136822, -0.9834562797632905, -0.9835434385934041, -0.9836293279347472, -0.9837139287897055, -0.9837972209344167, -0.9838791831461645, -0.9839597934462649, -0.9840390293503569, -0.9841168681194851, -0.9841932870068159, -0.9842682634960875, -0.9843417755289618, -0.9844138017192342, -0.9844843215525626, -0.9845533155708299, -0.9846207655406598, -0.9846866546059109, -0.9847509674243058, -0.9848136902884979, -0.9848748112321597, -0.9849343201217563, -0.9849922087347325, -0.9850484708248649, -0.9851031021755147, -0.9851561006413279, -0.9852074661790561, -0.9852572008678894, -0.985305308919832, -0.9853517966805052, -0.9853966726207917, -0.9854399473197126, -0.9854816334389043, -0.98552174568904, -0.9855603007884401, -0.985597317414239, -0.9856328161462793, -0.9856668194040614, -0.9856993513769716, -0.9857304379481604, -0.9857601066123318, -0.9857883863878927, -0.985815307723787, -0.9858409024014866, -0.9858652034325475, -0.985888244952226, -0.9859100621096142, -0.9859306909548469, -0.9859501683239315, -0.9859685317217582, -0.9859858192039379, -0.9860020692580591, -0.9860173206850024, -0.9860316124809612, -0.986044983720781, -0.9860574734432518, -0.9860691205389596, -0.986079963641312, -0.9860900410212972, -0.986099390486548, -0.9861080492852129, -0.9861160540151368, -0.9861234405387571, -0.9861302439041182, -0.9861364982723233, -0.9861422368517105, -0.9861474918389668, -0.9861522943673452, -0.9861566744620912, -0.9861606610030961, -0.9861642816947991, -0.9861675630432151, -0.9861705303399847, -0.9861732076532145, -0.9861756178249007, -0.9861777824746207, -0.986179722009177, -0.9861814556378046, -0.9861830013925391, -0.9861843761533428, -0.9861855956774843, -0.9861866746327491, -0.98618762663398, -0.9861884642824782, -0.9861891992077579, -0.9861898421112449, -0.9861904028113939, -0.9861908902898073, -0.9861913127379713]}