{"FCI": -0.9518658984539203, "Energy": -0.9494901505169053, "Loss": [-0.7964807101490899, -0.7990331568997195, -0.8015717180045274, -0.8040946976707477, -0.806600513750747, -0.8090990157301593, -0.8115764988575268, -0.8140394427237995, -0.816491536836755, -0.8189325633290789, -0.8213699146388709, -0.8238087660823855, -0.8262516277549611, -0.8286999026735024, -0.8311544797592306, -0.8336159210453538, -0.8360845051855749, -0.8385602402112943, -0.8410428745133197, -0.8435319100285313, -0.846026616913505, -0.848526048795058, -0.8510290580977218, -0.853534311255171, -0.8560403037743358, -0.8585453751894077, -0.8610477239614998, -0.8635454223742643, -0.8660364314598474, -0.8685186159704827, -0.8709897593921129, -0.8734475789790984, -0.8758897407743363, -0.8783138745666318, -0.8807175887273522, -0.8830984848608291, -0.8854541721974937, -0.8877822816553538, -0.8900804794937125, -0.8923464804829584, -0.8945780605157106, -0.8967730685873376, -0.8989294380777226, -0.9010451972711988, -0.9031184790573517, -0.9051475297621518, -0.9071307170660423, -0.9090665369736136, -0.9109536198075701, -0.9127907352083189, -0.9145767961290855, -0.9163108618251452, -0.9179921398443747, -0.9196199870346405, -0.9211939095915708, -0.922713562177949, -0.9241787461529692, -0.9255894069561563, -0.9269456306965744, -0.9282476400030238, -0.9294957891953066, -0.9306905588400625, -0.9318325497575134, -0.9329224765471776, -0.9339611607017497, -0.9349495233785621, -0.9358885778975057, -0.9367794220330916, -0.9376232301663894, -0.938421245360145, -0.9391747714172732, -0.9398851649795308, -0.9405538277192469, -0.9411821986729221, -0.9417717467610791, -0.9423239635342983, -0.9428403561808227, -0.9433224408265454, -0.943771736153725, -0.9441897573604585, -0.9445780104786947, -0.9449379870646776, -0.945271159271925, -0.9455789753133825, -0.9458628553162118, -0.9461241875697066, -0.9463643251641642, -0.9465845830161634, -0.9467862352734593, -0.9469705130908372, -0.9471386027664551, -0.9472916442267167, -0.9474307298462876, -0.9475569035886402, -0.9476711604514826, -0.9477744462003816, -0.9478676573732058, -0.9479516415371774, -0.9480271977798842, -0.9480950774151369, -0.9481559848842459, -0.9482105788332258, -0.948259473346341, -0.9483032393166705, -0.9483424059345837, -0.9483774622754828, -0.948408858968764, -0.9484370099306347, -0.948462294144189, -0.948485057471137, -0.9485056144804673, -0.9485242502804518, -0.9485412223414065, -0.9485567622978354, -0.9485710777196263, -0.9485843538431331, -0.94859675525414, -0.9486084275156622, -0.9486194987347806, -0.9486300810635523, -0.948640272130102, -0.9486501563969345, -0.9486598064442942, -0.9486692841772777, -0.94867864195616, -0.9486879236499994, -0.9486971656143155, -0.9487063975941414, -0.948715643554222, -0.9487249224386594, -0.9487342488625402, -0.9487436337385219, -0.9487530848414811, -0.9487626073145947, -0.9487722041203317, -0.9487818764398764, -0.9487916240246016, -0.9488014455031629, -0.9488113386477285, -0.9488213006028369, -0.9488313280801994, -0.9488414175227189, -0.9488515652407905, -0.9488617675238264, -0.9488720207297853, -0.9488823213553169, -0.9488926660889399, -0.9489030518495178, -0.9489134758121127, -0.9489239354231422, -0.9489344284065542, -0.9489449527626295, -0.9489555067607828, -0.9489660889276821, -0.9489766980317506, -0.948987333065062, -0.9489979932234606, -0.9490086778856401, -0.9490193865917823, -0.9490301190222833, -0.9490408749769615, -0.9490516543550962, -0.9490624571365552, -0.9490732833641768, -0.9490841331275949, -0.9490950065485202, -0.9491059037675841, -0.9491168249327178, -0.9491277701890456, -0.9491387396702602, -0.9491497334914005, -0.9491607517429566, -0.9491717944862021, -0.9491828617496556, -0.9491939535265717, -0.949205069773345, -0.9492162104087072, -0.9492273753136464, -0.9492385643319011, -0.9492497772709614, -0.9492610139034788, -0.9492722739689741, -0.9492835571758256, -0.9492948632033904, -0.9493061917042629, -0.9493175423065661, -0.9493289146162811, -0.9493403082195075, -0.9493517226846888, -0.9493631575647253, -0.9493746123989868, -0.9493860867151784, -0.9493975800310883, -0.9494090918561511, -0.9494206216928882, -0.9494321690381703, -0.9494437333843478, -0.9494553142202107, -0.949466911031817, -0.9494785233031944]}