{"FCI": -1.0270387941378512, "Energy": -1.0270387940905956, "Loss": [-0.9603716238196679, -0.9625459188633343, -0.9646865155864095, -0.9667926753520075, -0.968863537073497, -0.9708899775462544, -0.9728974928498948, -0.9748528881247482, -0.9767775039040874, -0.9786680250009021, -0.9805135133854554, -0.9823181228190653, -0.9840879561831669, -0.9858180666490766, -0.9875040088052918, -0.9891489042995454, -0.9907557513251688, -0.9923216563257218, -0.9938438790402229, -0.9953243119669736, -0.9967651652160454, -0.9981648787365799, -0.9995216123115425, -1.0008366564898692, -1.002111815098979, -1.0033463097283186, -1.0045390186009633, -1.0056910617881523, -1.0068039439625178, -1.0078773077466736, -1.008910657368757, -1.009905172630303, -1.0108621012834804, -1.011781316691114, -1.0126628889855582, -1.0135081147693075, -1.0143179825875979, -1.0150925539295403, -1.0158324181018412, -1.0165388998119074, -1.017212729780835, -1.017854231885396, -1.0184644131417913, -1.0190444479904515, -1.0195949026317097, -1.020116467374854, -1.0206103340936614, -1.0210773980659182, -1.0215182806068404, -1.021934002642653, -1.022325630412871, -1.0226938707411308, -1.0230395893478668, -1.0233638637320595, -1.0236675013326537, -1.023951282185208, -1.0242162148925116, -1.0244631570864837, -1.0246928481355315, -1.024906206882966, -1.0251040856417317, -1.0252871945577287, -1.0254563655872548, -1.0256124066942651, -1.0257559915234251, -1.025887871713886, -1.0260087882891644, -1.0261193660850856, -1.0262202805516174, -1.026312194077182, -1.026395672476524, -1.0264713167038941, -1.0265397052738623, -1.0266013392701683, -1.0266567457488531, -1.0267064182978902, -1.0267507921221244, -1.026790320858786, -1.0268254155435885, -1.0268564478991635, -1.026883799037138, -1.026907803145379, -1.0269287728307723, -1.0269470185393355, -1.0269628064440004, -1.0269763946440733, -1.026988026698119, -1.0269979117337131, -1.0270062569858116, -1.0270132459675931, -1.027019041784723, -1.027023803648769, -1.0270276653005324, -1.0270307524016427, -1.027033179970745, -1.0270350441010743, -1.0270364379810983, -1.027037439377469, -1.0270381172907077, -1.0270385354821978, -1.0270387444303035, -1.0270387922190043, -1.027038717784518, -1.0270385538959075, -1.027038330421811, -1.0270380690326453, -1.027037790232961, -1.0270375089419894, -1.0270372370208871, -1.027036984586634, -1.0270367573535575, -1.0270365609570586, -1.0270363976340002, -1.027036268964685, -1.0270361752790906, -1.0270361152602039, -1.0270360878651308, -1.0270360903011364, -1.0270361203484135, -1.027036174811889, -1.0270362506311108, -1.0270363447388857, -1.0270364537447798, -1.0270365748616261, -1.0270367048680307, -1.0270368412735515, -1.0270369813589058, -1.027037122953395, -1.0270372639742018, -1.027037402624472, -1.0270375374463123, -1.0270376670703745, -1.0270377905792616, -1.027037907051866, -1.0270380160074313, -1.0270381169498488, -1.0270382097375195, -1.0270382942399598, -1.0270383705705322, -1.027038438884849, -1.0270384994791626, -1.0270385527109636, -1.0270385989970447, -1.0270386388187913, -1.0270386726597334, -1.02703870105934, -1.0270387245226875, -1.02703874359581, -1.0270387587693282, -1.0270387705584119, -1.0270387794126628, -1.0270387857917038, -1.0270387900867088, -1.0270387926878057, -1.0270387939186159, -1.0270387940944432, -1.0270387934692087, -1.027038792284605, -1.0270387907280998, -1.0270387889736448, -1.0270387871493354, -1.0270387853701963, -1.027038783714337, -1.0270387822482068, -1.0270387810103487, -1.0270387800293617, -1.0270387793145814, -1.0270387788670632, -1.0270387786764381, -1.0270387787255018, -1.0270387789922832, -1.0270387794492546, -1.02703878006925, -1.027038780820838, -1.0270387816763167, -1.027038782605211, -1.0270387835823336, -1.0270387845814979, -1.0270387855817524, -1.0270387865630894, -1.0270387875095748, -1.0270387884079415, -1.0270387892474546, -1.0270387900210851, -1.0270387907231093, -1.0270387913515278, -1.02703879190514, -1.027038792385506, -1.0270387927951288, -1.0270387931378295, -1.0270387934186567, -1.0270387936427683, -1.027038793816417, -1.0270387939454804, -1.0270387940362677, -1.0270387940948167, -1.027038794126768, -1.0270387941377104, -1.0270387941324088, -1.027038794115412]}