{"FCI": -0.9496551119950212, "Energy": -0.947414468774348, "Loss": [-0.7879436179451581, -0.7905180679364829, -0.7930794471951385, -0.7956253905294843, -0.7981574375409921, -0.8006794956362, -0.8031843576460201, -0.805672380231392, -0.80814891570475, -0.8106107269990437, -0.8130631417699571, -0.8155136827149715, -0.8179669400544604, -0.8204253481893459, -0.8228902609043778, -0.8253626450596775, -0.8278432043933076, -0.8303323660000058, -0.8328302697826931, -0.8353367727307845, -0.8378514616141178, -0.8403736692134227, -0.8429024916643291, -0.84543680589158, -0.8479752867777974, -0.8505164240021194, -0.8530585385960956, -0.8555997992945684, -0.8581382387541782, -0.8606717696927582, -0.8631982009799966, -0.8657152536868821, -0.8682205770814105, -0.8707117645406949, -0.8731863693356035, -0.8756419202328667, -0.8780759368512414, -0.8804859447022753, -0.8828694898424865, -0.8852241530620095, -0.887547563534594, -0.8898374118554885, -0.8920914623965607, -0.8943075649121772, -0.8964836653345463, -0.8986178157033986, -0.9007081831817876, -0.9027530581173043, -0.9047508611162115, -0.9067001491062867, -0.9085996203729794, -0.910448118562259, -0.9122446356522751, -0.9139883139046554, -0.9156784468146342, -0.9173144790872585, -0.9188960056744337, -0.9204227699146488, -0.9218946608235187, -0.9233117095890102, -0.9246740853300578, -0.9259820901814009, -0.927236153770729, -0.9284368271566082, -0.9295847762972691, -0.9306807751210009, -0.9317256982688779, -0.9327205135796512, -0.9336662743851251, -0.9345641116820332, -0.9354152262437274, -0.9362208807315634, -0.9369823918621827, -0.9377011226827024, -0.9383784750015058, -0.9390158820176615, -0.9396148011873746, -0.9401767073610573, -0.9407030862199758, -0.9411954280367497, -0.9416552217795155, -0.9420839495753301, -0.9424830815443115, -0.942854071012201, -0.9431983501056288, -0.9435173257310476, -0.9438123759354792, -0.9440848466446249, -0.9443360487715132, -0.9445672556869578, -0.944779701041232, -0.9449745769249683, -0.9451530323559394, -0.9453161720773786, -0.9454650556525807, -0.945600696839856, -0.9457240632313393, -0.9458360761387767, -0.9459376107090909, -0.9460294962524163, -0.9461125167651766, -0.9461874116308866, -0.9462548764814516, -0.9463155642019917, -0.9463700860625526, -0.9464190129604478, -0.9464628767574722, -0.9465021716967665, -0.9465373558847913, -0.9465688528244628, -0.9465970529863318, -0.9466223154053903, -0.9466449692919615, -0.9466653156459148, -0.9466836288643607, -0.9467001583337673, -0.9467151299983775, -0.9467287478975854, -0.9467411956658299, -0.946752637989323, -0.9467632220147506, -0.9467730787058486, -0.9467823241444536, -0.9467910607733372, -0.9467993785787998, -0.9468073562115571, -0.9468150620451098, -0.9468225551712293, -0.9468298863327351, -0.9468370987941569, -0.9468442291512997, -0.9468513080810194, -0.9468583610329326, -0.9468654088649334, -0.9468724684247157, -0.9468795530795988, -0.9468866731971813, -0.9468938365793715, -0.9469010488524694, -0.946908313816034, -0.9469156337531837, -0.9469230097051013, -0.9469304417123643, -0.9469379290257093, -0.9469454702887978, -0.9469530636954004, -0.9469607071233757, -0.9469683982476602, -0.946976134634453, -0.9469839138185476, -0.9469917333657658, -0.9469995909222104, -0.9470074842520444, -0.9470154112652371, -0.9470233700367869, -0.9470313588185927, -0.9470393760452294, -0.9470474203346231, -0.9470554904846025, -0.9470635854661421, -0.9470717044140845, -0.9470798466159421, -0.9470880114993665, -0.9470961986188029, -0.947104407641676, -0.9471126383345201, -0.9471208905493133, -0.9471291642102208, -0.9471374593009853, -0.9471457758530611, -0.9471541139346142, -0.9471624736404463, -0.9471708550829006, -0.9471792583837473, -0.9471876836670476, -0.9471961310529907, -0.9472046006526518, -0.9472130925636164, -0.9472216068664419, -0.9472301436218844, -0.9472387028687981, -0.9472472846226812, -0.9472558888747888, -0.9472645155916977, -0.9472731647153463, -0.9472818361633928, -0.9472905298299019, -0.9472992455862572, -0.947307983282281, -0.9473167427474825, -0.947325523792439, -0.9473343262102021, -0.947343149777766, -0.9473519942575325, -0.9473608593987417, -0.9473697449388778, -0.9473786506050015, -0.9473875761150199, -0.9473965211788623, -0.9474054854995835]}