{"FCI": -0.947683849035273, "Energy": -0.8578149228850284, "Loss": [-0.779717128847576, -0.7823131249504054, -0.7841373526575508, -0.7856201910052342, -0.7868996278002943, -0.7880402854143063, -0.7890785065953215, -0.7900371123981842, -0.7909315117905107, -0.7917589361476423, -0.7925650019040058, -0.7933260871823298, -0.7940503604939269, -0.7947444619804507, -0.7954120542716618, -0.7960560540149169, -0.7966792636303773, -0.7972851007594909, -0.7978788385390916, -0.7984681660522165, -0.7990598848734686, -0.7996556818853088, -0.8002533766135861, -0.8008500440528697, -0.8014433673196709, -0.802031787541494, -0.8026143305889131, -0.8031904220726908, -0.8037597511197003, -0.8043221790234897, -0.8048776794659892, -0.8054262994205998, -0.8059681333736467, -0.8065033061468531, -0.8070319613335649, -0.8075542534480675, -0.808070342564694, -0.808580390648257, -0.8090845590468367, -0.8095830067915782, -0.810075889461414, -0.8105633584458218, -0.8110455604892557, -0.8115226374352965, -0.8119947261123034, -0.8124619583189199, -0.8129244608794406, -0.8133823557473328, -0.8138357601411746, -0.8142847867015695, -0.8147295436607026, -0.8151701350185194, -0.81560666072116, -0.8160392168385279, -0.8164678957388187, -0.8168927862584604, -0.8173139738664348, -0.8177315408223913, -0.8181455663280793, -0.8185561266720385, -0.8189632953674154, -0.8193671432830635, -0.8197677387680284, -0.8201651477696537, -0.820559433945526, -0.8209506587695277, -0.8213388816322735, -0.821724159936182, -0.8221065491854851, -0.8224861030714267, -0.8228628735529189, -0.8232369109329051, -0.8236082639306758, -0.8239769797503539, -0.8243431041458046, -0.8247066814821287, -0.8250677547939858, -0.8254263658408852, -0.8257825551596676, -0.8261363621143039, -0.8264878249431824, -0.826836980804037, -0.8271838658166286, -0.8275285151033401, -0.8278709628277805, -0.8282112422315131, -0.8285493856690301, -0.8288854246410646, -0.8292193898263022, -0.8295513111116536, -0.8298812176210837, -0.830209137743135, -0.8305350991571906, -0.8308591288585604, -0.8311812531824229, -0.8315014978267282, -0.8318198878740833, -0.8321364478126716, -0.8324512015562963, -0.8327641724635412, -0.8330753833561164, -0.833384856536459, -0.8336926138045657, -0.8339986764741503, -0.8343030653881338, -0.8346058009334952, -0.8349069030555464, -0.8352063912716033, -0.8355042846841441, -0.8358006019934391, -0.836095361509683, -0.8363885811646709, -0.8366802785230089, -0.8369704707929221, -0.837259174836625, -0.8375464071803398, -0.8378321840239062, -0.8381165212500685, -0.8383994344334038, -0.8386809388489284, -0.8389610494804074, -0.839239781028364, -0.839517147917785, -0.8397931643055906, -0.8400678440878154, -0.8403412009065515, -0.8406132481566618, -0.8408839989922431, -0.8411534663328971, -0.8414216628697714, -0.8416886010714031, -0.841954293189382, -0.8422187512638094, -0.8424819871285874, -0.8427440124165473, -0.843004838564395, -0.8432644768175096, -0.8435229382345889, -0.8437802336921532, -0.8440363738888954, -0.844291369349903, -0.8445452304307707, -0.8447979673215424, -0.8450495900505787, -0.8453001084882815, -0.8455495323507156, -0.8457978712031206, -0.8460451344633231, -0.8462913314050439, -0.8465364711611084, -0.8467805627265713, -0.8470236149617433, -0.8472656365951357, -0.8475066362263175, -0.8477466223287009, -0.8479856032522373, -0.8482235872260444, -0.8484605823609616, -0.848696596652038, -0.848931637980927, -0.8491657141182698, -0.8493988327259518, -0.8496310013593431, -0.8498622274694612, -0.8500925184050806, -0.8503218814147817, -0.8505503236489559, -0.8507778521617491, -0.8510044739129603, -0.8512301957698867, -0.85145502450913, -0.8516789668183511, -0.8519020292979717, -0.8521242184628534, -0.8523455407439223, -0.8525660024897451, -0.8527856099680942, -0.8530043693674366, -0.8532222867984214, -0.8534393682953016, -0.8536556198173545, -0.8538710472502324, -0.8540856564073057, -0.8542994530309691, -0.8545124427939088, -0.8547246313003496, -0.8549360240872649, -0.8551466266255691, -0.8553564443212724, -0.8555654825166092, -0.8557737464911516, -0.8559812414628816, -0.8561879725892599, -0.8563939449682454, -0.8565991636393127, -0.8568036335844373, -0.8570073597290625, -0.8572103469430401, -0.8574126000415574, -0.8576141237860379]}