{"FCI": -1.0270387941378512, "Energy": -1.0037565131371997, "Loss": [-0.9603716238196679, -0.962545919623548, -0.9640521325285974, -0.9652641754393373, -0.9663013351330337, -0.967219343926125, -0.9680494987346885, -0.9688114316663468, -0.9695184096327626, -0.9701794884127689, -0.9707738247017481, -0.9713921902405093, -0.9719538888397661, -0.9724895572116323, -0.9730025600725529, -0.9734952194040968, -0.9739694791543424, -0.9744269924285766, -0.9748691790930274, -0.9752972693882608, -0.975712337586475, -0.976115328338448, -0.9765070775615268, -0.9768883291902948, -0.977259748749296, -0.9776219344549377, -0.9779754263749458, -0.9783207140452387, -0.978658242850262, -0.9789884194036317, -0.9793116161140538, -0.9796281750824194, -0.9799384114460186, -0.9802426162628282, -0.9805410590108874, -0.9808339897637203, -0.9811216410917056, -0.9814042297304386, -0.9816819580500467, -0.9819550153537483, -0.9822235790292891, -0.9824878155731305, -0.982747881504173, -0.9830039241812231, -0.9832560825363168, -0.9835044877342587, -0.9837492637672383, -0.98399052799218, -0.9842283916174115, -0.9844629601443884, -0.9846943337694283, -0.9849226077498205, -0.9851478727380579, -0.9853702150875587, -0.9855897171327617, -0.9858064574462037, -0.9860205110748194, -0.9862319497575099, -0.9864408421257216, -0.9866472538886949, -0.9868512480047028, -0.9870528848396476, -0.9872522223140584, -0.9874493160395666, -0.9876442194457152, -0.9878369838979842, -0.9880276588077035, -0.9882162917345753, -0.9884029284823772, -0.9885876131883771, -0.9887703884070161, -0.9889512951882377, -0.9891303731509042, -0.9893076605516827, -0.9894831943497181, -0.989657010267413, -0.9898291428475855, -0.9899996255072934, -0.9901684905885246, -0.9903357694060088, -0.9905014922923002, -0.9906656886403753, -0.9908283869438744, -0.9909896148351564, -0.9911493991212965, -0.9913077658181867, -0.9914647401828458, -0.9916203467440292, -0.9917746093313143, -0.9919275511026534, -0.9920791945706009, -0.9922295616271877, -0.9923786735676168, -0.9925265511127885, -0.9926732144307454, -0.9928186831571026, -0.9929629764145127, -0.9931061128312298, -0.9932481105588268, -0.9933889872890725, -0.9935287602700946, -0.993667446321777, -0.9938050618505082, -0.9939416228632576, -0.9940771449810709, -0.9942116434519449, -0.9943451331631995, -0.9944776286532936, -0.9946091441231674, -0.9947396934470989, -0.9948692901831331, -0.9949979475830755, -0.9951256786020821, -0.9952524959078773, -0.9953784118895963, -0.9955034386662835, -0.9956275880950654, -0.9957508717790025, -0.9958733010746429, -0.9959948870992908, -0.9961156407380034, -0.9962355726503186, -0.9963546932767468, -0.9964730128450151, -0.9965905413760876, -0.9967072886899695, -0.9968232644113, -0.9969384779747544, -0.9970529386302462, -0.9971666554479486, -0.9972796373231549, -0.9973918929809605, -0.997503430980775, -0.9976142597207083, -0.9977243874417832, -0.997833822232022, -0.9979425720303994, -0.9980506446306534, -0.9981580476849773, -0.9982647887075963, -0.9983708750782287, -0.99847631404543, -0.998581112729838, -0.9986852781273052, -0.9987888171119528, -0.9988917364391036, -0.9989940427481588, -0.9990957425653411, -0.9991968423064009, -0.999297348279212, -0.9993972666862911, -0.9994966036272664, -0.9995953651012328, -0.9996935570090799, -0.9997911851557171, -0.9998882552522627, -0.999984772918145, -1.0000807436831674, -1.0001761729894838, -1.0002710661935599, -1.0003654285680355, -1.0004592653035704, -1.000552581510607, -1.0006453822211228, -1.000737672390294, -1.0008294568981428, -1.000920740551127, -1.001011528083689, -1.0011018241597625, -1.0011916333742514, -1.0012809602544375, -1.001369809261393, -1.0014581847913169, -1.0015460911768699, -1.001633532688451, -1.00172051353544, -1.0018070378674333, -1.0018931097754193, -1.0019787332929437, -1.0020639123972297, -1.0021486510102773, -1.0022329529999396, -1.0023168221809668, -1.0024002623160153, -1.002483277116644, -1.0025658702442906, -1.0026480453111977, -1.0027298058813474, -1.0028111554713477, -1.0028920975513131, -1.0029726355457154, -1.0030527728342116, -1.003132512752459, -1.0032118585929095, -1.0032908136055732, -1.0033693809987698, -1.0034475639398814, -1.0035253655560405, -1.003602788934847, -1.0036798371250504]}