{"FCI": -1.0791924385860894, "Energy": -1.0708083835776985, "Loss": [-1.0365381818838406, -1.0385472321842624, -1.0399237718167382, -1.0410228362527678, -1.04195725196275, -1.0427796347898917, -1.0435194966406585, -1.0441953339702879, -1.0448193803768804, -1.0453675282070558, -1.0459463511237108, -1.0464616182131163, -1.0469493530194864, -1.0474133041885203, -1.047856095171564, -1.048279896488921, -1.048686532868811, -1.049077555801678, -1.0494542975639185, -1.049817912242997, -1.0501694073933843, -1.0505096688121671, -1.0508394801777623, -1.0511595387960646, -1.0514704683571965, -1.0517728293683934, -1.0520671277602376, -1.0523538220424702, -1.0526333292973398, -1.0529060302332143, -1.0531722734724707, -1.0534323792108453, -1.0536866423572473, -1.0539353352414942, -1.0541787099603719, -1.0544170004194644, -1.0546504241175272, -1.0548791837120473, -1.0551034683978755, -1.0553234551255373, -1.0555393096813959, -1.0557511876483572, -1.055959235262878, -1.0561635901816238, -1.0563643821691486, -1.0565617337163355, -1.0567557605979085, -1.056946572376198, -1.0571342728573674, -1.0573189605054754, -1.0575007288190048, -1.0576796666739863, -1.0578558586372258, -1.0580293852527676, -1.0582003233043584, -1.058368746056293, -1.0585347234747955, -1.0586983224318236, -1.058859606892967, -1.0590186380909357, -1.0591754746859514, -1.059330172914265, -1.0594827867258088, -1.0596333679119854, -1.0597819662244, -1.059928629485354, -1.0600734036907555, -1.060216333106059, -1.0603574603558767, -1.0604968265076478, -1.060634471149974, -1.060770432465899, -1.060904747301628, -1.0610374512309824, -1.061168578615898, -1.0612981626632982, -1.061426235478576, -1.06155282811592, -1.0616779706257573, -1.061801692099442, -1.0619240207114475, -1.0620449837591899, -1.0621646077006683, -1.0622829181900302, -1.0623999401112596, -1.0625156976100338, -1.062630214123941, -1.062743512411104, -1.0628556145773485, -1.0629665421019743, -1.0630763158622636, -1.063184956156725, -1.063292482727248, -1.0633989147801484, -1.0635042710061908, -1.0636085695997097, -1.0637118282767677, -1.0638140642925216, -1.0639152944577461, -1.0640155351546359, -1.0641148023518665, -1.0642131116189983, -1.064310478140248, -1.064406916727634, -1.0645024418335665, -1.0645970675628924, -1.0646908076844293, -1.0647836756420088, -1.0648756845650507, -1.0649668472787264, -1.0650571763136598, -1.0651466839152828, -1.0652353820527782, -1.0653232824276737, -1.0654103964821071, -1.0654967354067506, -1.065582310148439, -1.0656671314174964, -1.0657512096947848, -1.0658345552384831, -1.065917178090613, -1.0659990880833183, -1.0660802948449248, -1.0661608078057523, -1.0662406362037389, -1.066319789089849, -1.0663982753332961, -1.0664761036265678, -1.06655328249028, -1.0666298202778728, -1.066705725180124, -1.0667810052295092, -1.066855668304435, -1.0669297221332956, -1.0670031742984185, -1.067076032239866, -1.0671483032591136, -1.0672199945226057, -1.067291113065204, -1.0673616657934986, -1.0674316594890445, -1.0675011008114792, -1.067569996301527, -1.0676383523839459, -1.067706175370339, -1.0677734714619007, -1.0678402467520935, -1.0679065072291989, -1.067972258778837, -1.0680375071863768, -1.0681022581392903, -1.0681665172294368, -1.0682302899552611, -1.0682935817239572, -1.0683563978535355, -1.0684187435748589, -1.0684806240335993, -1.068542044292147, -1.068603009331466, -1.068663524052891, -1.0687235932798809, -1.0687832217597153, -1.0688424141651522, -1.0689011750960327, -1.068959509080848, -1.0690174205782503, -1.0690749139785443, -1.06913199360512, -1.0691886637158499, -1.069244928504453, -1.0693007921018356, -1.0693562585773624, -1.0694113319401206, -1.0694660161401577, -1.069520315069657, -1.069574232564107, -1.0696277724034413, -1.0696809383131327, -1.0697337339652664, -1.0697861629796026, -1.0698382289245825, -1.0698899353183364, -1.0699412856296535, -1.0699922832789255, -1.0700429316390727, -1.0700932340364495, -1.0701431937517265, -1.0701928140207406, -1.0702420980353393, -1.0702910489442012, -1.0703396698536307, -1.0703879638283356, -1.0704359338922016, -1.070483583029018, -1.0705309141832164, -1.0705779302605818, -1.0706246341289323, -1.0706710286188168, -1.0707171165241602, -1.0707629006029138]}