{"FCI": -1.1372633205048763, "Energy": -1.137263320491843, "Loss": [-1.1166511627456903, -1.1184249953393712, -1.120117769596256, -1.1217269775520502, -1.1232439954025646, -1.1246967252041111, -1.1260480487745625, -1.127319535605083, -1.1285103942659795, -1.1296082237229923, -1.130620694097207, -1.1315545575913015, -1.132404057228054, -1.133168589338943, -1.1338562017560245, -1.1344699408836842, -1.1350082154412275, -1.135474501847391, -1.1358762594672327, -1.1362169491062146, -1.1364981256074544, -1.136725303941536, -1.1369057205916298, -1.1370434564639234, -1.1371419274804817, -1.1372073906757167, -1.1372462586198397, -1.1372623461751639, -1.1372594951420092, -1.1372432566150168, -1.1372181654980345, -1.1371867778804556, -1.137152118870758, -1.137117814468574, -1.1370858883951116, -1.1370572938995616, -1.1370336412845203, -1.1370162126804744, -1.1370048896579867, -1.1369994972929431, -1.1370003013471541, -1.1370067652976246, -1.1370177989700458, -1.137032839597531, -1.1370512484303608, -1.137071806367901, -1.1370936059069379, -1.1371160967150387, -1.1371383794794112, -1.1371596483325874, -1.1371795768536181, -1.1371977331432024, -1.13721364800742, -1.1372272720264376, -1.1372385940797083, -1.1372475018476047, -1.1372541778725342, -1.1372588848017695, -1.1372617519588022, -1.1372630810144795, -1.1372632351946614, -1.1372624282996593, -1.1372609565743446, -1.1372591410694655, -1.1372571527431214, -1.1372551956307937, -1.1372534692897347, -1.1372520399871682, -1.1372509926402277, -1.1372503938239942, -1.1372502085881298, -1.137250427738386, -1.1372510216796512, -1.1372518987552063, -1.1372530060193622, -1.137254272639014, -1.137255604062242, -1.1372569505403047, -1.1372582466999077, -1.137259433287731, -1.1372604890772677, -1.1372613789272341, -1.1372620905765127, -1.137262632130707, -1.1372630013011151, -1.1372632210054785, -1.137263314287488, -1.1372633002471413, -1.137263213554894, -1.1372630761080127, -1.1372629125354596, -1.1372627482623976, -1.137262595561034, -1.137262471555781, -1.1372623836299407, -1.1372623344635728, -1.13726232767897, -1.1372623571457372, -1.1372624195910135, -1.137262507682998, -1.1372626122427347, -1.1372627272383962, -1.1372628429526634, -1.1372629540484465, -1.1372630547085973, -1.137263140485956, -1.1372632101312112, -1.1372632614815175, -1.1372632960891202, -1.1372633148665838, -1.1372633203172844, -1.1372633156483756, -1.1372633033559147, -1.1372632872185118, -1.1372632693776101, -1.1372632526704491, -1.137263238672512, -1.1372632286243525, -1.1372632233399753, -1.137263222624169, -1.1372632264762996, -1.1372632338554811, -1.1372632441274404, -1.1372632560448803, -1.1372632686935487, -1.1372632810862608, -1.1372632923987827, -1.1372633021283467, -1.1372633097863, -1.1372633153620542, -1.1372633187654935, -1.1372633203401017, -1.137263320302368, -1.137263319149329, -1.1372633172343822, -1.1372633150199067, -1.1372633128311385, -1.1372633109709593, -1.137263309632233, -1.1372633089165463, -1.1372633088592135, -1.1372633093918618, -1.1372633104313343, -1.1372633118139148, -1.1372633134084436, -1.1372633150380378, -1.1372633165910122, -1.137263317938376, -1.1372633190288604, -1.1372633198072952, -1.1372633202898552, -1.1372633204876081, -1.1372633204641145, -1.137263320268235, -1.1372633199785982, -1.1372633196489146, -1.1372633193435169, -1.1372633190968693, -1.137263318942582, -1.1372633188869523, -1.1372633189318706, -1.1372633190605972, -1.1372633192537538, -1.1372633194847035, -1.1372633197275361, -1.1372633199593265, -1.1372633201599556, -1.1372633203186728, -1.137263320427132, -1.1372633204880451, -1.1372633205041884, -1.1372633204871843, -1.1372633204460365, -1.1372633203942886, -1.1372633203413536, -1.1372633202967724, -1.1372633202663018, -1.1372633202528148, -1.137263320257202, -1.1372633202765359, -1.1372633203080291, -1.137263320346106, -1.137263320386612, -1.1372633204247096, -1.1372633204570701, -1.1372633204816216, -1.1372633204970792, -1.1372633205041975, -1.1372633205038196, -1.1372633204981957, -1.137263320489433, -1.1372633204796814, -1.137263320471039, -1.1372633204646423, -1.1372633204615077, -1.137263320461718, -1.1372633204649338, -1.1372633204705616, -1.1372633204775084, -1.1372633204849187]}