{"FCI": -1.1361895496530567, "Energy": -1.1358786598639123, "Loss": [-1.1173490723275656, -1.1190970036441437, -1.1202537577698553, -1.1211544361088859, -1.1219042184412529, -1.1225518570522308, -1.1231245886786014, -1.1236394332999728, -1.1241059417188568, -1.1244984159560965, -1.1249344103378656, -1.125306255348476, -1.125652699626382, -1.1259780523413483, -1.1262847356167471, -1.1265747226796758, -1.1268496695368475, -1.1271109826607526, -1.1273598685268174, -1.1275973711737672, -1.1278244011633365, -1.1280417582294815, -1.1282501492194599, -1.1284502024695588, -1.1286424794444367, -1.1288274842505135, -1.1290056714792271, -1.1291774527248903, -1.1293432020407825, -1.1295032605373854, -1.1296579402819322, -1.1298075276247133, -1.1299522860517728, -1.1300924586438748, -1.1302282702060729, -1.1303599291202766, -1.130487628963532, -1.1306115499272384, -1.130731860066382, -1.1308487164030476, -1.1309622659043885, -1.1310726463520997, -1.1311799871177353, -1.1312844098560095, -1.131386029126443, -1.1314849529522149, -1.1315812833237477, -1.1316751166536008, -1.1317665441882692, -1.1318556523817955, -1.131942523235401, -1.1320272346068692, -1.1321098604928665, -1.1321904712870778, -1.1322691340166051, -1.132345912558846, -1.1324208678407635, -1.1324940580222884, -1.1325655386653335, -1.1326353628898167, -1.1327035815178599, -1.1327702432072353, -1.1328353945750815, -1.132899080312633, -1.1329613432918648, -1.1330222246646586, -1.133081763955148, -1.1331399991458029, -1.1331969667577784, -1.13325270192596, -1.1333072384691376, -1.133360608955718, -1.1334128447652587, -1.1334639761462073, -1.1335140322700663, -1.1335630412823101, -1.1336110303502362, -1.1336580257080129, -1.1337040526990891, -1.1337491358161889, -1.1337932987390045, -1.1338365643698207, -1.1338789548671244, -1.133920491677413, -1.133961195565247, -1.1340010866417365, -1.1340401843915022, -1.1340785076982258, -1.1341160748689145, -1.1341529036568783, -1.1341890112836015, -1.1342244144594844, -1.1342591294035913, -1.1342931718624099, -1.13432655712773, -1.1343593000536445, -1.1343914150727736, -1.1344229162117023, -1.1344538171057341, -1.1344841310129354, -1.1345138708275826, -1.1345430490929604, -1.134571678013641, -1.1345997694671703, -1.1346273350152982, -1.1346543859146807, -1.1346809331271523, -1.1347069873295388, -1.134732558923101, -1.1347576580425194, -1.1347822945645836, -1.1348064781164693, -1.1348302180837129, -1.1348535236178494, -1.1348764036437595, -1.1348988668667217, -1.1349209217791836, -1.1349425766672827, -1.1349638396171122, -1.1349847185207376, -1.1350052210820156, -1.135025354822161, -1.1350451270851258, -1.1350645450427777, -1.1350836156998958, -1.1351023458989715, -1.135120742324847, -1.1351388115091898, -1.1351565598347997, -1.1351739935397787, -1.1351911187215395, -1.1352079413406908, -1.1352244672247833, -1.1352407020719262, -1.135256651454278, -1.1352723208214421, -1.1352877155037155, -1.135302840715263, -1.1353177015571616, -1.1353323030203681, -1.1353466499885754, -1.13536074724098, -1.135374599454967, -1.135388211208707, -1.1354015869836696, -1.1354147311670657, -1.1354276480541967, -1.1354403418507613, -1.1354528166750597, -1.1354650765601575, -1.1354771254559646, -1.1354889672312594, -1.1355006056756642, -1.1355120445015379, -1.1355232873458403, -1.1355343377719163, -1.1355451992712517, -1.1355558752651589, -1.135566369106428, -1.1355766840809318, -1.1355868234091648, -1.13559679024777, -1.1356065876909929, -1.1356162187721266, -1.1356256864648795, -1.135634993684743, -1.1356441432902995, -1.1356531380844987, -1.1356619808158979, -1.1356706741798834, -1.1356792208198372, -1.1356876233282922, -1.135695884248042, -1.1357040060732408, -1.1357119912504425, -1.1357198421796502, -1.1357275612153217, -1.1357351506673308, -1.1357426128019432, -1.1357499498427357, -1.1357571639715052, -1.1357642573291526, -1.1357712320165487, -1.1357780900953673, -1.1357848335889154, -1.1357914644829292, -1.135797984726346, -1.1358043962320787, -1.135810700877754, -1.1358169005064334, -1.135822996927326, -1.1358289919164786, -1.1358348872174493, -1.1358406845419626, -1.135846385570563, -1.1358519919532273, -1.135857505309999, -1.1358629272315612, -1.1358682592798441, -1.1358735029885911]}