{"FCI": -0.9981488619840654, "Energy": -0.9634507335737531, "Loss": [-0.9108726346469176, -0.9131550475516262, -0.9147441804966259, -0.9160275420938393, -0.9171289760815805, -0.9181063928232548, -0.9189923296133301, -0.919807204355018, -0.9205648083806987, -0.9212652850562078, -0.9219366277555749, -0.9225792212927236, -0.9231860144729781, -0.9237651682782111, -0.9243205355535631, -0.9248546521990545, -0.9253695594843275, -0.9258669816216651, -0.9263483981159718, -0.9268150907857159, -0.9272681790082784, -0.9277086471729352, -0.9281373664287128, -0.9285551121233541, -0.9289625779345034, -0.9293603874292705, -0.9297491036021592, -0.9301292368076421, -0.9305012514062224, -0.9308655713708968, -0.9312225850474232, -0.9315726492215558, -0.9319160926162536, -0.9322532189193341, -0.932584309425941, -0.9329096253696543, -0.9332294100112679, -0.9335438905562541, -0.9338532799826725, -0.934157778885119, -0.9344575774832639, -0.934752858016331, -0.935043797861645, -0.9353305738951552, -0.935613368871102, -0.9358923809292854, -0.936167837649286, -0.9364400160418593, -0.9367092686999434, -0.9369760525347897, -0.9372409485503226, -0.9375046506480387, -0.9377678993018415, -0.9380313595861607, -0.938295489454623, -0.9385604673686465, -0.9388262110133383, -0.9390924584471111, -0.9393588604394014, -0.9396250510702581, -0.9398906892477464, -0.9401554773793618, -0.9404191660449472, -0.9406815515170043, -0.9409424703273255, -0.9412017931110256, -0.9414594187695058, -0.9417152693542381, -0.9419692857596693, -0.9422214241751999, -0.9424716531959879, -0.9427199514832239, -0.9429663058730283, -0.94321070984743, -0.9434531622959585, -0.9436936665100308, -0.9439322293639215, -0.9441688606454852, -0.9444035725074758, -0.9446363790162373, -0.9448672957793509, -0.9450963396375215, -0.9453235284089556, -0.9455488806767611, -0.9457724156117984, -0.9459941528247818, -0.9462141122426566, -0.9464323140051658, -0.9466487783782566, -0.9468635256815814, -0.9470765762278452, -0.9472879502720921, -0.9474976679694106, -0.9477057493397071, -0.9479122142385268, -0.9481170823329494, -0.9483203730818228, -0.9485221057196945, -0.9487222992438785, -0.9489209724041754, -0.949118143694934, -0.9493138313489852, -0.9495080533333028, -0.9497008273460379, -0.9498921708147929, -0.9500821008958881, -0.9502706344745363, -0.950457788165744, -0.9506435783158286, -0.9508280210044903, -0.951011132047298, -0.9511929269985698, -0.9513734211545509, -0.9515526295568384, -0.9517305669960178, -0.9519072480154686, -0.9520826869152851, -0.9522568977563136, -0.9524298943642366, -0.9526016903337369, -0.9527722990326678, -0.9529417336062502, -0.9531100069812529, -0.9532771318701836, -0.9534431207754355, -0.953607985993403, -0.9537717396185673, -0.9539343935475278, -0.954095959482976, -0.9542564489376266, -0.9544158732380752, -0.9545742435286011, -0.9547315707748999, -0.9548878657677486, -0.9550431391266054, -0.9551974013031385, -0.9553506625846803, -0.9555029330976229, -0.9556542228107242, -0.9558045415383666, -0.9559538989437231, -0.9561023045418717, -0.9562497677028345, -0.9563962976545397, -0.9565419034857363, -0.9566865941488312, -0.9568303784626454, -0.9569732651151477, -0.9571152626660855, -0.9572563795495707, -0.9573966240766123, -0.9575360044375667, -0.9576745287045634, -0.9578122048338431, -0.9579490406680586, -0.9580850439385162, -0.9582202222673587, -0.9583545831697139, -0.9584881340557707, -0.9586208822328242, -0.9587528349072595, -0.9588839991865007, -0.9590143820808975, -0.9591439905055932, -0.9592728312823252, -0.959400911141189, -0.9595282367223684, -0.9596548145778262, -0.9597806511729414, -0.9599057528881224, -0.9600301260203772, -0.9601537767848495, -0.9602767113163189, -0.960398935670666, -0.9605204558262984, -0.9606412776855593, -0.9607614070760935, -0.9608808497521765, -0.9609996113960317, -0.9611176976190942, -0.9612351139632751, -0.9613518659021725, -0.9614679588422624, -0.9615833981240752, -0.9616981890233276, -0.9618123367520487, -0.9619258464596622, -0.962038723234059, -0.962150972102643, -0.9622625980333482, -0.9623736059356458, -0.9624840006615185, -0.962593787006417, -0.9627029697101958, -0.9628115534580385, -0.9629195428813508, -0.9630269425586323, -0.9631337570163503, -0.9632399907297708, -0.9633456481237956]}