{"FCI": -0.9714263137788843, "Energy": -0.917864144390858, "Loss": [-0.8543367052335582, -0.8567478108515658, -0.8584342522188355, -0.8598006097196956, -0.8609763900110954, -0.8620221973975382, -0.86297209886785, -0.8638474793942055, -0.8646627971576846, -0.8654267786595216, -0.8661309685741744, -0.8668378914622957, -0.8674947661576314, -0.8681226679320712, -0.8687256975461548, -0.8693064267941091, -0.8698669811025392, -0.8704091667212952, -0.8709345353104567, -0.8714444316658589, -0.871940030589322, -0.8724223659488868, -0.8728923541275874, -0.8733508136675607, -0.8737984829090328, -0.8742360379335009, -0.8746641144838527, -0.8750833403564455, -0.8754943897642573, -0.8758980777994555, -0.8762955137074357, -0.8766882968257463, -0.8770786156838728, -0.8774689518293242, -0.8778612902835914, -0.8782564229801807, -0.878653981314129, -0.8790529754908865, -0.8794522895088038, -0.8798509329653152, -0.8802481149038599, -0.8806432361486741, -0.8810358561020676, -0.8814256574274983, -0.881812416091669, -0.8821959779655842, -0.882576241162946, -0.8829531428826397, -0.8833266496344285, -0.8836967499607116, -0.8840634489900419, -0.8844267643364434, -0.8847867229920041, -0.8851433589573015, -0.8854967114237902, -0.8858468233722874, -0.8861937404873826, -0.8865375103134867, -0.8868781815969369, -0.8872158037722848, -0.8875504265609379, -0.8878820996578595, -0.8882108724875705, -0.8885367940149754, -0.8888599125996649, -0.8891802758848354, -0.8894979307138386, -0.8898129230688209, -0.8901252980270258, -0.8904350997312785, -0.8907423713717882, -0.8910471551770349, -0.891349492411867, -0.8916494233813744, -0.8919469874392946, -0.8922422229999962, -0.8925351675532386, -0.8928258576810664, -0.8931143290763094, -0.8934006165622523, -0.8936847541131241, -0.8939667748751542, -0.894246711187899, -0.8945245946057324, -0.8948004559192773, -0.8950743251767058, -0.8953462317047985, -0.8956162041296571, -0.8958842703970803, -0.8961504577924655, -0.8964147929602948, -0.896677301923116, -0.8969380101000095, -0.8971969423245828, -0.8974541228624019, -0.8977095754279426, -0.8979633232010018, -0.8982153888426065, -0.8984657945104128, -0.8987145618736194, -0.8989617121273861, -0.8992072660067766, -0.8994512438002488, -0.8996936653626852, -0.8999345501279952, -0.9001739171212805, -0.9004117849706028, -0.9006481719183497, -0.9008830958322073, -0.9011165742157763, -0.9013486242188167, -0.9015792626471526, -0.901808505972239, -0.9020363703404115, -0.9022628715818128, -0.9024880252190467, -0.9027118464754997, -0.9029343502834363, -0.9031555512917808, -0.9033754638736747, -0.9035941021337605, -0.9038114799152461, -0.9040276108067286, -0.904242508148792, -0.9044561850404111, -0.9046686543451182, -0.9048799286970008, -0.9050900205064972, -0.9052989419660051, -0.9055067050553146, -0.9057133215468767, -0.9059188030108973, -0.9061231608202873, -0.9063264061554444, -0.9065285500088928, -0.9067296031897919, -0.9069295763282939, -0.9071284798797726, -0.9073263241289359, -0.9075231191938022, -0.9077188750295583, -0.9079136014323244, -0.9081073080427807, -0.9083000043497003, -0.9084916996933886, -0.9086824032690096, -0.9088721241298161, -0.9090608711903083, -0.909248653229272, -0.9094354788927546, -0.9096213566969518, -0.9098062950310092, -0.9099903021597503, -0.9101733862263225, -0.9103555552547887, -0.9105368171526186, -0.9107171797131439, -0.9108966506179312, -0.911075237439083, -0.9112529476414953, -0.9114297885850543, -0.9116057675267466, -0.9117808916227605, -0.9119551679304951, -0.9121286034105307, -0.9123012049285493, -0.9124729792572093, -0.9126439330779575, -0.912814072982814, -0.9129834054761037, -0.913151936976135, -0.9133196738168582, -0.9134866222494605, -0.9136527884439337, -0.91381817849061, -0.9139827984016342, -0.9141466541124386, -0.9143097514831438, -0.9144720962999485, -0.9146336942764942, -0.9147945510551589, -0.9149546722083677, -0.9151140632398435, -0.9152727295858232, -0.9154306766162885, -0.9155879096360985, -0.9157444338861672, -0.9159002545445675, -0.9160553767276236, -0.9162098054909882, -0.9163635458306788, -0.9165166026841038, -0.9166689809310599, -0.9168206853947061, -0.9169717208425181, -0.91712209198723, -0.9172718034877345, -0.9174208599499862, -0.9175692659278691, -0.9177170259240622]}