{"FCI": -1.0523215656204707, "Energy": -1.0376506824506788, "Loss": [-0.9987175394173669, -1.0008092065919745, -1.0022511113362405, -1.003407379919403, -1.0043939771658787, -1.0052650386399449, -1.0060509487312388, -1.006770759985118, -1.0074373399081824, -1.0080541159625749, -1.008629370778183, -1.0091961940002268, -1.0097235923699908, -1.0102245648069397, -1.0107034522059672, -1.0111626557452722, -1.011604074074529, -1.0120293102674263, -1.0124397399811742, -1.0128365549321716, -1.0132207956477124, -1.013593377024356, -1.0139551085815832, -1.0143067107018362, -1.0146488277885197, -1.0149820390279662, -1.0153068672678802, -1.0156237864000905, -1.0159332275444177, -1.016235584263336, -1.0165312169868455, -1.0168204567889378, -1.0171036086281762, -1.0173809541424519, -1.0176527540706661, -1.017919250360431, -1.0181806680101757, -1.0184372166854252, -1.0186890921422045, -1.0189364774849512, -1.019179544281883, -1.0194184535570519, -1.01965335667537, -1.0198843961343724, -1.0201117062744547, -1.0203354139176302, -1.0205556389433803, -1.0207724948090322, -1.0209860890210425, -1.021196523562738, -1.0214038952833224, -1.0216082962523692, -1.0218098140834506, -1.0220085322301333, -1.0222045302571674, -1.022397884089382, -1.02258866624044, -1.0227769460234808, -1.022962789745284, -1.0231462608855901, -1.0233274202628835, -1.0235063261878867, -1.0236830346058547, -1.0238575992286747, -1.0240300716575998, -1.024200501497482, -1.0243689364631556, -1.024535422478646, -1.0247000037697962, -1.0248627229508067, -1.0250236211051993, -1.0251827378616283, -1.0253401114649199, -1.0254957788427361, -1.0256497756681338, -1.0258021364183942, -1.0259528944303198, -1.0261020819523121, -1.0262497301934148, -1.026395869369561, -1.0265405287472005, -1.026683736684518, -1.0268255206703425, -1.0269659073609676, -1.0271049226149838, -1.0272425915262586, -1.0273789384551757, -1.0275139870582803, -1.0276477603163652, -1.027780280561157, -1.0279115695006644, -1.0280416482432437, -1.02817053732052, -1.0282982567091556, -1.0284248258516042, -1.0285502636758663, -1.0286745886143076, -1.0287978186216222, -1.0289199711919403, -1.0290410633751819, -1.0291611117926598, -1.0292801326519776, -1.029398141761291, -1.029515154542915, -1.0296311860463652, -1.029746250960825, -1.0298603636270882, -1.0299735380489898, -1.0300857879043668, -1.0301971265555643, -1.030307567059501, -1.0304171221773462, -1.030525804383776, -1.0306336258758975, -1.0307405985817777, -1.0308467341686733, -1.030952044050927, -1.0310565393975482, -1.0311602311395225, -1.0312631299768316, -1.031365246385217, -1.0314665906226794, -1.0315671727357565, -1.0316670025655506, -1.0317660897535479, -1.0318644437472277, -1.0319620738054727, -1.0320589890037701, -1.0321551982392572, -1.0322507102355665, -1.0323455335475098, -1.0324396765656119, -1.0325331475204713, -1.0326259544869878, -1.03271810538844, -1.0328096080004256, -1.032900469954675, -1.03299069874274, -1.033080301719565, -1.0331692861069197, -1.033257658996756, -1.0333454273544331, -1.0334325980218464, -1.0335191777204604, -1.0336051730542406, -1.0336905905125102, -1.0337754364726868, -1.0338597172029709, -1.0339434388649307, -1.0340266075160114, -1.0341092291119807, -1.0341913095092776, -1.0342728544673223, -1.0343538696507297, -1.0344343606314808, -1.0345143328910102, -1.034593791822247, -1.0346727427316005, -1.0347511908408698, -1.0348291412891226, -1.0349065991345012, -1.0349835693559943, -1.0350600568551471, -1.0351360664577305, -1.0352116029153644, -1.035286670907091, -1.0353612750409098, -1.0354354198552747, -1.0355091098205425, -1.0355823493403933, -1.0356551427531977, -1.035727494333364, -1.035799408292641, -1.0358708887813926, -1.0359419398898297, -1.0360125656492203, -1.0360827700330628, -1.0361525569582357, -1.0362219302861113, -1.0362908938236421, -1.0363594513244216, -1.0364276064897242, -1.0364953629695104, -1.036562724363406, -1.0366296942216737, -1.0366962760461418, -1.03676247329111, -1.0368282893642604, -1.0368937276275143, -1.0369587913978842, -1.0370234839483066, -1.0370878085084425, -1.0371517682654847, -1.0372153663649115, -1.037278605911257, -1.037341489968836, -1.0374040215624727, -1.0374662036781974, -1.0375280392639368, -1.0375895312301893]}