{"FCI": -0.9981488619840654, "Energy": -0.9981488614329694, "Loss": [-0.9108726346469178, -0.9131550467782947, -0.915410768089543, -0.9176383912399132, -0.9198328106444071, -0.9220112237860999, -0.9241504352254589, -0.9262634906969905, -0.9283494395324287, -0.9303997674328881, -0.9324187426902855, -0.9344093062406768, -0.9363662797719706, -0.9382881857431955, -0.9401785878175785, -0.9420369015555405, -0.9438599144029558, -0.9456480787376209, -0.9474034955687403, -0.9491251959699667, -0.9508117849988952, -0.9524644984924046, -0.9540849524770324, -0.9556734373533856, -0.9572305268402723, -0.9587576905207297, -0.960256304151897, -0.9617271801104302, -0.9631706799424464, -0.9645868138184774, -0.9659752835377834, -0.9673355327062361, -0.9686668030049805, -0.9699681818309586, -0.9712386378894361, -0.9724770480148902, -0.9736822191675018, -0.9748529083025744, -0.9759878416190304, -0.9770857339552201, -0.9781453087210871, -0.979165318589443, -0.9801445671151291, -0.9810819314519956, -0.9819763863624783, -0.9828270297444425, -0.9836331099206054, -0.9843940549317408, -0.9851095040254951, -0.9857793414088585, -0.9864037320934612, -0.9869831592543985, -0.9875184618816846, -0.9880108705689149, -0.9884620380378417, -0.9888740595265257, -0.9892494767514325, -0.9895912583279025, -0.9899027500557971, -0.9901875910736291, -0.9904495967962731, -0.990692616082061, -0.990920376514562, -0.9911363358467327, -0.9913435578408378, -0.9915446265832144, -0.9917416060699462, -0.9919360437282025, -0.9921290099067812, -0.9923211617053029, -0.992512818999413, -0.9927040423368236, -0.9928947053256547, -0.9930845571801767, -0.9932732736133374, -0.9934604960496927, -0.9936458602137522, -0.9938290156805706, -0.9940096381318633, -0.9941874359908812, -0.9943621529211459, -0.9945335674393831, -0.9947014906530781, -0.9948657629104654, -0.9950262499545708, -0.9951828390065999, -0.9953354350669006, -0.9954839576127392, -0.9956283377887754, -0.9957685161255961, -0.9959044407805181, -0.9960360662687738, -0.9961633526379411, -0.9962862650303017, -0.9964047735738695, -0.9965188535414307, -0.996628485717801, -0.9967336569180503, -0.9968343606042419, -0.996930597554195, -0.9970223765427091, -0.9971097150019959, -0.997192639633722, -0.9972711869490888, -0.9973454037168715, -0.997415347302044, -0.9974810858810409, -0.9975426985230003, -0.9976002751303503, -0.9976539162356823, -0.9977037326549221, -0.9977498449995443, -0.9977923830525093, -0.9978314850148566, -0.9978672966322785, -0.9978999702136306, -0.9979296635562728, -0.9979565387954429, -0.9979807611969155, -0.9980024979132558, -0.9980219167247901, -0.9980391847865574, -0.9980544674026893, -0.9980679268492166, -0.9980797212655819, -0.9980900036334339, -0.9980989208590081, -0.9981066129725358, -0.9981132124548946, -0.9981188436984251, -0.998123622605594, -0.9981276563259287, -0.9981310431283844, -0.9981338724031905, -0.9981362247843284, -0.9981381723812699, -0.9981397791068615, -0.9981411010868521, -0.9981421871359377, -0.998143079284833, -0.9981438133431236, -0.9981444194830292, -0.9981449228303212, -0.9981453440497473, -0.9981456999140516, -0.9981460038472845, -0.9981462664348985, -0.9981464958948415, -0.9981466985054768, -0.9981468789878181, -0.9981470408410018, -0.998147186631332, -0.9981473182363334, -0.9981474370462182, -0.998147544125856, -0.9981476403408681, -0.9981477264518197, -0.998147803180762, -0.9981478712543062, -0.9981479314275016, -0.9981479844924273, -0.998148031275206, -0.9981480726247376, -0.9981481093961116, -0.9981481424311978, -0.9981481725385595, -0.9981482004743248, -0.9981482269253008, -0.9981482524951951, -0.9981482776945012, -0.9981483029342758, -0.9981483285238362, -0.9981483546721557, -0.9981483814926105, -0.998148409010555, -0.9981484371731985, -0.9981484658611639, -0.9981484949011568, -0.9981485240791382, -0.9981485531535098, -0.9981485818678159, -0.9981486099625295, -0.9981486371856587, -0.9981486633019003, -0.9981486881001992, -0.9981487113996043, -0.9981487330534596, -0.9981487529519232, -0.9981487710229455, -0.9981487872318593, -0.9981488015797466, -0.9981488141007726, -0.9981488248587138, -0.9981488339428908, -0.9981488414636914, -0.9981488475479126, -0.9981488523340727, -0.9981488559678717, -0.9981488585979271, -0.9981488603718781]}