{"FCI": -1.035185713956801, "Energy": -1.0351857134935643, "Loss": [-0.9731097649676134, -0.975256593699293, -0.9773677118636771, -0.979437158677575, -0.9814780155338682, -0.9834741715107372, -0.9854396277370763, -0.987360336056388, -0.9892402459425829, -0.9910841575346013, -0.9928853910570901, -0.9946426640238666, -0.9963604785456751, -0.9980372333900492, -0.9996693704958298, -1.0012583914921593, -1.0028062515416758, -1.0043108233472144, -1.005770739812218, -1.0071878717474063, -1.0085628068857997, -1.0098939088471908, -1.0111812448755104, -1.0124264580361197, -1.0136294132273143, -1.0147892987647749, -1.0159071153290413, -1.0169839827812042, -1.0180195417762306, -1.0190139834402194, -1.0199686650652104, -1.0208840985117922, -1.0217602703472266, -1.0225982280699937, -1.023399059805963, -1.0241630140511115, -1.0248908372197432, -1.0255838030060629, -1.0262425282008638, -1.026867649228677, -1.0274604183441043, -1.0280217258707829, -1.0285522372248057, -1.0290531335730297, -1.0295254501148723, -1.0299699272989304, -1.0303876884364451, -1.0307798178436252, -1.0311471202342946, -1.0314906800632102, -1.0318115710819924, -1.0321106321723377, -1.0323889157041668, -1.0326474475514642, -1.032887071518653, -1.0331088019596788, -1.0333135916661176, -1.0335022679928532, -1.0336757920333681, -1.0338350270189651, -1.0339807701701287, -1.0341139081036121, -1.0342352078752841, -1.034345426222848, -1.034445352568549, -1.0345356625788689, -1.0346170592203776, -1.0346902180068283, -1.0347557365851294, -1.0348142440750867, -1.034866300403346, -1.03491243746626, -1.0349531882387433, -1.0349890137248814, -1.035020379634441, -1.0350477121715778, -1.0350713979762196, -1.0350918227724553, -1.0351093183443778, -1.035124209758375, -1.0351367929175896, -1.0351473316794992, -1.0351560837747367, -1.0351632675639169, -1.0351690945352432, -1.035173750486521, -1.035177401490465, -1.0351802037109994, -1.0351822868783038, -1.035183775998631, -1.0351847740783608, -1.0351853756650784, -1.0351856627108338, -1.0351857037605756, -1.035185562021153, -1.0351852861091104, -1.035184921901326, -1.0351845034425384, -1.0351840613801617, -1.0351836189332324, -1.035183194450879, -1.0351828027481331, -1.0351824530555116, -1.0351821535134422, -1.035181907085519, -1.035181716722495, -1.0351815813713605, -1.035181500191829, -1.0351814697563506, -1.0351814867236062, -1.0351815464436953, -1.0351816441826964, -1.0351817748650716, -1.0351819332406804, -1.0351821143529913, -1.0351823130706033, -1.035182524916006, -1.0351827452923794, -1.0351829704193147, -1.0351831964695575, -1.035183420465747, -1.0351836394463685, -1.0351838512553755, -1.035184053793291, -1.0351842456781286, -1.0351844256020253, -1.0351845928647405, -1.0351847468394935, -1.0351848873886733, -1.0351850144366312, -1.035185128278049, -1.0351852292543582, -1.035185317963486, -1.0351853950365233, -1.0351854612563272, -1.0351855174296873, -1.035185564423272, -1.0351856031227662, -1.0351856343985262, -1.035185659136828, -1.0351856781538953, -1.0351856922766558, -1.0351857022305977, -1.035185708741021, -1.0351857124241484, -1.0351857138781961, -1.0351857136049758, -1.0351857120662484, -1.0351857096523749, -1.0351857066940076, -1.0351857034768375, -1.035185700217581, -1.0351856971058644, -1.0351856942684003, -1.0351856918099, -1.0351856897913294, -1.035185688248125, -1.035185687194719, -1.0351856866176532, -1.0351856864977171, -1.0351856867941844, -1.0351856874639473, -1.0351856884560873, -1.0351856897144909, -1.0351856911870583, -1.035185692817095, -1.0351856945547067, -1.035185696352053, -1.0351856981647174, -1.0351856999564466, -1.035185701693237, -1.0351857033487573, -1.0351857049021567, -1.0351857063364025, -1.0351857076416011, -1.0351857088110048, -1.0351857098421018, -1.0351857107369886, -1.0351857114994167, -1.0351857121363919, -1.0351857126570214, -1.0351857130709718, -1.0351857133896274, -1.0351857136246996, -1.0351857137875533, -1.0351857138899556, -1.0351857139429492, -1.0351857139566214, -1.0351857139406246, -1.0351857139034553, -1.03518571385237, -1.0351857137938403, -1.0351857137331855, -1.0351857136745142, -1.03518571362114, -1.0351857135754883, -1.0351857135390172, -1.0351857135125624, -1.0351857134964382, -1.0351857134903357]}