{"FCI": -1.1372838216460408, "Energy": -1.1372838216352352, "Loss": [-1.1167592281738767, -1.118531818465415, -1.1202230970780143, -1.1218306570972818, -1.1233451912586443, -1.1247960586196752, -1.1261444629416955, -1.127413277889923, -1.1286013448057568, -1.1296959303053924, -1.1307047289603531, -1.1316349466063025, -1.1324808438404892, -1.133241367314588, -1.133924591810525, -1.134534144290374, -1.135068405138297, -1.1355303424995282, -1.135927560998299, -1.1362641064028092, -1.1365414304601673, -1.136764575224137, -1.136941021222851, -1.1370753629230426, -1.1371708138222967, -1.1372332365424238, -1.1372693669929146, -1.1372833872269008, -1.1372788172816226, -1.1372609402110194, -1.1372346564389373, -1.137202667407189, -1.1371675939773898, -1.1371329817890412, -1.1371011862045106, -1.1370730537519946, -1.1370498375651856, -1.13703294729997, -1.137022444812773, -1.1370178738487595, -1.137019358187581, -1.137026591266316, -1.1370384290390922, -1.137054060677126, -1.1370729642008086, -1.137094040937138, -1.1371161864735175, -1.1371388373029365, -1.1371612741517507, -1.1371826031726537, -1.1372024108015582, -1.1372204252501055, -1.1372361809749303, -1.137249521771352, -1.137260547759517, -1.137269200399518, -1.1372755638592071, -1.137279965062001, -1.1372826017205337, -1.1372836921153515, -1.13728363005302, -1.1372826920814365, -1.137281103463096, -1.1372791964373599, -1.1372771913612314, -1.1372752303086142, -1.1372735168084473, -1.1372721526746306, -1.13727116858076, -1.1372706366745662, -1.1372705456792662, -1.1372708407539847, -1.1372715044335526, -1.1372724584665055, -1.1372736147405014, -1.1372749218618885, -1.137276289133341, -1.1372776439880892, -1.1372789445168032, -1.1372801265806833, -1.137281159367893, -1.1372820292428356, -1.137282712833374, -1.1372832205956305, -1.1372835636162886, -1.1372837523920407, -1.1372838198907256, -1.1372837873785804, -1.1372836815404996, -1.1372835348771244, -1.137283365416809, -1.1372831981361042, -1.1372830501454139, -1.13728293027831, -1.137282850744294, -1.1372828115970075, -1.137282813210381, -1.1372828534977841, -1.1372829236529687, -1.137283018932524, -1.1372831294781505, -1.1372832471241956, -1.137283365436639, -1.137283476011658, -1.1372835753928099, -1.137283658912788, -1.1372837247425018, -1.137283772950209, -1.1372838033002404, -1.1372838187539052, -1.1372838210505003, -1.1372838136868146, -1.137283799874138, -1.137283782324322, -1.1372837643838651, -1.137283747704248, -1.1372837345114772, -1.1372837255533932, -1.1372837214463816, -1.1372837222246868, -1.137283727193469, -1.137283735854868, -1.137283746894513, -1.1372837595202818, -1.1372837724655092, -1.137283784930996, -1.1372837961088815, -1.1372838054394947, -1.1372838126897296, -1.1372838176596518, -1.13728382058589, -1.1372838215978638, -1.137283821187071, -1.1372838196757167, -1.1372838175856586, -1.1372838152651905, -1.1372838131015388, -1.1372838113409736, -1.1372838101609553, -1.1372838096516948, -1.1372838097919737, -1.1372838105344174, -1.1372838117278647, -1.1372838132509895, -1.137283814911157, -1.1372838165857135, -1.1372838181147573, -1.1372838194268897, -1.1372838204349212, -1.1372838211374192, -1.1372838215224812, -1.1372838216460235, -1.137283821546874, -1.1372838213075434, -1.137283820982784, -1.1372838206491749, -1.1372838203478723, -1.1372838201277844, -1.1372838200016115, -1.1372838199846809, -1.1372838200622437, -1.1372838202238342, -1.1372838204390878, -1.1372838206863203, -1.1372838209345386, -1.1372838211647358, -1.1372838213566108, -1.1372838215018732, -1.137283821595163, -1.1372838216396735, -1.1372838216424102, -1.1372838216134942, -1.1372838215657946, -1.1372838215100256, -1.1372838214581154, -1.137283821416543, -1.1372838213919523, -1.1372838213849803, -1.1372838213960745, -1.1372838214214875, -1.1372838214573258, -1.1372838214984649, -1.1372838215397534, -1.137283821577416, -1.1372838216077388, -1.1372838216295718, -1.1372838216419379, -1.1372838216459764, -1.1372838216431511, -1.1372838216356171, -1.1372838216259324, -1.1372838216159922, -1.137283821607881, -1.1372838216025667, -1.137283821600732, -1.1372838216023584, -1.1372838216067997, -1.1372838216133725, -1.1372838216209036, -1.1372838216284784]}