{"FCI": -0.9496551119950212, "Energy": -0.8644271914384613, "Loss": [-0.7879436179451582, -0.7905180687387938, -0.7923263449920024, -0.7937957537374507, -0.7950632765158725, -0.796193059755665, -0.7972211769159311, -0.798170279265785, -0.7990556850598245, -0.7998872371201892, -0.8006548832275785, -0.8014249073118532, -0.8021419360178949, -0.8028285200133605, -0.8034887903359653, -0.8041255646546089, -0.8047413859201786, -0.8053389142578378, -0.8059215739551018, -0.8064943915050621, -0.8070637981463912, -0.8076348886216704, -0.808208911070089, -0.8087842653055352, -0.8093586353774265, -0.8099300579041333, -0.8104971334774895, -0.8110589414743375, -0.8116149092543948, -0.8121647040592326, -0.8127081555431287, -0.8132452027252429, -0.8137758580975247, -0.8143001833081169, -0.8148182725797264, -0.8153302413123709, -0.8158362181904254, -0.8163363396833706, -0.8168307461995971, -0.8173195793937547, -0.8178029802867307, -0.8182810879629271, -0.8187540386804547, -0.8192219652782806, -0.819684996797732, -0.8201432582589819, -0.8205968705495755, -0.8210459503936588, -0.8214906103789865, -0.821930959024823, -0.8223671008782449, -0.822799136629659, -0.8232271632406918, -0.8236512740793837, -0.8240715590590063, -0.8244881047777424, -0.8249009946572664, -0.8253103090787868, -0.8257161255155859, -0.8261185186613366, -0.826517560553776, -0.8269133206934857, -0.8273058661576373, -0.8276952617086648, -0.8280815698979365, -0.828464851164516, -0.8288451639291166, -0.8292225646834622, -0.8295971080751916, -0.8299688469885058, -0.8303378326207531, -0.8307041145551496, -0.8310677408297963, -0.8314287580032365, -0.8317872112166684, -0.8321431442530378, -0.8324965995931598, -0.8328476184690266, -0.833196240914477, -0.8335425058133238, -0.8338864509451551, -0.8342281130288516, -0.8345675277640282, -0.834904729870432, -0.8352397531254969, -0.8355726304000715, -0.8359033936924952, -0.8362320741610407, -0.8365587021548857, -0.8368833072436249, -0.8372059182454503, -0.837526563254049, -0.8378452696642802, -0.8381620641967247, -0.8384769729211355, -0.838790021278852, -0.8391012341042542, -0.839410635645285, -0.8397182495830887, -0.840024099050822, -0.8403282066516681, -0.8406305944761052, -0.8409312841184534, -0.8412302966927477, -0.8415276528479629, -0.841823372782615, -0.8421174762588027, -0.8424099826156572, -0.8427009107822984, -0.8429902792902437, -0.8432781062853786, -0.8435644095394411, -0.8438492064610732, -0.8441325141064556, -0.8444143491895446, -0.8446947280919338, -0.8449736668723332, -0.8452511812757235, -0.8455272867421606, -0.845801998415274, -0.8460753311504544, -0.8463472995227518, -0.8466179178344991, -0.8468872001226629, -0.8471551601659488, -0.8474218114916453, -0.8476871673822541, -0.8479512408818852, -0.8482140448024306, -0.8484755917295426, -0.8487358940284143, -0.8489949638493531, -0.8492528131331953, -0.849509453616531, -0.8497648968367519, -0.8500191541369694, -0.8502722366707375, -0.8505241554066522, -0.8507749211328044, -0.8510245444610804, -0.8512730358313428, -0.8515204055154816, -0.8517666636213342, -0.8520118200964997, -0.8522558847320177, -0.8524988671659697, -0.8527407768869306, -0.8529816232373629, -0.8532214154168781, -0.8534601624854263, -0.853697873366372, -0.8539345568495037, -0.8541702215939415, -0.8544048761309648, -0.8546385288667742, -0.8548711880851569, -0.8551028619500894, -0.855333558508268, -0.8555632856915596, -0.8557920513194078, -0.8560198631011424, -0.8562467286382592, -0.8564726554266171, -0.8566976508585766, -0.8569217222251059, -0.8571448767177939, -0.8573671214308458, -0.8575884633630063, -0.8578089094194341, -0.8580284664135442, -0.858247141068783, -0.8584649400203687, -0.8586818698169884, -0.8588979369224528, -0.8591131477172991, -0.8593275085003765, -0.8595410254903648, -0.8597537048272764, -0.8599655525739176, -0.8601765747173076, -0.8603867771700653, -0.8605961657717767, -0.8608047462903045, -0.8610125244230878, -0.8612195057984053, -0.8614256959766008, -0.8616311004512982, -0.8618357246505607, -0.8620395739380559, -0.8622426536141679, -0.8624449689170948, -0.8626465250239236, -0.8628473270516756, -0.8630473800583358, -0.8632466890438384, -0.8634452589510684, -0.8636430946667997, -0.8638402010226391, -0.8640365827959429, -0.8642322447107098]}