{"FCI": -1.0047664927154654, "Energy": -0.9729107061381251, "Loss": [-0.9229602197409208, -0.9252159418562582, -0.9267847156901375, -0.9280506221309904, -0.929136360850622, -0.9300992964325892, -0.9309716557217083, -0.9317736599115808, -0.9325187105406803, -0.9331895536479337, -0.9338753962730174, -0.9345005290861096, -0.9350953085785962, -0.935663811377433, -0.9362089188644761, -0.9367330146183936, -0.9372381031213888, -0.9377258892546023, -0.9381978374649097, -0.9386552167075406, -0.9390991351343435, -0.9395305672495368, -0.9399503754402146, -0.9403593272432179, -0.9407581093368778, -0.9411473389862074, -0.9415275734860488, -0.9418993180141968, -0.9422630322099224, -0.9426191357219912, -0.9429680129167834, -0.9433100168969101, -0.9436454729498772, -0.94397468152251, -0.9442979207985767, -0.9446154489423686, -0.9449275060597301, -0.9452343159188223, -0.9455360874656579, -0.945833016163579, -0.9461252851810359, -0.9464130664481768, -0.9466965215995946, -0.9469758028178619, -0.9472510535904191, -0.9475224093905354, -0.9477899982915257, -0.9480539415222732, -0.948314353970953, -0.9485713446430903, -0.9488250170793946, -0.9490754697382122, -0.949322796347131, -0.9495670862280117, -0.9498084245996089, -0.950046892862104, -0.9502825688682516, -0.9505155271865012, -0.9507458393624931, -0.950973574187047, -0.9511987979810559, -0.9514215749110142, -0.9516419673536336, -0.9518600363342319, -0.9520758420722133, -0.9522894446781042, -0.9525009050608829, -0.9527102861216352, -0.9529176543284672, -0.9531230817851829, -0.9533266489138724, -0.9535284478544739, -0.9537285866148213, -0.9539271938412994, -0.9541244237710261, -0.9543204604347307, -0.9545155195441755, -0.9547098459352497, -0.9549037044145476, -0.9550973629720021, -0.9552910698139495, -0.9554850287568307, -0.9556793793682015, -0.9558741872334667, -0.9560694461132245, -0.956265089696301, -0.9564610083580624, -0.9566570664018039, -0.9568531167896622, -0.9570490121277617, -0.9572446119337614, -0.9574397868463937, -0.9576344206029843, -0.9578284105312153, -0.958021667133689, -0.9582141131732123, -0.958405682527157, -0.9585963189768953, -0.9587859750284585, -0.9589746108153151, -0.9591621931060519, -0.9593486944230883, -0.9595340922692435, -0.959718368454179, -0.959901508510721, -0.9600835011905416, -0.9602643380290932, -0.9604440129705241, -0.9606225220442162, -0.960799863085697, -0.9609760354955604, -0.9611510400309611, -0.9613248786250286, -0.9614975542301962, -0.9616690706820779, -0.9618394325809962, -0.9620086451886982, -0.9621767143381758, -0.9623436463547999, -0.9625094479872378, -0.9626741263468944, -0.9628376888546916, -0.9630001431942865, -0.9631614972708894, -0.9633217591749605, -0.9634809371502111, -0.963639039565324, -0.963796074889003, -0.9639520516678959, -0.9641069785070888, -0.9642608640528466, -0.9644137169773492, -0.9645655459651896, -0.9647163597014297, -0.9648661668610529, -0.9650149760996338, -0.9651627960451172, -0.965309635290563, -0.965455502387765, -0.9656004058416306, -0.965744354105285, -0.9658873555757521, -0.9660294185902156, -0.9661705514227699, -0.9663107622816102, -0.9664500593066121, -0.9665884505672852, -0.9667259440610226, -0.9668625477116529, -0.9669982693682393, -0.9671331168041064, -0.9672670977160828, -0.9674002197239189, -0.9675324903698616, -0.9676639171184054, -0.9677945073561448, -0.9679242683917557, -0.9680532074560945, -0.9681813317023676, -0.9683086482064165, -0.9684351639670441, -0.9685608859064281, -0.9686858208705926, -0.968809975629926, -0.9689333568797461, -0.9690559712408999, -0.9691778252604261, -0.9692989254121948, -0.9694192780976393, -0.9695388896464595, -0.9696577663173678, -0.9697759142988477, -0.9698933397099238, -0.9700100486009497, -0.9701260469544014, -0.9702413406856637, -0.9703559356438531, -0.9704698376126115, -0.9705830523109208, -0.9706955853939099, -0.9708074424536821, -0.9709186290200923, -0.9710291505615859, -0.9711390124859717, -0.9712482201412389, -0.971356778816345, -0.9714646937419984, -0.9715719700914484, -0.9716786129812471, -0.9717846274720292, -0.9718900185692608, -0.971994791224, -0.9720989503336382, -0.972202500742634, -0.972305447243238, -0.9724077945762163, -0.9725095474315613, -0.9726107104491809, -0.9727112882196034, -0.9728112852846547]}