{"FCI": -0.9459305117593954, "Energy": -0.8511137711657806, "Loss": [-0.7717966805352336, -0.7744137623639062, -0.7762535767170544, -0.7777495244218396, -0.7790405822916795, -0.780191840301427, -0.7812399057078337, -0.7822077663587493, -0.7831109695614737, -0.783960230614895, -0.7847409153404141, -0.785529583312827, -0.7862615041417136, -0.786962812522826, -0.7876373660181772, -0.7882879062832592, -0.7889167515006826, -0.7895259346661636, -0.7901173666283091, -0.7906931312700688, -0.7912560795681022, -0.7918107562918341, -0.7923636186873352, -0.7929204716738136, -0.7934831421222759, -0.7940499616982687, -0.7946182071521183, -0.7951854853993482, -0.7957500467486295, -0.7963107031175791, -0.7968666783942031, -0.7974174823356348, -0.7979628199029775, -0.7985025291590588, -0.7990365392198794, -0.7995648417000352, -0.800087471152676, -0.8006044915294774, -0.8011159867095259, -0.8016220538116484, -0.8021227984348441, -0.8026183312505751, -0.8031087655537097, -0.803594215500284, -0.8040747948418071, -0.8045506160214188, -0.8050217895354755, -0.8054884234908718, -0.8059506233072635, -0.8064084915268308, -0.8068621277038951, -0.8073116283537817, -0.8077570869454505, -0.8081985939262951, -0.8086362367702824, -0.8090701000428201, -0.8095002654772692, -0.8099268120592723, -0.8103498161160076, -0.8107693514081373, -0.8111854892228101, -0.8115982984664731, -0.8120078457565537, -0.8124141955113532, -0.8128174100376595, -0.8132175496157444, -0.8136146725815107, -0.8140088354056675, -0.8144000927698618, -0.8147884976397188, -0.815174101334856, -0.8155569535958828, -0.8159371026484675, -0.8163145952645453, -0.816689476820774, -0.8170617913543432, -0.8174315816161962, -0.8177988891218446, -0.8181637541998119, -0.8185262160378557, -0.8188863127270477, -0.8192440813038367, -0.8195995577901605, -0.8199527772317352, -0.8203037737345756, -0.8206525804998733, -0.820999229857282, -0.8213437532967123, -0.8216861814986836, -0.8220265443633522, -0.8223648710382292, -0.822701189944684, -0.823035528803305, -0.8233679146581274, -0.8236983738998509, -0.8240269322880336, -0.8243536149723618, -0.8246784465130168, -0.8250014509001777, -0.8253226515727263, -0.8256420714361744, -0.8259597328798509, -0.8262756577934057, -0.8265898675826258, -0.8269023831846314, -0.827213225082472, -0.8275224133191288, -0.8278299675109946, -0.8281359068607974, -0.828440250170058, -0.8287430158510525, -0.8290442219383223, -0.8293438860997544, -0.8296420256472493, -0.8299386575469857, -0.8302337984293118, -0.830527464598277, -0.8308196720408157, -0.8311104364355922, -0.8313997731615531, -0.831687697306146, -0.8319742236732736, -0.8322593667909535, -0.8325431409187274, -0.8328255600547976, -0.8331066379429357, -0.8333863880791508, -0.8336648237181232, -0.8339419578794444, -0.8342178033536328, -0.8344923727079525, -0.8347656782920542, -0.8350377322434157, -0.8353085464926212, -0.8355781327684575, -0.8358465026028693, -0.8361136673357332, -0.8363796381194963, -0.83664442592367, -0.836908041539185, -0.837170495582597, -0.8374317985001978, -0.837691960571953, -0.8379509919153773, -0.8382089024892422, -0.8384657020972164, -0.8387214003913588, -0.8389760068755442, -0.8392295309087715, -0.8394819817083725, -0.839733368353141, -0.8399836997863639, -0.8402329848187695, -0.8404812321313871, -0.8407284502783413, -0.8409746476895446, -0.841219832673343, -0.8414640134190603, -0.8417071979995022, -0.8419493943733646, -0.8421906103875973, -0.8424308537796946, -0.8426701321799275, -0.8429084531135143, -0.8431458240027359, -0.843382252169001, -0.8436177448348444, -0.8438523091258834, -0.8440859520727222, -0.8443186806128139, -0.8445505015922552, -0.8447814217675573, -0.8450114478073634, -0.8452405862941186, -0.8454688437257101, -0.8456962265170558, -0.8459227410016551, -0.846148393433116, -0.846373189986618, -0.8465971367603704, -0.8468202397770092, -0.8470425049849817, -0.8472639382598807, -0.8474845454057581, -0.8477043321564046, -0.8479233041766006, -0.848141467063335, -0.8483588263469961, -0.8485753874925444, -0.8487911559006356, -0.8490061369087523, -0.849220335792275, -0.8494337577655504, -0.8496464079829371, -0.8498582915398097, -0.8500694134735597, -0.8502797787645633, -0.8504893923371332, -0.8506982590604484, -0.8509063837494597]}