{"FCI": -0.9861936863274511, "Energy": -0.9443965342352707, "Loss": [-0.8874270325406785, -0.8897619528085817, -0.891390949744521, -0.8927083946925621, -0.8938404141890011, -0.8948460059360023, -0.8957583251343193, -0.8965981804500366, -0.8973795197574485, -0.8980874785353913, -0.8988040282575324, -0.8994618709820225, -0.9000882119131614, -0.9006874536787134, -0.9012625747467061, -0.9018160304392511, -0.9023498853636149, -0.9028658956288904, -0.9033655697666035, -0.9038502149986917, -0.9043209729504296, -0.9047788476099516, -0.9052247274974488, -0.9056594034457234, -0.9060835830100228, -0.906497902257861, -0.9069029355006979, -0.9072992033939323, -0.9076871797341002, -0.9080672972116509, -0.9084399523280959, -0.9088055096539777, -0.909164305588303, -0.9095166517829923, -0.9098628384239672, -0.910203137625607, -0.9105378073189702, -0.9108670962293415, -0.9111912508937265, -0.9115105262166837, -0.9118252018153018, -0.9121356071735882, -0.9124421586183139, -0.9127454081472649, -0.9130460939791216, -0.9133451619524876, -0.9136437056329604, -0.913942789687025, -0.9142432079395105, -0.9145453147753062, -0.9148490273638062, -0.9151539608107625, -0.9154595909056507, -0.915765374909864, -0.9160708174488714, -0.91637549616689, -0.9166790648924733, -0.9169812466533438, -0.917281823354165, -0.9175806253366424, -0.9178775221002148, -0.9181724145295582, -0.9184652285760049, -0.9187559101976028, -0.9190444213347913, -0.9193307367163688, -0.9196148413225917, -0.9198967283653412, -0.9201763976745609, -0.9204538544042348, -0.9207291079903974, -0.9210021713086802, -0.9212730599904497, -0.9215417918656212, -0.9218083865071007, -0.9220728648571433, -0.9223352489200288, -0.9225955615087073, -0.9228538260354697, -0.9231100663387668, -0.9233643065397603, -0.9236165709234316, -0.923866883840056, -0.9241152696236036, -0.9243617525242269, -0.9246063566525853, -0.9248491059340059, -0.9250900240709683, -0.9253291345125468, -0.9255664604297534, -0.9258020246958079, -0.9260358498706155, -0.9262679581887753, -0.9264983715505695, -0.9267271115154879, -0.9269541992978765, -0.9271796557643973, -0.9274035014330111, -0.9276257564732159, -0.927846440707387, -0.928065573613, -0.9282831743256106, -0.9284992616424427, -0.9287138540265104, -0.9289269696111387, -0.9291386262048292, -0.9293488412964022, -0.9295576320603318, -0.9297650153622575, -0.9299710077646093, -0.9301756255322996, -0.9303788846384894, -0.9305808007703398, -0.9307813893347981, -0.9309806654643422, -0.9311786440226949, -0.9313753396104842, -0.9315707665708457, -0.9317649389949457, -0.931957870727441, -0.9321495753718303, -0.9323400662957328, -0.9325293566360618, -0.9327174593041067, -0.932904386990506, -0.9330901521701274, -0.9332747671068344, -0.93345824385816, -0.9336405942798721, -0.9338218300304255, -0.9340019625753304, -0.9341810031914024, -0.9343589629709168, -0.9345358528256722, -0.9347116834909375, -0.9348864655293121, -0.9350602093345056, -0.9352329251349955, -0.9354046229976137, -0.9355753128310402, -0.9357450043892034, -0.9359137072746062, -0.9360814309415566, -0.9362481846993191, -0.9364139777151959, -0.9365788190175202, -0.9367427174985762, -0.9369056819174542, -0.9370677209028107, -0.937228842955591, -0.9373890564516583, -0.9375483696443644, -0.9377067906670624, -0.9378643275355432, -0.9380209881504217, -0.9381767802994625, -0.9383317116598411, -0.9384857898003558, -0.938639022183582, -0.9387914161679706, -0.9389429790099064, -0.9390937178656941, -0.9392436397935223, -0.939392751755353, -0.9395410606187907, -0.9396885731588859, -0.9398352960599101, -0.9399812359170698, -0.9401263992382025, -0.9402707924454153, -0.9404144218766906, -0.94055729378745, -0.9406994143520904, -0.940840789665474, -0.9409814257443865, -0.9411213285289599, -0.9412605038840737, -0.9413989576007065, -0.9415366953972667, -0.9416737229208895, -0.941810045748708, -0.9419456693890854, -0.9420805992828429, -0.9422148408044201, -0.9423483992630538, -0.9424812799038971, -0.942613487909133, -0.9427450283990513, -0.942875906433108, -0.9430061270109608, -0.9431356950734856, -0.9432646155037587, -0.9433928931280253, -0.9435205327166595, -0.9436475389850812, -0.9437739165946605, -0.9438996701536153, -0.9440248042178789, -0.9441493232919453, -0.944273231829707]}