{"FCI": -0.9714263137788843, "Energy": -0.9321404007836905, "Loss": [-0.8543367052335582, -0.8549221366350794, -0.8555053206539363, -0.8560862591219588, -0.8566649539423734, -0.8572414070891149, -0.8578156206061857, -0.8583875966069656, -0.8589573372735609, -0.8595248448561316, -0.860090121672222, -0.8606531701060994, -0.8612139926080788, -0.8617725916938588, -0.8623289699438546, -0.8628831300025303, -0.8634350745777261, -0.8639848064400001, -0.8645323284219584, -0.8650776434175786, -0.865620754381562, -0.8661616643286545, -0.8667003763329904, -0.8672368935274211, -0.8677712191028623, -0.8683033563076227, -0.8688333084467503, -0.8693610788813702, -0.8698866710280249, -0.870410088358017, -0.8709313343967584, -0.8714504127231095, -0.871967326968729, -0.8724820808174214, -0.8729946780044918, -0.8735051223160898, -0.8740134175885667, -0.8745195677078333, -0.8750235766087135, -0.8755254482743011, -0.8760251867353298, -0.8765227960695241, -0.8770182804009756, -0.8775116438994996, -0.8780028907800141, -0.8784920253019036, -0.8789790517683955, -0.8794639745259419, -0.8799467979635869, -0.8804275265123571, -0.8809061646446414, -0.8813827168735747, -0.8818571877524335, -0.8823295818740201, -0.8827999038700575, -0.88326815841059, -0.883734350203378, -0.8841984839933037, -0.8846605645617734, -0.8851205967261278, -0.8855785853390518, -0.8860345352879844, -0.8864884514945408, -0.8869403389139346, -0.8873902025343868, -0.8878380473765687, -0.8882838784930195, -0.8887277009675862, -0.8891695199148493, -0.8896093404795724, -0.8900471678361349, -0.8904830071879796, -0.8909168637670671, -0.8913487428333213, -0.8917786496740818, -0.8922065896035684, -0.892632567962341, -0.8930565901167704, -0.8934786614584879, -0.8938987874038826, -0.8943169733935583, -0.8947332248918228, -0.8951475473861683, -0.8955599463867517, -0.8959704274258935, -0.8963789960575603, -0.8967856578568776, -0.8971904184196114, -0.8975932833616882, -0.8979942583186916, -0.8983933489453799, -0.8987905609151998, -0.8991858999198007, -0.8995793716685678, -0.8999709818881341, -0.9003607363219203, -0.9007486407296643, -0.9011347008869615, -0.9015189225847995, -0.9019013116291049, -0.9022818738402987, -0.9026606150528367, -0.9030375411147727, -0.9034126578873164, -0.9037859712443967, -0.9041574870722235, -0.90452721126887, -0.9048951497438318, -0.90526130841762, -0.9056256932213301, -0.9059883100962387, -0.906349164993385, -0.9067082638731645, -0.9070656127049296, -0.9074212174665892, -0.9077750841442124, -0.9081272187316302, -0.9084776272300572, -0.9088263156477046, -0.9091732899993953, -0.9095185563061859, -0.9098621205949976, -0.9102039888982487, -0.9105441672534782, -0.9108826617029931, -0.9112194782935071, -0.911554623075782, -0.9118881021042751, -0.9122199214368056, -0.9125500871341902, -0.9128786052599157, -0.9132054818797973, -0.9135307230616447, -0.9138543348749371, -0.9141763233904896, -0.9144966946801378, -0.9148154548164161, -0.9151326098722357, -0.9154481659205844, -0.9157621290342101, -0.9160745052853146, -0.9163853007452588, -0.9166945214842583, -0.917002173571096, -0.9173082630728207, -0.9176127960544662, -0.9179157785787668, -0.9182172167058772, -0.9185171164930916, -0.9188154839945719, -0.91911232526107, -0.9194076463396763, -0.9197014532735399, -0.9199937521016123, -0.9202845488583964, -0.9205738495736813, -0.9208616602722999, -0.9211479869738791, -0.9214328356925924, -0.921716212436919, -0.9219981232094121, -0.9222785740064509, -0.9225575708180268, -0.9228351196274952, -0.923111226411363, -0.9233858971390622, -0.9236591377727321, -0.9239309542669982, -0.9242013525687625, -0.924470338616994, -0.9247379183425173, -0.9250040976678138, -0.9252688825068166, -0.9255322787647116, -0.9257942923377418, -0.9260549291130156, -0.9263141949683249, -0.9265720957719376, -0.9268286373824385, -0.927083825648527, -0.9273376664088561, -0.9275901654918367, -0.927841328715488, -0.9280911618872465, -0.9283396708038136, -0.9285868612509812, -0.9288327390034758, -0.9290773098247943, -0.9293205794670469, -0.9295625536708089, -0.9298032381649701, -0.9300426386665672, -0.9302807608806662, -0.930517610500194, -0.9307531932058118, -0.9309875146657673, -0.9312205805357665, -0.9314523964588302, -0.9316829680651697, -0.9319123009720559]}