{"FCI": -1.0701813832548392, "Energy": -1.0632490145184361, "Loss": [-1.0241061200033996, -1.0245288875556744, -1.0249479676649176, -1.0253633889886453, -1.0257751800259636, -1.026183369117193, -1.0265879844435473, -1.0269890540268252, -1.027386605729133, -1.0277806672526508, -1.0281712661393991, -1.0285584297710662, -1.0289421853688376, -1.0293225599932545, -1.0296995805441211, -1.0300732737604001, -1.0304436662201644, -1.0308107843405623, -1.031174654377798, -1.031535302427155, -1.0318927544230148, -1.032247036138932, -1.032598173187694, -1.0329461910214413, -1.0332911149317703, -1.0336329700498803, -1.033971781346743, -1.0343075736332723, -1.0346403715605257, -1.034970199619932, -1.035297082143512, -1.0356210433041468, -1.0359421071158395, -1.0362602974340087, -1.0365756379557916, -1.0368881522203646, -1.0371978636092767, -1.0375047953468077, -1.037808970500325, -1.0381104119806757, -1.0384091425425697, -1.0387051847849957, -1.0389985611516397, -1.0392892939313256, -1.0395774052584514, -1.0398629171134572, -1.0401458513232995, -1.040426229561924, -1.0407040733507609, -1.0409794040592457, -1.041252242905317, -1.0415226109559437, -1.0417905291276779, -1.0420560181871787, -1.0423190987517805, -1.0425797912900563, -1.0428381161223785, -1.0430940934215187, -1.0433477432132239, -1.0435990853768096, -1.04384813964578, -1.0440949256084289, -1.0443394627084595, -1.044581770245613, -1.044821867376304, -1.045059773114246, -1.045295506331119, -1.045529085757198, -1.0457605299820174, -1.045989857455041, -1.046217086486315, -1.0464422352471483, -1.0466653217707882, -1.0468863639530963, -1.0471053795532412, -1.0473223861943808, -1.04753740136436, -1.0477504424164057, -1.0479615265698208, -1.0481706709107064, -1.0483778923926448, -1.0485832078374235, -1.0487866339357494, -1.0489881872479478, -1.0491878842046996, -1.0493857411077445, -1.0495817741306082, -1.0497759993193356, -1.0499684325931988, -1.050159089745433, -1.0503479864439633, -1.0505351382321364, -1.0507205605294434, -1.0509042686322632, -1.0510862777145844, -1.051266602828743, -1.051445258906152, -1.0516222607580445, -1.0517976230762018, -1.0519713604336827, -1.0521434872855708, -1.0523140179696986, -1.0524829667073907, -1.052650347604187, -1.0528161746505926, -1.0529804617227942, -1.0531432225834063, -1.053304470882197, -1.0534642201568178, -1.0536224838335428, -1.0537792752279935, -1.053934607545858, -1.054088493883642, -1.0542409472293695, -1.0543919804633213, -1.054541606358765, -1.0546898375826594, -1.0548366866963883, -1.0549821661564784, -1.0551262883153107, -1.055269065421842, -1.0554105096223159, -1.0555506329609765, -1.0556894473807708, -1.0558269647240741, -1.0559631967333731, -1.0560981550519901, -1.056231851224769, -1.0563642966987852, -1.056495502824037, -1.0566254808541373, -1.0567542419470177, -1.0568817971656017, -1.0570081574785064, -1.057133333760721, -1.0572573367942808, -1.0573801772689644, -1.057501865782956, -1.05762241284352, -1.0577418288676814, -1.0578601241828849, -1.0579773090276643, -1.0580933935523076, -1.0582083878195094, -1.0583223018050354, -1.0584351453983678, -1.058546928403366, -1.0586576605389075, -1.0587673514395348, -1.0588760106560933, -1.0589836476563765, -1.0590902718257558, -1.059195892467819, -1.0593005188049875, -1.0594041599791555, -1.0595068250523054, -1.0596085230071284, -1.0597092627476417, -1.0598090530997955, -1.0599079028120955, -1.0600058205561955, -1.060102814927507, -1.0601988944458, -1.0602940675558001, -1.0603883426277687, -1.0604817279581098, -1.060574231769955, -1.0606658622137266, -1.0607566273677407, -1.060846535238774, -1.0609355937626288, -1.061023810804716, -1.0611111941606195, -1.0611977515566429, -1.061283490650384, -1.0613684190312926, -1.0614525442212073, -1.061535873674921, -1.061618414780713, -1.0617001748609056, -1.061781161172382, -1.061861380907146, -1.0619408411928337, -1.0620195490932547, -1.0620975116089055, -1.062174735677507, -1.0622512281745025, -1.0623269959135935, -1.062402045647236, -1.0624763840671534, -1.0625500178048406, -1.0626229534320668, -1.0626951974613732, -1.062766756346566, -1.062837636483204, -1.062907844209097, -1.0629773858047755, -1.063046267493991, -1.06311449544417, -1.0631820757669104]}