{"FCI": -1.0270387941378512, "Energy": -1.0122560390931772, "Loss": [-0.9603716238196679, -0.9608507397145895, -0.9613267278146657, -0.9617996040150603, -0.9622693841957184, -0.9627360842202838, -0.9631997199350338, -0.963660307167836, -0.9641178617271248, -0.9645723994008852, -0.9650239359556669, -0.9654724871356001, -0.9659180686614454, -0.9663606962296435, -0.9668003855113989, -0.9672371521517587, -0.9676710117687295, -0.9681019799524043, -0.9685300722640875, -0.9689553042354642, -0.9693776913677647, -0.9697972491309562, -0.9702139929629449, -0.9706279382687865, -0.971039100419932, -0.9714474947534673, -0.9718531365713832, -0.9722560411398486, -0.9726562236885071, -0.9730536994097804, -0.9734484834582009, -0.9738405909497342, -0.9742300369611401, -0.9746168365293384, -0.9750010046507792, -0.9753825562808411, -0.975761506333235, -0.97613786967943, -0.9765116611480702, -0.9768828955244414, -0.9772515875499166, -0.9776177519214321, -0.9779814032909689, -0.9783425562650531, -0.9787012254042675, -0.9790574252227693, -0.9794111701878238, -0.9797624747193596, -0.9801113531895104, -0.9804578199222033, -0.9808018891927258, -0.9811435752273256, -0.9814828922028176, -0.9818198542461906, -0.9821544754342411, -0.9824867697932081, -0.9828167512984262, -0.9831444338739703, -0.9834698313923456, -0.9837929576741559, -0.9841138264877881, -0.9844324515491273, -0.9847488465212524, -0.9850630250141688, -0.9853750005845292, -0.9856847867353798, -0.985992396915901, -0.9862978445211751, -0.9866011428919447, -0.9869023053143992, -0.9872013450199499, -0.9874982751850325, -0.9877931089309075, -0.9880858593234687, -0.9883765393730688, -0.9886651620343433, -0.9889517402060494, -0.9892362867309097, -0.9895188143954717, -0.9897993359299498, -0.9900778640081178, -0.9903544112471706, -0.9906289902076066, -0.9909016133931235, -0.9911722932505206, -0.9914410421695907, -0.9917078724830473, -0.9919727964664354, -0.9922358263380564, -0.9924969742589053, -0.9927562523326147, -0.9930136726053878, -0.9932692470659574, -0.9935229876455547, -0.9937749062178531, -0.994025014598961, -0.99427332454738, -0.9945198477640018, -0.994764595892086, -0.9950075805172697, -0.9952488131675472, -0.995488305313288, -0.9957260683672481, -0.9959621136845833, -0.9961964525628654, -0.9964290962421183, -0.9966600559048423, -0.9968893426760536, -0.9971169676233239, -0.997342941756824, -0.9975672760293866, -0.9977899813365371, -0.9980110685165811, -0.9982305483506505, -0.9984484315627756, -0.9986647288199607, -0.9988794507322527, -0.9990926078528369, -0.9993042106781053, -0.9995142696477575, -0.9997227951448807, -0.9999297974960611, -1.0001352869714721, -1.0003392737849754, -1.0005417680942421, -1.0007427800008533, -1.0009423195504112, -1.001140396732659, -1.0013370214816069, -1.0015322036756469, -1.0017259531376816, -1.0019182796352608, -1.0021091928806989, -1.0022987025312302, -1.0024868181891204, -1.002673549401835, -1.0028589056621657, -1.0030428964083844, -1.0032255310243787, -1.0034068188398273, -1.0035867691303244, -1.0037653911175615, -1.003942693969468, -1.0041186868003749, -1.004293378671186, -1.0044667785895356, -1.0046388955099517, -1.0048097383340377, -1.0049793159106295, -1.0051476370359724, -1.005314710453895, -1.0054805448559962, -1.005645148881808, -1.0058085311189795, -1.0059707001034652, -1.0061316643196994, -1.0062914322007912, -1.0064500121286937, -1.0066074124344084, -1.0067636413981662, -1.0069187072496182, -1.0070726181680292, -1.007225382282467, -1.007377007672001, -1.0075275023658918, -1.0076768743437967, -1.0078251315359563, -1.0079722818233994, -1.0081183330381427, -1.0082632929633912, -1.0084071693337322, -1.0085499698353548, -1.00869170210623, -1.0088323737363372, -1.0089719922678544, -1.009110565195369, -1.0092480999660813, -1.0093846039800192, -1.0095200845902346, -1.009654549103022, -1.009788004778119, -1.009920458828923, -1.010051918422693, -1.0101823906807665, -1.0103118826787725, -1.0104404014468336, -1.0105679539697823, -1.0106945471873763, -1.010820187994504, -1.010944883241405, -1.0110686397338755, -1.0111914642334894, -1.011313363457802, -1.011434344080569, -1.0115544127319676, -1.0116735759987894, -1.0117918404246797, -1.0119092125103324, -1.0120256987137182, -1.0121413054502821]}