{"FCI": -1.1132734108542355, "Energy": -1.11057816551502, "Loss": [-1.0822039863410928, -1.0825755019400145, -1.0829426881387854, -1.0833055927007142, -1.083664262926207, -1.0840187456556942, -1.084369087272582, -1.0847153337062347, -1.0850575304349623, -1.0853957224890394, -1.085729954453734, -1.08606027047235, -1.0863867142492953, -1.0867093290531435, -1.087028157719732, -1.0873432426552512, -1.0876546258393522, -1.0879623488282608, -1.0882664527579022, -1.088566978347038, -1.088863965900375, -1.0891574553117442, -1.089447486067209, -1.0897340972482334, -1.0900173275348182, -1.0902972152086647, -1.0905737981563024, -1.090847113872264, -1.091117199462216, -1.0913840916461115, -1.091647826761329, -1.0919084407658222, -1.0921659692412395, -1.0924204473960721, -1.0926719100687676, -1.092920391730856, -1.093165926490059, -1.0934085480933908, -1.0936482899302686, -1.0938851850355868, -1.0941192660928099, -1.0943505654370276, -1.0945791150580357, -1.0948049466033707, -1.095028091381352, -1.095248580364122, -1.0954664441906452, -1.0956817131697199, -1.09589441728298, -1.0961045861878596, -1.0963122492205617, -1.0965174353990244, -1.0967201734258403, -1.0969204916911957, -1.0971184182757638, -1.0973139809536259, -1.0975072071951228, -1.097698124169742, -1.0978867587489525, -1.0980731375090445, -1.0982572867339475, -1.0984392324180265, -1.0986190002688756, -1.0987966157100737, -1.0989721038839466, -1.0991454896542914, -1.0993167976091096, -1.0994860520632908, -1.099653277061294, -1.0998184963798314, -1.099981733530496, -1.1001430117623996, -1.1003023540647818, -1.1004597831696104, -1.1006153215541368, -1.1007689914434835, -1.1009208148131486, -1.1010708133915592, -1.101219008662548, -1.1013654218678466, -1.101510074009554, -1.101652985852578, -1.101794177927064, -1.101933670530804, -1.1020714837316254, -1.1022076373697707, -1.1023421510602431, -1.1024750441951408, -1.1026063359459748, -1.102736045265974, -1.1028641908923442, -1.1029907913485513, -1.1031158649465476, -1.1032394297889991, -1.1033615037714835, -1.1034821045846852, -1.1036012497165602, -1.1037189564544756, -1.1038352418873596, -1.103950122907779, -1.1040636162140725, -1.1041757383123956, -1.104286505518797, -1.1043959339612393, -1.1045040395816343, -1.104610838137838, -1.1047163452056363, -1.104820576180714, -1.1049235462806015, -1.1050252705465964, -1.1051257638457024, -1.1052250408724926, -1.1053231161510118, -1.1054200040366229, -1.1055157187178604, -1.1056102742182448, -1.1057036843981072, -1.1057959629563578, -1.105887123432287, -1.1059771792073043, -1.1060661435066799, -1.1061540294012848, -1.106240849809276, -1.1063266174978081, -1.1064113450846882, -1.106495045040055, -1.1065777296879975, -1.1066594112082027, -1.1067401016375518, -1.1068198128717193, -1.1068985566667473, -1.1069763446406147, -1.1070531882747747, -1.1071290989156921, -1.1072040877763567, -1.107278165937793, -1.1073513443505265, -1.1074236338360723, -1.107495045088381, -1.1075655886752853, -1.1076352750399154, -1.1077041145021234, -1.1077721172598753, -1.107839293390625, -1.107905652852699, -1.1079712054866304, -1.1080359610165202, -1.1080999290513467, -1.108163119086279, -1.1082255405039916, -1.1082872025759258, -1.108348114463578, -1.1084082852197579, -1.108467723789815, -1.108526439012897, -1.1085844396231408, -1.1086417342509018, -1.1086983314239327, -1.108754239568564, -1.108809467010883, -1.1088640219778683, -1.1089179125985589, -1.1089711469051566, -1.1090237328341679, -1.1090756782274938, -1.1091269908335297, -1.109177678308253, -1.1092277482162876, -1.1092772080319586, -1.1093260651403505, -1.1093743268383371, -1.1094220003356055, -1.1094690927556723, -1.1095156111368807, -1.109561562433407, -1.109606953516218, -1.1096517911740607, -1.1096960821144128, -1.1097398329644304, -1.1097830502718873, -1.1098257405061087, -1.1098679100588758, -1.1099095652453461, -1.1099507123049448, -1.1099913574022497, -1.110031506627873, -1.1100711659993243, -1.1101103414618736, -1.1101490388893986, -1.1101872640852177, -1.1102250227829227, -1.1102623206472033, -1.110299163274658, -1.11033555619458, -1.1103715048697722, -1.110407014697321, -1.1104420910093649, -1.110476739073869, -1.110510964095383, -1.110544771215782]}