{"FCI": -0.9570961084146377, "Energy": -0.9040731788507984, "Loss": [-0.814499810935755, -0.8151316784600137, -0.8157616404376252, -0.8163896946841858, -0.8170158390938898, -0.8176400716391684, -0.8182623903703449, -0.8188827934152726, -0.8195012789789643, -0.8201178453432353, -0.8207324908663257, -0.8213452139825177, -0.8219560132017675, -0.8225648871093107, -0.8231718343652759, -0.8237768537042932, -0.8243799439351007, -0.8249811039401372, -0.8255803326751432, -0.8261776291687534, -0.8267729925220827, -0.8273664219083142, -0.8279579165722847, -0.8285474758300605, -0.8291350990685082, -0.8297207857448853, -0.8303045353863843, -0.8308863475897249, -0.8314662220207053, -0.83204415841376, -0.8326201565715329, -0.8331942163644219, -0.833766337730137, -0.8343365206732499, -0.8349047652647467, -0.8354710716415746, -0.8360354400061785, -0.8365978706260556, -0.8371583638332877, -0.8377169200240839, -0.8382735396583135, -0.8388282232590429, -0.8393809714120712, -0.8399317847654572, -0.8404806640290523, -0.8410276099740294, -0.8415726234324065, -0.8421157052965748, -0.8426568565188262, -0.8431960781108646, -0.8437333711433449, -0.8442687367453799, -0.844802176104067, -0.8453336904640032, -0.8458632811268053, -0.8463909494506296, -0.8469166968496815, -0.8474405247937371, -0.8479624348076574, -0.8484824284708994, -0.8490005074170314, -0.8495166733332512, -0.8500309279598952, -0.850543273089949, -0.8510537105685653, -0.8515622422925735, -0.8520688702099881, -0.8525735963195382, -0.8530764226701493, -0.8535773513604893, -0.8540763845384552, -0.8545735244006992, -0.8550687731921379, -0.8555621332054641, -0.8560536067806638, -0.8565431963045227, -0.857030904210153, -0.8575167329764941, -0.8580006851278378, -0.8584827632333374, -0.8589629699065321, -0.8594413078048572, -0.8599177796291628, -0.860392388123238, -0.8608651360733229, -0.8613360263076377, -0.8618050616958887, -0.8622722451488158, -0.8627375796176883, -0.8632010680938492, -0.8636627136082308, -0.8641225192308855, -0.8645804880705118, -0.8650366232739795, -0.8654909280258744, -0.8659434055480093, -0.8663940590989752, -0.8668428919736643, -0.8672899075028069, -0.8677351090525188, -0.8681785000238276, -0.868620083852218, -0.869059864007175, -0.8694978439917241, -0.8699340273419818, -0.8703684176266954, -0.8708010184467988, -0.8712318334349525, -0.871660866255105, -0.8720881206020488, -0.8725136002009608, -0.8729373088069777, -0.8733592502047427, -0.8737794282079729, -0.8741978466590195, -0.8746145094284358, -0.8750294204145399, -0.8754425835429887, -0.8758540027663491, -0.876263682063663, -0.8766716254400332, -0.8770778369261958, -0.8774823205780986, -0.8778850804764867, -0.8782861207264796, -0.8786854454571661, -0.8790830588211858, -0.8794789649943239, -0.8798731681751031, -0.8802656725843716, -0.8806564824649107, -0.8810456020810303, -0.8814330357181698, -0.8818187876825034, -0.8822028623005469, -0.8825852639187631, -0.882965996903182, -0.8833450656390044, -0.8837224745302258, -0.8840982279992498, -0.8844723304865088, -0.8848447864500962, -0.8852156003653802, -0.8855847767246414, -0.8859523200366985, -0.8863182348265435, -0.8866825256349785, -0.887045197018249, -0.8874062535476993, -0.8877656998093904, -0.8881235404037743, -0.8884797799453201, -0.8888344230621782, -0.8891874743958283, -0.8895389386007386, -0.8898888203440203, -0.8902371243050923, -0.8905838551753447, -0.8909290176578004, -0.8912726164667959, -0.8916146563276343, -0.8919551419762811, -0.8922940781590208, -0.8926314696321512, -0.8929673211616548, -0.8933016375228919, -0.8936344235002833, -0.8939656838869929, -0.8942954234846355, -0.8946236471029598, -0.8949503595595512, -0.8952755656795254, -0.8955992702952397, -0.8959214782459907, -0.8962421943777276, -0.8965614235427624, -0.8968791705994719, -0.8971954404120326, -0.897510237850119, -0.8978235677886389, -0.8981354351074495, -0.8984458446910838, -0.8987548014284797, -0.8990623102127138, -0.8993683759407259, -0.8996730035130692, -0.8999761978336329, -0.9002779638093956, -0.9005783063501626, -0.900877230368313, -0.9011747407785543, -0.9014708424976601, -0.9017655404442366, -0.9020588395384758, -0.9023507447019035, -0.9026412608571629, -0.902930392927752, -0.9032181458378091, -0.9035045245118716, -0.9037895338746496]}