{"FCI": -1.0047664927154654, "Energy": -0.9832085519761328, "Loss": [-0.9229602197409208, -0.9234745563830649, -0.9239860754876023, -0.9244947872631397, -0.9250007019482694, -0.9255038298104985, -0.9260041811452179, -0.9265017662746644, -0.9269965955469048, -0.9274886793348139, -0.9279780280350814, -0.9284646520672145, -0.9289485618725573, -0.9294297679133214, -0.9299082806716227, -0.9303841106485248, -0.9308572683631022, -0.9313277643515127, -0.9317956091660639, -0.9322608133743124, -0.9327233875581588, -0.9331833423129507, -0.9336406882466131, -0.9340954359787614, -0.9345475961398528, -0.9349971793703272, -0.9354441963197695, -0.93588865764607, -0.936330574014613, -0.9367699560974527, -0.9372068145725255, -0.9376411601228355, -0.9380730034356932, -0.9385023552019279, -0.9389292261151259, -0.939353626870885, -0.9397755681660601, -0.9401950606980292, -0.9406121151639696, -0.9410267422601433, -0.941438952681189, -0.941848757119414, -0.9422561662641312, -0.9426611908009548, -0.9430638414111414, -0.9434641287709322, -0.9438620635508924, -0.9442576564152833, -0.9446509180214065, -0.9450418590190072, -0.9454304900496369, -0.9458168217460592, -0.9462008647316441, -0.946582629619785, -0.9469621270133216, -0.9473393675039534, -0.9477143616716963, -0.9480871200843134, -0.9484576532967782, -0.9488259718507316, -0.949192086273959, -0.949556007079862, -0.949917744766954, -0.9502773098183499, -0.9506347127012733, -0.9509899638665711, -0.9513430737482257, -0.9516940527628891, -0.952042911309425, -0.9523896597684349, -0.9527343085018319, -0.9530768678523783, -0.9534173481432733, -0.9537557596777139, -0.9540921127384825, -0.9544264175875327, -0.954758684465593, -0.9550889235917706, -0.955417145163152, -0.9557433593544385, -0.9560675763175625, -0.9563898061813256, -0.9567100590510323, -0.9570283450081455, -0.9573446741099354, -0.9576590563891436, -0.9579715018536512, -0.9582820204861515, -0.9585906222438305, -0.9588973170580625, -0.959202114834092, -0.9595050254507479, -0.9598060587601388, -0.9601052245873797, -0.960402532730302, -0.960697992959178, -0.9609916150164673, -0.9612834086165373, -0.9615733834454266, -0.9618615491605746, -0.962147915390599, -0.9624324917350418, -0.9627152877641453, -0.9629963130186239, -0.9632755770094471, -0.9635530892176162, -0.9638288590939625, -0.9641028960589405, -0.9643752095024324, -0.9646458087835434, -0.9649147032304324, -0.9651819021401153, -0.9654474147782885, -0.9657112503791656, -0.9659734181452969, -0.9662339272474202, -0.9664927868242927, -0.9667500059825473, -0.9670055937965343, -0.9672595593081881, -0.9675119115268883, -0.9677626594293137, -0.9680118119593327, -0.9682593780278623, -0.9685053665127538, -0.9687497862586789, -0.9689926460770187, -0.9692339547457517, -0.9694737210093531, -0.9697119535786994, -0.9699486611309721, -0.9701838523095665, -0.9704175357240001, -0.9706497199498422, -0.9708804135286251, -0.9711096249677761, -0.9713373627405377, -0.9715636352859149, -0.9717884510085948, -0.9720118182789026, -0.9722337454327324, -0.9724542407715058, -0.9726733125621143, -0.9728909690368761, -0.9731072183934972, -0.9733220687950311, -0.9735355283698394, -0.9737476052115612, -0.9739583073790937, -0.9741676428965464, -0.9743756197532376, -0.9745822459036665, -0.9747875292674943, -0.9749914777295313, -0.9751940991397331, -0.9753954013131861, -0.9755953920300992, -0.9757940790358101, -0.9759914700407855, -0.976187572720614, -0.97638239471602, -0.9765759436328767, -0.9767682270422018, -0.976959252480187, -0.9771490274482103, -0.9773375594128434, -0.9775248558058862, -0.9777109240243866, -0.9778957714306631, -0.9780794053523336, -0.9782618330823494, -0.9784430618790192, -0.9786230989660565, -0.9788019515326022, -0.9789796267332749, -0.9791561316882093, -0.9793314734830879, -0.9795056591692076, -0.9796786957635036, -0.9798505902486175, -0.9800213495729327, -0.9801909806506338, -0.9803594903617678, -0.9805268855522881, -0.98069317303412, -0.9808583595852118, -0.9810224519496108, -0.981185456837513, -0.9813473809253327, -0.9815082308557688, -0.9816680132378701, -0.9818267346471101, -0.9819844016254536, -0.9821410206814243, -0.9822965982901887, -0.9824511408936231, -0.9826046549003915, -0.9827571466860294, -0.9829086225930123, -0.9830590889308418]}