{"FCI": -1.0791924385860894, "Energy": -1.0733582518735256, "Loss": [-1.0365381818838406, -1.0369502192824371, -1.0373584492365397, -1.0377629036035962, -1.0381636140386767, -1.0385606119944466, -1.0389539287212048, -1.0393435952669536, -1.0397296424774636, -1.040112100996424, -1.0404910012655666, -1.0408663735248607, -1.0412382478127031, -1.0416066539661677, -1.0419716216212471, -1.0423331802131452, -1.0426913589765874, -1.0430461869461483, -1.043397692956617, -1.0437459056433684, -1.0440908534427726, -1.0444325645926245, -1.0447710671325745, -1.0451063889046126, -1.0454385575535505, -1.0457676005275252, -1.0460935450785285, -1.0464164182629572, -1.0467362469421697, -1.0470530577830657, -1.0473668772586953, -1.047677731648864, -1.0479856470407638, -1.0482906493296285, -1.0485927642193815, -1.0488920172233276, -1.0491884336648292, -1.049482038678025, -1.0497728572085308, -1.0500609140141859, -1.0503462336657907, -1.0506288405478499, -1.050908758859359, -1.0511860126145687, -1.0514606256437775, -1.0517326215941258, -1.0520020239304173, -1.0522688559359183, -1.0525331407132057, -1.0527949011849884, -1.053054160094965, -1.0533109400086598, -1.0535652633143053, -1.0538171522236948, -1.0540666287730651, -1.0543137148239818, -1.0545584320642154, -1.0548008020086563, -1.0550408460002074, -1.0552785852106803, -1.055514040641725, -1.0557472331257387, -1.0559781833267918, -1.0562069117415511, -1.056433438700206, -1.0566577843674192, -1.056879968743251, -1.0571000116641074, -1.0573179328036835, -1.0575337516739092, -1.0577474876259114, -1.0579591598509528, -1.0581687873813999, -1.058376389091667, -1.0585819836991945, -1.0587855897653957, -1.058987225696624, -1.0591869097451383, -1.0593846600100651, -1.059580494438367, -1.0597744308258095, -1.059966486817924, -1.0601566799109827, -1.0603450274529604, -1.0605315466444964, -1.0607162545398783, -1.0608991680479922, -1.0610803039332954, -1.061259678816788, -1.061437309176967, -1.0616132113508006, -1.0617874015346764, -1.0619598957853829, -1.0621307100210517, -1.0622998600221265, -1.0624673614323175, -1.062633229759554, -1.062797480376939, -1.0629601285237094, -1.0631211893061676, -1.0632806776986417, -1.06343860854443, -1.0635949965567382, -1.063749856319623, -1.063903202288922, -1.0640550487932017, -1.064205410034676, -1.0643543000901414, -1.064501732911906, -1.0646477223287, -1.0647922820466105, -1.0649354256499866, -1.0650771666023588, -1.0652175182473482, -1.0653564938095643, -1.0654941063955221, -1.0656303689945348, -1.0657652944795988, -1.0658988956083058, -1.0660311850237152, -1.0661621752552446, -1.0662918787195528, -1.0664203077214092, -1.066547474454572, -1.0666733910026522, -1.0667980693399877, -1.0669215213324925, -1.0670437587385186, -1.067164793209708, -1.0672846362918385, -1.067403299425668, -1.0675207939477809, -1.0676371310914086, -1.067752321987276, -1.0678663776644135, -1.0679793090509888, -1.0680911269751256, -1.0682018421657034, -1.0683114652531822, -1.068420006770396, -1.0685274771533548, -1.068633886742043, -1.0687392457812, -1.0688435644211252, -1.0689468527184312, -1.0690491206368473, -1.0691503780479727, -1.0692506347320536, -1.069349900378747, -1.0694481845878632, -1.0695454968701432, -1.0696418466479833, -1.069737243256197, -1.069831695942744, -1.0699252138694653, -1.0700178061128227, -1.0701094816646075, -1.0702002494326703, -1.0702901182416482, -1.0703790968336462, -1.0704671938689712, -1.0705544179268174, -1.070640777505974, -1.0707262810255067, -1.070810936825451, -1.0708947531674953, -1.0709777382356562, -1.071059900136953, -1.0711412469020791, -1.0712217864860554, -1.0713015267689068, -1.0713804755562988, -1.0714586405802011, -1.0715360294995302, -1.071612649900778, -1.0716885092986665, -1.071763615136767, -1.0718379747881348, -1.0719115955559153, -1.0719844846739874, -1.0720566493075567, -1.072128096553768, -1.0721988334423183, -1.0722688669360454, -1.072338203931529, -1.0724068512596796, -1.0724748156863302, -1.0725421039128036, -1.0726087225765109, -1.072674678251504, -1.072739977449059, -1.0728046266182312, -1.0728686321464211, -1.0729320003599252, -1.0729947375244884, -1.0730568498458584, -1.0731183434703149, -1.0731792244852152, -1.0732394989195317, -1.0732991727443741]}