{"FCI": -0.9759382405432152, "Energy": -0.9759382398848546, "Loss": [-0.865072589914449, -0.8656462307247761, -0.8667317529764937, -0.8682699475304684, -0.8702045725407551, -0.8724826054943541, -0.8750543761449814, -0.8778736141215773, -0.8808974358818156, -0.8840862889013406, -0.8874038659868281, -0.890816998940788, -0.8942955381521974, -0.8978122227817573, -0.9013425448579268, -0.9048646096519101, -0.9083589940449145, -0.9118086041564933, -0.9151985332063454, -0.9185159203880771, -0.9217498114085568, -0.9248910212660083, -0.927931999786763, -0.9308667004020428, -0.933690452614155, -0.9363998385704176, -0.9389925741299386, -0.9414673947711786, -0.9438239466465674, -0.9460626830445973, -0.948184766470452, -0.9501919765044673, -0.9520866235448311, -0.9538714684880111, -0.9555496483488403, -0.9571246077729193, -0.9586000363479851, -0.9599798115789075, -0.961267947353594, -0.9624685476944953, -0.9635857655631508, -0.964623766462967, -0.9655866965684059, -0.9664786550964837, -0.9673036706289834, -0.9680656810903273, -0.9687685170865383, -0.9694158883145145, -0.9700113727575711, -0.9705584083923806, -0.9710602871436322, -0.9715201508355374, -0.9719409889032844, -0.972325637642388, -0.9726767807892222, -0.9729969512416083, -0.9732885337439424, -0.973553768376631, -0.9737947547046377, -0.9740134564543014, -0.9742117066013949, -0.9743912127664501, -0.974553562825592, -0.9747002306565749, -0.9748325819503617, -0.9749518800282195, -0.9750592916133254, -0.97515589251391, -0.9752426731823002, -0.9753205441207967, -0.9753903411111257, -0.9754528302494847, -0.9755087127736541, -0.9755586296727666, -0.9756031660736487, -0.9756428554007893, -0.975678183309392, -0.9757095913932189, -0.9757374806706585, -0.9757622148539626, -0.9757841234077735, -0.9758035044040082, -0.9758206271808807, -0.9758357348144007, -0.9758490464109809, -0.9758607592301469, -0.975871050646275, -0.9758800799584215, -0.9758879900571502, -0.9758949089571126, -0.9759009512039708, -0.9759062191639136, -0.9759108042037845, -0.9759147877695012, -0.9759182423700853, -0.975921232474281, -0.9759238153263956, -0.9759260416875787, -0.9759279565084802, -0.9759295995387659, -0.9759310058787254, -0.9759322064777627, -0.9759332285843343, -0.9759340961514944, -0.9759348302019798, -0.9759354491563978, -0.9759359691279057, -0.975936404186414, -0.975936766595182, -0.9759370670223855, -0.9759373147300598, -0.9759375177426125, -0.975937682996893, -0.9759378164756684, -0.9759379233261661, -0.9759380079651806, -0.9759380741721789, -0.9759381251715926, -0.9759381637054874, -0.9759381920975978, -0.9759382123096891, -0.9759382259910668, -0.9759382345219888, -0.9759382390516742, -0.9759382405315097, -0.9759382397440004, -0.9759382373279757, -0.9759382338004642, -0.9759382295756484, -0.9759382249812518, -0.9759382202726641, -0.9759382156450809, -0.975938211243913, -0.9759382071736853, -0.9759382035056143, -0.9759382002840292, -0.9759381975318157, -0.9759381952549795, -0.9759381934464804, -0.9759381920894102, -0.9759381911596395, -0.9759381906279759, -0.9759381904619328, -0.9759381906271523, -0.9759381910885343, -0.975938191811132, -0.9759381927608384, -0.9759381939048986, -0.9759381952122892, -0.9759381966539753, -0.9759381982030743, -0.9759381998349455, -0.9759382015272138, -0.9759382032597548, -0.9759382050146286, -0.975938206775999, -0.9759382085300249, -0.9759382102647403, -0.9759382119699286, -0.9759382136369815, -0.9759382152587686, -0.9759382168295031, -0.9759382183446053, -0.975938219800592, -0.9759382211949357, -0.9759382225259643, -0.9759382237927562, -0.9759382249950372, -0.9759382261330887, -0.9759382272076682, -0.9759382282199357, -0.9759382291713784, -0.9759382300637574, -0.9759382308990443, -0.9759382316793808, -0.97593823240703, -0.9759382330843355, -0.9759382337137046, -0.9759382342975575, -0.9759382348383188, -0.9759382353383945, -0.9759382358001477, -0.9759382362258912, -0.9759382366178749, -0.9759382369782766, -0.9759382373091877, -0.9759382376126202, -0.9759382378904926, -0.9759382381446347, -0.9759382383767802, -0.9759382385885731, -0.9759382387815609, -0.9759382389572057, -0.975938239116871, -0.975938239261848, -0.9759382393933291, -0.9759382395124345, -0.9759382396202072, -0.9759382397176153, -0.9759382398055549]}