{"FCI": -1.0270387941378512, "Energy": -1.0270387939879027, "Loss": [-0.9603716238196681, -0.9608507397145896, -0.9617551802092016, -0.963031740464091, -0.9646287325082917, -0.9664966707134524, -0.9685887632477143, -0.9708612497648419, -0.9732736171024412, -0.9757887180887531, -0.9783728133502513, -0.9809955519768506, -0.9836299037871833, -0.9862520535371163, -0.9888412655626058, -0.99137972590986, -0.9938523678767561, -0.9962466859885593, -0.99855254269685, -1.0007619714773954, -1.002868979477008, -1.0048693523979306, -1.0067604638943461, -1.0085410913792323, -1.010211239793843, -1.0117719745735838, -1.0132252647507602, -1.0145738368663257, -1.0158210401194026, -1.0169707229650464, -1.0180271211780003, -1.0189947572326346, -1.019878350706941, -1.020682739300099, -1.021412809958148, -1.0220734395288975, -1.0226694443138162, -1.0232055378495128, -1.0236862962322193, -1.0241161302937578, -1.024499263944415, -1.024839718015177, -1.0251412989568847, -1.02540759178534, -1.0256419566976602, -1.0258475288246043, -1.0260272206252423, -1.0261837264727973, -1.0263195290230438, -1.026436906998442, -1.0265379440616995, -1.026624538491107, -1.0266984134065271, -1.0267611273290436, -1.0268140848888447, -1.026858547524871, -1.026895644046047, -1.0269263809476268, -1.0269516523973339, -1.0269722498247549, -1.0269888710639241, -1.0270021290132956, -1.02701255978983, -1.0270206303642353, -1.0270267456735214, -1.0270312552142769, -1.0270344591261928, -1.0270366137802631, -1.0270379368898805, -1.0270386121659734, -1.0270387935394638, -1.027038608975744, -1.027038163906735, -1.0270375443064406, -1.027036819435876, -1.0270360442828663, -1.027035261721568, -1.0270345044156788, -1.027033796488317, -1.027033154980372, -1.0270325911179243, -1.0270321114080412, -1.0270317185809488, -1.027031412395325, -1.0270311903220752, -1.0270310481207887, -1.0270309803218325, -1.0270309806257876, -1.0270310422310056, -1.0270311580987972, -1.0270313211649786, -1.0270315245054458, -1.0270317614626732, -1.0270320257392291, -1.027032311463664, -1.027032613233489, -1.02703292613937, -1.0270332457740903, -1.0270335682293832, -1.0270338900832654, -1.0270342083801522, -1.0270345206056364, -1.027034824657541, -1.0270351188145959, -1.0270354017038212, -1.0270356722674816, -1.0270359297303708, -1.0270361735679392, -1.0270364034757336, -1.0270366193404084, -1.0270368212125836, -1.027037009281649, -1.0270371838526302, -1.0270373453250954, -1.0270374941741442, -1.0270376309333593, -1.0270377561797008, -1.0270378705202345, -1.027037974580546, -1.0270380689947929, -1.027038154397205, -1.027038231414946, -1.0270383006622046, -1.0270383627353934, -1.0270384182093195, -1.0270384676342603, -1.0270385115337832, -1.0270385504032586, -1.02703858470893, -1.0270386148875101, -1.0270386413461805, -1.027038664462921, -1.027038684587183, -1.0270387020407261, -1.0270387171186866, -1.0270387300907626, -1.0270387412025055, -1.0270387506766772, -1.027038758714638, -1.0270387654977664, -1.0270387711888658, -1.0270387759335382, -1.0270387798615483, -1.027038783088116, -1.0270387857151706, -1.027038787832548, -1.027038789519103, -1.0270387908437777, -1.0270387918665973, -1.0270387926395752, -1.027038793207585, -1.0270387936091365, -1.0270387938771073, -1.0270387940393948, -1.0270387941195191, -1.027038794137179, -1.0270387941087298, -1.027038794047632, -1.0270387939648498, -1.027038793869203, -1.0270387937676815, -1.0270387936657237, -1.0270387935674588, -1.0270387934759253, -1.027038793393255, -1.0270387933208407, -1.027038793259468, -1.02703879320945, -1.0270387931707168, -1.0270387931429108, -1.0270387931254583, -1.0270387931176288, -1.0270387931185914, -1.0270387931274578, -1.0270387931433025, -1.027038793165205, -1.0270387931922698, -1.027038793223627, -1.0270387932584641, -1.0270387932960166, -1.0270387933355916, -1.0270387933765555, -1.0270387934183358, -1.0270387934604324, -1.0270387935024048, -1.027038793543875, -1.0270387935845193, -1.0270387936240692, -1.0270387936623062, -1.0270387936990557, -1.0270387937341854, -1.0270387937675933, -1.027038793799219, -1.0270387938290235, -1.0270387938569951, -1.0270387938831418, -1.0270387939074905, -1.027038793930085, -1.0270387939509744, -1.027038793970223]}