{"FCI": -1.0863870955146264, "Energy": -1.0863870955053903, "Loss": [-1.0731037829401562, -1.0733937833353542, -1.073932936150018, -1.0746752165991034, -1.075572555718573, -1.0765774371290333, -1.0776449590399464, -1.078734382164194, -1.0798101995050664, -1.080842775385658, -1.08180860894169, -1.082690281899765, -1.0834761521314245, -1.084159853561507, -1.08473965990984, -1.0852177648895656, -1.0855995253249295, -1.0858927066407755, -1.0861067627469656, -1.0862521748847824, -1.0863398668512672, -1.086380707436149, -1.0863851050862006, -1.0863626948746563, -1.0863221138547412, -1.086270857816482, -1.0862152103001348, -1.0861602333697025, -1.086109809015381, -1.0860667200211882, -1.0860327595860686, -1.0860088598080015, -1.0859952302231712, -1.0859914988385773, -1.0859968494217003, -1.086010150144048, -1.0860300699590424, -1.086055180284906, -1.0860840406286671, -1.0861152677073433, -1.0861475883870098, -1.0861798773671345, -1.0862111809914141, -1.0862407288773133, -1.0862679352387412, -1.0862923918463723, -1.08631385454635, -1.0863322251591705, -1.0863475304245633, -1.0863598994624943, -1.0863695410007612, -1.086376721389413, -1.0863817441933965, -1.086384931936388, -1.0863866103680262, -1.0863870954487795, -1.0863866830944682, -1.0863856415975683, -1.086384206544954, -1.086382577980281, -1.0863809195122618, -1.0863793590443698, -1.086377990794622, -1.086376878282295, -1.086376057978709, -1.0863755433484836, -1.0863753290426639, -1.0863753950437716, -1.0863757106023133, -1.086376237843141, -1.0863769349566357, -1.0863777589229402, -1.0863786677464302, -1.0863796222023598, -1.0863805871172825, -1.0863815322201222, -1.086382432611503, -1.0863832689057709, -1.0863840271032241, -1.0863846982504277, -1.086385277944137, -1.0863857657302967, -1.0863861644440627, -1.0863864795304776, -1.0863867183785858, -1.0863868896949562, -1.0863870029359208, -1.0863870678115997, -1.0863870938693756, -1.0863870901594803, -1.086387064981546, -1.0863870257076045, -1.086386978674798, -1.0863869291392536, -1.0863868812817281, -1.0863868382551611, -1.086386802264361, -1.0863867746686056, -1.0863867560986433, -1.0863867465806352, -1.0863867456606333, -1.0863867525244406, -1.0863867661088042, -1.0863867852010196, -1.0863868085251098, -1.0863868348135377, -1.0863868628643394, -1.0863868915840795, -1.0863869200175795, -1.0863869473657775, -1.0863869729932134, -1.0863869964269157, -1.0863870173483208, -1.0863870355799996, -1.0863870510687197, -1.0863870638662612, -1.0863870741093118, -1.0863870819993715, -1.0863870877836386, -1.0863870917374225, -1.0863870941485865, -1.0863870953042947, -1.0863870954801738, -1.0863870949319414, -1.0863870938893283, -1.0863870925521781, -1.0863870910884645, -1.0863870896339305, -1.0863870882930975, -1.086387087141332, -1.0863870862276817, -1.086387085578234, -1.0863870851997606, -1.0863870850834232, -1.086387085208416, -1.0863870855453783, -1.0863870860594844, -1.086387086713163, -1.0863870874683785, -1.0863870882884927, -1.0863870891396887, -1.086387089991987, -1.0863870908199142, -1.0863870916028056, -1.0863870923248795, -1.0863870929750534, -1.0863870935466038, -1.0863870940366906, -1.0863870944458065, -1.0863870947771879, -1.0863870950362124, -1.0863870952298158, -1.0863870953659491, -1.0863870954530983, -1.086387095499855, -1.0863870955145811, -1.08638709550512, -1.0863870954786046, -1.0863870954413108, -1.0863870953985735, -1.0863870953547818, -1.0863870953133645, -1.0863870952768704, -1.086387095247029, -1.0863870952248431, -1.086387095210711, -1.0863870952045207, -1.0863870952057693, -1.0863870952136614, -1.0863870952272074, -1.0863870952453145, -1.0863870952668424, -1.086387095290682, -1.0863870953157988, -1.0863870953412478, -1.0863870953662256, -1.0863870953900674, -1.0863870954122492, -1.0863870954323929, -1.0863870954502555, -1.0863870954657096, -1.086387095478739, -1.0863870954894113, -1.0863870954978658, -1.0863870955042982, -1.0863870955089319, -1.0863870955120152, -1.0863870955138066, -1.0863870955145567, -1.0863870955145059, -1.0863870955138766, -1.0863870955128612, -1.0863870955116295, -1.0863870955103232, -1.0863870955090564, -1.0863870955079105, -1.0863870955069488, -1.0863870955062014, -1.0863870955056985, -1.0863870955054296]}