{"FCI": -0.9981488619840654, "Energy": -0.9981488619840461, "Loss": [-0.9108726346469179, -0.9113988223621887, -0.9123934697015175, -0.9138004323708196, -0.9155658128554546, -0.9176384194739731, -0.9199700703929807, -0.9225157798849366, -0.925233855150918, -0.9280859251783731, -0.9310369179065145, -0.9340549980587233, -0.9371114750744686, -0.9401806883965385, -0.9432398757578433, -0.9462690289221978, -0.949250740454386, -0.9521700444425358, -0.955014253606481, -0.9577727948516028, -0.9604370450339028, -0.9630001684627846, -0.9654569574656466, -0.9678036771599956, -0.9700379154165142, -0.9721584388449865, -0.9741650554915062, -0.9760584847985229, -0.977840235249013, -0.9795124899924667, -0.981078000634586, -0.98253998926519, -0.9839020587007569, -0.9851681108300299, -0.9863422728736119, -0.9874288313016852, -0.9884321730981039, -0.9893567340136505, -0.9902069534161113, -0.9909872353190751, -0.9917019151546319, -0.9923552318463479, -0.9929513047372494, -0.9934941149321721, -0.9939874906237642, -0.9944350959856657, -0.9948404232344384, -0.9952067874823118, -0.99553732402562, -0.9958349877377555, -0.9961025542604112, -0.996342622711926, -0.9965576196565555, -0.9967498041030158, -0.9969212733242214, -0.9970739693129448, -0.9972096857095036, -0.9973300750577524, -0.9974366562645239, -0.9975308221548622, -0.9976138470314186, -0.9976868941607868, -0.9977510231226545, -0.9978071969693628, -0.9978562891539776, -0.9978990901941667, -0.9979363140473833, -0.9979686041798563, -0.9979965393181087, -0.9980206388768892, -0.9980413680619302, -0.9980591426495853, -0.9980743334486044, -0.998087270451693, -0.9980982466866275, -0.9981075217781626, -0.9981153252332295, -0.9981218594626565, -0.9981273025533228, -0.9981318108048309, -0.9981355210449518, -0.9981385527379976, -0.9981410099000722, -0.9981429828347611, -0.9981445497024525, -0.9981457779359566, -0.998146725514518, -0.9981474421077599, -0.9981479701004564, -0.9981483455084292, -0.9981485987951828, -0.9981487555983206, -0.9981488373741623, -0.9981488619682974, -0.9981488441193744, -0.9981487959027249, -0.9981487271199695, -0.99814864564025, -0.998148557698151, -0.9981484681531139, -0.9981483807144869, -0.9981482981361905, -0.998148222384421, -0.9981481547816018, -0.998148096129426, -0.9981480468135359, -0.9981480068921436, -0.99814797617066, -0.9981479542641207, -0.9981479406490835, -0.9981479347063962, -0.9981479357561469, -0.9981479430859128, -0.9981479559732577, -0.9981479737034357, -0.9981479955829553, -0.9981480209497382, -0.9981480491804477, -0.9981480796954127, -0.9981481119616654, -0.9981481454944026, -0.9981481798572066, -0.9981482146612913, -0.9981482495639838, -0.9981482842666659, -0.9981483185122803, -0.9981483520826, -0.9981483847953107, -0.9981484165010128, -0.9981484470802282, -0.9981484764404502, -0.9981485045132863, -0.9981485312517124, -0.9981485566274795, -0.9981485806286938, -0.998148603257543, -0.9981486245282147, -0.9981486444649925, -0.9981486631005236, -0.9981486804742441, -0.998148696630985, -0.9981487116197277, -0.9981487254924977, -0.998148738303407, -0.9981487501078027, -0.9981487609615644, -0.9981487709204674, -0.9981487800396815, -0.9981487883733275, -0.9981487959741301, -0.998148802893132, -0.9981488091794664, -0.9981488148801981, -0.9981488200401982, -0.998148824702072, -0.9981488289061007, -0.9981488326902437, -0.998148836090144, -0.9981488391391616, -0.9981488418684237, -0.9981488443068965, -0.9981488464814557, -0.9981488484169635, -0.9981488501363796, -0.9981488516608353, -0.9981488530097492, -0.998148854200907, -0.9981488552505777, -0.9981488561736023, -0.9981488569834878, -0.9981488576925068, -0.9981488583117811, -0.9981488588513736, -0.9981488593203627, -0.9981488597269307, -0.998148860078427, -0.9981488603814503, -0.9981488606419054, -0.9981488608650629, -0.9981488610556244, -0.998148861217771, -0.9981488613552145, -0.9981488614712389, -0.9981488615687486, -0.9981488616503006, -0.9981488617181477, -0.9981488617742591, -0.9981488618203643, -0.9981488618579704, -0.9981488618883834, -0.9981488619127459, -0.9981488619320378, -0.9981488619471061, -0.9981488619586831, -0.9981488619673897, -0.9981488619737581, -0.9981488619782395, -0.9981488619812152, -0.9981488619830017, -0.9981488619838714]}