{"FCI": -1.0968840054452296, "Energy": -1.0968840054282858, "Loss": [-1.0604224048056239, -1.0608136718068348, -1.0615494480197385, -1.0625815075806588, -1.063861707551123, -1.0653432048197307, -1.066981388200321, -1.0687345685704142, -1.0705644642437082, -1.0724365139211387, -1.074320045449956, -1.0761883251378335, -1.0780185094079815, -1.079791518033149, -1.081491845957091, -1.0831073287227764, -1.084628874718063, -1.086050175778457, -1.0873674061253782, -1.0885789181514687, -1.0896849421855572, -1.0906872960791618, -1.0915891092576326, -1.0923945647782385, -1.093108661939947, -1.0937370011002454, -1.0942855915755134, -1.0947606828334977, -1.0951686186272578, -1.0955157132651387, -1.0958081488544729, -1.0960518920899975, -1.0962526289723458, -1.096415715727633, -1.0965461441462943, -1.096648519558032, -1.096727049700421, -1.0967855428126423, -1.0968274133849674, -1.0968556941114473, -1.0968730527219168, -1.096881812504223, -1.096883975464144, -1.0968812472052991, -1.096875062741337, -1.0968666125759077, -1.0968568685008049, -1.0968466086679305, -1.096836441586142, -1.0968268287790985, -1.0968181059151565, -1.0968105022852386, -1.0968041585602637, -1.0967991428063042, -1.0967954647740825, -1.0967930885106005, -1.0967919433647957, -1.0967919334776062, -1.0967929458598455, -1.0967948571699488, -1.0967975393083487, -1.0968008639467095, -1.0968047061091861, -1.096808946919511, -1.0968134756227468, -1.0968181909843735, -1.0968230021622065, -1.096827829138957, -1.0968326027952304, -1.0968372646946167, -1.0968417666445256, -1.096846070088571, -1.0968501453789423, -1.0968539709700562, -1.0968575325684167, -1.096860822267498, -1.0968638376911006, -1.0968665811637828, -1.0968690589225656, -1.0968712803804956, -1.0968732574492177, -1.0968750039250703, -1.0968765349408127, -1.0968778664832406, -1.0968790149753225, -1.0968799969203344, -1.0968808286045861, -1.0968815258545332, -1.0968821038438288, -1.096882576945408, -1.0968829586237618, -1.096883261362502, -1.0968834966224785, -1.0968836748259096, -1.096883805362296, -1.096883896612128, -1.0968839559848549, -1.0968839899677751, -1.0968840041830654, -1.0968840034503315, -1.0968839918525355, -1.0968839728034339, -1.0968839491149571, -1.0968839230632568, -1.096883896452418, -1.0968838706750186, -1.0968838467689794, -1.0968838254703017, -1.0968838072614149, -1.096883792415039, -1.0968837810335756, -1.096883773084042, -1.0968837684287878, -1.096883766852122, -1.0968837680831736, -1.0968837718151991, -1.0968837777216893, -1.0968837854695421, -1.0968837947296084, -1.0968838051849488, -1.0968838165370323, -1.0968838285102056, -1.0968838408546517, -1.096883853348096, -1.0968838657964728, -1.0968838780337526, -1.0968838899210922, -1.0968839013454832, -1.0968839122180254, -1.0968839224719278, -1.0968839320603678, -1.0968839409542572, -1.0968839491400078, -1.0968839566173512, -1.096883963397218, -1.0968839694997727, -1.0968839749525674, -1.0968839797888692, -1.0968839840461448, -1.0968839877647225, -1.096883990986618, -1.0968839937545358, -1.096883996111014, -1.0968839980977205, -1.096883999754888, -1.0968840011208678, -1.0968840022318023, -1.096884003121378, -1.0968840038206937, -1.0968840043581658, -1.0968840047595276, -1.0968840050478652, -1.0968840052436895, -1.096884005365059, -1.096884005427706, -1.096884005445205, -1.096884005429124, -1.0968840053892084, -1.0968840053335513, -1.09688400526877, -1.0968840052001696, -1.096884005131911, -1.0968840050671516, -1.096884005008209, -1.0968840049566604, -1.096884004913497, -1.096884004879206, -1.0968840048538786, -1.096884004837301, -1.0968840048290116, -1.096884004828379, -1.0968840048346573, -1.0968840048470185, -1.096884004864612, -1.0968840048865736, -1.0968840049120643, -1.096884004940287, -1.096884004970492, -1.096884005001995, -1.0968840050341884, -1.0968840050665263, -1.0968840050985356, -1.0968840051298265, -1.09688400516007, -1.0968840051890003, -1.0968840052164164, -1.0968840052421696, -1.0968840052661615, -1.0968840052883344, -1.0968840053086686, -1.0968840053271813, -1.09688400534391, -1.096884005358918, -1.0968840053722801, -1.0968840053840934, -1.0968840053944522, -1.096884005403469, -1.0968840054112496, -1.0968840054179083, -1.0968840054235527]}