{"FCI": -1.0192324159029855, "Energy": -1.0192324157434882, "Loss": [-0.9477415243569508, -0.9482323048428312, -0.949159106078907, -0.950468006325747, -0.9521067832405888, -0.9540255407792171, -0.9561771521308937, -0.9585175582684612, -0.9610059530547741, -0.9636048790966655, -0.9662802533100282, -0.9690013371379584, -0.9717406632857121, -0.9744739284860333, -0.9771798600142612, -0.9798400622969717, -0.9824388488946803, -0.9849630643053394, -0.9874018993687994, -0.9897467035062586, -0.9919907965687275, -0.994129282670263, -0.9961588680282517, -0.9980776845129891, -0.9998851203150919, -1.0015816588678168, -1.0031687269100356, -1.0046485523435913, -1.006024032326204, -1.0072986118482259, -1.0084761728688587, -1.0095609339351592, -1.0105573600755124, -1.0114700826475438, -1.01230382872871, -1.0130633595645002, -1.01375341753355, -1.014378681049569, -1.0149437267950496, -1.015452998669986, -1.0159107828381948, -1.016321188263066, -1.0166881321416175, -1.0170153296693818, -1.01730628759735, -1.0175643010745072, -1.017792453304591, -1.0179936175820774, -1.0181704613097193, -1.0183254516369338, -1.018460862394781, -1.0185787820384604, -1.018681122341844, -1.0187696276203282, -1.0188458842879968, -1.0189113305824953, -1.0189672663163813, -1.0190148625366027, -1.0190551709945619, -1.0190891333478151, -1.0191175900309608, -1.0191412887478843, -1.019160892550201, -1.0191769874778396, -1.0191900897471116, -1.0192006524797153, -1.0192090719727895, -1.019215693515821, -1.0192208167646333, -1.0192247006864243, -1.0192275680925678, -1.0192296097780273, -1.019230988287762, -1.0192318413314736, -1.0192322848685569, -1.019232415885367, -1.0192323148866658, -1.0192320481228316, -1.0192316695737442, -1.0192312227095404, -1.0192307420475584, -1.0192302545238214, -1.0192297806964081, -1.019229335796962, -1.0192289306455846, -1.0192285724432155, -1.0192282654545968, -1.0192280115938794, -1.0192278109238986, -1.0192276620792444, -1.0192275626222997, -1.0192275093405778, -1.0192274984928726, -1.0192275260110137, -1.0192275876632324, -1.019227679184592, -1.0192277963792935, -1.0192279351990603, -1.0192280918014147, -1.0192282625911313, -1.0192284442476947, -1.0192286337413607, -1.0192288283399116, -1.0192290256080079, -1.0192292234007372, -1.0192294198527243, -1.019229613363927, -1.01922980258313, -1.0192299863898784, -1.019230163875557, -1.0192303343241462, -1.0192304971930393, -1.0192306520943262, -1.0192307987767453, -1.0192309371085224, -1.0192310670612368, -1.0192311886947913, -1.0192313021435506, -1.0192314076036548, -1.0192315053215195, -1.01923159558349, -1.019231678706609, -1.019231755030443, -1.019231824909927, -1.0192318887091334, -1.0192319467959186, -1.0192319995373682, -1.0192320472959786, -1.0192320904264793, -1.0192321292732793, -1.0192321641684177, -1.0192321954299939, -1.0192322233610238, -1.0192322482486214, -1.019232270363534, -1.019232289959901, -1.0192323072752698, -1.0192323225307842, -1.0192323359315145, -1.0192323476669538, -1.0192323579115614, -1.0192323668254188, -1.0192323745549192, -1.019232381233509, -1.019232386982444, -1.0192323919115522, -1.0192323961200038, -1.01923239969707, -1.019232402722857, -1.0192324052690267, -1.0192324073994845, -1.0192324091710359, -1.01923241063401, -1.0192324118328584, -1.019232412806702, -1.0192324135898427, -1.0192324142122626, -1.0192324147000549, -1.0192324150758445, -1.0192324153591616, -1.0192324155667947, -1.0192324157131019, -1.019232415810296, -1.019232415868715, -1.019232415897049, -1.0192324159025554, -1.0192324158912418, -1.0192324158680457, -1.0192324158369797, -1.0192324158012664, -1.0192324157634522, -1.0192324157255142, -1.0192324156889567, -1.0192324156548829, -1.0192324156240635, -1.0192324155970083, -1.0192324155739985, -1.01923241555515, -1.019232415540435, -1.0192324155297308, -1.0192324155228303, -1.0192324155194656, -1.0192324155193437, -1.0192324155221406, -1.019232415527524, -1.0192324155351642, -1.0192324155447308, -1.0192324155559183, -1.019232415568425, -1.0192324155819765, -1.0192324155963197, -1.0192324156112234, -1.0192324156264796, -1.0192324156419037, -1.0192324156573325, -1.0192324156726238, -1.0192324156876618, -1.0192324157023434, -1.0192324157165824, -1.0192324157303154]}