{"FCI": -1.0523215656204707, "Energy": -1.0523215656204612, "Loss": [-0.998717539417367, -1.0090082961120104, -1.017416038403521, -1.0242525285406239, -1.0297897338036626, -1.0342603746257606, -1.0378606299996467, -1.0407539505697914, -1.043075270997405, -1.044935178798502, -1.046423788169096, -1.0476141966003067, -1.0485654843051018, -1.0493252652840277, -1.0499318251828145, -1.0504158930250647, -1.0508020970902892, -1.051110153428312, -1.051355831180489, -1.0515517335075093, -1.0517079273762653, -1.0518324502104286, -1.0519317166899669, -1.0520108448773628, -1.0520739173511522, -1.0521241900974063, -1.0521642594826743, -1.0521961956390444, -1.0522216489662113, -1.0522419351359698, -1.0522581029176408, -1.0522709882830645, -1.0522812575583018, -1.0522894418341533, -1.0522959644028227, -1.052301162631929, -1.0523053054023046, -1.052308607008443, -1.0523112382385609, -1.0523133352062422, -1.0523150063896392, -1.0523163382419456, -1.0523173996629733, -1.0523182455629982, -1.0523189197031189, -1.0523194569589576, -1.0523198851247602, -1.0523202263512217, -1.0523204982913739, -1.0523207150138263, -1.0523208877305654, -1.0523210253769772, -1.0523211350741226, -1.052321222497132, -1.0523212921687861, -1.0523213476935216, -1.0523213919438863, -1.0523214272091537, -1.0523214553137643, -1.0523214777116934, -1.0523214955616909, -1.0523215097872216, -1.0523215211242412, -1.0523215301592603, -1.052321537359708, -1.0523215430980932, -1.0523215476712926, -1.0523215513158952, -1.0523215542204598, -1.0523215565352448, -1.0523215583800112, -1.0523215598501938, -1.0523215610218548, -1.0523215619556077, -1.0523215626997622, -1.052321563292813, -1.052321563765446, -1.0523215641421078, -1.05232156444229, -1.0523215646815194, -1.0523215648721742, -1.0523215650241151, -1.0523215651452036, -1.052321565241706, -1.0523215653186109, -1.0523215653799023, -1.0523215654287483, -1.0523215654676745, -1.0523215654986986, -1.0523215655234235, -1.052321565543127, -1.0523215655588298, -1.052321565571343, -1.0523215655813165, -1.0523215655892646, -1.0523215655955993, -1.0523215656006482, -1.0523215656046705, -1.052321565607877, -1.0523215656104314, -1.0523215656124671, -1.0523215656140916, -1.052321565615383, -1.0523215656164153, -1.0523215656172358, -1.0523215656178915, -1.0523215656184126, -1.0523215656188283, -1.05232156561916, -1.052321565619424, -1.0523215656196334, -1.052321565619802, -1.0523215656199376, -1.0523215656200435, -1.0523215656201272, -1.0523215656201945, -1.052321565620249, -1.0523215656202913, -1.0523215656203266, -1.0523215656203535, -1.0523215656203748, -1.0523215656203917, -1.0523215656204072, -1.052321565620417, -1.0523215656204257, -1.0523215656204346, -1.0523215656204385, -1.0523215656204434, -1.052321565620447, -1.0523215656204499, -1.0523215656204519, -1.0523215656204525, -1.0523215656204548, -1.0523215656204568, -1.0523215656204579, -1.0523215656204574, -1.0523215656204585, -1.0523215656204594, -1.052321565620459, -1.0523215656204594, -1.0523215656204614, -1.0523215656204583, -1.0523215656204599, -1.0523215656204585, -1.0523215656204603, -1.0523215656204599, -1.0523215656204612, -1.0523215656204599, -1.0523215656204603, -1.0523215656204612, -1.0523215656204614, -1.0523215656204599, -1.052321565620461, -1.0523215656204596, -1.0523215656204608, -1.0523215656204608, -1.0523215656204623, -1.0523215656204594, -1.0523215656204599, -1.05232156562046, -1.0523215656204599, -1.0523215656204608, -1.0523215656204616, -1.0523215656204603, -1.0523215656204599, -1.0523215656204603, -1.052321565620461, -1.0523215656204619, -1.05232156562046, -1.0523215656204608, -1.0523215656204614, -1.0523215656204614, -1.0523215656204616, -1.0523215656204588, -1.0523215656204605, -1.0523215656204592, -1.0523215656204616, -1.0523215656204608, -1.05232156562046, -1.05232156562046, -1.0523215656204612, -1.0523215656204608, -1.0523215656204592, -1.0523215656204612, -1.0523215656204608, -1.05232156562046, -1.0523215656204596, -1.0523215656204599, -1.052321565620459, -1.052321565620459, -1.0523215656204608, -1.0523215656204596, -1.0523215656204603, -1.0523215656204594, -1.052321565620461, -1.0523215656204608, -1.0523215656204612, -1.0523215656204603, -1.0523215656204596, -1.05232156562046]}