{"FCI": -0.9601614321588791, "Energy": -0.9601614321588533, "Loss": [-0.8239853655593002, -0.8387364626764451, -0.8522911040222351, -0.8646592063722438, -0.8758721900066238, -0.885978460788877, -0.8950389853928308, -0.9031232147451328, -0.910305517117056, -0.9166621998360551, -0.9222691334592532, -0.9271999460714696, -0.9315247266680998, -0.9353091622257558, -0.9386140293726012, -0.9414949650526556, -0.9440024483108174, -0.9461819350860783, -0.9480740981426475, -0.9497151340131578, -0.9511371075306797, -0.9523683119502822, -0.9534336287706928, -0.9543548762457834, -0.9551511393690251, -0.9558390769890367, -0.9564332038378367, -0.9569461467776057, -0.9573888756296295, -0.9577709096511495, -0.9581005011622802, -0.958384798067421, -0.9586299871193018, -0.9588414197812554, -0.9590237224865842, -0.9591808929965524, -0.9593163844373636, -0.9594331784640688, -0.9595338488637497, -0.9596206167773096, -0.95969539859246, -0.9597598474420876, -0.9598153891332588, -0.9598632532331679, -0.959904499949133, -0.9599400433600798, -0.9599706714860818, -0.9599970636199333, -0.9600198052894603, -0.9600394011710183, -0.9600562862320033, -0.9600708353433787, -0.9600833715708234, -0.9600941733250855, -0.9601034805277009, -0.9601114999270925, -0.960118409681658, -0.960124363310627, -0.9601294930996292, -0.9601339130360835, -0.9601377213391596, -0.9601410026402355, -0.9601438298620473, -0.9601462658381037, -0.9601483647082608, -0.9601501731213133, -0.9601517312713194, -0.9601530737905956, -0.9601542305192067, -0.9601552271680107, -0.9601560858900088, -0.960156825772624, -0.9601574632618988, -0.9601580125279924, -0.9601584857801149, -0.960158893537878, -0.9601592448651041, -0.9601595475712892, -0.960159808385178, -0.960160033104318, -0.9601602267239402, -0.9601603935479744, -0.9601605372847314, -0.9601606611293143, -0.9601607678346598, -0.960160859772713, -0.9601609389871619, -0.9601610072388646, -0.9601610660449881, -0.96016111671274, -0.9601611603684109, -0.9601611979824268, -0.9601612303909116, -0.9601612583142758, -0.96016128237323, -0.9601613031025827, -0.9601613209631307, -0.9601613363518957, -0.9601613496109551, -0.9601613610350491, -0.9601613708781221, -0.9601613793589783, -0.9601613866661404, -0.9601613929620381, -0.9601613983866253, -0.9601614030604848, -0.9601614070875115, -0.9601614105572251, -0.9601614135467518, -0.9601614161225497, -0.9601614183418735, -0.9601614202540562, -0.9601614219016055, -0.9601614233211441, -0.9601614245442294, -0.9601614255980462, -0.9601614265060212, -0.9601614272883394, -0.9601614279623895, -0.9601614285431569, -0.9601614290435478, -0.96016142947469, -0.960161429846163, -0.9601614301662276, -0.9601614304419971, -0.9601614306796025, -0.9601614308843232, -0.9601614310607129, -0.9601614312126916, -0.9601614313436366, -0.9601614314564603, -0.9601614315536697, -0.960161431637427, -0.9601614317095915, -0.9601614317717709, -0.9601614318253433, -0.9601614318715017, -0.9601614319112716, -0.9601614319455366, -0.9601614319750627, -0.960161432000502, -0.96016143202242, -0.9601614320413031, -0.9601614320575744, -0.9601614320715928, -0.9601614320836743, -0.9601614320940817, -0.9601614321030469, -0.9601614321107736, -0.9601614321174301, -0.9601614321231655, -0.9601614321281075, -0.9601614321323668, -0.960161432136035, -0.9601614321391959, -0.9601614321419185, -0.9601614321442644, -0.9601614321462867, -0.960161432148029, -0.9601614321495298, -0.9601614321508232, -0.9601614321519383, -0.9601614321528986, -0.9601614321537255, -0.9601614321544383, -0.9601614321550522, -0.9601614321555816, -0.9601614321560366, -0.960161432156429, -0.9601614321567669, -0.9601614321570597, -0.9601614321573091, -0.960161432157526, -0.9601614321577132, -0.9601614321578738, -0.9601614321580122, -0.9601614321581317, -0.9601614321582351, -0.960161432158323, -0.9601614321584001, -0.9601614321584651, -0.960161432158521, -0.9601614321585704, -0.9601614321586142, -0.9601614321586489, -0.9601614321586798, -0.960161432158706, -0.9601614321587304, -0.9601614321587515, -0.9601614321587673, -0.9601614321587815, -0.9601614321587945, -0.9601614321588064, -0.9601614321588154, -0.9601614321588232, -0.9601614321588308, -0.9601614321588373, -0.9601614321588412, -0.960161432158847, -0.9601614321588506]}