{"FCI": -1.1357265901593825, "Energy": -1.135726590159372, "Loss": [-1.113387642664061, -1.120811553015882, -1.1257883326144127, -1.1291134302415329, -1.131330004927604, -1.1328053959158084, -1.1337864581151127, -1.1344383810095058, -1.1348713963576833, -1.1351589258184787, -1.1353498128375985, -1.1354765237428235, -1.1355606272518557, -1.1356164471915933, -1.1356534937697116, -1.1356780802226378, -1.135694397074969, -1.1357052256687492, -1.1357124119554145, -1.1357171810384872, -1.1357203459664287, -1.1357224463171929, -1.1357238401773704, -1.1357247651868425, -1.135725379051847, -1.1357257864315524, -1.1357260567811844, -1.135726236193435, -1.1357263552568564, -1.135726434270955, -1.1357264867071029, -1.1357265215053176, -1.1357265445984652, -1.1357265599237787, -1.1357265700941175, -1.1357265768434641, -1.1357265813225323, -1.1357265842949789, -1.135726586267584, -1.1357265875766636, -1.1357265884454104, -1.135726589021934, -1.1357265894045336, -1.1357265896584379, -1.135726589826939, -1.135726589938758, -1.1357265900129674, -1.1357265900622142, -1.1357265900948945, -1.1357265901165823, -1.1357265901309768, -1.1357265901405298, -1.1357265901468667, -1.1357265901510725, -1.1357265901538653, -1.1357265901557194, -1.1357265901569484, -1.1357265901577642, -1.135726590158303, -1.1357265901586637, -1.1357265901589022, -1.135726590159059, -1.135726590159167, -1.135726590159234, -1.1357265901592821, -1.135726590159312, -1.1357265901593323, -1.135726590159346, -1.1357265901593536, -1.1357265901593618, -1.1357265901593665, -1.135726590159369, -1.1357265901593698, -1.135726590159372, -1.1357265901593712, -1.1357265901593725, -1.1357265901593716, -1.1357265901593716, -1.1357265901593716, -1.1357265901593727, -1.1357265901593734, -1.135726590159372, -1.1357265901593732, -1.135726590159373, -1.1357265901593738, -1.1357265901593714, -1.135726590159372, -1.135726590159374, -1.1357265901593745, -1.1357265901593725, -1.135726590159372, -1.1357265901593745, -1.135726590159373, -1.1357265901593727, -1.1357265901593718, -1.1357265901593732, -1.1357265901593736, -1.135726590159373, -1.1357265901593725, -1.1357265901593718, -1.135726590159373, -1.1357265901593718, -1.135726590159374, -1.1357265901593736, -1.1357265901593745, -1.135726590159374, -1.1357265901593725, -1.1357265901593718, -1.135726590159373, -1.1357265901593718, -1.1357265901593725, -1.135726590159372, -1.1357265901593738, -1.1357265901593727, -1.1357265901593727, -1.1357265901593725, -1.1357265901593747, -1.1357265901593725, -1.1357265901593727, -1.1357265901593732, -1.135726590159372, -1.1357265901593736, -1.1357265901593736, -1.1357265901593747, -1.1357265901593716, -1.135726590159374, -1.135726590159372, -1.1357265901593745, -1.1357265901593734, -1.1357265901593734, -1.1357265901593727, -1.1357265901593745, -1.135726590159374, -1.135726590159373, -1.1357265901593747, -1.135726590159372, -1.1357265901593745, -1.1357265901593736, -1.1357265901593734, -1.135726590159373, -1.135726590159372, -1.1357265901593738, -1.135726590159374, -1.1357265901593725, -1.1357265901593736, -1.1357265901593747, -1.1357265901593707, -1.1357265901593714, -1.1357265901593718, -1.135726590159371, -1.1357265901593714, -1.135726590159371, -1.1357265901593716, -1.1357265901593716, -1.1357265901593718, -1.1357265901593718, -1.1357265901593716, -1.1357265901593718, -1.1357265901593718, -1.1357265901593716, -1.135726590159372, -1.135726590159372, -1.135726590159372, -1.135726590159372, -1.135726590159372, -1.135726590159372, -1.135726590159372, -1.135726590159372, -1.135726590159372, -1.135726590159372, -1.135726590159372, -1.135726590159372, -1.135726590159372, -1.135726590159372, -1.135726590159372, -1.135726590159372, -1.135726590159372, -1.135726590159372, -1.135726590159372, -1.135726590159372, -1.135726590159372, -1.135726590159372, -1.135726590159372, -1.135726590159372, -1.135726590159372, -1.135726590159372, -1.135726590159372, -1.135726590159372, -1.135726590159372, -1.135726590159372, -1.135726590159372, -1.135726590159372, -1.135726590159372, -1.135726590159372, -1.135726590159372, -1.135726590159372, -1.135726590159372, -1.135726590159372, -1.135726590159372, -1.135726590159372]}