{"FCI": -0.9496551119950212, "Energy": -0.9496551119949439, "Loss": [-0.7879436179451582, -0.8038344645504412, -0.8186881437642843, -0.8324673496730941, -0.8451595838056779, -0.8567741465463043, -0.8673386048841503, -0.8768950629570733, -0.8854965046217615, -0.8932034073851448, -0.9000807565599275, -0.9061955258512427, -0.9116146403140786, -0.916403401135332, -0.9206243281648385, -0.9243363634639611, -0.9275943747919635, -0.930448899390825, -0.9329460734848258, -0.9351276998770441, -0.9370314136684168, -0.9386909136286897, -0.940136233623984, -0.9413940345070884, -0.9424879019236465, -0.9434386396048725, -0.9442645509887279, -0.9449817045483538, -0.9456041801275227, -0.9461442950020172, -0.9466128094050862, -0.9470191119628759, -0.9473713859549497, -0.9476767576056175, -0.9479414277708862, -0.948170788450617, -0.9483695255543669, -0.948541709303826, -0.9486908735808439, -0.9488200854394793, -0.9489320059016634, -0.9490289430548919, -0.9491128983708952, -0.9491856070689928, -0.9492485732585875, -0.949303100512658, -0.9493503184487863, -0.9493912058259157, -0.9494266106037443, -0.9494572673568182, -0.9494838123866318, -0.9495067968319055, -0.9495266980391256, -0.9495439294218828, -0.9495588490080937, -0.9495717668484407, -0.9495829514367908, -0.9495926352735881, -0.9496010196861041, -0.9496082790043936, -0.9496145641787507, -0.949620005913144, -0.9496247173792302, -0.9496287965669167, -0.9496323283201084, -0.9496353860996624, -0.9496380335101096, -0.9496403256217147, -0.9496423101153159, -0.9496440282736283, -0.9496455158396429, -0.9496468037598802, -0.949647918827959, -0.9496488842418354, -0.9496497200862861, -0.9496504437506624, -0.9496510702905876, -0.9496516127411468, -0.9496520823880328, -0.9496524890023055, -0.9496528410436721, -0.9496531458364619, -0.9496534097220142, -0.9496536381905905, -0.9496538359955975, -0.9496540072524815, -0.9496541555243496, -0.9496542838960932, -0.9496543950385763, -0.9496544912641978, -0.9496545745750029, -0.9496546467043367, -0.949654709152905, -0.9496547632199996, -0.949654810030533, -0.9496548505584337, -0.9496548856469189, -0.9496549160260368, -0.9496549423278478, -0.9496549650995829, -0.9496549848150316, -0.9496550018843883, -0.9496550166627948, -0.9496550294577296, -0.9496550405354036, -0.9496550501262973, -0.9496550584299569, -0.9496550656191469, -0.9496550718434459, -0.9496550772323571, -0.9496550818979992, -0.9496550859374442, -0.9496550894347393, -0.9496550924626488, -0.9496550950841696, -0.9496550973538452, -0.9496550993188979, -0.9496551010202139, -0.9496551024931874, -0.9496551037684681, -0.949655104872587, -0.9496551058285174, -0.9496551066561474, -0.9496551073727, -0.9496551079930801, -0.9496551085301954, -0.949655108995225, -0.9496551093978387, -0.9496551097464168, -0.9496551100482089, -0.9496551103094985, -0.9496551105357195, -0.9496551107315766, -0.9496551109011487, -0.9496551110479612, -0.949655111175068, -0.9496551112851166, -0.9496551113803957, -0.9496551114628855, -0.9496551115343027, -0.9496551115961386, -0.9496551116496732, -0.9496551116960225, -0.9496551117361522, -0.9496551117708951, -0.949655111800974, -0.9496551118270182, -0.9496551118495647, -0.9496551118690872, -0.9496551118859881, -0.9496551119006197, -0.9496551119132894, -0.9496551119242567, -0.9496551119337551, -0.9496551119419767, -0.9496551119490937, -0.9496551119552579, -0.9496551119605934, -0.9496551119652133, -0.9496551119692123, -0.949655111972675, -0.9496551119756746, -0.9496551119782699, -0.9496551119805159, -0.9496551119824626, -0.9496551119841461, -0.9496551119856049, -0.9496551119868688, -0.9496551119879617, -0.9496551119889083, -0.9496551119897263, -0.9496551119904366, -0.9496551119910517, -0.9496551119915828, -0.9496551119920431, -0.9496551119924419, -0.9496551119927874, -0.9496551119930867, -0.9496551119933443, -0.9496551119935701, -0.9496551119937633, -0.9496551119939316, -0.9496551119940757, -0.9496551119942034, -0.94965511199431, -0.9496551119944058, -0.9496551119944874, -0.949655111994558, -0.9496551119946186, -0.9496551119946715, -0.9496551119947166, -0.9496551119947569, -0.949655111994792, -0.9496551119948204, -0.9496551119948471, -0.9496551119948693, -0.9496551119948905, -0.9496551119949064, -0.9496551119949199, -0.9496551119949317]}