{"FCI": -1.0192324159029855, "Energy": -1.0192324159029773, "Loss": [-0.9477415243569508, -0.9592070546330946, -0.9689808752377731, -0.9772679479305693, -0.9842623571153994, -0.9901429061049948, -0.9950708452334152, -0.9991891669129911, -1.0026229781345102, -1.0054805572926864, -1.0078547981389854, -1.0098248279645983, -1.0114576555632577, -1.0128097569552312, -1.013928545145082, -1.0148536969588653, -1.0156183279107693, -1.016250017416807, -1.016771693399324, -1.0172023888706807, -1.0175578845277287, -1.0178512515031, -1.0180933077427092, -1.018293000373135, -1.0184577251256037, -1.0185935925442344, -1.018705649414504, -1.0187980626530349, -1.0188742718247612, -1.0189371155055755, -1.0189889358843465, -1.0190316652897902, -1.0190668977234398, -1.0190959479684163, -1.0191199004124643, -1.019139649361906, -1.0191559323205683, -1.019169357455251, -1.0191804262590904, -1.0191895522496963, -1.0191970763938305, -1.0192032798304738, -1.0192083943645307, -1.0192126111212443, -1.0192160876832626, -1.0192189539761476, -1.0192213171215625, -1.0192232654391427, -1.0192248717462205, -1.0192261960786198, -1.019227287933977, -1.0192281881214158, -1.019228930286581, -1.0192295421690378, -1.0192300466389723, -1.0192304625519268, -1.019230805453525, -1.0192310881604747, -1.0192313212396076, -1.0192315134028151, -1.019231671832678, -1.019231802450912, -1.0192319101397127, -1.0192319989242307, -1.0192320721230268, -1.0192321324720972, -1.019232182227156, -1.0192322232479327, -1.0192322570676913, -1.0192322849505402, -1.0192323079386758, -1.0192323268913441, -1.0192323425169538, -1.0192323553995528, -1.01923236602067, -1.0192323747772938, -1.019232381996731, -1.0192323879488279, -1.019232392856058, -1.019232396901845, -1.0192324002374136, -1.0192324029874367, -1.0192324052547042, -1.0192324071239622, -1.0192324086650806, -1.0192324099356627, -1.0192324109831994, -1.0192324118468457, -1.0192324125588812, -1.0192324131459227, -1.019232413629914, -1.0192324140289402, -1.0192324143579188, -1.0192324146291478, -1.0192324148527623, -1.0192324150371235, -1.0192324151891208, -1.0192324153144345, -1.0192324154177512, -1.0192324155029318, -1.0192324155731574, -1.0192324156310562, -1.019232415678791, -1.0192324157181476, -1.019232415750592, -1.0192324157773436, -1.0192324157993982, -1.019232415817581, -1.019232415832572, -1.019232415844932, -1.0192324158551205, -1.0192324158635229, -1.0192324158704493, -1.0192324158761588, -1.019232415880867, -1.019232415884747, -1.019232415887948, -1.0192324158905874, -1.0192324158927615, -1.0192324158945567, -1.019232415896033, -1.0192324158972526, -1.0192324158982575, -1.0192324158990862, -1.01923241589977, -1.0192324159003323, -1.0192324159007966, -1.0192324159011803, -1.0192324159014954, -1.0192324159017565, -1.0192324159019697, -1.0192324159021482, -1.0192324159022925, -1.0192324159024138, -1.0192324159025128, -1.0192324159025936, -1.01923241590266, -1.0192324159027177, -1.019232415902763, -1.0192324159028, -1.019232415902832, -1.0192324159028583, -1.0192324159028778, -1.0192324159028965, -1.0192324159029096, -1.0192324159029216, -1.0192324159029338, -1.0192324159029404, -1.0192324159029458, -1.0192324159029522, -1.0192324159029569, -1.0192324159029598, -1.0192324159029649, -1.0192324159029655, -1.0192324159029682, -1.0192324159029695, -1.0192324159029715, -1.0192324159029724, -1.0192324159029738, -1.0192324159029749, -1.0192324159029749, -1.0192324159029746, -1.019232415902977, -1.0192324159029769, -1.019232415902976, -1.0192324159029773, -1.0192324159029782, -1.019232415902978, -1.019232415902978, -1.0192324159029769, -1.019232415902978, -1.0192324159029778, -1.0192324159029773, -1.019232415902978, -1.0192324159029782, -1.0192324159029782, -1.019232415902979, -1.0192324159029773, -1.019232415902978, -1.019232415902977, -1.0192324159029786, -1.019232415902977, -1.0192324159029769, -1.0192324159029786, -1.0192324159029769, -1.0192324159029778, -1.0192324159029778, -1.0192324159029773, -1.0192324159029775, -1.0192324159029778, -1.019232415902978, -1.0192324159029766, -1.0192324159029789, -1.0192324159029778, -1.019232415902977, -1.0192324159029786, -1.0192324159029778, -1.019232415902977, -1.019232415902978, -1.019232415902978]}