{"FCI": -1.1372838216460408, "Energy": -1.137283821646032, "Loss": [-1.1167592281738767, -1.1239553582698663, -1.1286454951950942, -1.13169241374862, -1.1336676400603487, -1.134946361204496, -1.135773441876729, -1.136308091692913, -1.1366535765185446, -1.1368767711889287, -1.137020939895238, -1.137114053785601, -1.1371741891170852, -1.1372130244212908, -1.1372381035207035, -1.1372542988415864, -1.137264757169777, -1.1372715107148659, -1.1372758718474778, -1.1372786880602221, -1.1372805066333622, -1.1372816809779047, -1.1372824393108756, -1.1372829290041209, -1.137283245223252, -1.1372834494215267, -1.1372835812823976, -1.1372836664314407, -1.1372837214163576, -1.1372837569228165, -1.1372837798510773, -1.1372837946569823, -1.1372838042178792, -1.1372838103918188, -1.1372838143786344, -1.1372838169531176, -1.1372838186155865, -1.1372838196891257, -1.1372838203823616, -1.1372838208300173, -1.1372838211190917, -1.13728382130576, -1.137283821426302, -1.1372838215041419, -1.1372838215544065, -1.137283821586864, -1.1372838216078254, -1.1372838216213588, -1.1372838216301009, -1.1372838216357433, -1.1372838216393877, -1.1372838216417402, -1.1372838216432624, -1.1372838216442434, -1.137283821644876, -1.1372838216452865, -1.1372838216455496, -1.1372838216457202, -1.1372838216458292, -1.1372838216459025, -1.1372838216459469, -1.1372838216459766, -1.1372838216459957, -1.1372838216460073, -1.1372838216460164, -1.1372838216460206, -1.137283821646026, -1.137283821646026, -1.1372838216460295, -1.1372838216460297, -1.1372838216460295, -1.137283821646031, -1.1372838216460293, -1.1372838216460321, -1.13728382164603, -1.1372838216460328, -1.1372838216460315, -1.1372838216460324, -1.137283821646032, -1.1372838216460317, -1.1372838216460321, -1.1372838216460315, -1.137283821646033, -1.1372838216460324, -1.137283821646033, -1.1372838216460301, -1.1372838216460313, -1.1372838216460326, -1.1372838216460315, -1.1372838216460326, -1.1372838216460333, -1.137283821646031, -1.1372838216460328, -1.1372838216460313, -1.1372838216460308, -1.1372838216460324, -1.137283821646032, -1.137283821646032, -1.1372838216460304, -1.1372838216460317, -1.1372838216460324, -1.1372838216460313, -1.1372838216460306, -1.1372838216460324, -1.137283821646032, -1.1372838216460308, -1.1372838216460308, -1.1372838216460313, -1.1372838216460326, -1.137283821646032, -1.1372838216460301, -1.1372838216460333, -1.1372838216460328, -1.1372838216460308, -1.137283821646031, -1.137283821646033, -1.1372838216460313, -1.1372838216460301, -1.1372838216460313, -1.1372838216460326, -1.13728382164603, -1.1372838216460324, -1.1372838216460335, -1.1372838216460321, -1.137283821646032, -1.137283821646031, -1.1372838216460315, -1.1372838216460328, -1.1372838216460324, -1.1372838216460321, -1.1372838216460313, -1.1372838216460333, -1.1372838216460301, -1.1372838216460306, -1.1372838216460315, -1.1372838216460313, -1.137283821646032, -1.1372838216460324, -1.1372838216460317, -1.1372838216460328, -1.1372838216460313, -1.1372838216460317, -1.1372838216460317, -1.137283821646032, -1.1372838216460313, -1.1372838216460315, -1.1372838216460317, -1.1372838216460317, -1.137283821646032, -1.137283821646032, -1.137283821646032, -1.137283821646032, -1.137283821646032, -1.137283821646032, -1.137283821646032, -1.137283821646032, -1.137283821646032, -1.137283821646032, -1.137283821646032, -1.137283821646032, -1.137283821646032, -1.137283821646032, -1.137283821646032, -1.137283821646032, -1.137283821646032, -1.137283821646032, -1.137283821646032, -1.137283821646032, -1.137283821646032, -1.137283821646032, -1.137283821646032, -1.137283821646032, -1.137283821646032, -1.137283821646032, -1.137283821646032, -1.137283821646032, -1.137283821646032, -1.137283821646032, -1.137283821646032, -1.137283821646032, -1.137283821646032, -1.137283821646032, -1.137283821646032, -1.137283821646032, -1.137283821646032, -1.137283821646032, -1.137283821646032, -1.137283821646032, -1.137283821646032, -1.137283821646032, -1.137283821646032, -1.137283821646032, -1.137283821646032, -1.137283821646032, -1.137283821646032, -1.137283821646032, -1.137283821646032, -1.137283821646032, -1.137283821646032, -1.137283821646032]}