{"FCI": -1.0968840054452296, "Energy": -1.0968649153190964, "Loss": [-1.060422404805624, -1.066424797293903, -1.0702861873859086, -1.0732401708862767, -1.075664268959692, -1.0777306349693951, -1.0795341839438723, -1.0811335474952157, -1.0825673656132402, -1.0835646554653335, -1.085023491279558, -1.0861192726382192, -1.0871084616854225, -1.088016153246712, -1.088851275542116, -1.0896204534247689, -1.0903291981473207, -1.09098221811319, -1.0915835991198615, -1.092136934403743, -1.0926454235531031, -1.0931119493342727, -1.0935391380975974, -1.0939294074848593, -1.094285003324479, -1.094608023600344, -1.0949004103911906, -1.0951637979739939, -1.0953985564132143, -1.0955986689024602, -1.095745021838969, -1.0958939681923991, -1.0960789330039826, -1.0962301551143245, -1.096349703477942, -1.0964485033698814, -1.0965315484378064, -1.0966013559403651, -1.0966596333033258, -1.096707767628552, -1.096746937924787, -1.096778073457016, -1.0968016688999513, -1.096817450743576, -1.0968245594647164, -1.0968251240097886, -1.0968290394934872, -1.0968416916215038, -1.096855768157901, -1.09686589968567, -1.0968720736357256, -1.0968756088349176, -1.096877496362224, -1.0968782773658994, -1.0968781752246684, -1.0968771858256814, -1.096875144837022, -1.0968719016157726, -1.096867786737761, -1.0968641753383168, -1.0968629541858506, -1.0968646285849806, -1.0968678506361371, -1.096871046452433, -1.0968734626447356, -1.0968749900314765, -1.0968757437400616, -1.0968758426366179, -1.0968753507452862, -1.0968742958441668, -1.096872735863241, -1.0968708631367747, -1.0968690856129226, -1.0968679443635636, -1.096867812974765, -1.0968686337803613, -1.0968699932247856, -1.0968714228942498, -1.0968726065071677, -1.0968734009639851, -1.096873771991443, -1.0968737353403388, -1.096873331340638, -1.0968726283874837, -1.09687174107982, -1.0968708410797643, -1.0968701338784572, -1.0968697919502992, -1.0968698788153917, -1.0968703235062442, -1.0968709657860631, -1.096871631098117, -1.096872183897762, -1.0968725437557136, -1.0968726783973828, -1.0968725918955582, -1.0968723172718369, -1.0968719137032692, -1.096871463075067, -1.0968710592612947, -1.0968707874846582, -1.0968706997287168, -1.096870798949808, -1.0968710417048864, -1.096871357029625, -1.0968716701171317, -1.096871920108911, -1.0968720684359048, -1.0968721000189139, -1.0968720210988498, -1.0968718559392698, -1.0968716425395335, -1.0968714263921995, -1.096871251767912, -1.096871151889255, -1.0968711375364977, -1.096871099541018, -1.0968675988817531, -1.0967970779470018, -1.096820002504758, -1.0968596646822653, -1.0968689142902739, -1.096870964362694, -1.096871428877323, -1.0968715155345654, -1.0968714593660185, -1.0968713786902835, -1.0968712917974202, -1.0968712343975549, -1.096871179524181, -1.0968711044603348, -1.0968708531304965, -1.096870084332505, -1.0968676196559535, -1.0968608366202364, -1.0968489500287777, -1.0968454193483321, -1.0968541093311597, -1.0968624185379177, -1.096866659526789, -1.0968686267194065, -1.0968694477310694, -1.0968698132123913, -1.0968698473277436, -1.09686967313425, -1.0968691223931164, -1.09686806153724, -1.0968660319823, -1.0968628999031502, -1.0968592065667395, -1.0968572981374503, -1.0968583498835767, -1.096861276448624, -1.0968639791286743, -1.0968659491206627, -1.0968670581385553, -1.096867668538616, -1.0968677920964203, -1.0968676157062651, -1.096867006470315, -1.0968660571407984, -1.096864653486398, -1.0968631584871904, -1.0968618768542697, -1.0968614989794598, -1.0968619502567893, -1.0968630810200786, -1.0968642209605393, -1.0968652498932363, -1.0968658835459724, -1.096866276839114, -1.0968663015750852, -1.0968661308043979, -1.0968656456788717, -1.0968650467795407, -1.0968642809987124, -1.0968636716335334, -1.096863224092815, -1.0968632238489664, -1.0968634652558849, -1.0968640026000855, -1.096864498589104, -1.0968650074817718, -1.0968652913995889, -1.0968654877162323, -1.0968654361286618, -1.0968653115346318, -1.0968649897024116, -1.096864683189444, -1.0968642989508788, -1.0968640794813103, -1.0968639113978114, -1.0968639879104902, -1.096864108290206, -1.0968643925423658, -1.0968646041618784, -1.0968648616656294, -1.0968649628756204, -1.0968650577572576, -1.0968649829561583]}