{"FCI": -1.0047664927154654, "Energy": -1.004752423492052, "Loss": [-0.9229602197409208, -0.9299987285277851, -0.9348378560800874, -0.9387311953147318, -0.9420710023396923, -0.9450379657999086, -0.9477322606260403, -0.950215941465607, -0.9525301001133836, -0.9545054015842744, -0.9567273783799132, -0.9587082343605006, -0.9605748703924415, -0.9623583408982627, -0.9640690461594731, -0.965713829856653, -0.967298112347397, -0.9688263739241125, -0.9703023770459873, -0.9717293118899817, -0.9731099024488409, -0.9744464835931183, -0.9757410448283858, -0.9769951983054587, -0.9782098677820029, -0.979383859698611, -0.9805102037414496, -0.9815899001108499, -0.9826680494758006, -0.983731057826317, -0.9847519314941707, -0.9857336534624511, -0.9866812787463906, -0.9875972878676785, -0.9884829058171545, -0.9893388545620816, -0.9901655974156616, -0.9909633603467146, -0.9917320285430726, -0.9924710771749071, -0.9931803366301026, -0.993862761285174, -0.9945245560360366, -0.9951668545603682, -0.9957850951851726, -0.9963765764374832, -0.9969414093476779, -0.9974805111930138, -0.9979947052706462, -0.9984845923195321, -0.9989505982211728, -0.9993930384872829, -0.9998122325095147, -1.000208760537516, -1.0005838073175617, -1.0009390593334224, -1.0012757321777368, -1.0015938331745873, -1.0018927644029156, -1.0021722355631977, -1.0024324740960004, -1.0026740108061865, -1.0028974775121449, -1.003103519545743, -1.0032927877136297, -1.0034659768937415, -1.0036238906748987, -1.0037674876597138, -1.0038978286164915, -1.0040158939588528, -1.00412240613318, -1.004217839300738, -1.0043025918114408, -1.0043771407122712, -1.0044420855301157, -1.0044981181293544, -1.004545979650679, -1.0045864336459938, -1.0046202581454249, -1.004648247495731, -1.0046712086123704, -1.0046899353391645, -1.0047051575492973, -1.004717487359729, -1.004727397628871, -1.0047352456918863, -1.004741320084733, -1.0047458788805432, -1.004749166560643, -1.0047514152509054, -1.0047528412586402, -1.0047536435472362, -1.0047540048716834, -1.004754092378052, -1.0047540536176358, -1.0047540066655805, -1.0047540282805278, -1.0047541477486035, -1.0047543520026663, -1.0047546007681607, -1.0047548449166839, -1.004755041205557, -1.0047551605572413, -1.0047551907948602, -1.0047551360857863, -1.0047550147058044, -1.0047548555254415, -1.0047546929305535, -1.0047545601876988, -1.0047544823430365, -1.0047544707501421, -1.0047545212559568, -1.0047546166838903, -1.004754732421204, -1.0047548428902087, -1.0047549269367608, -1.0047549711784465, -1.0047549712908668, -1.0047549316397384, -1.0047548636634696, -1.0047547832838697, -1.0047547076290675, -1.0047546515512562, -1.0047546246606673, -1.0047546296314458, -1.0047546622244465, -1.0047547129227186, -1.0047547695747807, -1.0047548202361916, -1.0047548555254533, -1.0047548701115618, -1.0047548632393348, -1.0047548383790503, -1.0047548021708248, -1.0047547628833444, -1.0047547286635083, -1.004754705908696, -1.0047546980977187, -1.0047547053261567, -1.0047547246128743, -1.00475475083946, -1.0047547780357715, -1.0047548006815485, -1.004754814750061, -1.0047548183283599, -1.0047548117611738, -1.0047547973547115, -1.0047547787398574, -1.0047547600377522, -1.0047547449971233, -1.0047547362743572, -1.0047547349954642, -1.0047547406729258, -1.004754751465931, -1.0047547646937671, -1.004754777466786, -1.0047547872809448, -1.0047547924858193, -1.0047547918162596, -1.0047547632960396, -1.004753685126044, -1.004718293748215, -1.0047097991250915, -1.0047443473394295, -1.0047525210757298, -1.0047541846133967, -1.0047545586873967, -1.00475468263899, -1.0047547156396137, -1.004754733383515, -1.0047547303825233, -1.0047547268719528, -1.0047547044624376, -1.0047546686775364, -1.0047545648981586, -1.0047543117038862, -1.0047535235621474, -1.0047511678052745, -1.0047449614929214, -1.00473741900446, -1.0047390600316062, -1.0047459021934122, -1.0047502815257208, -1.004752400314285, -1.0047532833145945, -1.0047537028496827, -1.00475382133401, -1.0047538121740494, -1.0047535953118625, -1.0047531719154115, -1.0047522806056843, -1.0047507643557447, -1.004748407522439, -1.0047461396040578, -1.004745363913599, -1.0047467215577404, -1.0047487014340337, -1.0047504483841416, -1.0047515132302904, -1.0047521733951605]}