{"FCI": -0.947683849035273, "Energy": -0.9474300476290246, "Loss": [-0.7797171288475762, -0.7878849679689147, -0.7936911414675056, -0.7984779250393148, -0.802670138114533, -0.8064645345887997, -0.8099705644834206, -0.8132561853513048, -0.8163668141150086, -0.819334147915931, -0.8220106603548004, -0.8248931336677973, -0.827580487647041, -0.8301657141306438, -0.8326789853413937, -0.8351301841409884, -0.8375255944944263, -0.8398701790603273, -0.8421681050523716, -0.8444230771078118, -0.8466388900155137, -0.8488209186728575, -0.850980552449496, -0.8531459131460871, -0.855369726830594, -0.8576950540473433, -0.8601140322796986, -0.8625912816865976, -0.8650938120366836, -0.8675981526667114, -0.8700886564462377, -0.8725549297868556, -0.8749899669850333, -0.8773889577043097, -0.8797485414082363, -0.8820663369744309, -0.8843406402556809, -0.8865702254641641, -0.8887542120311616, -0.890891973658676, -0.8929830751345578, -0.895027227774807, -0.8970242575845082, -0.8989740822397041, -0.9008766942716847, -0.9027321486648653, -0.9045405536276987, -0.9063020636645727, -0.9080168743281652, -0.909685218205915, -0.9113073618165369, -0.9128836031792605, -0.9144142698808733, -0.9158997175107394, -0.9173403283671182, -0.9187365103624585, -0.9200886960734402, -0.9213973418952095, -0.9226629272692919, -0.9238859539625159, -0.9250669453800713, -0.9262064459002826, -0.927305020222117, -0.9283632527190085, -0.9293817467946228, -0.9303611242376282, -0.9313020245738097, -0.9322051044146011, -0.9330710368018864, -0.9339005105493249, -0.93469422958084, -0.9354529122671067, -0.9361772907610839, -0.936868110333622, -0.9375261287102605, -0.9381521154102472, -0.9387468510887003, -0.9393111268827345, -0.9398457437621318, -0.9403515118849312, -0.9408292499579638, -0.9412797846020908, -0.9417039497213977, -0.9421025858751502, -0.942476539650764, -0.942826663035328, -0.9431538127824963, -0.9434588497706793, -0.9437426383474479, -0.9440060456539259, -0.9442499409217074, -0.9444751947333243, -0.9446826782358472, -0.9448732622954236, -0.9450478165788287, -0.9452072085463107, -0.9453523023382862, -0.9454839575367833, -0.9456030277814461, -0.9457103592191449, -0.9458067887665393, -0.9458931421663315, -0.945970231821105, -0.9460388543938087, -0.9460997881717899, -0.9461537902022231, -0.9462015932208839, -0.9462439024139656, -0.9462813920732259, -0.9463147022275149, -0.946344435357023, -0.9463711533178383, -0.9463953746207694, -0.9464175722161526, -0.9464381719320728, -0.9464575516946483, -0.9464760416241134, -0.9464939250512621, -0.9465114404386095, -0.9465287841263883, -0.9465461137630906, -0.9465635522322293, -0.9465811918584185, -0.9465990986706125, -0.9466173165185346, -0.9466358708762228, -0.9466547722171342, -0.9466740189004321, -0.94669359955981, -0.9467134950284968, -0.9467336798633401, -0.946754123546435, -0.9467747914457705, -0.9467956456102522, -0.9468166454618778, -0.9468377484327021, -0.9468589105785095, -0.9468800871870102, -0.9469012333863682, -0.9469223047507398, -0.9469432578928743, -0.9469640510297885, -0.9469846445055492, -0.9470050012553001, -0.947025087196261, -0.9470448715345374, -0.9470643269805583, -0.9470834298706062, -0.9471021601966507, -0.9471205015510562, -0.9471384409964243, -0.9471559688734137, -0.9471730785608377, -0.9471897662025053, -0.9472060304139474, -0.9472218719721714, -0.9472372933743964, -0.9472522965043602, -0.9472668520663665, -0.9472804318232932, -0.9472847782248377, -0.947204840671156, -0.947201291471264, -0.9472783816321825, -0.9473040729256044, -0.9473131046194647, -0.947318475660959, -0.9473230333062322, -0.9473274425226473, -0.9473318828202508, -0.947336407346375, -0.9473410276859138, -0.9473457321678996, -0.9473504784799125, -0.9473551539613598, -0.947359453639468, -0.94736251950001, -0.9473620666425544, -0.9473539229503949, -0.9473403550173485, -0.9473410357747065, -0.9473575130212917, -0.9473728818689584, -0.9473825344114393, -0.9473870049628988, -0.9473811042126437, -0.9473773286041371, -0.9473912128556333, -0.947401052280159, -0.9474058253341708, -0.9474083442043455, -0.9474091187030349, -0.9474079242694222, -0.9474051967884531, -0.9474035792457989, -0.9474059622271112, -0.9474121660345892, -0.9474192096501343, -0.9474250558590473, -0.9474288103974371]}