{"FCI": -1.1357265901593825, "Energy": -1.1357026330077877, "Loss": [-1.113387642664061, -1.1188175403993006, -1.122067418476747, -1.1244149273209956, -1.1262422455122527, -1.1277220315728083, -1.128949134471092, -1.1299821661326965, -1.1308597310771056, -1.1312044448107592, -1.132243265178009, -1.132809947862803, -1.1332875400319455, -1.1336972696199776, -1.1340482504326594, -1.134347858374079, -1.1346024430157982, -1.1348175661627242, -1.1349981561380629, -1.1351486177618064, -1.1352729117250238, -1.13537461174048, -1.1354569454049093, -1.1355228232354673, -1.1355748593828034, -1.1356153868488197, -1.1356464694564605, -1.135669911942495, -1.1356872665672408, -1.1356998182123552, -1.1357084189082178, -1.1357122148337235, -1.1356998621939967, -1.135635746184172, -1.1356331485293762, -1.1356893214834887, -1.135713829935711, -1.1357216000952952, -1.13572422615728, -1.1357252251087402, -1.1357256238704572, -1.1357257453280811, -1.1357256791006807, -1.1357253934006342, -1.1357247103546484, -1.135723140524018, -1.135719461823582, -1.1357111870748577, -1.1356966272934967, -1.1356844025641422, -1.135688144345526, -1.1357008634862042, -1.1357111078441542, -1.135716948902252, -1.1357199176326211, -1.135721300278976, -1.1357217448762125, -1.13572148248356, -1.1357204757329216, -1.135718474028884, -1.1357150948278423, -1.1357101935112948, -1.135704749274074, -1.1357013012440231, -1.1357018778426087, -1.1357055771880789, -1.1357099809818454, -1.135713554194063, -1.1357159311287732, -1.1357172508841065, -1.1357177145048913, -1.1357174432793553, -1.1357164752838012, -1.135714825005642, -1.1357126018988892, -1.1357101670256806, -1.1357081829515197, -1.135707341340021, -1.1357078786953365, -1.1357094138043622, -1.1357112913187442, -1.135712985387422, -1.1357142281649797, -1.1357149395094757, -1.1357151273809862, -1.1357148315962184, -1.135714114067968, -1.1357130796984551, -1.1357119050881992, -1.1357108400323699, -1.1357101478228526, -1.1357099960304624, -1.1357103750744983, -1.135711114396183, -1.1357119632319441, -1.135712324076001, -1.1357028591601543, -1.1355988319365864, -1.1356586263635067, -1.1357008754010074, -1.1357098940313297, -1.1357114243119526, -1.1357114419805794, -1.1357111728658462, -1.135711017459626, -1.1357110592061648, -1.1357113070464315, -1.1357116560946108, -1.1357120008915507, -1.1357121589119459, -1.1357118845846426, -1.1357104662681712, -1.135706014747767, -1.1356944506004043, -1.1356784046553148, -1.1356780859813564, -1.1356910665479538, -1.135700885597947, -1.1357058699362972, -1.1357081554178825, -1.1357093272647238, -1.1357098800334888, -1.135710082104166, -1.1357098323552879, -1.135709030937915, -1.1357072416267744, -1.1357040621511958, -1.1356992289835803, -1.1356943818552525, -1.1356924937145167, -1.1356948266777949, -1.1356988127480956, -1.1357024170209657, -1.135704807987587, -1.1357062996337135, -1.1357070070485826, -1.1357072084300153, -1.1357068273842366, -1.1357059458052483, -1.135704404099543, -1.1357024162124825, -1.1357002342420408, -1.1356987360098243, -1.1356983743727582, -1.1356993316322588, -1.1357008520508016, -1.1357025008105561, -1.135703753113418, -1.1357046531908563, -1.1357050496884435, -1.1357051098105357, -1.1357047249129932, -1.1357040722114502, -1.1357030988191297, -1.1357021160052678, -1.1357012120285448, -1.1357007847420146, -1.135700779200567, -1.135701294800714, -1.135701964649539, -1.1357027465659029, -1.1357033257955922, -1.1357037767293896, -1.1357039167246024, -1.1357038960559231, -1.1357035946984506, -1.1357032118263362, -1.1357026789487623, -1.1357022516618451, -1.1357018775149081, -1.135701787864351, -1.1357018331114386, -1.135702130760874, -1.1357024362134434, -1.1357028251440775, -1.135703070629444, -1.135703286031897, -1.1357032999642813, -1.1357032684181871, -1.1357030620675799, -1.1357028710280026, -1.135702590439341, -1.1357024261441666, -1.1357022618394992, -1.1357022767777145, -1.1357023066630512, -1.1357024856643905, -1.1357026166786557, -1.135702819834902, -1.135702906876322, -1.1357030142867257, -1.1357029805298893, -1.135702965269037, -1.1357028297072456, -1.1357027508922537, -1.1357025986186495, -1.1357025519265307, -1.1357024690968958, -1.1357025129841516, -1.1357025195715853]}