{"FCI": -1.0436306713909322, "Energy": -1.0436144726702608, "Loss": [-0.9859095184369747, -0.99248477542265, -0.9969012024505969, -1.0003931205438328, -1.003343718178486, -1.0059288574922973, -1.008245826204434, -1.01035481079993, -1.0122955894400953, -1.0138656217756652, -1.0157514520540416, -1.017355303846763, -1.018846255395231, -1.020253430736326, -1.0215865156496067, -1.0228521221876967, -1.0240555700218452, -1.0252012970491913, -1.0262930623700537, -1.0273340845200711, -1.0283271446481281, -1.0292746654497131, -1.030178770093537, -1.031041316626048, -1.0318638722022402, -1.0326474452725638, -1.0333911116972105, -1.034087243538358, -1.034730640852135, -1.0353759962870674, -1.0360148377529104, -1.0366101860395613, -1.0371657481588923, -1.0376880280934826, -1.0381801421484456, -1.038643687675724, -1.0390797136974874, -1.0394890296742816, -1.0398722562229585, -1.040229732489689, -1.0405613316813365, -1.0408666407940115, -1.0411471857854964, -1.0414097600750745, -1.041659901814557, -1.041894062950911, -1.0421079051314908, -1.0423011200387788, -1.0424751405213435, -1.04263147005401, -1.0427713481821592, -1.042895791533319, -1.0430056599859625, -1.0431017256683848, -1.043184838607495, -1.0432562909242307, -1.0433181373662659, -1.0433726565983847, -1.0434210315905244, -1.0434631182887921, -1.0434985695914423, -1.0435275744542132, -1.0435507678139124, -1.0435689320767996, -1.0435828194336805, -1.0435930955497694, -1.0436003509568106, -1.043605154914139, -1.0436081320578903, -1.0436100012583127, -1.0436114804543855, -1.043613060743684, -1.0436148525096325, -1.0436166759084928, -1.0436182852516653, -1.0436195179756984, -1.0436203162423983, -1.0436206888427693, -1.0436206749245387, -1.0436203301073432, -1.0436197322528298, -1.0436189950041033, -1.0436182711760797, -1.04361772786983, -1.0436174927078539, -1.0436176015440908, -1.0436179878039373, -1.0436185210329052, -1.0436190628458568, -1.0436195057578643, -1.0436197854584779, -1.0436198766144016, -1.0436197848067772, -1.0436195409904176, -1.043619198348914, -1.0436188275400409, -1.0436185059059215, -1.0436182999361887, -1.0436182466510047, -1.0436183433691792, -1.0436185517400223, -1.0436188132498887, -1.0436190675332524, -1.0436192659830499, -1.0436193782953125, -1.043619393612766, -1.0436193188901233, -1.043619176013887, -1.0436189977707742, -1.0436188221069478, -1.0436186846632955, -1.043618610955717, -1.0436186107041052, -1.0436186765392554, -1.04361878751397, -1.0436189157434042, -1.0436190335500082, -1.0436191190389907, -1.043619159285458, -1.043619151311891, -1.0436191013885252, -1.0436190230862241, -1.0436189343383093, -1.043618853799443, -1.0436187970514632, -1.0436187734872069, -1.0436187847086726, -1.0436188248700762, -1.0436188827473178, -1.0436189447786397, -1.0436189981598425, -1.0436190332821766, -1.043619045163548, -1.043619033832083, -1.0436190037905568, -1.043618962757402, -1.043618919925285, -1.0436188840374314, -1.0436188616650561, -1.0436188557869568, -1.043618858927426, -1.0436185240605458, -1.0436021721154451, -1.0435329465038747, -1.0436032221545728, -1.043616556708936, -1.0436185213347453, -1.0436188342980186, -1.043618888142091, -1.043618873482306, -1.0436188595856215, -1.0436188492203264, -1.0436188558940382, -1.0436188693111872, -1.0436188914929643, -1.0436189032239456, -1.0436188961187534, -1.0436188089253817, -1.0436185075244295, -1.0436173762550163, -1.043613352987411, -1.0436022742260256, -1.043593573110915, -1.0436015194195831, -1.0436107590751371, -1.043615113911024, -1.0436169561207564, -1.0436176826885832, -1.0436180217955497, -1.0436181057867564, -1.0436180688327674, -1.0436178153567042, -1.0436173018563486, -1.0436161903635792, -1.0436141553534017, -1.0436108288541666, -1.0436075355271779, -1.0436066790770824, -1.0436089186966262, -1.0436117881676743, -1.0436140622393015, -1.0436153767516119, -1.0436161432568585, -1.043616427437475, -1.043616465165424, -1.0436161599385039, -1.043615598284609, -1.0436146010318281, -1.0436133265485399, -1.043611865009815, -1.0436109176732722, -1.0436107533351744, -1.043611539106302, -1.0436125994749872, -1.0436137018049911, -1.0436144513348957, -1.043614984340321, -1.043615165265455, -1.0436151754003031, -1.0436148884417615]}