{"FCI": -0.9459305117593954, "Energy": -0.9456525110543947, "Loss": [-0.7717966805352338, -0.7800336196185291, -0.7858966946146074, -0.7907350235690926, -0.7949757852434036, -0.7988168692461523, -0.8023683724985161, -0.8056986609056003, -0.8088534221521312, -0.8118581188753733, -0.8145015107633469, -0.817536859409657, -0.8202461049161547, -0.822871228729835, -0.8254275628540042, -0.8279225466879214, -0.8303620917564487, -0.8327511375126978, -0.8350939518931724, -0.8373945313975428, -0.8396574743178522, -0.8418903648392176, -0.8441101114407761, -0.8463541906047859, -0.8486769038252461, -0.8511051619828209, -0.8536192070638592, -0.8561834215844313, -0.858767705062716, -0.8613508887424446, -0.8639187238440457, -0.8664616102346271, -0.8689729831110138, -0.8714482727302241, -0.8738842445478999, -0.8762785768090114, -0.8786295853603319, -0.8809360408363616, -0.8831970448777248, -0.8854119448344233, -0.8875802740511783, -0.8897017094691035, -0.8917760411430662, -0.8938031500799513, -0.8957829919634324, -0.8977155850903737, -0.8996010013500121, -0.9014393594195206, -0.9032308195848631, -0.9049755797598232, -0.9066738723916579, -0.9083259620244316, -0.9099321433504746, -0.911492739623863, -0.9130081013415488, -0.9144786051213656, -0.9159046527237104, -0.917286670176867, -0.9186251069758736, -0.9199204353324211, -0.9211731494589519, -0.9223837648745739, -0.9235528177237102, -0.9246808641010341, -0.925768479378161, -0.926816257529124, -0.9278248104528262, -0.9287947672914928, -0.9297267737448711, -0.9306214913803991, -0.9314795969399176, -0.9323017816438001, -0.9330887504935105, -0.9338412215737177, -0.9345599253551551, -0.935245603999436, -0.935899010666965, -0.9365209088290039, -0.9371120715849175, -0.9376732809854194, -0.9382053273624422, -0.938709008666172, -0.939185129809381, -0.9396345020190394, -0.9400579421947592, -0.9404562722732972, -0.9408303185978758, -0.9411809112905349, -0.9415088836252036, -0.9418150713984478, -0.9421003122940828, -0.9423654452370472, -0.9426113097308295, -0.9428387451717879, -0.9430485901324042, -0.9432416816042937, -0.9434188541903796, -0.943580939234246, -0.9437287638732665, -0.9438631500007879, -0.943984913121495, -0.9440948610833529, -0.9441937926691651, -0.9442824960313975, -0.9443617469554204, -0.944432306939295, -0.9444949210830103, -0.94455031578679, -0.9445991962675557, -0.94464224391437, -0.9446801135183684, -0.9447134304294723, -0.9447427877105852, -0.9447687433785976, -0.9447918178385112, -0.9448124916300047, -0.944831203611936, -0.9448483497070981, -0.9448642823146902, -0.9448793104705204, -0.9448937007955112, -0.9449076792244573, -0.9449214334539143, -0.9449351159967334, -0.9449488476882234, -0.944962721460795, -0.944976806194648, -0.944991150462366, -0.9450057860132236, -0.945020730883643, -0.945035992067186, -0.9450515677236708, -0.94506744894717, -0.9450836211423173, -0.9451000650764149, -0.9451167576816142, -0.9451336726789263, -0.9451507810868948, -0.9451680516654936, -0.9451854513322224, -0.945202945574771, -0.9452204988735844, -0.9452380751388342, -0.9452556381595028, -0.9452731520575166, -0.9452905817365576, -0.9453078933134325, -0.9453250545192315, -0.9453420350580237, -0.9453588069123287, -0.9453753445869563, -0.9453916252856607, -0.9454076290184741, -0.9454233386407667, -0.9454387398272623, -0.9454538209718999, -0.9454685727798751, -0.9454829836986518, -0.9454969667369275, -0.9455090989333927, -0.9454963919747272, -0.9453764149122406, -0.9454688199919861, -0.9455191788283375, -0.9455330804489632, -0.9455392303544232, -0.9455438010854138, -0.9455480636736646, -0.9455523205282178, -0.9455566559886408, -0.9455610944117827, -0.9455656381011532, -0.945570272785637, -0.9455749565872011, -0.9455795764966457, -0.9455838162449071, -0.9455867360802772, -0.9455857248261121, -0.9455757981626666, -0.9455605715268143, -0.9455632930676231, -0.9455818783371974, -0.9455973834729798, -0.945606676491588, -0.9456115656465003, -0.9456109774816238, -0.9456067428822974, -0.945612714121697, -0.9456225044441667, -0.9456281009679492, -0.9456309795130651, -0.945631792869796, -0.9456303596883059, -0.9456271849567495, -0.9456251866800179, -0.9456276377126647, -0.9456341746591375, -0.9456414298079898, -0.9456472659022219, -0.9456509267514055]}