{"FCI": -1.011800010850166, "Energy": -1.0117858726483167, "Loss": [-0.9352595909946557, -0.9422072469258874, -0.9469649391435403, -0.9507814819867625, -0.9540471079255215, -0.9569414588550613, -0.959564091123793, -0.9619766607362922, -0.9642196581033325, -0.9660659460355703, -0.9682929066599966, -0.9701887477257624, -0.9719816501776983, -0.9736931410074916, -0.9753318872563265, -0.9769044126792074, -0.9784160542244676, -0.9798712609761251, -0.981273781604963, -0.9826268020819634, -0.9839330509737713, -0.9851948814780718, -0.9864143361527917, -0.9875931982859831, -0.9887330317919039, -0.9898352064288516, -0.990900881458825, -0.9919307830765162, -0.9929237653821649, -0.9938696633309293, -0.9947556987967042, -0.9956620002306421, -0.996562148017752, -0.9974134358897838, -0.9982251057958577, -0.9990041715252458, -0.9997532878995571, -1.0004736152441687, -1.0011658347700805, -1.001830429355957, -1.0024677237192965, -1.0030777855253425, -1.0036601651354116, -1.0042136951245593, -1.0047381849216606, -1.0052399760530304, -1.0057277418989008, -1.0061978756339194, -1.0066434987750115, -1.0070633440323224, -1.0074586788532442, -1.0078308216866778, -1.0081807186600553, -1.0085090353157966, -1.0088162501185887, -1.009102715255523, -1.0093687908727746, -1.0096152335215494, -1.0098437552758992, -1.0100567452113896, -1.010255566449985, -1.0104397840803165, -1.0106085465687475, -1.0107617314662154, -1.010899883101021, -1.0110238132637857, -1.0111343693833164, -1.0112323652900812, -1.0113185922916428, -1.0113938774639522, -1.011459176519223, -1.0115156430043817, -1.0115645448118493, -1.011606982260096, -1.011643643962033, -1.0116748729936136, -1.0117009364099627, -1.0117222081144135, -1.0117391829040905, -1.0117524132386186, -1.011762451624185, -1.0117698243034248, -1.0117750322756756, -1.0117785660909828, -1.0117809137737488, -1.0117825381080556, -1.0117838173869944, -1.011784983254528, -1.0117861074908543, -1.0117871513319658, -1.011788038277122, -1.0117887057539965, -1.0117891234118304, -1.011789291024979, -1.0117892317934025, -1.011788988814573, -1.0117886246184686, -1.0117882190113876, -1.0117878596067176, -1.011787623361889, -1.0117875551712865, -1.0117876550092102, -1.0117878815926038, -1.011788169962171, -1.0117884526715701, -1.011788675412794, -1.0117888042418242, -1.0117888265579507, -1.0117887491205448, -1.011788594989446, -1.0117883994542765, -1.0117882041200854, -1.0117880488552764, -1.0117879629572746, -1.011787958408342, -1.0117880279886633, -1.011788148967511, -1.011788290529355, -1.0117884218590598, -1.011788518430218, -1.011788565555692, -1.0117885594621103, -1.0117885065536885, -1.0117884213666184, -1.0117883234599143, -1.0117882334864303, -1.0117881689906663, -1.0117881408477998, -1.0117881513276261, -1.0117881943397133, -1.011788257664828, -1.01178832632944, -1.0117883860704144, -1.0117884260705237, -1.0117884405718698, -1.0117884293328805, -1.0117883970808714, -1.0117883521729112, -1.011788304712784, -1.0117882644405913, -1.011788238792292, -1.011788231542859, -1.0117882423330817, -1.0117882671457765, -1.0117882995336, -1.0117883322211876, -1.011788358669917, -1.0117883742839764, -1.0117883770821412, -1.0117883677962178, -1.0117883494560689, -1.01178832658582, -1.0117883041856448, -1.011788286684199, -1.011788277079077, -1.0117882733603383, -1.0117881469363594, -1.0117818321514715, -1.0117103770401557, -1.0117718010429657, -1.0117857361612852, -1.0117877970322462, -1.0117882183925337, -1.0117883177239737, -1.0117883527725988, -1.011788350494192, -1.0117883386039934, -1.0117883145803481, -1.011788292673035, -1.0117882674318228, -1.0117882468721218, -1.011788207905144, -1.0117881227013688, -1.0117878188700589, -1.0117867676768983, -1.011782950606178, -1.011773288786273, -1.011766821107411, -1.0117741920963579, -1.0117816029155065, -1.0117852161132013, -1.011786638776166, -1.0117872647752906, -1.0117874863383975, -1.0117875672363281, -1.0117874830722953, -1.0117872763586402, -1.0117867655750667, -1.011785798299513, -1.011783909274364, -1.0117810948525152, -1.0117783401042098, -1.0117780128575316, -1.0117799252461643, -1.0117824340246315, -1.0117842004664723, -1.0117853348390775, -1.011785881597687, -1.011786151270396, -1.0117861036408435]}