{"FCI": -0.9635572573854808, "Energy": -0.9635179788539915, "Loss": [-0.8337883048916422, -0.8415080714587515, -0.8469394471406446, -0.8513839044836439, -0.8552519001238398, -0.8587332155758163, -0.8619333102253542, -0.8649176147059243, -0.8677297950990983, -0.8703586220096319, -0.872792967272773, -0.8753804578023962, -0.8777611114279406, -0.8800474672003948, -0.8822621031183446, -0.8844134770145312, -0.8865074506900431, -0.8885487405854046, -0.890541272275079, -0.8924883549180617, -0.8943928005418258, -0.8962570154883593, -0.8980830747245704, -0.8998727822379444, -0.9016276913509631, -0.9033488944662339, -0.9050358117409716, -0.906685116052587, -0.9083096653114191, -0.9099376905163573, -0.911554516895663, -0.9131555478735119, -0.9147536953021718, -0.9163610542758609, -0.9179831334872763, -0.9196178439403287, -0.9212577704904803, -0.9228935205401623, -0.9245160715864068, -0.9261178016259478, -0.9276926847359498, -0.9292361233929983, -0.9307446816656779, -0.9322158294779441, -0.9336477314077545, -0.9350390827019976, -0.9363889853612444, -0.9376968555061028, -0.9389623542907141, -0.9401853362678697, -0.9413658106227536, -0.9425039119006182, -0.9435998777634043, -0.9446540319769015, -0.9456667713132507, -0.9466385554024929, -0.9475698988192844, -0.9484613648742206, -0.9493135607129197, -0.9501271334243622, -0.950902766932539, -0.9516411794994063, -0.9523431217075482, -0.9530093748211317, -0.9536407494465637, -0.9542380844313582, -0.9548022459525255, -0.9553341267553057, -0.9558346455097925, -0.9563047462576717, -0.9567453979240511, -0.9571575938704651, -0.9575423514646905, -0.9579007116410978, -0.9582337384217134, -0.9585425183630331, -0.9588281598867762, -0.9590917924439746, -0.9593345654512294, -0.9595576469254294, -0.9597622217292608, -0.9599494893248333, -0.9601206609180599, -0.9602769558637022, -0.9604195971934512, -0.9605498061307081, -0.9606687954713731, -0.9607777617460422, -0.9608778761419658, -0.9609702742578101, -0.9610560448922942, -0.9611362182234294, -0.9612117539033738, -0.9612835297490734, -0.9613523318149011, -0.9614188466533187, -0.9614836564734865, -0.9615472376887582, -0.9616099630255197, -0.9616721070024518, -0.9617338542526576, -0.9617953099195303, -0.9618565112524464, -0.9619174395649643, -0.9619780318649274, -0.9620381916711993, -0.9620977987427122, -0.9621567176216601, -0.9622148050141671, -0.9622719160961795, -0.9623279098506117, -0.9623826535293912, -0.9624360263074188, -0.9624879221669924, -0.9625382520299933, -0.9625869451452781, -0.9626339497417927, -0.9626792329724133, -0.9627227801967397, -0.9627645936787919, -0.9628046908034229, -0.9628431019385835, -0.9628798680854619, -0.9629150384621508, -0.9629486681575221, -0.9629808159714529, -0.9630115425277368, -0.9630409087114697, -0.9630689744479435, -0.9630957978097333, -0.9631214344160725, -0.9631459370752699, -0.9631693556163989, -0.9631917368591839, -0.9632131246782643, -0.9632335601272343, -0.9632530815971253, -0.9632717249919477, -0.9632895239100465, -0.9633065098244282, -0.9633227122580825, -0.9633381589521482, -0.9633528760258645, -0.9633668881278821, -0.9633802185788856, -0.9633928895056789, -0.9634049219670483, -0.9634163360715668, -0.9634271510861311, -0.9634373855152651, -0.9634470568986668, -0.9634561779031805, -0.963464698865408, -0.9634716181571074, -0.9634614477222848, -0.9633531579484035, -0.9634131213014169, -0.9634677137353558, -0.9634826918522605, -0.9634877624522169, -0.9634906136848729, -0.963492909721654, -0.9634950531272386, -0.9634971542510911, -0.963499240346722, -0.9635012998615532, -0.9635032624764183, -0.9635048297769822, -0.9635045444120418, -0.9634962417253123, -0.9634795514781183, -0.9634787410464375, -0.9634715412584721, -0.9634717709863968, -0.9634875034023488, -0.9635023158542115, -0.9635108690777376, -0.9635155253490677, -0.9635182397240347, -0.9635199766501001, -0.9635210605745874, -0.9635214782882906, -0.9635208458326152, -0.9635183381941073, -0.9635128934839711, -0.9635055144012132, -0.9635003511457527, -0.9635005606801128, -0.9635052720855122, -0.9635122163057874, -0.9635184030013574, -0.9635229865533972, -0.9635259510105999, -0.9635277457415463, -0.9635285621873669, -0.9635285180540065, -0.963527488015734, -0.9635254490219946, -0.9635225312523024, -0.9635196847281462]}