{"FCI": -1.053561032873888, "Energy": -1.0047103327203546, "Loss": [-0.9614268618685735, -0.9631031634889502, -0.9642625619457348, -0.9652131493237056, -0.9660200915769673, -0.9667466967872221, -0.9674012636687368, -0.968003626806784, -0.9685656055168084, -0.969095576545303, -0.9695994951428126, -0.9700815281204035, -0.9705445145102035, -0.9709904978047667, -0.9714210627465433, -0.9718375199209968, -0.9722409973016046, -0.9726324884907673, -0.9730128829397514, -0.9733829899936995, -0.973743563163018, -0.9740953294972918, -0.9744390288839039, -0.9747754666660092, -0.9751055749051005, -0.9754304552963333, -0.9757513440880051, -0.9760694432043224, -0.976385665570127, -0.9767004657442605, -0.9770138700412637, -0.9773256393840266, -0.9776354349627172, -0.9779429232888412, -0.9782478232685845, -0.9785499182564202, -0.9788490519357276, -0.9791451186540783, -0.9794380530996653, -0.9797278211691192, -0.9800144124970319, -0.9802978345706841, -0.9805781081797326, -0.980855263930008, -0.9811293395828808, -0.9814003780270042, -0.9816684257319525, -0.981933531568425, -0.9821957459079977, -0.9824551199362322, -0.9827117051294492, -0.9829655528572224, -0.9832167140820263, -0.9834652391339318, -0.983711177543658, -0.9839545779209363, -0.9841954878681431, -0.9844339539215194, -0.9846700215137586, -0.9849037349533032, -0.985135137416599, -0.9853642709503423, -0.9855911764813878, -0.9858158938325574, -0.9860384617427731, -0.9862589178905161, -0.9864772989195498, -0.9866936404662803, -0.9869079771881564, -0.9871203427926447, -0.9873307700664145, -0.9875392909045313, -0.9877459363393444, -0.9879507365689315, -0.9881537209850386, -0.9883549182003373, -0.9885543560749595, -0.9887520617423153, -0.9889480616340347, -0.9891423815041915, -0.9893350464526256, -0.9895260809475067, -0.9897155088470435, -0.9899033534204105, -0.9900896373678952, -0.9902743828402629, -0.990457611457426, -0.9906393443262929, -0.990819602058039, -0.9909984047846114, -0.9911757721746279, -0.9913517234486425, -0.991526277393805, -0.9916994523779451, -0.9918712663630938, -0.9920417369184854, -0.9922108812330478, -0.9923787161273998, -0.9925452580653773, -0.9927105231651028, -0.9928745272096784, -0.9930372856573791, -0.993198813651524, -0.9933591260299522, -0.9935182373341364, -0.9936761618179359, -0.9938329134560555, -0.9939885059521605, -0.9941429527466948, -0.9942962670244037, -0.9944484617216252, -0.9945995495332565, -0.9947495429194803, -0.9948984541122882, -0.9950462951217341, -0.9951930777419691, -0.9953388135570808, -0.9954835139466938, -0.9956271900914045, -0.995769852978059, -0.9959115134047412, -0.9960521819857211, -0.9961918691561359, -0.9963305851765709, -0.9964683401374659, -0.9966051439633703, -0.9967410064170599, -0.9968759371035423, -0.9970099454738957, -0.9971430408290144, -0.9972752323231925, -0.9974065289676681, -0.9975369396339526, -0.9976664730571656, -0.9977951378391645, -0.9979229424516545, -0.998049895239149, -0.9981760044218833, -0.9983012780986052, -0.998425724249289, -0.9985493507377808, -0.9986721653143736, -0.9987941756182491, -0.9989153891799329, -0.999035813423603, -0.9991554556693695, -0.9992743231354998, -0.999392422940527, -0.9995097621053555, -0.9996263475552907, -0.9997421861219814, -0.9998572845453544, -0.9999716494754504, -1.000085287474255, -1.0001982050174465, -1.000310408496091, -1.0004219042183398, -1.0005326984110219, -1.0006427972212257, -1.0007522067178383, -1.0008609328930398, -1.000968981663753, -1.001076358873071, -1.0011830702916185, -1.0012891216189128, -1.001394518484679, -1.0014992664501134, -1.0016033710091334, -1.0017068375895946, -1.0018096715544802, -1.001911878203035, -1.002013462771925, -1.0021144304362972, -1.0022147863108892, -1.0023145354510474, -1.00241368285377, -1.0025122334586827, -1.0026101921490311, -1.0027075637526102, -1.0028043530427189, -1.002900564739043, -1.0029962035085545, -1.0030912739663778, -1.0031857806766196, -1.0032797281532064, -1.003373120860698, -1.003465963215064, -1.0035582595844645, -1.0036500142900013, -1.003741231606456, -1.003831915763006, -1.0039220709439507, -1.0040117012893695, -1.0041008108958374, -1.0041894038170427, -1.0042774840644726, -1.0043650556080241, -1.0044521223766318, -1.0045386882588743, -1.0046247571035731]}