{"FCI": -1.053561032873888, "Energy": -1.0309238382711283, "Loss": [-0.9614268618685735, -0.9631031628160258, -0.9647614070515199, -0.9664051088780488, -0.9680239106425399, -0.9696341243900125, -0.9712285061265677, -0.9728061120947404, -0.9743712290393474, -0.9759197929683142, -0.9774506048108307, -0.9789664903743192, -0.980466320261598, -0.9819481204069088, -0.9834131977395253, -0.9848629462556542, -0.9862973095953042, -0.9877172257259362, -0.9891240191593059, -0.9905183528314118, -0.9919003013160428, -0.9932695064957404, -0.9946252633018824, -0.9959665680642856, -0.9972921575045535, -0.9986005792503622, -0.999890253633305, -1.001159504583127, -1.0024066050514262, -1.0036298444120089, -1.00482758202455, -1.0059982788908377, -1.0071405264232771, -1.0082530416402848, -1.0093346155908836, -1.0103840739530172, -1.0114002772595814, -1.0123821431792788, -1.0133286957143788, -1.0142391236925403, -1.015112802021576, -1.015949283741465, -1.0167482867188335, -1.0175096797264365, -1.0182334760413778, -1.0189198478081494, -1.0195691504041913, -1.020181938039831, -1.0207589654065379, -1.02130116727937, -1.0218096168025745, -1.0222854863765918, -1.0227300369352128, -1.0231446361021785, -1.0235307774922753, -1.0238900722692765, -1.0242242124058256, -1.0245349284747807, -1.024823960280593, -1.0250930422389772, -1.0253438959280186, -1.0255782182699396, -1.0257976561906044, -1.0260037734575145, -1.0261980283733112, -1.026381771137114, -1.0265562490555096, -1.0267226047912403, -1.026881867072675, -1.0270349427482337, -1.0271826161302307, -1.0273255553009308, -1.0274643211686758, -1.027599374077576, -1.0277310771035233, -1.0278597018924056, -1.0279854421096537, -1.0281084310842612, -1.0282287560214947, -1.0283464658871222, -1.0284615757070006, -1.0285740708264308, -1.028683912871223, -1.0287910470878703, -1.0288954090554316, -1.0289969292922498, -1.029095536731476, -1.0291911626701913, -1.029283744672977, -1.0293732286664852, -1.0294595689275785, -1.029542727420032, -1.0296226740074486, -1.0296993880565577, -1.029772860653113, -1.0298430958329756, -1.0299101100178456, -1.029973930552608, -1.0300345946238676, -1.0300921487753152, -1.0301466485938908, -1.0301981583664857, -1.0302467507086237, -1.0302925061570263, -1.0303355126269702, -1.030375864455054, -1.0304136609472476, -1.0304490049772734, -1.030482002240021, -1.0305127610121327, -1.0305413917752912, -1.0305680063352725, -1.03059271659292, -1.0306156334160261, -1.0306368659355538, -1.0306565211491514, -1.0306747035098427, -1.0306915144208197, -1.0307070517491073, -1.0307214093802828, -1.030734676783914, -1.030746938643687, -1.030758274656528, -1.0307687595482895, -1.0307784631969843, -1.0307874506614132, -1.0307957820817977, -1.0308035126445696, -1.0308106927574032, -1.0308173683729795, -1.0308235813093283, -1.030829369484148, -1.030834767106697, -1.0308398049159646, -1.030844510478877, -1.0308489085074555, -1.0308530211783524, -1.0308568684399253, -1.0308604682724576, -1.0308638368982495, -1.0308669889832724, -1.0308699378681088, -1.0308726958125123, -1.0308752741924667, -1.0308776836228417, -1.030879934050756, -1.0308820348648644, -1.030883995011143, -1.0308858230827305, -1.03088752737225, -1.0308891158999747, -1.030890596433359, -1.030891976500377, -1.0308932633995278, -1.0308944642102342, -1.030895585793326, -1.0308966347722328, -1.0308976175071471, -1.0308985400804858, -1.0308994082943772, -1.0309002276643553, -1.0309010034015544, -1.0309017403954703, -1.0309024432083507, -1.0309031160774365, -1.030903762918483, -1.030904387329264, -1.030904992594379, -1.0309055816926236, -1.030906157308707, -1.0309067218506993, -1.0309072774697345, -1.0309078260765696, -1.0309083693566394, -1.0309089087889516, -1.030909445668486, -1.0309099811270714, -1.0309105161506251, -1.0309110515953737, -1.0309115882047177, -1.0309121266254475, -1.0309126674225126, -1.03091321109195, -1.0309137580714867, -1.0309143087494865, -1.0309148634735141, -1.0309154225584773, -1.0309159862926818, -1.0309165549415233, -1.0309171287506662, -1.0309177079494793, -1.0309182927536542, -1.0309188833666385, -1.0309194799804255, -1.030920082776138, -1.0309206919246117, -1.030921307586932, -1.0309219299148689, -1.0309225590509088, -1.0309231951282125]}