{"FCI": -1.2744115559212819, "Energy": -1.2614469856137487, "Loss": [-1.2467072878987346, -1.2481121433536526, -1.248998701984605, -1.2497414187032716, -1.250364409223975, -1.2508850593110326, -1.251343583781452, -1.2517554498236736, -1.2521300368261137, -1.2524739114709513, -1.2527919301903807, -1.253087809191865, -1.253364467280682, -1.253624246280333, -1.2538690587523011, -1.2541004904205972, -1.2543198731627339, -1.2545283382894221, -1.2547268562435692, -1.2549162667236013, -1.255097301911289, -1.2552706046430286, -1.2554367428114988, -1.2555962209154168, -1.2557494894223942, -1.2558969524337917, -1.2560389740157976, -1.2561758834714154, -1.2563079797629189, -1.2564355352463448, -1.2565587988439317, -1.2566779987538452, -1.2567933447760475, -1.2569050303177007, -1.2570132341295628, -1.2571181218152805, -1.2572198471481362, -1.2573185532238818, -1.257414373473397, -1.2575074325552118, -1.25759784714451, -1.2576857266328225, -1.2577711737503672, -1.2578542851210728, -1.2579351517591262, -1.258013859514221, -1.2580904894719662, -1.2581651183148284, -1.2582378186482783, -1.258308659296215, -1.258377705569153, -1.2584450195081667, -1.2585106601073082, -1.258574683516749, -1.258637143228674, -1.2586980902477447, -1.258757573247645, -1.258815638715055, -1.2588723310823977, -1.2589276928502564, -1.2589817647005916, -1.2590345856015175, -1.2590861929043402, -1.259136622433712, -1.2591859085713768, -1.259234084334033, -1.2592811814459333, -1.259327230406561, -1.2593722605537765, -1.259416300122897, -1.2594593763019204, -1.2595015152832527, -1.259542742312209, -1.2595830817325102, -1.2596225570290052, -1.2596611908678261, -1.259699005134195, -1.2597360209679656, -1.259772258797179, -1.2598077383696378, -1.2598424787827762, -1.2598764985117974, -1.2599098154363455, -1.2599424468656648, -1.2599744095624525, -1.260005719765434, -1.2600363932107648, -1.2600664451523114, -1.2600958903809198, -1.2601247432427127, -1.2601530176564237, -1.2601807271299332, -1.2602078847759943, -1.2602345033271223, -1.2602605951499029, -1.2602861722584835, -1.2603112463275465, -1.2603358287046234, -1.2603599304218422, -1.260383562207159, -1.2604067344951189, -1.2604294574370347, -1.2604517409108653, -1.2604735945305214, -1.2604950276548381, -1.2605160493961858, -1.2605366686286765, -1.2605568939960317, -1.260576733919111, -1.2605961966031858, -1.2606152900448455, -1.2606340220386738, -1.2606524001836448, -1.260670431889248, -1.260688124381396, -1.2607054847080836, -1.2607225197448482, -1.260739236199993, -1.2607556406196436, -1.260771739392582, -1.26078753875493, -1.2608030447946281, -1.260818263455794, -1.2608332005428489, -1.2608478617246075, -1.2608622525380846, -1.260876378392275, -1.2608902445717498, -1.2609038562401509, -1.260917218443537, -1.2609303361136261, -1.260943214070944, -1.2609558570278379, -1.2609682695914155, -1.2609804562663398, -1.2609924214576282, -1.261004169473217, -1.2610157045265735, -1.26102703073916, -1.2610381521428047, -1.261049072682058, -1.2610597962164027, -1.2610703265224366, -1.2610806672959858, -1.2610908221541517, -1.2611007946372739, -1.2611105882108369, -1.2611202062673441, -1.2611296521281408, -1.2611389290451067, -1.2611480402023976, -1.2611569887180876, -1.2611657776457192, -1.2611744099759215, -1.2611828886378658, -1.2611912165007466, -1.2611993963751926, -1.2612074310146597, -1.261215323116749, -1.2612230753245397, -1.2612306902278079, -1.2612381703643103, -1.261245518220946, -1.2612527362349373, -1.2612598267949333, -1.261266792242149, -1.261273634871417, -1.2612803569322255, -1.26128696062974, -1.261293448125792, -1.2612998215398297, -1.2613060829498708, -1.2613122343934045, -1.2613182778682774, -1.2613242153335655, -1.2613300487104069, -1.2613357798828349, -1.2613414106985792, -1.2613469429698285, -1.261352378474012, -1.2613577189545264, -1.2613629661214643, -1.2613681216523263, -1.261373187192694, -1.2613781643569155, -1.2613830547287457, -1.2613878598620034, -1.2613925812811728, -1.2613972204820345, -1.2614017789322294, -1.2614062580718803, -1.2614106593141199, -1.2614149840456494, -1.2614192336273007, -1.2614234093945405, -1.2614275126579997, -1.261431544703953, -1.2614355067948466, -1.2614394001697393, -1.2614432260447979]}