{"FCI": -0.9733715837423598, "Energy": -0.9648210217604123, "Loss": [-0.9558125539530938, -0.9598490034015127, -0.9611861263302175, -0.9626277097503166, -0.9632377365755744, -0.9640174096954303, -0.9643453638542633, -0.9645459826793152, -0.9646749769783456, -0.9647571259912637, -0.9648083490614563, -0.9648394554264942, -0.9648577782841127, -0.9648682089896699, -0.9648739274714027, -0.964876935780785, -0.9648784479510404, -0.9648791689637728, -0.9648794863735255, -0.9648795906832044, -0.9648795219489741, -0.9648790587358435, -0.964876940983098, -0.9648667261471674, -0.9648220793438443, -0.9647372329725982, -0.9647391330772613, -0.964708155983302, -0.964758095160286, -0.9648336431799578, -0.9648623983479736, -0.9648716338466378, -0.964874762206578, -0.9648757440160713, -0.9648756433575116, -0.9648745307877922, -0.9648717970096113, -0.9648658190010365, -0.9648535475406889, -0.9648324751782659, -0.9648089671163365, -0.964795714385372, -0.9647908779811873, -0.9647952786817984, -0.9648144226590915, -0.9648354909213187, -0.964849349507765, -0.9648565263646239, -0.964859278361774, -0.9648588550059882, -0.9648555034518844, -0.9648487070464917, -0.9648377938699741, -0.9648226406045265, -0.9648048281390996, -0.964787640049209, -0.9647780262716044, -0.9647826725297165, -0.9647991132740306, -0.9648169203796958, -0.9648304457602334, -0.9648385800415985, -0.9648424116659313, -0.9648427390734332, -0.9648401872552104, -0.9648349582697738, -0.9648275376928247, -0.9648186432583257, -0.9648099760689453, -0.9648035603964831, -0.9648017789981783, -0.9648049553804845, -0.9648117617556202, -0.9648192923043867, -0.9648257754022765, -0.9648300749506591, -0.964832183651699, -0.9648320961576939, -0.9648302226091251, -0.9648267990616612, -0.9648225131414816, -0.9648179697377697, -0.9648142843285645, -0.9648121391088823, -0.9648122389387519, -0.9648141741378287, -0.9648174373311339, -0.9648208586359601, -0.9648238719834756, -0.9648258124166517, -0.9648266766231696, -0.9648263170824781, -0.9648250686520101, -0.964823055663563, -0.9648208403815947, -0.9648186956174536, -0.9648172447161412, -0.9648165849948054, -0.9648169973501618, -0.9648180911369402, -0.9648197313328948, -0.9648213142039733, -0.9648227059003053, -0.964823496840292, -0.9648237827067896, -0.9648234059294081, -0.9648226616276564, -0.9648215542625331, -0.9648204926637718, -0.9648195130532192, -0.9648189897079597, -0.9648188152178346, -0.9648191776296142, -0.9648197620036627, -0.9648206024319601, -0.9648213196263051, -0.9648219608590534, -0.9648222389009817, -0.9648223107895404, -0.9648220152562286, -0.9648216135720918, -0.9648210225450258, -0.9648205483662704, -0.9648201013201044, -0.9648199477808275, -0.9648199135841745, -0.9648201735739379, -0.9648204651764715, -0.9648209038485096, -0.9648212091932309, -0.9648215103537323, -0.9648215751794246, -0.9648215886266047, -0.9648213806788208, -0.9648211867780881, -0.9648208700941445, -0.9648206804479837, -0.9648204680435511, -0.964820455392942, -0.9648204480436459, -0.9648206250799872, -0.9648207543838961, -0.9648209922179094, -0.9648211035418865, -0.9648212553030777, -0.964821238345695, -0.9648212481783385, -0.9648211054321243, -0.9648210287508407, -0.9648208514139065, -0.9648207951189818, -0.9648206827012872, -0.9648207198144809, -0.9648207067716243, -0.964820829056032, -0.9648208711300631, -0.9648210101430027, -0.9648210317916394, -0.9648211204800436, -0.9648210756189494, -0.9648210960203614, -0.9648209949079012, -0.9648209812321554, -0.9648208723771137, -0.9648208769102509, -0.9648208053978553, -0.964820857662804, -0.9648208332169974, -0.9648209227260166, -0.9648209191942846, -0.9648210105991508, -0.9648209917666057, -0.9648210551955276, -0.9648210027879314, -0.9648210341777586, -0.964820957437382, -0.964820976472228, -0.9648209003294599, -0.964820931896107, -0.9648208761637223, -0.9648209314843301, -0.964820897520922, -0.9648209685970316, -0.964820941793821, -0.964821010826101, -0.964820974192725, -0.9648210282764355, -0.9648209751070413, -0.9648210145486014, -0.9648209512578085, -0.9648209868383719, -0.964820925878251, -0.9648209691437724, -0.9648209189230365, -0.9648209737337663, -0.9648209333207745, -0.9648209945166577, -0.9648209560768326, -0.9648210149073079, -0.9648209706578127]}