{"FCI": -1.0460431288342917, "Energy": -1.024599174130847, "Loss": [-0.9501534970498193, -0.9518436878778258, -0.9535080886063786, -0.9551805219301978, -0.9568169487890151, -0.9584505043708904, -0.9600683952059352, -0.9616689652605586, -0.9632568464685956, -0.9648344102097512, -0.9663992420182995, -0.9679477723790861, -0.9694796213283303, -0.9709962735742947, -0.9724974690750883, -0.9739811312615855, -0.9754456640387984, -0.9768913806953685, -0.978319120969801, -0.9797283336914144, -0.9811180254165669, -0.9824885160395318, -0.983841018706678, -0.9851764306710914, -0.9864953079102958, -0.9877982970025808, -0.9890860456050603, -0.9903588078707032, -0.9916162970472115, -0.9928578220396431, -0.9940824585035187, -0.9952891158224612, -0.9964765508454798, -0.9976434224185372, -0.9987883707888378, -0.9999100441668756, -1.0010070762426078, -1.0020780882282234, -1.0031217312332907, -1.0041367153438538, -1.00512180285485, -1.0060758045904197, -1.006997605650132, -1.0078861946239337, -1.008740667484254, -1.009560221743127, -1.0103441705629959, -1.0110919668466847, -1.0118032089686817, -1.0124776351202938, -1.0131151317121148, -1.0137157507897352, -1.014279713635222, -1.0148074048942397, -1.015299378041294, -1.0157563665820972, -1.0161792828173948, -1.0165692117118272, -1.0169274142979376, -1.0172553304327463, -1.0175545685601946, -1.0178268924391634, -1.0180742113428596, -1.0182985612069502, -1.0185020737702386, -1.018686944992338, -1.0188554013739095, -1.019009656397963, -1.0191518650020626, -1.0192840847006124, -1.019408238058077, -1.0195260768872165, -1.0196391572547279, -1.0197488241385642, -1.01985620167824, -1.0199621941490238, -1.0200674977420654, -1.020172616313509, -1.0202778819631046, -1.0203834814253385, -1.0204894820168862, -1.020595855815953, -1.0207025038712993, -1.0208092768187764, -1.0209159915650958, -1.0210224470744362, -1.0211284371184384, -1.0212337591568548, -1.0213382216853155, -1.0214416487391555, -1.0215438816079752, -1.021644780340193, -1.0217442240780794, -1.0218421100322637, -1.0219383526176677, -1.0220328816815476, -1.022125640149497, -1.022216582379255, -1.022305672243385, -1.0223928813385061, -1.022478187844726, -1.0225615750986647, -1.0226430304982215, -1.0227225448073383, -1.022800111269999, -1.0228757252182148, -1.0229493838510124, -1.0230210859544633, -1.0230908319616518, -1.0231586238317283, -1.0232244649899984, -1.0232883604980436, -1.023350317094136, -1.0234103433761172, -1.0234684498538784, -1.0235246488848226, -1.0235789547585548, -1.023631383700876, -1.0236819539711974, -1.0237306858877069, -1.0237776017371079, -1.0238227257566583, -1.0238660840566605, -1.0239077046182792, -1.0239476172281918, -1.0239858533510442, -1.0240224460254594, -1.024057429722316, -1.024090840269316, -1.0241227147192435, -1.0241530912133558, -1.0241820088318254, -1.024209507444693, -1.0242356275969522, -1.0242604103610882, -1.0242838972108128, -1.0243061298755616, -1.0243271502359592, -1.0243470002252775, -1.0243657217410964, -1.0243833565516423, -1.0243999462004827, -1.02441553193048, -1.0244301546069645, -1.0244438546501482, -1.0244566719550057, -1.0244686458313506, -1.024479814948485, -1.0244902172926142, -1.0244998901123206, -1.0245088698725247, -1.0245171922128489, -1.0245248919171517, -1.0245320028765954, -1.0245385580566055, -1.024544589469031, -1.0245501281535614, -1.0245552041548585, -1.0245598465000259, -1.0245640831789027, -1.0245679411321422, -1.024571446237748, -1.0245746232996025, -1.0245774960400527, -1.0245800871005213, -1.0245824180420966, -1.0245845093485164, -1.0245863804326716, -1.0245880496495894, -1.024589534310077, -1.0245908506970363, -1.024592014085723, -1.0245930387685953, -1.0245939380811473, -1.0245947244296503, -1.0245954093223935, -1.024596003403486, -1.0245965164877344, -1.0245969575964877, -1.0245973349961308, -1.024597656236975, -1.0245979281921433, -1.0245981570965677, -1.0245983485865278, -1.0245985077385624, -1.0245986391071336, -1.0245987467619837, -1.0245988343244543, -1.0245989050024846, -1.0245989616239795, -1.0245990066691895, -1.0245990423015514, -1.0245990703966439, -1.024599092569623, -1.0245991102011662, -1.0245991244616142, -1.0245991363333447, -1.0245991466317044, -1.02459915602441, -1.0245991650493447]}