{"FCI": -1.0873240054222568, "Energy": -1.0427849090906203, "Loss": [-1.0096994810260675, -1.0099659543274426, -1.0102310462384327, -1.0104947632695402, -1.010757111915543, -1.011018098655306, -1.0112777299515783, -1.0115360122507924, -1.0117929519828741, -1.0120485555610812, -1.0123028293817768, -1.012555779824303, -1.0128074132507654, -1.013057736005881, -1.0133067544168173, -1.0135544747930265, -1.013800903426063, -1.0140460465894718, -1.014289910538602, -1.0145325015104771, -1.0147738257236516, -1.0150138893780487, -1.0152526986548571, -1.0154902597163602, -1.0157265787058511, -1.0159616617474574, -1.0161955149460593, -1.0164281443871372, -1.0166595561366845, -1.0168897562410688, -1.017118750726937, -1.0173465456011082, -1.0175731468504476, -1.0177985604418147, -1.0180227923219116, -1.0182458484172106, -1.018467734633883, -1.0186884568576797, -1.0189080209538535, -1.019126432767087, -1.0193436981214052, -1.0195598228200964, -1.0197748126456403, -1.0199886733596415, -1.0202014107027517, -1.0204130303946006, -1.020623538133759, -1.0208329395976412, -1.021041240442467, -1.021248446303209, -1.0214545627935212, -1.021659595505716, -1.0218635500106834, -1.0220664318578705, -1.0222682465752289, -1.022468999669171, -1.0226686966245342, -1.0228673429045398, -1.0230649439507686, -1.0232615051831224, -1.023457031999791, -1.0236515297772135, -1.023845003870096, -1.0240374596113415, -1.0242289023120381, -1.0244193372614645, -1.0246087697270356, -1.0247972049543255, -1.0249846481670184, -1.025171104566914, -1.0253565793339348, -1.0255410776260827, -1.0257246045794424, -1.0259071653082106, -1.0260887649046473, -1.026269408439107, -1.0264491009600178, -1.0266278474939017, -1.0268056530453686, -1.0269825225971254, -1.0271584611099818, -1.0273334735228645, -1.0275075647528198, -1.0276807396950394, -1.0278530032228486, -1.0280243601877488, -1.0281948154194256, -1.028364373725757, -1.0285330398928396, -1.0287008186850153, -1.028867714844889, -1.0290337330933466, -1.029198878129591, -1.0293631546311546, -1.0295265672539309, -1.0296891206322252, -1.0298508193787475, -1.0300116680846665, -1.030171671319636, -1.0303308336318326, -1.0304891595479886, -1.0306466535734227, -1.0308033201920728, -1.0309591638665576, -1.0311141890381847, -1.0312684001270114, -1.0314218015318777, -1.0315743976304454, -1.0317261927792512, -1.0318771913137286, -1.0320273975482965, -1.0321768157763482, -1.0323254502703474, -1.0324733052818318, -1.0326203850415054, -1.0327666937592512, -1.032912235624205, -1.033057014804785, -1.0332010354487684, -1.0333443016833193, -1.0334868176150596, -1.0336285873301143, -1.0337696148941524, -1.0339099043524873, -1.034049459730074, -1.0341882850316095, -1.0343263842415507, -1.03446376132423, -1.0346004202238501, -1.034736364864583, -1.0348715991506134, -1.03500612696621, -1.0351399521757738, -1.0352730786239015, -1.0354055101354525, -1.0355372505156235, -1.0356683035499636, -1.035798673004507, -1.0359283626257756, -1.036057376140867, -1.03618571725754, -1.036313389664241, -1.0364403970301852, -1.0365667430054313, -1.0366924312209482, -1.0368174652886593, -1.03694184880153, -1.037065585333632, -1.037188678440204, -1.037311131657714, -1.037432948503957, -1.0375541324780873, -1.0376746870607216, -1.0377946157139573, -1.0379139218815063, -1.0380326089887153, -1.0381506804426595, -1.0382681396322067, -1.0383849899280793, -1.0385012346829368, -1.0386168772314592, -1.0387319208903678, -1.0388463689585565, -1.0389602247171297, -1.0390734914294744, -1.0391861723413538, -1.0392982706809333, -1.0394097896589116, -1.0395207324685547, -1.0396311022857714, -1.0397409022692052, -1.0398501355602725, -1.0399588052832782, -1.0400669145454464, -1.040174466437025, -1.04028146403134, -1.0403879103848794, -1.0404938085373594, -1.0405991615117955, -1.0407039723145843, -1.0408082439355726, -1.0409119793481196, -1.0410151815091968, -1.041117853359426, -1.0412199978231942, -1.0413216178086742, -1.0414227162079521, -1.0415232958970653, -1.0416233597360856, -1.0417229105691928, -1.0418219512247524, -1.0419204845153833, -1.0420185132380175, -1.0421160401740137, -1.0422130680891815, -1.0423095997338905, -1.0424056378431108, -1.0425011851365338, -1.0425962443185846, -1.042690818078552]}