{"FCI": -1.0873240054222568, "Energy": -1.06263157412213, "Loss": [-1.0096994810260675, -1.0159627827449496, -1.0214516375973879, -1.0262510014225719, -1.030440185474809, -1.034092136908441, -1.0372731331570688, -1.0400427838502515, -1.0424542499413112, -1.0445546066920481, -1.0463852932186217, -1.0479826054582047, -1.0493782012752688, -1.050599595974592, -1.0516706339209492, -1.0526119275780368, -1.0534412593919504, -1.0541739448643008, -1.0548231571565054, -1.0554002148679986, -1.0559148354198933, -1.0563753568974568, -1.0567889313701293, -1.0571616927000291, -1.0574989017307077, -1.0578050715612275, -1.0580840753880059, -1.058339239159977, -1.0585734210552156, -1.05878907955953, -1.0589883317139193, -1.0591730029021955, -1.059344669373152, -1.059504694533169, -1.0596542599051997, -1.0597943915265158, -1.0599259824498102, -1.0600498119181472, -1.0601665617029328, -1.0602768300235346, -1.0603811434064834, -1.060479966789926, -1.06057371213431, -1.060662745761658, -1.0607473946130497, -1.0608279515857513, -1.06090468008743, -1.0609778179244989, -1.0610475806239417, -1.0611141642734578, -1.0611777479516817, -1.0612384958097423, -1.0612965588561694, -1.0613520764892947, -1.061405177814684, -1.0614559827795473, -1.0615046031512199, -1.0615511433627653, -1.061595701245217, -1.061638368663217, -1.0616792320680242, -1.0617183729800748, -1.0617558684111645, -1.061791791235043, -1.061826210513731, -1.0618591917858995, -1.0618907973225755, -1.0619210863548503, -1.0619501152772814, -1.0619779378304819, -1.0620046052655587, -1.0620301664928227, -1.0620546682169494, -1.0620781550601006, -1.062100669674696, -1.06212225284706, -1.0621429435929477, -1.0621627792460262, -1.0621817955400172, -1.0622000266852119, -1.0622175054400083, -1.0622342631778656, -1.0622503299503079, -1.0622657345461315, -1.0622805045473656, -1.0622946663821256, -1.0623082453747072, -1.062321265793081, -1.0623337508940602, -1.0623457229661954, -1.062357203370694, -1.0623682125804117, -1.062378770217014, -1.0623888950865241, -1.062398605213276, -1.0624079178723502, -1.0624168496206285, -1.0624254163265427, -1.0624336331984954, -1.0624415148121464, -1.0624490751365288, -1.0624563275590677, -1.0624632849095839, -1.0624699594832965, -1.062476363062872, -1.062482506939603, -1.0624884019336498, -1.0624940584135454, -1.0624994863148403, -1.0625046951579895, -1.0625096940655638, -1.0625144917786802, -1.0625190966728404, -1.0625235167730753, -1.0625277597684861, -1.062531833026192, -1.0625357436047218, -1.062539498266825, -1.0625431034918114, -1.0625465654873234, -1.0625498902006916, -1.0625530833297654, -1.0625561503333434, -1.0625590964411566, -1.0625619266634432, -1.0625646458001186, -1.0625672584496053, -1.0625697690172378, -1.0625721817233973, -1.0625745006112217, -1.062576729554085, -1.0625788722626968, -1.0625809322919562, -1.0625829130474678, -1.0625848177918724, -1.0625866496508123, -1.0625884116187179, -1.062590106564344, -1.0625917372360454, -1.0625933062668633, -1.0625948161793761, -1.0625962693903697, -1.0625976682152958, -1.0625990148725573, -1.0626003114875773, -1.062601560096759, -1.0626027626512269, -1.0626039210204405, -1.0626050369956213, -1.062606112293088, -1.0626071485574125, -1.0626081473644409, -1.0626091102242168, -1.062610038583754, -1.0626109338296912, -1.062611797290872, -1.0626126302407641, -1.062613433899822, -1.0626142094376925, -1.0626149579754136, -1.0626156805874323, -1.0626163783035822, -1.0626170521109752, -1.0626177029558055, -1.0626183317450757, -1.062618939348266, -1.0626195265988927, -1.0626200942960466, -1.0626206432058454, -1.0626211740628326, -1.062621687571284, -1.0626221844065094, -1.0626226652160613, -1.0626231306209302, -1.0626235812166067, -1.06262401757423, -1.0626244402415548, -1.062624849743959, -1.0626252465853938, -1.062625631249267, -1.0626260041993147, -1.062626365880424, -1.0626267167194423, -1.0626270571258978, -1.062627387492762, -1.0626277081971238, -1.06262801960086, -1.0626283220512764, -1.0626286158817075, -1.0626289014121113, -1.0626291789496198, -1.0626294487890724, -1.0626297112135434, -1.062629966494811, -1.062630214893846, -1.0626304566612528, -1.0626306920377, -1.0626309212543275, -1.062631144533159, -1.0626313620874641]}