{"FCI": -1.225025106951595, "Energy": -1.2145830720843842, "Loss": [-1.2029898423022491, -1.2043864455992814, -1.2056614202048692, -1.206889897458928, -1.2079994714352507, -1.2090109742473973, -1.2099568048731248, -1.2108023419023486, -1.2115321754476622, -1.2121723811536427, -1.2127397872785386, -1.2132225494524909, -1.2136113392845358, -1.213917965566937, -1.214161591015708, -1.2143479368779393, -1.21447394871336, -1.2145433501673844, -1.2145710703364756, -1.2145715775891093, -1.2145499453801287, -1.2145077584137605, -1.2144519265531772, -1.2143938779235568, -1.214341208778203, -1.2142949238722154, -1.2142549991725708, -1.2142248936013784, -1.214208769992101, -1.214206602038338, -1.214215034785557, -1.2142318878896807, -1.2142572679863708, -1.2142904166534434, -1.2143280265420087, -1.2143665973247764, -1.2144047086090124, -1.214441892381223, -1.2144765803130657, -1.2145066348532516, -1.2145312125649745, -1.2145507880585806, -1.2145656167136918, -1.2145753580959118, -1.2145802092821198, -1.2145813238714511, -1.214579843421344, -1.2145762941580163, -1.214571209749267, -1.2145656109885843, -1.2145604463277864, -1.2145560623905698, -1.2145525990107453, -1.2145504325924525, -1.2145498415404927, -1.2145506347864372, -1.214552484502979, -1.214555279669016, -1.2145588642711937, -1.2145628129132233, -1.214566744288648, -1.2145705208376916, -1.2145739844532195, -1.2145768694707675, -1.2145790699136647, -1.2145806561568437, -1.2145816392028628, -1.21458201330236, -1.2145819204723591, -1.214581533125499, -1.214580930523567, -1.2145802149854037, -1.2145795424049965, -1.2145789934514806, -1.2145785900758181, -1.2145783842994637, -1.2145784011070608, -1.2145785983204718, -1.214578940653848, -1.2145794051052021, -1.214579932400949, -1.2145804626833643, -1.2145809670470906, -1.2145814122515781, -1.2145817636986636, -1.2145820162549021, -1.2145821753151278, -1.214582241864847, -1.214582232659499, -1.2145821747766896, -1.2145820860775456, -1.2145819851453405, -1.214581895613025, -1.2145818299752822, -1.214581792846909, -1.214581791351265, -1.2145818247458458, -1.2145818836493667, -1.214581962696477, -1.2145820546199284, -1.2145821465911066, -1.214582232134038, -1.2145823072795445, -1.2145823648888716, -1.2145824044825737, -1.214582428892418, -1.2145824378415129, -1.2145824358137018, -1.2145824288138296, -1.2145824187342256, -1.2145824100065101, -1.2145824066662736, -1.214582408508154, -1.2145824168783734, -1.2145824321015346, -1.2145824515057713, -1.2145824741679965, -1.2145824985551876, -1.2145825218546036, -1.2145825433429966, -1.214582562102614, -1.2145825770122145, -1.2145825887560784, -1.2145825976924804, -1.2145826041945538, -1.2145826096784078, -1.2145826148126455, -1.2145826201841943, -1.214582626730651, -1.21458263444855, -1.2145826433780986, -1.214582653578562, -1.2145826644177369, -1.2145826756344005, -1.2145826868723364, -1.2145826975664844, -1.2145827076723723, -1.2145827169706604, -1.2145827254095665, -1.214582733237612, -1.2145827404901288, -1.2145827474507276, -1.2145827543450305, -1.2145827612654978, -1.214582768417778, -1.214582775794904, -1.214582783392286, -1.2145827911805847, -1.2145827990188334, -1.21458280684279, -1.2145828145409574, -1.2145828220339205, -1.2145828293012098, -1.2145828363112765, -1.2145828431002197, -1.2145828497052273, -1.2145828561714211, -1.2145828625615758, -1.2145828689048512, -1.2145828752372283, -1.2145828815645934, -1.2145828878794998, -1.2145828941686914, -1.2145829003999296, -1.2145829065543732, -1.2145829126038328, -1.214582918537738, -1.2145829243487212, -1.2145829300391817, -1.21458293562136, -1.2145829411052356, -1.2145829465095732, -1.2145829518426157, -1.2145829571163178, -1.214582962332003, -1.2145829674896909, -1.2145829725850288, -1.2145829776100072, -1.2145829825596701, -1.214582987425943, -1.21458299220739, -1.2145829969012658, -1.2145830015101429, -1.2145830060368314, -1.2145830104852793, -1.2145830148603474, -1.214583019164239, -1.2145830234003185, -1.2145830275679526, -1.214583031667828, -1.214583035697657, -1.2145830396566406, -1.2145830435430538, -1.2145830473564518, -1.2145830510969666, -1.2145830547653431, -1.2145830583633632, -1.214583061892467, -1.2145830653548448, -1.2145830687516543]}