{"FCI": -1.1917623439771352, "Energy": -1.1722944145082705, "Loss": [-1.1440586773614152, -1.1486305520024878, -1.1513366332390065, -1.153658143799881, -1.1556862385015045, -1.157280533569991, -1.158662861886387, -1.159889081660336, -1.160990595935413, -1.1619886702563504, -1.1628987591856161, -1.1637326584921388, -1.164499338165146, -1.1652059328771989, -1.1658576221516679, -1.1664585738379625, -1.1670118336858937, -1.1675239089436347, -1.1679950107640247, -1.168423852913244, -1.1688067636609452, -1.169168896628282, -1.1695287970263348, -1.16985851040896, -1.1701531942236223, -1.170417130059926, -1.1706543872284128, -1.170867733259251, -1.1710588740397445, -1.1712293083272314, -1.1713801408534985, -1.171512791748059, -1.1716282341225348, -1.1717277837429692, -1.1718125025959527, -1.1718861445784077, -1.1719546150928926, -1.172017590965597, -1.172073064114137, -1.1721187389363665, -1.1721555172797524, -1.1721845018730217, -1.172206927422702, -1.1722237081817495, -1.172235724164519, -1.1722442022301303, -1.1722504158012614, -1.1722551539470267, -1.1722582424414767, -1.1722602315199322, -1.172262377568129, -1.1722658275868123, -1.1722706054428271, -1.1722755149655169, -1.17227977432925, -1.1722830402703266, -1.1722853177548598, -1.1722867574958697, -1.1722873629141939, -1.1722871816623806, -1.1722857444004289, -1.172282021556725, -1.17227521310331, -1.1722734055823463, -1.17228011157057, -1.1722867511311656, -1.1722897900359128, -1.1722902383606018, -1.1722891297564, -1.172287824236129, -1.172287132411033, -1.172286770371753, -1.1722860619740691, -1.1722854507981295, -1.1722866068700362, -1.1722898737722263, -1.172293196567218, -1.1722956213703113, -1.1722966680578057, -1.172296690473253, -1.1722958098613092, -1.172294672494253, -1.1722933633803443, -1.1722923340695997, -1.172291253603647, -1.1722903490506724, -1.1722894097945478, -1.172289058313146, -1.172289120289654, -1.1722899095104176, -1.1722906642163307, -1.1722914979727277, -1.1722918263615618, -1.1722920261823946, -1.17229177978601, -1.172291595476746, -1.172291186748839, -1.1722910325976308, -1.1722907840266679, -1.1722908914589802, -1.1722909576409217, -1.1722914005396587, -1.1722917439887173, -1.1722923432044494, -1.1722926890636614, -1.172293134149595, -1.1722932325803157, -1.1722933876794566, -1.1722932284728875, -1.1722931970445483, -1.1722929477139037, -1.1722929270985782, -1.1722927683925803, -1.172292898112186, -1.172292907257517, -1.172293191699602, -1.17229330866138, -1.1722936339803414, -1.1722937250576275, -1.172293962978805, -1.172293934336133, -1.172294040985615, -1.1722938996259444, -1.1722939292982315, -1.1722937567406817, -1.1722938034183354, -1.1722936838650382, -1.172293807988494, -1.1722937687544261, -1.17229396081167, -1.1722939636169536, -1.1722941645097353, -1.172294146073035, -1.1722942998581753, -1.172294222597558, -1.1722943159766837, -1.172294189634714, -1.1722942529536715, -1.1722941186008888, -1.1722941961746312, -1.1722940913152164, -1.1722942073720763, -1.1722941398657565, -1.1722942850491416, -1.1722942332573865, -1.1722943780598356, -1.1722943123710365, -1.172294432433083, -1.1722943380927535, -1.172294430580573, -1.172294315293913, -1.1722943967744652, -1.1722942809975079, -1.1722943720464236, -1.1722942720644591, -1.172294381858379, -1.1722942989531593, -1.1722944209140838, -1.1722943433945647, -1.1722944630464922, -1.1722943772327428, -1.172294484166387, -1.1722943845880343, -1.17229447911695, -1.172294370843091, -1.1722944617421995, -1.1722943547859992, -1.172294451453175, -1.1722943527092986, -1.1722944583504697, -1.1722943672758874, -1.1722944778208468, -1.1722943882839723, -1.1722944967401916, -1.172294402520772, -1.1722945045649658, -1.1722944038332304, -1.1722945003965919, -1.1722943961870933, -1.172294491795998, -1.1722943889250974, -1.1722944877949977, -1.1722943890903819, -1.1722944921814473, -1.1722943968497752, -1.172294501815998, -1.1722944067188803, -1.1722945102366265, -1.1722944125989625, -1.1722945129420748, -1.1722944122735441, -1.1722945102466942, -1.1722944082600784, -1.1722945061453631, -1.1722944051172877, -1.1722945047664244, -1.1722944058070013, -1.1722945074044149, -1.172294409891277, -1.17229451214715]}