{"FCI": -1.2675874487922068, "Energy": -1.255130901935352, "Loss": [-1.2423307727846273, -1.2425366988526623, -1.2427394676910763, -1.2429391271493662, -1.2431357243753582, -1.2433293058246975, -1.2435199172702671, -1.2437076038114716, -1.2438924098834312, -1.2440743792660875, -1.244253555093183, -1.2444299798611533, -1.2446036954379252, -1.244774743071575, -1.2449431633989516, -1.2451089964541406, -1.2452722816768471, -1.2454330579206963, -1.2455913634614226, -1.2457472360049493, -1.2459007126953985, -1.246051830122987, -1.2462006243318156, -1.246347130827601, -1.2464913845852605, -1.2466334200564562, -1.2467732711770152, -1.2469109713742428, -1.2470465535742021, -1.2471800502088304, -1.247311493223032, -1.2474409140816152, -1.247568343776213, -1.2476938128320467, -1.2478173513146502, -1.2479389888365042, -1.2480587545635327, -1.2481766772215943, -1.2482927851028451, -1.2484071060719848, -1.2485196675725163, -1.2486304966328134, -1.248739619872199, -1.2488470635068867, -1.2489528533558554, -1.2490570148466693, -1.2491595730211829, -1.2492605525412048, -1.2493599776940598, -1.2494578723980956, -1.2495542602080687, -1.249649164320564, -1.2497426075791889, -1.2498346124798416, -1.2499252011758015, -1.2500143954828127, -1.2501022168840803, -1.2501886865351626, -1.2502738252688714, -1.2503576536000243, -1.2504401917301893, -1.250521459552319, -1.25060147665536, -1.250680262328794, -1.2507578355670588, -1.250834215073973, -1.2509094192670949, -1.2509834662819594, -1.25105637397634, -1.2511281599343613, -1.2511988414706416, -1.251268435634298, -1.2513369592129533, -1.251404428736657, -1.251470860481747, -1.2515362704746713, -1.2516006744957586, -1.2516640880829168, -1.2517265265352655, -1.2517880049167802, -1.2518485380598023, -1.2519081405685584, -1.2519668268226043, -1.2520246109802151, -1.2520815069817364, -1.252137528552887, -1.2521926892080122, -1.252247002253288, -1.252300480789841, -1.2523531377169568, -1.252404985735008, -1.25245603734861, -1.252506304869505, -1.252555800419533, -1.2526045359335243, -1.252652523162117, -1.2526997736746106, -1.2527462988616838, -1.2527921099381483, -1.2528372179456118, -1.2528816337551312, -1.252925368069823, -1.2529684314274132, -1.2530108342027866, -1.2530525866104432, -1.2530936987069883, -1.2531341803935292, -1.2531740414180499, -1.2532132913777834, -1.2532519397214867, -1.2532899957517343, -1.2533274686271705, -1.2533643673646984, -1.2534007008416543, -1.2534364777979707, -1.253471706838266, -1.253506396433929, -1.2535405549251766, -1.2535741905230584, -1.2536073113114292, -1.2536399252489505, -1.2536720401709698, -1.2537036637914418, -1.253734803704786, -1.2537654673877499, -1.2537956622011937, -1.2538253953918956, -1.2538546740943035, -1.2538835053322621, -1.2539118960207247, -1.2539398529674428, -1.2539673828745928, -1.2539944923404398, -1.254021187860912, -1.2540474758312026, -1.2540733625473084, -1.2540988542075784, -1.2541239569142066, -1.2541486766747394, -1.2541730194035292, -1.2541969909231487, -1.2542205969658582, -1.254243843174969, -1.2542667351062358, -1.2542892782292114, -1.2543114779285507, -1.2543333395053806, -1.2543548681785466, -1.254376069085921, -1.254396947285608, -1.2544175077572417, -1.2544377554031614, -1.2544576950496207, -1.2544773314479742, -1.2544966692758186, -1.2545157131381548, -1.2545344675685137, -1.2545529370300543, -1.254571125916666, -1.2545890385540166, -1.2546066792006676, -1.2546240520490555, -1.2546411612265522, -1.2546580107964547, -1.2546746047590127, -1.2546909470523662, -1.2547070415535435, -1.2547228920793885, -1.2547385023875015, -1.2547538761771753, -1.254769017090277, -1.2547839287121516, -1.2547986145725156, -1.2548130781462739, -1.2548273228544342, -1.2548413520649098, -1.2548551690933294, -1.2548687772038887, -1.2548821796101306, -1.2548953794757274, -1.2549083799152596, -1.2549211839950067, -1.254933794733634, -1.2549462151030089, -1.2549584480288722, -1.2549704963915913, -1.2549823630268415, -1.2549940507263182, -1.25500556223841, -1.2550169002688785, -1.255028067481522, -1.2550390664988194, -1.255049899902595, -1.255060570234632, -1.255071079997281, -1.2550814316541226, -1.2550916276305224, -1.2551016703142577, -1.2551115620560727, -1.2551213051702939]}