{"FCI": -1.0697107135717314, "Energy": -1.0458909664030691, "Loss": [-0.9849536338034919, -0.9900845214826142, -0.9935072095761255, -0.9964203284131392, -0.9988201268927551, -1.0010319303914736, -1.003013228859051, -1.0048297247835127, -1.006519041741119, -1.008106713129516, -1.0096116843860763, -1.0110485653446053, -1.0124312077318436, -1.0137694003596691, -1.0150708600229368, -1.016336929261713, -1.0175681240016043, -1.0187612595841267, -1.0199164086604011, -1.0210345072594804, -1.0221253584642265, -1.0231847150947035, -1.0242130311134616, -1.02520686895594, -1.0261690674787276, -1.0271000100810816, -1.0280018062657037, -1.0288752000359351, -1.029721087623541, -1.0305400063746197, -1.0313318408180092, -1.032096860180422, -1.0328341626241215, -1.0335439280687637, -1.034224780227394, -1.0348771773128493, -1.0354995975360293, -1.036093335389892, -1.0366571060648855, -1.0371935248112911, -1.0377016246618762, -1.0381844737475472, -1.038641020525433, -1.0390736312537538, -1.0394817214036216, -1.0398671623646278, -1.0402301964999123, -1.0405723900675619, -1.0408945308145836, -1.0411978838651568, -1.0414836016463955, -1.0417526523572738, -1.0420065352363364, -1.0422458259896514, -1.0424721358821802, -1.0426854488731794, -1.0428871000354523, -1.043076704902752, -1.0432553469466415, -1.0434227246769943, -1.043579795245207, -1.0437264362258278, -1.0438634944600205, -1.0439909505367901, -1.0441095819166486, -1.0442194335546848, -1.0443212841588179, -1.0444152390413093, -1.0445020967298713, -1.0445819916782426, -1.044655667755236, -1.0447232421028172, -1.0447853399575227, -1.0448420769768998, -1.044893987957534, -1.0449412296758094, -1.044984294039743, -1.0450233802261863, -1.0450589553772363, -1.0450912385760114, -1.0451206728107998, -1.0451474742366156, -1.04517204301448, -1.0451945597599723, -1.0452153415889949, -1.0452344988258075, -1.0452522453477544, -1.0452686228400885, -1.045283775176688, -1.0452977101857792, -1.0453105535443208, -1.0453223055308565, -1.0453331056036677, -1.0453429506040368, -1.0453520043871176, -1.04536024940891, -1.0453678693321342, -1.045374811740995, -1.0453812667915905, -1.045387130066949, -1.0453925924637084, -1.0453975004685903, -1.04540205717285, -1.0454060787703592, -1.0454097979742407, -1.0454130159496626, -1.045416004995928, -1.0454185533074642, -1.0454209724628778, -1.0454230288709843, -1.0454250648335812, -1.045426811891974, -1.045428631357044, -1.0454302112528773, -1.0454319255663898, -1.0454334196422341, -1.0454350835970105, -1.0454365249847501, -1.0454381590889272, -1.0454395541026822, -1.045441158891593, -1.0454424907053337, -1.0454440401137726, -1.0454452687925364, -1.0454467371949785, -1.0454479149467777, -1.0454495121282876, -1.0454511338207682, -1.0454535690283913, -1.045456367237978, -1.0454600148842295, -1.045463807755866, -1.0454680642694816, -1.0454721119551, -1.0454763815948611, -1.0454803080501784, -1.0454844492538322, -1.0454882824094605, -1.0454924846623153, -1.0454965244873435, -1.045501175461004, -1.0455058182346273, -1.045511238628547, -1.0455166553387942, -1.0455228150496494, -1.0455288132578975, -1.0455354050418972, -1.0455416592227933, -1.0455483994732782, -1.045554708377953, -1.0455615016784006, -1.0455678595255387, -1.0455747895126002, -1.0455813313968354, -1.0455885591121943, -1.0455954324303132, -1.0456030467614719, -1.0456102718057472, -1.0456181984644761, -1.0456256427690136, -1.0456337011268506, -1.0456411838540198, -1.045649214645888, -1.0456566186642302, -1.0456645596627383, -1.0456718694168494, -1.0456797498376595, -1.0456870187014198, -1.0456948985565655, -1.0457021771084394, -1.0457100737135043, -1.0457173487931826, -1.045725205307027, -1.0457323979407367, -1.045740116095341, -1.0457471317731875, -1.0457546303333296, -1.0457614106370783, -1.0457686598184226, -1.0457751991611826, -1.0457822148230245, -1.045788540435391, -1.0457953505908262, -1.0458014850839497, -1.0458080949217228, -1.045814029591113, -1.045820410505689, -1.0458261080352411, -1.0458322154971365, -1.0458376349973864, -1.0458434362300868, -1.0458485573726866, -1.0458540467418997, -1.045858876290678, -1.045864070636077, -1.0458686306400466, -1.0458735515559456, -1.0458778603893368, -1.045882517708324, -1.0458865783558824]}