{"FCI": -1.225025106951595, "Energy": -1.2145796128444712, "Loss": [-1.2029898423022491, -1.2074782270466087, -1.210220864313638, -1.2118943926698877, -1.2129152677593753, -1.2135384454107436, -1.213919508255962, -1.214153215458313, -1.2142972168393653, -1.2143865649654269, -1.2144425680047357, -1.2144781799603028, -1.2145012788293306, -1.2145166588909941, -1.2145272410211394, -1.214534807795293, -1.214540449920416, -1.2145448373531198, -1.2145483839618045, -1.214551347549197, -1.2145538906261257, -1.2145561173530173, -1.2145580960089235, -1.2145598726707267, -1.2145614795528388, -1.2145629401022953, -1.2145642721213177, -1.2145654896898164, -1.2145666043571823, -1.2145676258882394, -1.214568562736801, -1.2145694223519885, -1.2145702113815375, -1.2145709358110843, -1.2145716010632457, -1.2145722120711615, -1.2145727733353175, -1.2145732889692724, -1.214573762737741, -1.2145741980890594, -1.2145745981836367, -1.2145749659191063, -1.2145753039528757, -1.2145756147225142, -1.2145759004642134, -1.21457616322961, -1.2145764049012056, -1.214576627206372, -1.2145768317302066, -1.2145770199273371, -1.2145771931326972, -1.2145773525714503, -1.214577499368012, -1.214577634554388, -1.2145777590778346, -1.2145778738078012, -1.214577979542383, -1.214578077014186, -1.214578166895751, -1.2145782498044668, -1.2145783263071444, -1.2145783969241724, -1.2145784621333389, -1.2145785223733327, -1.2145785780469798, -1.2145786295241536, -1.2145786771445397, -1.214578721220055, -1.2145787620371737, -1.214578799859022, -1.214578834927235, -1.214578867463792, -1.2145788976725862, -1.2145789257409147, -1.214578951840854, -1.2145789761304797, -1.2145789987550386, -1.2145790198479838, -1.2145790395319374, -1.2145790579195856, -1.2145790751144985, -1.2145790912118313, -1.2145791062990736, -1.214579120456616, -1.2145791337583858, -1.214579146272311, -1.214579158060865, -1.2145791691814731, -1.2145791796869494, -1.214579189625848, -1.2145791990428172, -1.2145792079789244, -1.214579216471951, -1.2145792245566331, -1.2145792322649342, -1.2145792396262536, -1.2145792466676415, -1.2145792534139896, -1.2145792598882001, -1.2145792661113517, -1.2145792721028406, -1.214579277880524, -1.2145792834608342, -1.2145792888589106, -1.21457929408867, -1.214579299162945, -1.2145793040935495, -1.2145793088913608, -1.2145793135663914, -1.2145793181278801, -1.2145793225843107, -1.2145793269435357, -1.2145793312127537, -1.2145793353986254, -1.2145793395072757, -1.21457934354435, -1.214579347515061, -1.2145793514242103, -1.2145793552762154, -1.2145793590751606, -1.2145793628248118, -1.2145793665286413, -1.2145793701898449, -1.214579373811381, -1.2145793773959748, -1.2145793809461347, -1.2145793844641979, -1.214579387952293, -1.2145793914123981, -1.2145793948463464, -1.2145793982558135, -1.2145794016423643, -1.214579405007441, -1.2145794083523578, -1.2145794116783513, -1.2145794149865592, -1.2145794182780207, -1.2145794215537111, -1.2145794248145192, -1.214579428061284, -1.2145794312947649, -1.214579434515664, -1.2145794377246442, -1.2145794409223085, -1.214579444109219, -1.2145794472858995, -1.2145794504528251, -1.2145794536104382, -1.214579456759159, -1.214579459899358, -1.2145794630313977, -1.214579466155608, -1.2145794692722829, -1.2145794723817052, -1.2145794754841404, -1.2145794785798318, -1.2145794816690014, -1.2145794847518567, -1.2145794878285956, -1.214579490899385, -1.2145794939644101, -1.2145794970238106, -1.2145795000777357, -1.2145795031263202, -1.2145795061696882, -1.2145795092079488, -1.214579512241223, -1.214579515269599, -1.2145795182931747, -1.214579521312036, -1.214579524326265, -1.2145795273359323, -1.2145795303411142, -1.2145795333418699, -1.21457953633827, -1.2145795393303636, -1.2145795423181958, -1.2145795453018429, -1.2145795482813282, -1.214579551256704, -1.2145795542280071, -1.2145795571952842, -1.2145795601585563, -1.2145795631178748, -1.214579566073256, -1.2145795690247378, -1.2145795719723478, -1.2145795749161084, -1.2145795778560464, -1.2145795807921869, -1.214579583724551, -1.2145795866531572, -1.2145795895780245, -1.2145795924991751, -1.2145795954166294, -1.2145795983303904, -1.2145796012404861, -1.2145796041469337, -1.2145796070497314, -1.2145796099489112]}