{"FCI": -1.1979356598987572, "Energy": -1.1878879081095595, "Loss": [-1.1768760410146397, -1.1813525278450716, -1.1840053598269238, -1.1855749015427126, -1.186502966748014, -1.187051859455068, -1.1873768399366857, -1.1875696464417014, -1.1876844294063738, -1.1877531347568309, -1.1877946042500906, -1.1878199504759621, -1.1878357285830872, -1.187845806859379, -1.1878524695928625, -1.187857067185442, -1.187860399348814, -1.1878629409657164, -1.1878649752193815, -1.1878666720701114, -1.1878681345219442, -1.1878694259059999, -1.1878705859753518, -1.1878716404051708, -1.1878726064053124, -1.1878734960408746, -1.187874318200975, -1.187875079770017, -1.1878757863280744, -1.187876442573008, -1.187877052577861, -1.1878776199505163, -1.1878781479351261, -1.1878786394786505, -1.1878790972763782, -1.1878795238044506, -1.187879921344426, -1.1878802920026275, -1.1878806377261288, -1.187880960316338, -1.1878812614408956, -1.187881542644261, -1.1878818053572646, -1.187882050905782, -1.1878822805186615, -1.1878824953350569, -1.18788269641109, -1.1878828847260436, -1.1878830611880842, -1.187883226639527, -1.1878833818616883, -1.1878835275793906, -1.1878836644651452, -1.1878837931429675, -1.1878839141919646, -1.1878840281495995, -1.1878841355147594, -1.1878842367505764, -1.1878843322870154, -1.1878844225233067, -1.1878845078301743, -1.187884588551927, -1.18788466500833, -1.1878847374964265, -1.1878848062921683, -1.1878848716519106, -1.1878849338138697, -1.1878849929994044, -1.1878850494142232, -1.187885103249528, -1.1878851546830387, -1.187885203879948, -1.1878852509938618, -1.187885296167571, -1.1878853395338653, -1.1878853812162178, -1.1878854213294585, -1.1878854599804058, -1.1878854972683899, -1.1878855332858478, -1.18788556811874, -1.1878856018470618, -1.1878856345452473, -1.1878856662825377, -1.1878856971234055, -1.1878857271278211, -1.1878857563516183, -1.1878857848467674, -1.1878858126616392, -1.187885839841274, -1.187885866427592, -1.187885892459632, -1.1878859179737509, -1.187885943003808, -1.1878859675813103, -1.187885991735622, -1.1878860154940905, -1.187886038882191, -1.1878860619236409, -1.1878860846405515, -1.1878861070535036, -1.1878861291816971, -1.1878861510430039, -1.1878861726540726, -1.1878861940304302, -1.1878862151865461, -1.1878862361359, -1.1878862568910604, -1.1878862774637369, -1.1878862978648375, -1.1878863181045538, -1.1878863381923603, -1.187886358137114, -1.18788637794706, -1.1878863976298781, -1.1878864171927457, -1.1878864366423498, -1.1878864559849316, -1.1878864752263, -1.1878864943718757, -1.187886513426724, -1.1878865323955619, -1.1878865512827936, -1.1878865700925292, -1.1878865888285954, -1.1878866074945695, -1.187886626093793, -1.1878866446293697, -1.1878866631042118, -1.187886681521024, -1.1878866998823487, -1.1878867181905401, -1.1878867364478052, -1.1878867546562049, -1.1878867728176539, -1.187886790933956, -1.1878868090067827, -1.187886827037701, -1.1878868450281723, -1.1878868629795656, -1.18788688089315, -1.1878868987701219, -1.1878869166115995, -1.1878869344186165, -1.1878869521921422, -1.1878869699330952, -1.1878869876423117, -1.187887005320607, -1.1878870229687122, -1.187887040587313, -1.1878870581770844, -1.1878870757386104, -1.1878870932724752, -1.1878871107792, -1.1878871282593013, -1.1878871457132274, -1.1878871631414267, -1.1878871805443, -1.1878871979222423, -1.1878872152756084, -1.1878872326047356, -1.1878872499099429, -1.1878872671915217, -1.187887284449756, -1.1878873016849059, -1.187887318897209, -1.1878873360869127, -1.1878873532542227, -1.1878873703993444, -1.1878873875224742, -1.187887404623787, -1.1878874217034565, -1.187887438761638, -1.187887455798488, -1.1878874728141504, -1.187887489808752, -1.1878875067824253, -1.1878875237352955, -1.1878875406674667, -1.1878875575790482, -1.1878875744701478, -1.187887591340854, -1.187887608191264, -1.1878876250214587, -1.1878876418315345, -1.187887658621547, -1.1878876753915968, -1.1878876921417312, -1.1878877088720354, -1.187887725582574, -1.1878877422733933, -1.1878877589445656, -1.1878877755961474, -1.1878877922281876, -1.1878878088407467, -1.187887825433867, -1.1878878420076, -1.1878878585619903, -1.1878878750970818, -1.187887891612929]}