{"FCI": -1.1265571920133868, "Energy": -1.092211021952851, "Loss": [-1.0621881355758704, -1.063753754302428, -1.0648224480746185, -1.0656988322335779, -1.0664229756242012, -1.0670929318962192, -1.0676836196596065, -1.0682235587258648, -1.068723727047708, -1.0691911021243983, -1.0696308531893244, -1.0700469797504577, -1.0704426664651174, -1.0708204972232198, -1.0711825866764244, -1.0715306653406829, -1.0718661455184335, -1.0721901818612531, -1.0725037280120042, -1.0728075852931829, -1.0731024405998837, -1.0733888937486977, -1.073667476428817, -1.073938665247638, -1.0742028909045707, -1.0744605448991953, -1.0747119846633624, -1.0749575376555645, -1.0751975047390998, -1.075432163038649, -1.0756617683969492, -1.0758865575118655, -1.0761067498096215, -1.076322549095689, -1.0765341450152894, -1.0767417143494493, -1.076945422167974, -1.0771454228575001, -1.07734186103995, -1.0775348723948424, -1.0777245843967256, -1.0779111169779882, -1.078094583125525, -1.078275089418927, -1.0784527365168377, -1.0786276195972977, -1.0787998287570426, -1.0789694493744397, -1.0791365624397622, -1.0793012448564772, -1.079463569716439, -1.0796236065518163, -1.0797814215660724, -1.0799370778461663, -1.08009063555783, -1.0802421521255823, -1.0803916823990503, -1.080539278806851, -1.0806849914992078, -1.0808288684804437, -1.0809709557322609, -1.0811112973285804, -1.0812499355428093, -1.0813869109481975, -1.08152226251182, -1.081656027682793, -1.081788242475258, -1.0819189415464325, -1.0820481582702912, -1.082175924807106, -1.0823022721692108, -1.0824272302832478, -1.0825508280490912, -1.0826730933957192, -1.0827940533340648, -1.082913734007054, -1.0830321607367694, -1.0831493580688387, -1.0832653498139226, -1.0833801590862062, -1.0834938083387462, -1.0836063193955987, -1.083717713480366, -1.083828011241243, -1.0839372327723522, -1.0840453976315414, -1.0841525248547803, -1.084258632967623, -1.0843637399942976, -1.084467863465169, -1.0845710204234458, -1.084673227431967, -1.084774500580891, -1.0848748554969054, -1.0849743073543396, -1.0850728708883954, -1.085170560410269, -1.0852673898240521, -1.0853633726447127, -1.085458522016904, -1.0855528507338175, -1.0856463712558146, -1.0857390957282762, -1.0858310359985197, -1.0859222036314344, -1.0860126099238847, -1.086102265917743, -1.0861911824116133, -1.0862793699713664, -1.0863668389394974, -1.0864535994435074, -1.0865396614033476, -1.0866250345381139, -1.0867097283720262, -1.086793752239843, -1.0868771152917829, -1.0869598264980365, -1.0870418946528906, -1.0871233283786401, -1.08720413612914, -1.0872843261933076, -1.0873639066983225, -1.0874428856127505, -1.0875212707495931, -1.0875990697692015, -1.0876762901820969, -1.087752939351816, -1.0878290244976305, -1.0879045526972848, -1.087979530889672, -1.0880539658775161, -1.0881278643300019, -1.0882012327854287, -1.088274077653832, -1.0883464052196055, -1.088418221644099, -1.088489532968215, -1.0885603451150354, -1.088630663892348, -1.0887004949952646, -1.0887698440087432, -1.0888387164101543, -1.088907117571789, -1.088975052763381, -1.0890425271545685, -1.0891095458173778, -1.089176113728639, -1.0892422357723865, -1.0893079167422501, -1.0893731613437534, -1.0894379741966536, -1.089502359837168, -1.0895663227202088, -1.0896298672215536, -1.089692997639965, -1.0897557181992732, -1.0898180330504292, -1.089879946273462, -1.0899414618794223, -1.090002583812273, -1.0900633159506954, -1.090123662109901, -1.0901836260433106, -1.090243211444271, -1.0903024219476516, -1.090361261131407, -1.0904197325180989, -1.0904778395763548, -1.090535585722304, -1.0905929743209064, -1.0906500086872757, -1.0907066920879667, -1.0907630277421743, -1.0908190188229128, -1.0908746684581436, -1.0909299797318732, -1.0909849556851863, -1.0910395993172486, -1.0910939135862923, -1.0911479014105354, -1.0912015656690561, -1.0912549092026904, -1.09130793481482, -1.0913606452721896, -1.091413043305675, -1.0914651316109916, -1.0915169128494389, -1.091568389648546, -1.0916195646027558, -1.0916704402740478, -1.0917210191925557, -1.0917713038571413, -1.0918212967359842, -1.0918710002671086, -1.0919204168589551, -1.091969548890844, -1.0920183987135266, -1.0920669686496205, -1.0921152609941291, -1.0921632780148518]}