{"FCI": -1.2704587889424521, "Energy": -1.256612166851118, "Loss": [-1.2400078641400674, -1.2402160911093947, -1.2406067878949334, -1.2411528301793195, -1.241826817592222, -1.2426019453944037, -1.243452681003773, -1.2443552688198756, -1.2452880857064084, -1.2462318682186366, -1.2471698312833572, -1.248087696593533, -1.2489736474946074, -1.2498182256310195, -1.2506141831045172, -1.2513563023830958, -1.2520411947060945, -1.2526670862722284, -1.2532336000894528, -1.25374154002442, -1.2541926823305751, -1.2545895787692456, -1.2549353743794247, -1.255233642005478, -1.2554882348621026, -1.255703157704042, -1.255882456570972, -1.256030126592176, -1.2561500369533747, -1.25624587184098, -1.256321085977645, -1.2563788732365422, -1.2564221467600172, -1.2564535289999996, -1.2564753501341066, -1.2564896533812506, -1.256498205837484, -1.2565025135673302, -1.2565038398123236, -1.2565032253107988, -1.2565015098566812, -1.256499354355789, -1.2564972627638327, -1.2564956034076495, -1.2564946292994963, -1.2564944971516923, -1.2564952848857498, -1.256497007505566, -1.2564996312687278, -1.256503086144121, -1.2565072765880911, -1.256512090706265, -1.2565174078950998, -1.2565231050761154, -1.2565290616489475, -1.2565351632963908, -1.2565413047771883, -1.256547391841067, -1.2565533423960673, -1.2565590870514773, -1.2565645691510041, -1.2565697444012378, -1.2565745801896238, -1.2565790546757432, -1.2565831557283829, -1.2565868797707191, -1.2565902305855188, -1.2565932181231272, -1.2565958573460543, -1.2565981671363744, -1.256600169285068, -1.2566018875762381, -1.2566033469742606, -1.2566045729170876, -1.2566055907156422, -1.2566064250561972, -1.2566070996004102, -1.2566076366760495, -1.2566080570503422, -1.2566083797770164, -1.2566086221079764, -1.256608799460503, -1.2566089254308606, -1.2566090118459898, -1.2566090688453295, -1.256609104985336, -1.2566091273604552, -1.2566091417345542, -1.256609152677978, -1.256609163705987, -1.2566091774150578, -1.2566091956143128, -1.2566092194498275, -1.2566092495202965, -1.256609285982859, -1.2566093286485338, -1.2566093770668583, -1.2566094305998368, -1.2566094884854524, -1.2566095498911842, -1.2566096139582341, -1.2566096798371287, -1.2566097467155055, -1.2566098138390345, -1.2566098805261416, -1.2566099461775735, -1.256610010281442, -1.2566100724146685, -1.256610132241345, -1.2566101895089146, -1.2566102440424205, -1.2566102957376866, -1.2566103445535854, -1.2566103905039072, -1.256610433649131, -1.2566104740883477, -1.2566105119514732, -1.2566105473920015, -1.2566105805803296, -1.2566106116977758, -1.2566106409313078, -1.2566106684689609, -1.2566106944960251, -1.2566107191918605, -1.2566107427274225, -1.256610765263338, -1.2566107869485132, -1.2566108079193006, -1.2566108282989785, -1.2566108481976739, -1.2566108677125365, -1.2566108869281671, -1.2566109059172705, -1.2566109247413813, -1.2566109434517545, -1.256610962090273, -1.2566109806904622, -1.2566109992783723, -1.2566110178735932, -1.2566110364901268, -1.256611055137269, -1.256611073820381, -1.2566110925416327, -1.2566111113006837, -1.2566111300952212, -1.2566111489215208, -1.2566111677748597, -1.25661118664989, -1.2566112055409815, -1.2566112244424268, -1.2566112433486814, -1.256611262254508, -1.2566112811550691, -1.256611300046031, -1.2566113189235866, -1.2566113377844808, -1.2566113566260193, -1.2566113754460528, -1.2566113942429156, -1.2566114130154329, -1.2566114317628423, -1.2566114504847647, -1.2566114691811332, -1.256611487852155, -1.256611506498284, -1.2566115251201182, -1.2566115437184315, -1.2566115622940641, -1.2566115808479295, -1.2566115993809852, -1.2566116178941842, -1.2566116363884776, -1.2566116548647706, -1.2566116733239348, -1.2566116917667838, -1.2566117101940724, -1.2566117286064786, -1.2566117470046232, -1.2566117653890592, -1.2566117837602577, -1.2566118021186432, -1.256611820464562, -1.2566118387983116, -1.2566118571201383, -1.2566118754302436, -1.2566118937287878, -1.2566119120158759, -1.2566119302916128, -1.2566119485560574, -1.2566119668092393, -1.2566119850511899, -1.2566120032819208, -1.2566120215014176, -1.256612039709675, -1.2566120579066726, -1.2566120760924016, -1.2566120942668266, -1.256612112429929, -1.2566121305816933, -1.2566121487220936]}