{"FCI": -1.1979356598987572, "Energy": -1.1878856498518275, "Loss": [-1.1768760410146397, -1.1770836859275238, -1.1774708483470429, -1.178006419691073, -1.1786581732009784, -1.1793942947992895, -1.1801845937118418, -1.1810014128780812, -1.1818202651728886, -1.1826202256107055, -1.1833841122235038, -1.184098489400049, -1.1847535273340843, -1.1853427500416667, -1.1858627023604544, -1.1863125636271776, -1.186693732532273, -1.1870094041541908, -1.1872641565493929, -1.1874635606689645, -1.1876138239165708, -1.1877214744589784, -1.187793090525457, -1.1878350764366932, -1.1878534850133378, -1.1878538843344737, -1.1878412655338793, -1.1878199874111917, -1.187793753058867, -1.1877656134221617, -1.1877379926715343, -1.1877127304285529, -1.1876911362026719, -1.1876740518242792, -1.1876619181621901, -1.1876548429569842, -1.1876526671580299, -1.1876550276980053, -1.1876614151563358, -1.1876712252388155, -1.1876838034251505, -1.1876984825037484, -1.1877146130214737, -1.1877315869246963, -1.187748854860165, -1.1877659377425973, -1.1877824332866536, -1.1877980182490677, -1.1878124471388631, -1.1878255481360882, -1.187837216918566, -1.1878474090376145, -1.187856131413081, -1.1878634334402747, -1.1878693981205228, -1.1878741335464853, -1.1878777649965637, -1.1878804278207997, -1.1878822612363082, -1.1878834030936882, -1.1878839856279217, -1.187884132168021, -1.1878839547489295, -1.1878835525464564, -1.187883011040396, -1.187882401802036, -1.1878817827987236, -1.1878811991093796, -1.18788068394957, -1.1878802599124956, -1.187879940341877, -1.1878797307636133, -1.187879630314626, -1.1878796331189707, -1.1878797295723942, -1.1878799075072974, -1.1878801532193437, -1.1878804523457305, -1.187880790592113, -1.1878811543112755, -1.187881530941379, -1.1878819093151356, -1.18788227985376, -1.1878826346610762, -1.1878829675337885, -1.1878832739039453, -1.1878835507289496, -1.1878837963434317, -1.1878840102860713, -1.1878841931125932, -1.1878843462047497, -1.18788447158325, -1.1878845717308812, -1.1878846494306115, -1.187884707621807, -1.1878847492766686, -1.1878847772975394, -1.1878847944351365, -1.1878848032267355, -1.1878848059529379, -1.1878848046111197, -1.1878848009034775, -1.1878847962374324, -1.187884791736022, -1.1878847882561478, -1.1878847864125492, -1.1878847866055686, -1.1878847890510806, -1.1878847938110306, -1.1878848008235061, -1.1878848099312622, -1.1878848209080624, -1.1878848334822543, -1.187884847357329, -1.1878848622292484, -1.18788487780061, -1.1878848937916853, -1.1878849099485933, -1.1878849260488273, -1.1878849419044732, -1.1878849573634793, -1.1878849723092055, -1.1878849866587875, -1.187885000360397, -1.1878850133898826, -1.187885025746962, -1.1878850374512058, -1.1878850485380181, -1.1878850590547367, -1.1878850690570286, -1.1878850786056026, -1.1878850877633425, -1.18788509659287, -1.1878851051545611, -1.1878851135049786, -1.1878851216957529, -1.187885129772795, -1.187885137775863, -1.1878851457384476, -1.1878851536878816, -1.1878851616455646, -1.1878851696275012, -1.1878851776447654, -1.1878851857041657, -1.187885193808849, -1.1878852019589858, -1.1878852101523514, -1.1878852183849475, -1.1878852266515159, -1.18788523494604, -1.187885243262107, -1.1878852515932858, -1.1878852599333927, -1.1878852682766832, -1.1878852766180277, -1.1878852849529777, -1.1878852932778434, -1.187885301589691, -1.1878853098863147, -1.1878853181662257, -1.187885326428539, -1.187885334672941, -1.1878853428995733, -1.1878853511089988, -1.1878853593020384, -1.1878853674797638, -1.1878853756433958, -1.1878853837942116, -1.1878853919335461, -1.1878854000626968, -1.187885408182894, -1.1878854162952899, -1.1878854244009198, -1.1878854325007004, -1.1878854405954142, -1.1878854486857242, -1.1878854567721353, -1.187885464855059, -1.1878854729348025, -1.1878854810115462, -1.187885489085416, -1.1878854971564454, -1.1878855052246216, -1.1878855132898851, -1.187885521352149, -1.1878855294112864, -1.1878855374671855, -1.1878855455197006, -1.1878855535687027, -1.1878855616140787, -1.1878855696557094, -1.1878855776934971, -1.1878855857273596, -1.1878855937572217, -1.1878856017830464, -1.18788560980478, -1.187885617822415, -1.1878856258359283, -1.187885633845331, -1.1878856418506232]}