{"FCI": -1.2704587889424521, "Energy": -1.2552004048994003, "Loss": [-1.2400078641400674, -1.2402160911093947, -1.240421693988678, -1.2406247053283588, -1.2408251572949514, -1.2410230816749994, -1.241218509879012, -1.2414114729454102, -1.2416020015443596, -1.2417901259816935, -1.2419758762027049, -1.2421592817959772, -1.242340371997154, -1.2425191756926957, -1.2426957214236163, -1.2428700373891728, -1.2430421514505323, -1.2432120911344269, -1.2433798836367598, -1.2435455558261943, -1.243709134247717, -1.2438706451261574, -1.2440301143697146, -1.2441875675733884, -1.2443430300224698, -1.2444965266959267, -1.2446480822698036, -1.2447977211205763, -1.2449454673284914, -1.2450913446808642, -1.2452353766753306, -1.2453775865231282, -1.2455179971522983, -1.2456566312108546, -1.2457935110699576, -1.2459286588270664, -1.2460620963089934, -1.2461938450750232, -1.2463239264199304, -1.2464523613770033, -1.2465791707210452, -1.2467043749713098, -1.2468279943944627, -1.2469500490074759, -1.247070558580501, -1.2471895426397053, -1.2473070204701404, -1.247423011118486, -1.2475375333958396, -1.2476506058804628, -1.2477622469204883, -1.2478724746365992, -1.2479813069247108, -1.2480887614585725, -1.2481948556923945, -1.2482996068634273, -1.2484030319945156, -1.2485051478966145, -1.2486059711713027, -1.2487055182132616, -1.2488038052127208, -1.248900848157868, -1.2489966628372942, -1.2490912648423105, -1.2491846695693418, -1.2492768922222313, -1.2493679478145512, -1.2494578511718772, -1.2495466169340221, -1.2496342595573042, -1.2497207933167116, -1.249806232308104, -1.2498905904503543, -1.2499738814875063, -1.2500561189908692, -1.25013731636109, -1.2502174868302545, -1.2502966434638942, -1.2503747991630376, -1.2504519666661715, -1.250528158551253, -1.2506033872376328, -1.2506776649880118, -1.2507510039103225, -1.2508234159596439, -1.2508949129400686, -1.2509655065065224, -1.2510352081666207, -1.2511040292824465, -1.2511719810723767, -1.251239074612787, -1.251305320839856, -1.251370730551246, -1.2514353144078383, -1.2514990829353918, -1.2515620465262312, -1.2516242154408788, -1.2516855998097183, -1.251746209634524, -1.2518060547901553, -1.2518651450260287, -1.2519234899677647, -1.2519810991186502, -1.2520379818611889, -1.2520941474586105, -1.252149605056326, -1.2522043636834221, -1.2522584322540848, -1.2523118195690448, -1.252364534316998, -1.2524165850759792, -1.2524679803147694, -1.2525187283942434, -1.2525688375687256, -1.252618315987325, -1.2526671716952518, -1.2527154126351079, -1.2527630466481887, -1.2528100814757357, -1.2528565247602104, -1.252902384046529, -1.252947666783272, -1.2529923803239214, -1.2530365319280208, -1.2530801287624107, -1.2531231779023337, -1.2531656863326446, -1.2532076609488996, -1.2532491085585282, -1.2532900358819081, -1.2533304495534783, -1.253370356122839, -1.2534097620557991, -1.2534486737354424, -1.2534870974631835, -1.253525039459799, -1.2535625058664341, -1.2535995027456153, -1.2536360360822738, -1.2536721117846867, -1.253707735685477, -1.2537429135425615, -1.2537776510401104, -1.2538119537894719, -1.253845827330093, -1.2538792771304508, -1.253912308588942, -1.2539449270347807, -1.253977137728864, -1.2540089458646602, -1.2540403565690528, -1.2540713749032013, -1.2541020058633612, -1.2541322543817266, -1.2541621253272437, -1.2541916235064063, -1.2542207536640715, -1.2542495204842234, -1.2542779285907633, -1.2543059825482854, -1.2543336868628134, -1.2543610459825567, -1.2543880642986678, -1.2544147461459334, -1.2544410958035332, -1.2544671174957296, -1.2544928153925707, -1.2545181936105856, -1.2545432562134842, -1.2545680072128187, -1.2545924505686372, -1.2546165901901791, -1.2546404299365075, -1.2546639736171348, -1.2546872249926846, -1.2547101877755116, -1.2547328656303098, -1.2547552621747393, -1.2547773809800116, -1.2547992255714955, -1.2548207994293201, -1.2548421059889323, -1.2548631486416577, -1.2548839307353303, -1.2549044555747653, -1.2549247264223897, -1.2549447464987369, -1.2549645189829945, -1.254984047013552, -1.2550033336885198, -1.2550223820662196, -1.2550411951657456, -1.2550597759674211, -1.2550781274133236, -1.255096252407783, -1.2551141538178325, -1.255131834473734, -1.2551492971694134, -1.2551665446629523, -1.255183579677026]}