{"FCI": -1.2726205517125175, "Energy": -1.2603678934835587, "Loss": [-1.2461741961741353, -1.2475758672523736, -1.2488805392468763, -1.250145128736583, -1.2513131020982176, -1.2524036614435237, -1.253437314173002, -1.2543872429241345, -1.2552434164823487, -1.2560257865743147, -1.256743856711072, -1.257386493422905, -1.2579471465192318, -1.2584351859461695, -1.2588624800823875, -1.2592299165238476, -1.2595335318378862, -1.259776131545689, -1.2599683666188983, -1.260118705285917, -1.2602287509789447, -1.260299624086835, -1.2603379759070636, -1.2603532910272768, -1.2603512920271476, -1.2603337405727597, -1.260303617703769, -1.2602672457521096, -1.2602303709501523, -1.2601948593669172, -1.2601610689639249, -1.2601312658699908, -1.2601086263187997, -1.2600940152253013, -1.2600861546531703, -1.260084475499415, -1.2600897036496992, -1.2601016244126721, -1.2601183490342907, -1.260138222576952, -1.2601608227824055, -1.2601855851446693, -1.260210912936318, -1.260235355626858, -1.260258519468621, -1.2602801712721425, -1.2602994675993406, -1.2603157232758662, -1.2603290716297098, -1.2603397864235055, -1.260347715833232, -1.2603528601005562, -1.2603557731225776, -1.260356981091581, -1.260356646662704, -1.2603550633222693, -1.2603528326030276, -1.2603503659159667, -1.2603477810306898, -1.260345326029266, -1.2603433640539692, -1.2603419958543602, -1.2603411582738457, -1.2603409317467562, -1.2603413841133617, -1.260342363955929, -1.2603437170936467, -1.2603454198414017, -1.2603473718689386, -1.2603493742711822, -1.260351333948045, -1.26035322189255, -1.2603549277920232, -1.2603563628303736, -1.2603575438951993, -1.2603584711957743, -1.2603591111472245, -1.2603595018091762, -1.260359708112635, -1.2603597481541646, -1.2603596596069775, -1.260359514947853, -1.2603593492698293, -1.2603591824946125, -1.2603590597474286, -1.260359004096551, -1.260359011724999, -1.2603590940235168, -1.2603592542314423, -1.2603594714359927, -1.2603597351127007, -1.2603600370998662, -1.2603603529715006, -1.2603606675234906, -1.2603609742273485, -1.2603612569629798, -1.260361507633947, -1.260361728289866, -1.2603619143819182, -1.260362066764993, -1.2603621944710275, -1.2603623003309647, -1.2603623896018645, -1.2603624725493596, -1.260362552866949, -1.2603626345859198, -1.2603627241757116, -1.2603628219383811, -1.2603629281607625, -1.2603630444244456, -1.2603631676581553, -1.2603632956560515, -1.2603634272400557, -1.2603635584523083, -1.2603636872053077, -1.2603638122550191, -1.2603639311284203, -1.2603640435909735, -1.2603641496994882, -1.2603642491226088, -1.2603643432609652, -1.2603644330156298, -1.2603645192490536, -1.2603646036420293, -1.260364686875904, -1.2603647697851832, -1.2603648531856695, -1.260364936959822, -1.2603650213138322, -1.260365106012888, -1.2603651904461846, -1.2603652743944556, -1.260365357185808, -1.2603654383589982, -1.2603655176858095, -1.2603655947254482, -1.2603656694960674, -1.260365741979294, -1.2603658122053125, -1.2603658804780824, -1.260365946904256, -1.26036601175443, -1.260366075248181, -1.2603661374756772, -1.2603661986131618, -1.2603662586434408, -1.2603663175739628, -1.260366375365299, -1.2603664319026662, -1.2603664871432545, -1.2603665409720628, -1.260366593347096, -1.2603666442345693, -1.2603666936178832, -1.2603667415473117, -1.2603667880483542, -1.260366833205661, -1.2603668770805445, -1.2603669197451035, -1.2603669612703081, -1.2603670016921518, -1.2603670410596968, -1.260367079378572, -1.2603671166648334, -1.260367152913515, -1.260367188117344, -1.260367222276448, -1.2603672553819196, -1.26036728744741, -1.2603673184789335, -1.2603673485019515, -1.260367377539641, -1.260367405622954, -1.2603674327844352, -1.2603674590529927, -1.2603674844599186, -1.2603675090272977, -1.2603675327795483, -1.260367555732124, -1.2603675779029762, -1.260367599304696, -1.2603676199528147, -1.2603676398616384, -1.2603676590481512, -1.2603676775307802, -1.2603676953291902, -1.260367712465188, -1.260367728959744, -1.2603677448353658, -1.260367760111989, -1.2603677748101607, -1.2603677889472449, -1.2603678025408462, -1.2603678156058753, -1.260367828157659, -1.2603678402099485, -1.2603678517772947, -1.260367862873572, -1.2603678735135975, -1.26036788371187]}