{"FCI": -1.180735010486406, "Energy": -1.1606072741948619, "Loss": [-1.1305465531419308, -1.1351614825030045, -1.1380039605879566, -1.1403707427752856, -1.1422703862630865, -1.1440056691490192, -1.1454530773475549, -1.146734441127732, -1.1478894752711066, -1.1489402468236378, -1.1499023038521847, -1.1507872953019742, -1.1516043174661394, -1.1523606152050796, -1.1530620951960913, -1.153713636557519, -1.1543193289784324, -1.1548826260162195, -1.1554064174616958, -1.1558930346704794, -1.1563437273427155, -1.1567572239819957, -1.1571270991485727, -1.1574548076909352, -1.1577390119534168, -1.1580813850852485, -1.1583960300844867, -1.1586668142188024, -1.158904534300348, -1.159117827607994, -1.1593096131542924, -1.159481906076058, -1.1596358949104273, -1.1597727123022743, -1.15989294807606, -1.159996880652601, -1.1600836009587474, -1.1601535917387318, -1.1602110514895765, -1.1602705080993307, -1.160331785105586, -1.16038886184196, -1.1604351384127571, -1.1604721104945805, -1.1605012547440934, -1.1605244215017216, -1.160542559288245, -1.1605564863170585, -1.1605665242969792, -1.1605730061569297, -1.1605761476070147, -1.16057709453847, -1.1605776955030895, -1.1605804237770607, -1.160585593948462, -1.1605920455516776, -1.1605980712157697, -1.1606028904001153, -1.1606063710910854, -1.1606086326046132, -1.1606098772502043, -1.1606101807957887, -1.160609660475158, -1.1606083837282433, -1.1606066630885405, -1.160604937856883, -1.1606039059382274, -1.1606039803250319, -1.1606052516180385, -1.1606072444041844, -1.1606094675702994, -1.1606114264749428, -1.1606129294831586, -1.160613838811858, -1.1606141882126646, -1.1606139798277366, -1.1606133299239172, -1.1606123406528444, -1.1606112507165476, -1.1606102753523977, -1.1606096844695173, -1.1606095649428683, -1.1606099301360984, -1.160610576923493, -1.1606113324086678, -1.160611951653272, -1.1606123304495213, -1.1606123387379867, -1.1606119860767339, -1.1606112385903966, -1.1606102032240346, -1.1606089270393587, -1.160607623789883, -1.1606063914586284, -1.16060549538255, -1.160604954092502, -1.1606049322482965, -1.1606052401745985, -1.1606058874818872, -1.1606065618815113, -1.1606072545312338, -1.1606077058893487, -1.1606079941344454, -1.160607964346597, -1.1606077848332426, -1.1606073780303248, -1.1606069745789807, -1.1606065241981818, -1.1606062643721202, -1.160606097985145, -1.1606061977308333, -1.1606063771417723, -1.160606735259846, -1.160607041693175, -1.1606073825207115, -1.16060755412493, -1.1606076793275817, -1.1606076075567946, -1.160607507262434, -1.1606072676587922, -1.1606070852481483, -1.1606068557412008, -1.1606067699710303, -1.160606693787209, -1.1606067837426586, -1.1606068652740211, -1.1606070639803896, -1.1606071893022258, -1.160607363594391, -1.1606074111117224, -1.1606074732861285, -1.1606074009637866, -1.1606073585152261, -1.1606072151350615, -1.160607146859122, -1.1606070224473843, -1.1606070118786342, -1.1606069671549462, -1.1606070410871907, -1.160607067376179, -1.160607185713628, -1.1606072242240093, -1.1606073226799534, -1.1606073175680056, -1.160607358801792, -1.1606072959691032, -1.1606072900943527, -1.1606071986622135, -1.1606071871644676, -1.1606071111989018, -1.1606071320512827, -1.1606070964354647, -1.1606071572654233, -1.1606071530034399, -1.1606072310843016, -1.1606072282631015, -1.160607292890726, -1.1606072663547269, -1.160607302368329, -1.1606072486120804, -1.1606072640394232, -1.1606071995015377, -1.1606072155142773, -1.1606071612359858, -1.1606071946649288, -1.1606071603798997, -1.1606072123960056, -1.1606071915947587, -1.1606072497989384, -1.1606072275159076, -1.160607277472157, -1.1606072426516651, -1.1606072785886106, -1.1606072311934648, -1.1606072584350573, -1.160607207372202, -1.160607236459353, -1.1606071915610294, -1.1606072297508931, -1.160607194561027, -1.1606072412321566, -1.1606072116414523, -1.1606072602308577, -1.160607228884957, -1.160607272730307, -1.160607234914326, -1.160607272030461, -1.1606072285249458, -1.160607262125286, -1.1606072176056639, -1.1606072528273839, -1.1606072117918116, -1.1606072516612538, -1.1606072152443008, -1.1606072589070213, -1.1606072247029682, -1.1606072687730182, -1.1606072332334105, -1.160607274699833, -1.1606072358888255]}