{"FCI": -1.2430558295908476, "Energy": -1.2255261080221451, "Loss": [-1.2060177884267274, -1.2074586908695255, -1.2084007794385587, -1.2091950344107072, -1.2098225924187191, -1.21040304548461, -1.2109060054951732, -1.211360918996914, -1.2117780996426064, -1.2121641983812934, -1.2125240755327082, -1.2128614485535043, -1.2131792386037572, -1.213479791199717, -1.2137650233366737, -1.2140365256850916, -1.2142956354484975, -1.2145434896093563, -1.21478106464279, -1.2150092066836022, -1.2152286548102478, -1.2154400592728105, -1.2156439959423455, -1.2158409778903791, -1.2160314647553059, -1.2162158703763655, -1.2163945690518427, -1.2165679006899923, -1.2167361750592358, -1.2168996753011398, -1.2170586608410585, -1.2172133698122636, -1.2173640210963999, -1.2175108160714228, -1.217653940145883, -1.2177935641430524, -1.217929845580651, -1.218062929873769, -1.218192951472591, -1.2183200349346537, -1.218444295924962, -1.2185658421356853, -1.2186847741190727, -1.2188011860309462, -1.218915166286322, -1.2190267981320508, -1.2191361601438824, -1.2192433266565743, -1.2193483681358643, -1.2194513515009924, -1.2195523404053803, -1.2196513954823838, -1.219748574561749, -1.2198439328616795, -1.2199375231604772, -1.2200293959508415, -1.2201195995796632, -1.2202081803751748, -1.2202951827633801, -1.2203806493750409, -1.2204646211444015, -1.220547137400645, -1.2206282359527172, -1.2207079531683855, -1.2207863240479544, -1.220863382293122, -1.2209391603714927, -1.2210136895769992, -1.221087000086666, -1.2211591210138717, -1.2212300804585459, -1.2212999055542921, -1.2213686225128901, -1.2214362566662458, -1.2215028325059087, -1.2215683737204637, -1.2216329032308146, -1.2216964432235429, -1.2217590151825468, -1.2218206399188378, -1.2218813375989215, -1.2219411277715888, -1.2220000293933955, -1.2220580608527507, -1.222115239992859, -1.2221715841334762, -1.2222271100915691, -1.2222818342009976, -1.2223357723311727, -1.222388939904895, -1.2224413519152524, -1.2224930229417763, -1.2225439671657947, -1.2225941983851225, -1.2226437300280177, -1.2226925751665205, -1.2227407465292157, -1.2227882565133572, -1.2228351171965264, -1.2228813403477274, -1.2229269374379905, -1.2229719196505748, -1.2230162978906651, -1.2230600827946743, -1.2231032847391992, -1.2231459138495338, -1.2231879800078664, -1.223229492861134, -1.2232704618285624, -1.223310896108886, -1.223350804687286, -1.2233901963420555, -1.223429079650993, -1.2234674629975564, -1.223505354576774, -1.223542762400927, -1.2235796943049988, -1.2236161579519624, -1.2236521608378266, -1.2236877102965082, -1.2237228135045068, -1.223757477485464, -1.223791709114494, -1.2238255151223731, -1.2238589020996167, -1.2238918765003586, -1.223924444646108, -1.2239566127294332, -1.2239883868174095, -1.2240197728550486, -1.2240507766685331, -1.2240814039684182, -1.2241116603526507, -1.2241415513095228, -1.224171082220545, -1.2242002583631981, -1.2242290849135642, -1.224257566948966, -1.2242857094504254, -1.2243135173050808, -1.2243409953085538, -1.2243681481671864, -1.2243949805002483, -1.224421496842072, -1.2244477016440862, -1.2244735992768454, -1.2244991940319392, -1.2245244901238836, -1.2245494916919308, -1.224574202801854, -1.2245986274476353, -1.2246227695531402, -1.2246466329737364, -1.2246702214978509, -1.2246935388484914, -1.2247165886847267, -1.2247393746031183, -1.2247619001391161, -1.22478416876842, -1.2248061839082667, -1.224827948918745, -1.2248494671040338, -1.224870741713576, -1.224891775943307, -1.2249125729367485, -1.2249331357861553, -1.2249534675335847, -1.2249735711719751, -1.2249934496461197, -1.2250131058537141, -1.2250325426462965, -1.2250517628302353, -1.2250707691675857, -1.2250895643770716, -1.2251081511348803, -1.225126532075568, -1.225144709792881, -1.2251626868405412, -1.22518046573307, -1.2251980489465453, -1.2252154389193297, -1.2252326380528487, -1.2252496487122666, -1.225266473227189, -1.2252831138923688, -1.2252995729683356, -1.2253158526820704, -1.2253319552276187, -1.2253478827667132, -1.2253636374293893, -1.2253792213145507, -1.2253946364905548, -1.2254098849957793, -1.225424968839162, -1.2254398900007395, -1.2254546504321775, -1.225469252057257, -1.2254836967724008, -1.2254979864471625, -1.2255121229246733]}