{"FCI": -1.2586030452500145, "Energy": -1.2472835820078734, "Loss": [-1.234474212327036, -1.2389954276444186, -1.241911440601831, -1.2437894706301547, -1.2449985109488522, -1.245777248534095, -1.2462795238754103, -1.246604265045035, -1.2468149981189258, -1.246952481776104, -1.247042855673559, -1.2471028817685865, -1.2471433100755427, -1.2471710377066738, -1.2471904929047253, -1.2472045218950258, -1.2472149570191644, -1.2472229806474582, -1.2472293582723504, -1.247234587816627, -1.2472389952846983, -1.247242796052821, -1.247246134154566, -1.2472491074737981, -1.247251783911537, -1.2472542117708478, -1.2472564264369335, -1.2472584546828234, -1.247260317452468, -1.247262031666952, -1.247263611403298, -1.247265068669809, -1.2472664139215186, -1.2472676564077545, -1.2472688044108085, -1.247269865413739, -1.2472708462215394, -1.247271753051459, -1.247272591602577, -1.2472733671111933, -1.2472740843963226, -1.2472747478980268, -1.247275361710544, -1.2472759296113662, -1.2472764550871274, -1.247276941356932, -1.2472773913934683, -1.2472778079422984, -1.2472781935394681, -1.2472785505276978, -1.2472788810712845, -1.247279187169747, -1.2472794706705, -1.2472797332804637, -1.2472799765768217, -1.247280202016913, -1.2472804109473994, -1.247280604612691, -1.2472807841627762, -1.2472809506603835, -1.247281105087668, -1.2472812483523228, -1.2472813812932655, -1.247281504685875, -1.2472816192468363, -1.2472817256385933, -1.2472818244734745, -1.247281916317534, -1.2472820016940211, -1.2472820810866867, -1.247282154942751, -1.2472822236756884, -1.2472822876677814, -1.2472823472725132, -1.2472824028167326, -1.2472824546026677, -1.2472825029098136, -1.2472825479966423, -1.247282590102197, -1.2472826294475639, -1.2472826662372356, -1.2472827006603588, -1.2472827328919076, -1.2472827630937369, -1.2472827914155842, -1.247282817995988, -1.2472828429631313, -1.2472828664356035, -1.2472828885231635, -1.2472829093273659, -1.2472829289421936, -1.2472829474546354, -1.247282964945216, -1.2472829814884467, -1.247282997153318, -1.2472830120036988, -1.2472830260987138, -1.2472830394931143, -1.2472830522375749, -1.2472830643790593, -1.2472830759610296, -1.247283087023736, -1.2472830976044926, -1.2472831077378232, -1.2472831174557377, -1.247283126787868, -1.2472831357617002, -1.2472831444026733, -1.247283152734374, -1.2472831607786616, -1.2472831685557892, -1.247283176084542, -1.2472831833823241, -1.2472831904652713, -1.247283197348343, -1.2472832040454236, -1.2472832105693674, -1.2472832169321122, -1.247283223144729, -1.2472832292174758, -1.2472832351598835, -1.2472832409807832, -1.2472832466883825, -1.247283252290281, -1.2472832577935482, -1.2472832632047337, -1.2472832685299284, -1.2472832737747717, -1.2472832789445238, -1.247283284044045, -1.2472832890778636, -1.24728329405018, -1.2472832989648968, -1.247283303825644, -1.247283308635788, -1.247283313398456, -1.2472833181165732, -1.247283322792829, -1.24728332742974, -1.2472833320296586, -1.2472833365947498, -1.2472833411270314, -1.2472833456283938, -1.2472833501005804, -1.2472833545452162, -1.2472833589638281, -1.2472833633578133, -1.2472833677284934, -1.24728337207709, -1.2472833764047302, -1.2472833807124917, -1.24728338500134, -1.2472833892722106, -1.2472833935259615, -1.2472833977633768, -1.2472834019852088, -1.247283406192154, -1.2472834103848527, -1.247283414563913, -1.2472834187298911, -1.247283422883314, -1.2472834270246687, -1.2472834311544267, -1.2472834352730022, -1.247283439380787, -1.2472834434781603, -1.2472834475654722, -1.2472834516430442, -1.2472834557111774, -1.2472834597701608, -1.2472834638202515, -1.2472834678617093, -1.2472834718947494, -1.2472834759195979, -1.2472834799364647, -1.2472834839455196, -1.2472834879469605, -1.2472834919409395, -1.2472834959276258, -1.247283499907152, -1.2472835038796644, -1.2472835078452913, -1.2472835118041492, -1.2472835157563509, -1.2472835197020058, -1.2472835236412094, -1.2472835275740697, -1.247283531500654, -1.2472835354210565, -1.2472835393353519, -1.2472835432436153, -1.2472835471459158, -1.2472835510423181, -1.2472835549328887, -1.2472835588176736, -1.2472835626967282, -1.2472835665701192, -1.247283570437885, -1.2472835743000703, -1.2472835781567182]}