{"FCI": -1.2337193055590183, "Energy": -1.2136105564120272, "Loss": [-1.1947762415197896, -1.194993110893993, -1.1952078264590476, -1.1954204090868958, -1.1956308794643995, -1.1958392580946084, -1.1960455652979645, -1.1962498212135746, -1.1964520458004357, -1.1966522588386792, -1.1968504799308204, -1.1970467285029887, -1.1972410238061841, -1.19743338491749, -1.1976238307413414, -1.1978123800107499, -1.197999051288531, -1.1981838629685564, -1.1983668332769832, -1.198547980273456, -1.1987273218523768, -1.1989048757441148, -1.1990806595162138, -1.19925469057463, -1.199426986164957, -1.1995975633736085, -1.1997664391290697, -1.1999336302030732, -1.2000991532118244, -1.2002630246171886, -1.200425260727892, -1.2005858777007252, -1.2007448915417087, -1.200902318107313, -1.2010581731056023, -1.2012124720974287, -1.2013652304976161, -1.2015164635761044, -1.201666186459118, -1.2018144141303368, -1.2019611614320365, -1.202106443066233, -1.2022502735958536, -1.2023926674458185, -1.202533638904233, -1.2026732021234974, -1.2028113711213968, -1.2029481597822593, -1.203083581858034, -1.2032176509694237, -1.2033503806069759, -1.2034817841321652, -1.2036118747784927, -1.2037406656525624, -1.2038681697351552, -1.2039943998823226, -1.2041193688264205, -1.2042430891771825, -1.2043655734227727, -1.2044868339308328, -1.20460688294951, -1.204725732608521, -1.204843394920147, -1.2049598817802616, -1.2050752049693774, -1.205189376153613, -1.205302406885725, -1.2054143086060916, -1.2055250926437038, -1.2056347702171673, -1.2057433524356496, -1.2058508502998762, -1.2059572747030727, -1.2060626364319655, -1.2061669461676785, -1.2062702144867221, -1.2063724518619188, -1.2064736686633222, -1.2065738751591715, -1.2066730815167839, -1.2067712978034832, -1.2068685339875154, -1.2069647999389248, -1.2070601054304748, -1.2071544601385151, -1.207247873643869, -1.2073403554327244, -1.2074319148974815, -1.207522561337621, -1.207612303960572, -1.2077011518825411, -1.2077891141293737, -1.207876199637389, -1.207962417254196, -1.2080477757395318, -1.2081322837660782, -1.208215949920264, -1.2082987827030889, -1.2083807905309047, -1.2084619817362063, -1.2085423645684426, -1.20862194719477, -1.2087007377008498, -1.20877874409159, -1.208855974291937, -1.208932436147612, -1.2090081374258557, -1.20908308581621, -1.209157288931194, -1.2092307543071028, -1.2093034894046772, -1.2093755016098595, -1.2094467982344992, -1.2095173865170448, -1.2095872736232771, -1.2096564666469718, -1.2097249726106107, -1.2097927984660672, -1.2098599510952739, -1.209926437310901, -1.2099922638570393, -1.2100574374098214, -1.210121964578134, -1.2101858519042263, -1.2102491058643547, -1.2103117328694608, -1.2103737392657659, -1.2104351313354142, -1.2104959152971024, -1.2105560973066904, -1.210615683457804, -1.210674679782473, -1.2107330922516888, -1.2107909267760426, -1.2108481892062806, -1.2109048853339353, -1.2109610208918469, -1.2110166015547925, -1.2110716329400275, -1.2111261206078503, -1.2111800700621793, -1.2112334867511112, -1.2112863760674357, -1.211338743349211, -1.211390593880311, -1.2114419328909292, -1.2114927655581427, -1.2115430970064167, -1.2115929323081247, -1.2116422764840908, -1.2116911345040635, -1.2117395112872533, -1.211787411702816, -1.211834840570365, -1.2118818026604528, -1.2119283026950571, -1.2119743453480907, -1.2120199352458387, -1.2120650769674692, -1.21210977504549, -1.2121540339662173, -1.2121978581702284, -1.2122412520528374, -1.2122842199645305, -1.212326766211428, -1.212368895055719, -1.2124106107161126, -1.2124519173682664, -1.2124928191452102, -1.2125333201378072, -1.2125734243951447, -1.2126131359249612, -1.2126524586940663, -1.2126913966287631, -1.2127299536152547, -1.2127681335000122, -1.2128059400902291, -1.2128433771541893, -1.2128804484216524, -1.2129171575842659, -1.212953508295932, -1.2129895041732066, -1.2130251487956532, -1.2130604457062397, -1.2130953984116997, -1.2131300103828961, -1.2131642850551976, -1.2131982258288214, -1.2132318360692025, -1.2132651191073434, -1.2132980782401641, -1.2133307167308518, -1.2133630378091889, -1.213395044671911, -1.2134267404830417, -1.2134581283742045, -1.2134892114449807, -1.213519992763221, -1.2135504753653652, -1.2135806622567717]}