{"FCI": -1.0460431288342917, "Energy": -1.0189653546137718, "Loss": [-0.9501534970498193, -0.9569863940376613, -0.963135839341231, -0.9686542266082742, -0.9735938488843099, -0.9780058271618561, -0.981939301642414, -0.9854408550509441, -0.9885541335601977, -0.9913196304602617, -0.9937745995747729, -0.9959530686802667, -0.9978859271306664, -0.9996010660229635, -1.0011235532256035, -1.00247582922744, -1.0036779129501454, -1.0047476093673682, -1.0057007130029778, -1.0065512031770842, -1.0073114282840232, -1.0079922774783792, -1.0086033389678593, -1.0091530447167087, -1.0096488017942697, -1.0100971108986483, -1.0105036727765446, -1.0108734833728872, -1.0112109185982223, -1.0115198096144828, -1.0118035095230158, -1.0120649523020553, -1.012306704791836, -1.0125310124692266, -1.0127398396941, -1.012934905049547, -1.0131177123391981, -1.013289577748892, -1.0134516536269946, -1.013604949288912, -1.013750349206462, -1.0138886289017641, -1.014020468828773, -1.0141464664918025, -1.0142671470213145, -1.014382972400351, -1.014494349511586, -1.0146016371541375, -1.0147051521609027, -1.0148051747308426, -1.0149019530762833, -1.0149957074730016, -1.015086633789355, -1.015174906561501, -1.0152606816728746, -1.0153440986889612, -1.0154252828916375, -1.0155043470518899, -1.0155813929746371, -1.0156565128450143, -1.0157297904018638, -1.015801301960641, -1.0158711173052701, -1.0159393004658432, -1.0160059103969779, -1.016071001569557, -1.016134624487189, -1.016196826137009, -1.0162576503833598, -1.0163171383116658, -1.0163753285290702, -1.016432257427195, -1.0164879594121474, -1.0165424671058003, -1.0165958115221658, -1.0166480222220216, -1.0166991274485702, -1.016749154246615, -1.0167981285673409, -1.0168460753605058, -1.0168930186557252, -1.0169389816342165, -1.016983986692147, -1.017028055496815, -1.017071209036376, -1.0171134676640958, -1.0171548511377382, -1.0171953786547048, -1.0172350688834741, -1.017273939991822, -1.0173120096721844, -1.0173492951645071, -1.0173858132769817, -1.017421580404802, -1.0174566125472644, -1.017490925323405, -1.0175245339863035, -1.0175574534362586, -1.0175896982329522, -1.0176212826066935, -1.0176522204689142, -1.0176825254219242, -1.0177122107680439, -1.0177412895181932, -1.0177697743999927, -1.0177976778653863, -1.017825012097899, -1.0178517890195127, -1.0178780202972308, -1.0179037173493568, -1.017928891351487, -1.0179535532422543, -1.0179777137289003, -1.0180013832925934, -1.0180245721935772, -1.0180472904761417, -1.0180695479734585, -1.0180913543122403, -1.0181127189172514, -1.0181336510157393, -1.0181541596416948, -1.0181742536399858, -1.0181939416704773, -1.018213232211913, -1.0182321335658044, -1.0182506538601688, -1.0182688010532044, -1.0182865829368692, -1.018304007140386, -1.0183210811336396, -1.018337812230536, -1.0183542075922656, -1.0183702742304952, -1.0183860190105027, -1.0184014486542106, -1.0184165697432153, -1.0184313887216763, -1.0184459118992124, -1.0184601454536963, -1.0184740954339997, -1.0184877677626836, -1.0185011682386318, -1.018514302539626, -1.01852717622489, -1.0185397947375239, -1.018552163406959, -1.0185642874513223, -1.018576171979738, -1.018587821994636, -1.0185992423939385, -1.0186104379732788, -1.0186214134281033, -1.018632173355803, -1.01864272225771, -1.018653064541158, -1.0186632045214141, -1.0186731464236058, -1.0186828943846151, -1.018692452454925, -1.0187018246004067, -1.0187110147041254, -1.0187200265680354, -1.0187288639147012, -1.0187375303889543, -1.0187460295595157, -1.018754364920605, -1.0187625398934674, -1.0187705578279536, -1.0187784220039624, -1.0187861356329406, -1.0187937018593174, -1.0188011237618917, -1.0188084043552097, -1.0188155465909339, -1.018822553359139, -1.0188294274896084, -1.0188361717531023, -1.0188427888626075, -1.0188492814745165, -1.0188556521898544, -1.0188619035554107, -1.0188680380648845, -1.0188740581600082, -1.0188799662316226, -1.0188857646207696, -1.0188914556196973, -1.0188970414729235, -1.018902524378214, -1.0189079064875683, -1.0189131899081876, -1.0189183767034031, -1.0189234688936062, -1.0189284684571285, -1.0189333773311657, -1.0189381974125966, -1.0189429305588569, -1.018947578588749, -1.0189521432832684, -1.018956626386372, -1.0189610296057972]}