{"FCI": -1.116298042885828, "Energy": -1.0781725943151539, "Loss": [-1.0487596745587393, -1.0490133888887119, -1.0492655940461593, -1.0495162981019437, -1.0497655090985503, -1.050013235049983, -1.0502594839416495, -1.0505042637302433, -1.0507475823436787, -1.0509894476809531, -1.0512298676120826, -1.0514688499779996, -1.0517064025904583, -1.0519425332319825, -1.052177249655738, -1.0524105595855018, -1.0526424707155715, -1.0528729907106826, -1.0531021272059558, -1.0533298878068362, -1.0535562800890248, -1.0537813115984338, -1.054004989851111, -1.0542273223332006, -1.0544483165009226, -1.0546679797804608, -1.0548863195679945, -1.0551033432296033, -1.0553190581012757, -1.0555334714888287, -1.0557465906679204, -1.0559584228839822, -1.0561689753522345, -1.0563782552576322, -1.0565862697548472, -1.0567930259682838, -1.0569985309919974, -1.0572027918897575, -1.0574058156949881, -1.0576076094107685, -1.0578081800098416, -1.0580075344345943, -1.0582056795970711, -1.058402622378957, -1.058598369631605, -1.0587929281760176, -1.0589863048028711, -1.059178506272528, -1.0593695393150198, -1.059559410630108, -1.0597481268872624, -1.0599356947256877, -1.0601221207543592, -1.0603074115520283, -1.060491573667246, -1.0606746136184058, -1.0608565378937476, -1.0610373529514123, -1.0612170652194557, -1.0613956810958776, -1.061573206948678, -1.0617496491158804, -1.0619250139055463, -1.0620993075958738, -1.062272536435182, -1.0624447066419753, -1.0626158244049964, -1.0627858958832614, -1.0629549272061019, -1.0631229244732348, -1.0632898937547828, -1.06345584109136, -1.0636207724940918, -1.0637846939446867, -1.0639476113955109, -1.0641095307695874, -1.0642704579607245, -1.0644303988335277, -1.0645893592234799, -1.0647473449369782, -1.0649043617514593, -1.0650604154153724, -1.065215511648328, -1.065369656141113, -1.0655228545557902, -1.0656751125257364, -1.0658264356557363, -1.065976829522042, -1.0661262996724548, -1.066274851626371, -1.0664224908748996, -1.0665692228808892, -1.0667150530790441, -1.0668599868759685, -1.0670040296502714, -1.0671471867526243, -1.0672894635058363, -1.067430865204963, -1.0675713971173477, -1.067711064482745, -1.0678498725133714, -1.0679878263939857, -1.0681249312819945, -1.0682611923075276, -1.0683966145735144, -1.068531203155778, -1.0686649631031147, -1.068797899437399, -1.0689300171536287, -1.0690613212200628, -1.0691918165782888, -1.0693215081432936, -1.0694504008035781, -1.0695784994212314, -1.069705808832047, -1.0698323338455735, -1.06995807924524, -1.0700830497884266, -1.070207250206573, -1.0703306852052623, -1.0704533594643115, -1.070575277637869, -1.0706964443545153, -1.070816864217347, -1.070936541804067, -1.0710554816670936, -1.0711736883336633, -1.0712911663058753, -1.0714079200608724, -1.0715239540508545, -1.0716392727032238, -1.0717538804206606, -1.0718677815812365, -1.0719809805384994, -1.0720934816215648, -1.0722052891352385, -1.0723164073600917, -1.0724268405525579, -1.0725365929450545, -1.0726456687460508, -1.072754072140201, -1.0728618072883997, -1.0729688783279212, -1.0730752893725053, -1.073181044512436, -1.0732861478146714, -1.0733906033229221, -1.0734944150577674, -1.0735975870167378, -1.0737001231744208, -1.0738020274825661, -1.0739033038701777, -1.0740039562436126, -1.0741039884866987, -1.0742034044608113, -1.0743022080049773, -1.074400402935987, -1.074497993048483, -1.0745949821150609, -1.074691373886388, -1.0747871720912543, -1.074882380436739, -1.0749770026082506, -1.0750710422696648, -1.0751645030634092, -1.0752573886105603, -1.0753497025109489, -1.0754414483432493, -1.0755326296650973, -1.0756232500131848, -1.0757133129033307, -1.0758028218306173, -1.0758917802694665, -1.0759801916737608, -1.0760680594769019, -1.0761553870919602, -1.0762421779117206, -1.0763284353088287, -1.076414162635854, -1.076499363225409, -1.076584040390233, -1.0766681974233019, -1.076751837597912, -1.0768349641677886, -1.0769175803671809, -1.0769996894109493, -1.0770812944946797, -1.0771623987947696, -1.077243005468517, -1.077323117654223, -1.077402738471307, -1.0774818710203649, -1.0775605183832966, -1.0776386836233798, -1.0777163697853789, -1.0777935798956462, -1.0778703169621784, -1.0779465839747782, -1.0780223839050693, -1.078097719706646]}