{"FCI": -1.180735010486406, "Energy": -1.1606340695407038, "Loss": [-1.1305465531419308, -1.1307776913711725, -1.1312134415750787, -1.1318271705267933, -1.1325927565271856, -1.1334850616542722, -1.1344802822439153, -1.1355561983767406, -1.1366923399796156, -1.1378700844686624, -1.139072698600885, -1.1402853353003064, -1.141494994623203, -1.1426904566733778, -1.1438621931272364, -1.145002263042701, -1.1461041977747326, -1.1471628790789221, -1.148174413835201, -1.1491360082501254, -1.1500458438883876, -1.150902957433689, -1.1517071256789264, -1.1524587568922309, -1.1531587893935733, -1.1538085979048986, -1.1544099080010777, -1.154964718787761, -1.1554752337629413, -1.1559437996790238, -1.1563728531092872, -1.1567648743347223, -1.1571223481008082, -1.1574477307477202, -1.1577434231882, -1.158011749193168, -1.1582549384434182, -1.1584751138146578, -1.1586742823802956, -1.158854329640445, -1.159017016514366, -1.1591639786661436, -1.1592967277680615, -1.1594166543420488, -1.1595250318557317, -1.1596230217853998, -1.1597116793925464, -1.1597919599939543, -1.1598647255361256, -1.1599307513138248, -1.1599907326992012, -1.1600452917719146, -1.1600949837625405, -1.1601403032408126, -1.1601816899973185, -1.160219534581959, -1.1602541834752678, -1.160285943879532, -1.1603150881254247, -1.1603418576976048, -1.1603664668883422, -1.160389106093095, -1.1604099447654914, -1.1604291340515307, -1.1604468091247804, -1.1604630912450837, -1.1604780895638576, -1.1604919026988156, -1.1605046201005766, -1.1605163232326596, -1.1605270865854762, -1.1605369785435609, -1.1605460621240606, -1.160554395603035, -1.1605620330447155, -1.1605690247474536, -1.1605754176186505, -1.1605812554897348, -1.1605865793807388, -1.1605914277231693, -1.160595836548389, -1.1605998396479766, -1.1606034687115205, -1.1606067534462792, -1.1606097216827285, -1.1606123994690722, -1.160614811157284, -1.1606169794827506, -1.160618925639236, -1.1606206693502454, -1.160622228937929, -1.16062362139003, -1.1606248624254027, -1.1606259665584395, -1.1606269471624366, -1.160627816532027, -1.1606285859446177, -1.160629265720718, -1.160629865283057, -1.1606303932142805, -1.160630857313187, -1.1606312646491515, -1.1606316216147863, -1.1606319339765352, -1.1606322069232118, -1.1606324451122785, -1.160632652713868, -1.1606328334524432, -1.1606329906461053, -1.1606331272435026, -1.1606332458583606, -1.160633348801738, -1.1606334381118928, -1.1606335155819902, -1.160633582785636, -1.16063364110031, -1.1606336917288393, -1.1606337357189926, -1.160633773981264, -1.1606338073050222, -1.1606338363730186, -1.1606338617745426, -1.1606338840170902, -1.160633903536898, -1.1606339207082355, -1.1606339358516966, -1.1606339492415096, -1.160633961111965, -1.1606339716630898, -1.1606339810655386, -1.1606339894649413, -1.160633996985613, -1.1606340037337621, -1.1606340098002959, -1.1606340152631676, -1.1606340201894336, -1.160634024636964, -1.1606340286559114, -1.1606340322899422, -1.1606340355772684, -1.160634038551523, -1.160634041242476, -1.1606340436766107, -1.1606340458776525, -1.160634047866955, -1.1606340496638397, -1.1606340512858497, -1.1606340527489984, -1.1606340540679425, -1.1606340552561234, -1.1606340563258997, -1.1606340572886245, -1.1606340581547718, -1.1606340589339712, -1.1606340596350777, -1.1606340602662244, -1.1606340608348866, -1.160634061347887, -1.1606340618114812, -1.16063406223135, -1.1606340626126668, -1.1606340629600982, -1.160634063277882, -1.1606340635698087, -1.1606340638392787, -1.160634064089328, -1.1606340643226445, -1.1606340645416227, -1.1606340647483602, -1.1606340649446867, -1.1606340651321982, -1.160634065312289, -1.160634065486148, -1.160634065654784, -1.160634065819076, -1.1606340659797405, -1.1606340661373877, -1.1606340662925203, -1.1606340664455514, -1.160634066596807, -1.1606340667465527, -1.1606340668949868, -1.1606340670422817, -1.160634067188543, -1.160634067333858, -1.1606340674782838, -1.1606340676218467, -1.1606340677645792, -1.1606340679064833, -1.1606340680475515, -1.1606340681877831, -1.1606340683271479, -1.1606340684656458, -1.1606340686032552, -1.1606340687399617, -1.1606340688757568, -1.1606340690106225, -1.1606340691445505, -1.1606340692775425, -1.1606340694095922]}