{"FCI": -0.8715876712615876, "Energy": -0.8634475164112777, "Loss": [-0.8548100563930836, -0.8562172001381251, -0.8574489201357276, -0.8586235836601034, -0.8596328188692822, -0.860498016224053, -0.8612795529555356, -0.8619318560572589, -0.8624282474777434, -0.86280471839351, -0.8630983518684582, -0.8633039767704818, -0.8634105475278314, -0.8634337660119031, -0.8634090452714597, -0.8633587511497238, -0.8632859963236919, -0.8631939593736648, -0.8630989615939126, -0.8630218078634093, -0.8629707660426514, -0.8629415039507112, -0.8629297715672279, -0.8629382651902331, -0.8629702368076086, -0.8630211642908396, -0.8630811444405353, -0.8631431991418687, -0.8632058254921315, -0.86326781821226, -0.8633244482254856, -0.863370409754468, -0.8634041861927048, -0.8634275370936615, -0.863441817531104, -0.8634468865737721, -0.8634433982361661, -0.8634341502786149, -0.8634225017853686, -0.8634104931559752, -0.863399131403719, -0.8633896566544941, -0.8633835779311438, -0.863381667074891, -0.8633835522063686, -0.8633883932421584, -0.8633955503956144, -0.863404467806897, -0.8634142168645083, -0.8634235910800645, -0.8634317172973901, -0.863438308399513, -0.8634432292434435, -0.8634462016908095, -0.8634471824802131, -0.8634466659349743, -0.8634452605411149, -0.8634432702995232, -0.8634409788692163, -0.8634389330317248, -0.8634375670881924, -0.8634368971977784, -0.8634368584192598, -0.8634375380910816, -0.8634388634183469, -0.8634404934872827, -0.8634421767994356, -0.863443838285123, -0.8634453115686427, -0.863446379564766, -0.8634470228623692, -0.8634473283713672, -0.8634473050429745, -0.8634469973741282, -0.863446566818368, -0.8634461361718175, -0.8634457476799854, -0.8634454725768448, -0.8634453790831097, -0.8634454516108822, -0.863445650674012, -0.863445955777632, -0.8634463173798731, -0.8634466683604836, -0.8634469715255201, -0.8634472034869761, -0.86344734219973, -0.8634473892886875, -0.8634473642648633, -0.8634472882296618, -0.8634471877185177, -0.8634470903789886, -0.8634470160669547, -0.8634469779674369, -0.863446980502844, -0.8634470192844982, -0.8634470858570101, -0.8634471669670942, -0.8634472480570312, -0.8634473189043587, -0.8634473710348352, -0.8634473997204739, -0.8634474072477825, -0.8634473975274986, -0.8634473761990508, -0.8634473520622864, -0.8634473311345972, -0.8634473174436406, -0.8634473147553818, -0.8634473222431168, -0.8634473373097407, -0.8634473578125693, -0.8634473790479171, -0.8634473973959094, -0.8634474114891415, -0.8634474192700419, -0.8634474210302276, -0.8634474188227801, -0.86344741365093, -0.8634474078903832, -0.863447403793683, -0.8634474017916578, -0.8634474027718412, -0.8634474066483133, -0.8634474120897695, -0.8634474184560672, -0.8634474246197186, -0.863447429428773, -0.8634474327455246, -0.8634474343789341, -0.863447434526653, -0.8634474339432556, -0.8634474331337683, -0.8634474326262667, -0.8634474328988098, -0.8634474340130354, -0.8634474358618119, -0.8634474382659538, -0.8634474408328019, -0.863447443221018, -0.8634474452719857, -0.8634474467917161, -0.8634474478240408, -0.863447448551778, -0.8634474490662295, -0.8634474496380836, -0.8634474504020118, -0.8634474513845147, -0.8634474526703205, -0.8634474541215464, -0.8634474556583704, -0.863447457200385, -0.8634474586028661, -0.8634474598795148, -0.8634474610010578, -0.8634474620026051, -0.8634474629741217, -0.8634474639419639, -0.8634474649807784, -0.86344746610674, -0.863447467308027, -0.8634474685774389, -0.8634474698639512, -0.8634474711390915, -0.8634474723796879, -0.8634474735669532, -0.863447474715622, -0.8634474758373163, -0.8634474769533556, -0.8634474780895881, -0.8634474792500499, -0.8634474804456899, -0.863447481666166, -0.8634474829003169, -0.8634474841392042, -0.8634474853662775, -0.8634474865831774, -0.8634474877848627, -0.8634474889798676, -0.863447490174935, -0.863447491375872, -0.8634474925901746, -0.8634474938159022, -0.8634474950538955, -0.8634474962979355, -0.8634474975444941, -0.8634474987898076, -0.863447500031834, -0.8634475012719008, -0.8634475025113404, -0.8634475037535683, -0.8634475050007108, -0.8634475062541257, -0.863447507514155, -0.8634475087791815, -0.8634475100481132, -0.863447511318688, -0.8634475125903758, -0.8634475138625075, -0.8634475151358796]}