{"FCI": -1.1586811071766183, "Energy": -1.1372970442524415, "Loss": [-1.1031666893152128, -1.104693233517667, -1.1061800873098675, -1.1076415282780097, -1.1090599625337543, -1.1104461447621228, -1.1118004746697432, -1.113112166251064, -1.1143867366541578, -1.115626807493987, -1.1168271214013041, -1.1179873000409961, -1.1191112446575504, -1.1201982899040521, -1.1212452793028413, -1.122252151171721, -1.1232214296503442, -1.1241528835185817, -1.1250443698023767, -1.1258961037434998, -1.1267100376066896, -1.1274865276462616, -1.128224528940059, -1.1289241260911762, -1.1295870413693763, -1.1302141820068825, -1.1308050455534837, -1.1313599835287425, -1.1318806983731773, -1.1323682086769897, -1.1328226357082314, -1.1332448571221112, -1.1336364572598199, -1.1339984703435557, -1.1343316229870437, -1.1346371258637555, -1.1349164116934864, -1.1351706700756978, -1.1354010453024186, -1.1356088751488647, -1.1357955071246066, -1.1359622538821763, -1.1361104651850145, -1.1362413890827971, -1.136356307094923, -1.1364566611503957, -1.1365436675290128, -1.136618422845097, -1.1366822632800886, -1.136736396325885, -1.1367817640295943, -1.1368194361346118, -1.1368504944433604, -1.1368757677450732, -1.13689605613719, -1.1369121939054085, -1.1369248601490092, -1.1369346472171344, -1.1369421224513374, -1.1369477665935876, -1.136952020090192, -1.1369552365008242, -1.136957709139746, -1.136959743049592, -1.136961535505857, -1.1369632404718606, -1.136965033639827, -1.1369670126950755, -1.1369692401361742, -1.1369717902287177, -1.136974697819039, -1.1369779754381821, -1.136981634058387, -1.1369856672211633, -1.1369900665933432, -1.1369948024569418, -1.136999850456397, -1.1370051896317295, -1.1370107757010446, -1.13701658288782, -1.1370225822262598, -1.137028733791464, -1.1370350102652398, -1.1370413834826092, -1.1370478242041564, -1.1370543088179375, -1.137060814602842, -1.1370673222806573, -1.1370738115397565, -1.1370802704936152, -1.1370866861332973, -1.1370930448963659, -1.1370993411315806, -1.1371055658445544, -1.1371117133272195, -1.1371177808509945, -1.1371237635224642, -1.1371296595275167, -1.137135467449281, -1.1371411861649217, -1.1371468145118708, -1.1371523521273246, -1.1371577982326793, -1.13716315175642, -1.1371684129547515, -1.1371735799940887, -1.1371786518686244, -1.1371836273380067, -1.1371885041183525, -1.137193280931539, -1.1371979550711355, -1.137202524173886, -1.1372069858535032, -1.1372113374531545, -1.1372155762944423, -1.1372196997573238, -1.1372237051781453, -1.1372275902365883, -1.1372313528289548, -1.137234990775128, -1.1372385026285068, -1.1372418868779592, -1.1372451427367198, -1.1372482696479347, -1.1372512673653314, -1.1372541362844801, -1.1372568770377023, -1.1372594908834468, -1.137261979296492, -1.137264344209157, -1.1372665879522585, -1.1372687131818178, -1.13727072285874, -1.1372726202154477, -1.1372744087028943, -1.137276092035684, -1.137277674022535, -1.1372791586423106, -1.1372805499258742, -1.1372818519750265, -1.1372830689266038, -1.1372842048576415, -1.137285263860364, -1.1372862499147007, -1.1372871669609548, -1.1372880187929335, -1.1372888091201085, -1.1372895415073712, -1.1372902193896892, -1.1372908460524414, -1.1372914246358377, -1.137291958140485, -1.137292449412407, -1.1372929011573931, -1.1372933159390726, -1.1372936961904647, -1.1372940442143316, -1.1372943621850957, -1.1372946521650047, -1.1372949161022203, -1.1372951558447928, -1.1372953731332092, -1.1372955696213105, -1.1372957468687244, -1.1372959063554535, -1.137296049474644, -1.1372961775476964, -1.1372962918186265, -1.1372963934625837, -1.137296483582897, -1.13729656321841, -1.1372966333418102, -1.1372966948633467, -1.1372967486312413, -1.1372967954347155, -1.1372968360048588, -1.137296871016881, -1.1372969010917529, -1.1372969267990587, -1.1372969486580613, -1.1372969671412543, -1.1372969826754196, -1.1372969956459227, -1.1372970063973693, -1.1372970152382484, -1.1372970224418204, -1.13729702825042, -1.1372970328767795, -1.1372970365076782, -1.1372970393057462, -1.1372970414122585, -1.137297042949236, -1.1372970440216492, -1.137297044719353, -1.137297045118934, -1.1372970452853157, -1.1372970452733058, -1.1372970451288933, -1.1372970448903807, -1.1372970445895714]}