{"FCI": -1.1586811071766183, "Energy": -1.1372718708575573, "Loss": [-1.1031666893152128, -1.1078708100294345, -1.1107886840318217, -1.113269411056275, -1.1153679366057183, -1.1171311665164145, -1.1186737394292212, -1.120058581444744, -1.1213186631711922, -1.1224758284377567, -1.1235453002302944, -1.1245388736473971, -1.1254650913821986, -1.1263309741246392, -1.127141272939163, -1.1278997818298984, -1.128606454648922, -1.1292593946508616, -1.1298564174208008, -1.1304377413561042, -1.131003505421695, -1.1315400062889345, -1.1320324588748267, -1.132488123249593, -1.132909940135805, -1.1333015090280132, -1.1336641375107748, -1.1339995228236066, -1.134308180229358, -1.1345910429572983, -1.1348478166400418, -1.1350807985889435, -1.1352927726804285, -1.1354923777023334, -1.1356787447885701, -1.1358512514702228, -1.1360055201302688, -1.1361429211647969, -1.1362639321831773, -1.1363706328292795, -1.1364638928427737, -1.1365452720322646, -1.136615359165746, -1.1366757072202658, -1.1367270232582667, -1.1367719019802678, -1.1368115063909918, -1.1368484359337923, -1.1368820855340964, -1.1369130719462899, -1.1369402939692042, -1.1369644162719559, -1.1369852561820037, -1.1370036093261335, -1.1370195088047972, -1.1370335775909644, -1.1370457996543788, -1.137056783348588, -1.1370665783971214, -1.137075979012286, -1.137085056683384, -1.137094446478151, -1.1371038219036007, -1.137113305315696, -1.1371223755121886, -1.1371310388176346, -1.1371390001105761, -1.1371463560591655, -1.1371530066215725, -1.1371590911648897, -1.1371646134687203, -1.1371697537896217, -1.1371746061011474, -1.1371793808666044, -1.1371841858975782, -1.1371891234732654, -1.1371941751721963, -1.1371992529081225, -1.1372042543086758, -1.137209026585546, -1.137213524853747, -1.1372176357967803, -1.1372214096825568, -1.137224778030443, -1.1372278688440156, -1.1372306409403836, -1.1372332789188055, -1.1372357344852524, -1.1372382011551938, -1.137240563402508, -1.137242971061184, -1.1372452194549492, -1.1372474256789589, -1.137249343674151, -1.137251112735964, -1.1372524991672996, -1.1372537077898393, -1.1372545445669557, -1.1372553087769055, -1.1372558500589645, -1.1372565526981449, -1.1372572475164975, -1.1372582987937752, -1.137259404861163, -1.1372608168256884, -1.137262119632356, -1.1372635164857428, -1.1372646121059298, -1.1372656490616315, -1.1372663114044117, -1.137266894411932, -1.1372671492889448, -1.137267411167164, -1.1372674703528283, -1.1372676733676343, -1.1372678028496885, -1.1372681629797619, -1.137268483751184, -1.1372690008376312, -1.137269406814808, -1.1372699068952765, -1.1372702103464905, -1.1372705387291928, -1.137270643695719, -1.137270775219992, -1.1372707168764713, -1.137270736242323, -1.1372706286573306, -1.1372706618119643, -1.1372706225634723, -1.1372707567942522, -1.137270826469211, -1.137271045885015, -1.137271158352454, -1.1372713662777414, -1.1372714203351981, -1.1372715399240627, -1.1372714972656857, -1.1372715345688305, -1.1372714333726812, -1.137271442275988, -1.1372713386383781, -1.1372713675398436, -1.1372713044503975, -1.1372713861876247, -1.1372713828456695, -1.1372715129494209, -1.1372715352528886, -1.1372716562031502, -1.1372716358285984, -1.1372716957525733, -1.1372716132432914, -1.1372716360526613, -1.1372715428369589, -1.1372715794234178, -1.1372715045953343, -1.137271552600348, -1.1372714871023715, -1.1372715469519605, -1.13727151175662, -1.137271609608904, -1.1372716099892946, -1.1372717157021384, -1.1372716840804977, -1.1372717255390674, -1.1372716189242587, -1.137271622230777, -1.137271527067536, -1.1372715906249289, -1.137271552768203, -1.1372716310914721, -1.1372715656230383, -1.1372715982351844, -1.1372715250397467, -1.1372715963336717, -1.1372716015487476, -1.1372717375511383, -1.137271747768938, -1.1372718042250844, -1.1372716691397473, -1.1372716048531706, -1.137271450229897, -1.1372715188445803, -1.1372715436435845, -1.1372717032960604, -1.1372716661134212, -1.1372716592055137, -1.1372715028065976, -1.1372715017975568, -1.137271500467525, -1.1372717095585057, -1.1372718565269457, -1.137272035164801, -1.137271929606209, -1.137271726048118, -1.1372713280127182, -1.1372712395438516, -1.1372713286532108, -1.137271725680494, -1.1372718701836253]}