{"FCI": -1.2704587889424521, "Energy": -1.256618696724547, "Loss": [-1.2400078641400674, -1.2442615439898406, -1.2463920903409442, -1.248337400042508, -1.2499555051817723, -1.2510757613496208, -1.2519860156405653, -1.2527438717878143, -1.2533815978840428, -1.2539213597307723, -1.2543796037222306, -1.2547690008397545, -1.25509965395847, -1.2553798045557871, -1.2556163325564187, -1.2558150390464629, -1.255980817117001, -1.2561174884025832, -1.256226968341037, -1.2563078107021926, -1.2563583954826676, -1.2563829910029276, -1.2564031076198166, -1.25646482286665, -1.2565330184534569, -1.2565745232623309, -1.2565987697987633, -1.2566137440750962, -1.2566233539219558, -1.2566294172445605, -1.2566328427489806, -1.256633954283818, -1.256632493230501, -1.2566275320590607, -1.256617751937976, -1.256603694786593, -1.2565914008218664, -1.2565902770612996, -1.2566002840582138, -1.2566129617825939, -1.2566226082291283, -1.2566286231164636, -1.2566318828523015, -1.256633275984932, -1.2566332011441652, -1.2566317841580006, -1.256628853802533, -1.2566243156746428, -1.2566183854479818, -1.2566124437817352, -1.2566085976377925, -1.256608690375073, -1.2566121314254453, -1.2566171416165048, -1.256621800106286, -1.2566253699399617, -1.2566275715763198, -1.2566285674903195, -1.2566284050811882, -1.2566272473411273, -1.2566251380554425, -1.256622398697917, -1.2566194126902086, -1.2566169891662524, -1.2566156670901776, -1.2566158639901617, -1.256617143801655, -1.2566190384858904, -1.2566207646442893, -1.2566220064501987, -1.256622362118009, -1.2566218038995336, -1.2566201207183127, -1.256617451225476, -1.2566138698718448, -1.256610169754809, -1.2566072023774262, -1.2566061970203055, -1.2566071321094356, -1.2566095932822303, -1.2566123220475978, -1.256614857592285, -1.2566166759220179, -1.2566179784787632, -1.2566185497686948, -1.2566185371099807, -1.256617659449632, -1.2566161634387327, -1.2566141234284045, -1.2566122837386744, -1.2566110600110751, -1.2566110720099808, -1.2566120088116555, -1.2566136091776372, -1.256615046725521, -1.2566161211491884, -1.2566165342286417, -1.2566167707826823, -1.2566168842091707, -1.2566171055349842, -1.2566168975634282, -1.2566162848634184, -1.256615119274971, -1.2566140324101753, -1.2566133319478, -1.256613584089524, -1.2566145187247297, -1.2566159387851197, -1.25661708679729, -1.2566176757439484, -1.2566172732039673, -1.2566164291033295, -1.256615795645186, -1.2566161830706692, -1.2566167938215684, -1.2566170904528304, -1.2566164830869073, -1.2566155108881685, -1.256614606720731, -1.2566146033175898, -1.2566154770235183, -1.256617118392018, -1.256618761481573, -1.2566199865268401, -1.2566200353262977, -1.2566185411564048, -1.256615571465787, -1.2566137546285276, -1.2566147181545742, -1.2566170400764505, -1.2566181242857553, -1.2566177023227312, -1.2566161554792066, -1.2566148820638372, -1.256614717733066, -1.256616125256996, -1.256618380579631, -1.2566208602668687, -1.2566228193764912, -1.2566240794591912, -1.2566243126805083, -1.2566230261099036, -1.2566176579054444, -1.2566045934549153, -1.2565975308240154, -1.2566055262162688, -1.2566131866845174, -1.2566182805309636, -1.2566205890015638, -1.2566209167866378, -1.2566202230394323, -1.2566200935003382, -1.2566207640393285, -1.2566217926243608, -1.2566222206609428, -1.2566217540903866, -1.2566199097192579, -1.2566164780451061, -1.2566115789120529, -1.2566087636285461, -1.256610381825809, -1.2566148521149358, -1.2566184601097223, -1.256620410682212, -1.2566203368695592, -1.2566194143603817, -1.2566186598394775, -1.256618992169067, -1.2566197719576566, -1.2566204139461221, -1.2566200815727864, -1.2566186434698974, -1.256615936394415, -1.2566135385127313, -1.256613027212729, -1.2566151339771383, -1.2566176558445061, -1.2566195939987423, -1.256619949962893, -1.2566192826036513, -1.2566181832768717, -1.2566179087527583, -1.256618397549169, -1.2566193323826382, -1.2566197233216476, -1.2566193356855646, -1.2566178206059264, -1.2566161102673061, -1.2566151121916511, -1.2566159800237438, -1.256617550466447, -1.2566191465873615, -1.2566196239797767, -1.256619247957933, -1.2566182225993434, -1.256617704998267, -1.2566178752552422, -1.256618747272715, -1.2566193906405831, -1.2566195322925215]}