{"FCI": -1.1696834518614552, "Energy": -1.1489281714486346, "Loss": [-1.1168911428949957, -1.1223273470829205, -1.1268107892639532, -1.1305016315376275, -1.1335362559017856, -1.1360296605279525, -1.1380780526095478, -1.1397614117503378, -1.1411458901743206, -1.14228598042179, -1.1432264238149819, -1.1440038596069366, -1.1446482301560283, -1.1451839653796745, -1.1456309728220637, -1.146005459804984, -1.1463206125908065, -1.1465871551021525, -1.1468138070346694, -1.1470076584804745, -1.1471744756233617, -1.1473189497594967, -1.147444899870946, -1.1475554372329144, -1.1476530990524232, -1.1477399568890112, -1.1478177045684061, -1.1478877294382408, -1.147951170104629, -1.148008963204758, -1.1480618812927375, -1.1481105635257969, -1.1481555405195445, -1.1481972544822345, -1.148236075527385, -1.1482723148932192, -1.1483062356588793, -1.1483380614346639, -1.1483679834129168, -1.1483961660919488, -1.1484227519261558, -1.1484478651066994, -1.1484716146384106, -1.1484940968467445, -1.1485153974230111, -1.1485355930955339, -1.1485547529975628, -1.1485729397892253, -1.1485902105799848, -1.1486066176890168, -1.148622209273956, -1.1486370298525406, -1.1486511207370969, -1.1486645203979642, -1.1486772647689247, -1.14868938750518, -1.1487009202025105, -1.1487118925845516, -1.1487223326638314, -1.1487322668811242, -1.1487417202269277, -1.1487507163480082, -1.1487592776415467, -1.1487674253388636, -1.1487751795804049, -1.1487825594832686, -1.1487895832024488, -1.1487962679866537, -1.1488026302294791, -1.1488086855165012, -1.1488144486688554, -1.1488199337837295, -1.1488251542720085, -1.148830122893561, -1.1488348517902631, -1.1488393525170295, -1.1488436360710417, -1.1488477129192836, -1.1488515930246384, -1.1488552858704422, -1.1488588004838733, -1.1488621454580437, -1.1488653289729343, -1.1488683588153852, -1.1488712423979557, -1.1488739867769415, -1.148876598669442, -1.1488790844696422, -1.1488814502642883, -1.1488837018473785, -1.148885844734227, -1.1488878841747527, -1.1488898251662207, -1.148891672465309, -1.148893430599644, -1.1488951038787523, -1.148896696404518, -1.1488982120811253, -1.1488996546245296, -1.1489010275714902, -1.1489023342881453, -1.1489035779782146, -1.1489047616907861, -1.1489058883277499, -1.148906960650844, -1.1489079812884193, -1.1489089527418206, -1.148909877391528, -1.1489107575029394, -1.148911595231931, -1.1489123926301248, -1.148913151649881, -1.148913874149141, -1.1489145618959264, -1.1489152165726784, -1.1489158397804302, -1.1489164330426778, -1.1489169978091456, -1.148917535459365, -1.1489180473060447, -1.1489185345983008, -1.1489189985247223, -1.1489194402163208, -1.1489198607492916, -1.1489202611476728, -1.1489206423858742, -1.1489210053910663, -1.1489213510454828, -1.1489216801885638, -1.1489219936190698, -1.1489222920970297, -1.1489225763456115, -1.1489228470529205, -1.1489231048736905, -1.148923350430915, -1.14892358431735, -1.1489238070970338, -1.1489240193066315, -1.1489242214567876, -1.148924414033374, -1.14892459749872, -1.1489247722927105, -1.148924938833916, -1.1489250975205954, -1.1489252487317128, -1.1489253928278345, -1.1489255301520602, -1.1489256610308551, -1.1489257857748538, -1.1489259046796365, -1.1489260180264425, -1.1489261260828971, -1.1489262291036502, -1.1489263273310093, -1.1489264209955454, -1.148926510316659, -1.1489265955031103, -1.14892667675357, -1.1489267542570698, -1.1489268281935006, -1.1489268987340342, -1.1489269660415704, -1.1489270302711145, -1.148927091570165, -1.1489271500791074, -1.1489272059315119, -1.1489272592545097, -1.1489273101690733, -1.1489273587903335, -1.1489274052278509, -1.1489274495858928, -1.1489274919637067, -1.1489275324557255, -1.148927571151838, -1.148927608137581, -1.1489276434943752, -1.148927677299708, -1.1489277096273398, -1.1489277405474607, -1.1489277701268876, -1.148927798429218, -1.1489278255149764, -1.1489278514417975, -1.148927876264512, -1.148927900035337, -1.1489279228039573, -1.1489279446176932, -1.1489279655215683, -1.1489279855584638, -1.1489280047691877, -1.148928023192597, -1.1489280408656795, -1.1489280578236514, -1.1489280741000503, -1.148928089726787, -1.1489281047342685, -1.1489281191514285, -1.148928133005829, -1.1489281463237015, -1.1489281591300404]}