{"FCI": -1.0966577125910288, "Energy": -1.0561205275509864, "Loss": [-1.0224848854388666, -1.024091461271842, -1.0251943386217375, -1.0260876597587805, -1.0268660129335752, -1.0275476718558554, -1.028162291878251, -1.0287269652639222, -1.02925200703845, -1.029744672923483, -1.0302102520575867, -1.0306526859053813, -1.0310749579657696, -1.0314793881232693, -1.0318678342437022, -1.032241825823893, -1.032602650375279, -1.032951410214679, -1.033289061240086, -1.0336164406693569, -1.033934287773748, -1.0342432599555944, -1.0345439455881464, -1.0348368745197356, -1.035122526848485, -1.035401340395804, -1.0356737171908568, -1.0359400291955159, -1.036200623430616, -1.0364558265974815, -1.0367059492141777, -1.0369512891978387, -1.037192134724389, -1.037428766100187, -1.0376614563200477, -1.0378904700168659, -1.0381160606839912, -1.038338466390831, -1.0385579046482283, -1.0387745674483317, -1.0389886176058907, -1.0392001872594663, -1.0394093788330419, -1.0396162681471608, -1.0398209089442085, -1.0400233379679904, -1.0402235798674937, -1.0404216514522224, -1.0406175650881733, -1.0408113312204441, -1.0410029601233175, -1.0411924630261205, -1.0413798527670963, -1.041565144109108, -1.0417483538250027, -1.041929500634115, -1.0421086050492532, -1.0422856891754222, -1.0424607764882428, -1.042633891610219, -1.0428050600959993, -1.042974308233117, -1.0431416628613834, -1.043307151212077, -1.0434708007666635, -1.0436326391341657, -1.043792693945598, -1.0439509927640094, -1.0441075630083643, -1.0442624318896703, -1.0444156263578526, -1.044567173057974, -1.044717098294578, -1.0448654280029237, -1.045012187726361, -1.0451574025987003, -1.0453010973310373, -1.0454432962023137, -1.045584023052997, -1.045723301281494, -1.0458611538427514, -1.0459976032488232, -1.0461326715709702, -1.0462663804430916, -1.0463987510662547, -1.046529804214092, -1.0466595602389588, -1.0467880390786226, -1.046915260263452, -1.047041242923961, -1.0471660057985688, -1.047289567241622, -1.0474119452314778, -1.0475331573787154, -1.0476532209343135, -1.0477721527978958, -1.0478899695258461, -1.0480066873394223, -1.0481223221327407, -1.0482368894806668, -1.0483504046465688, -1.0484628825899587, -1.048574337973953, -1.0486847851726133, -1.04879423827811, -1.0489027111077251, -1.0490102172106908, -1.0491167698748796, -1.0492223821333089, -1.0493270667704744, -1.049430836328543, -1.0495337031133585, -1.049635679200305, -1.0497367764399899, -1.049837006463802, -1.0499363806892874, -1.050034910325362, -1.0501326063774552, -1.050229479652413, -1.0503255407633012, -1.0504208001341135, -1.050515268004265, -1.0506089544330353, -1.050701869303815, -1.0507940223283114, -1.0508854230505402, -1.0509760808507815, -1.0510660049494016, -1.0511552044105297, -1.0512436881456617, -1.0513314649172052, -1.051418543341797, -1.051504931893697, -1.0515906389079293, -1.0516756725834233, -1.0517600409860606, -1.0518437520516215, -1.0519268135886215, -1.0520092332811426, -1.0520910186915036, -1.0521721772629218, -1.0522527163220694, -1.052332643081561, -1.0524119646423908, -1.0524906879962754, -1.0525688200279684, -1.0526463675174964, -1.0527233371423002, -1.0527997354794243, -1.0528755690074798, -1.0529508441087487, -1.0530255670710669, -1.0530997440897725, -1.0531733812695458, -1.053246484626197, -1.053319060088457, -1.0533911134996792, -1.0534626506194957, -1.0535336771254726, -1.0536041986146838, -1.053674220605255, -1.0537437485378753, -1.0538127877772894, -1.0538813436136911, -1.0539494212641547, -1.0540170258739945, -1.054084162518094, -1.0541508362022092, -1.0542170518642222, -1.0542828143753942, -1.0543481285415712, -1.0544129991043665, -1.0544774307422968, -1.0545414280719225, -1.054604995648927, -1.0546681379692218, -1.054730859469956, -1.0547931645305608, -1.0548550574737348, -1.054916542566449, -1.0549776240208504, -1.055038305995251, -1.0550985925949967, -1.055158487873365, -1.0552179958324657, -1.055277120424052, -1.0553358655503704, -1.0553942350649863, -1.0554522327735514, -1.0555098624346015, -1.0555671277603187, -1.0556240324172703, -1.055680580027132, -1.0557367741674164, -1.0557926183721535, -1.055848116132582, -1.0559032708978142, -1.0559580860755031, -1.0560125650324501, -1.0560667110952733]}