{"FCI": -1.0873240054222568, "Energy": -1.0450621271727951, "Loss": [-1.0096994810260675, -1.0113199443062308, -1.0124329039826159, -1.0133406033769805, -1.0141250617647628, -1.01481525019846, -1.0154385276444833, -1.0160118863724237, -1.01654572618685, -1.0170473399756288, -1.0175219256040815, -1.0179733296244968, -1.0184044627779292, -1.0188176098934103, -1.019214620209379, -1.0195970298087198, -1.0199661397812112, -1.020323068932276, -1.0206687911262695, -1.0210041632101174, -1.0213299469093073, -1.021646826791299, -1.0219554256551566, -1.022256318256552, -1.0225500439108972, -1.0228371180998592, -1.023118042629812, -1.0233933131218083, -1.0236634218166138, -1.023928853368226, -1.0241900722820179, -1.0244475034197076, -1.0247015106674222, -1.0249523809879384, -1.0252003194871124, -1.0254454564531237, -1.0256878627569006, -1.0259275681794777, -1.0261645782214013, -1.0263988871201524, -1.0266304866780886, -1.0268593715415641, -1.0270855418967457, -1.0273090044777617, -1.027529772571143, -1.0277478654830863, -1.0279633077631514, -1.0281761283575572, -1.0283863597867535, -1.0285940373940758, -1.028799198684496, -1.029001882756582, -1.0292021298229208, -1.029399980810464, -1.029595477030807, -1.0297886599107051, -1.0299795707735897, -1.0301682506640308, -1.030354740207935, -1.0305390795025318, -1.0307213080309077, -1.0309014645968086, -1.0310795872761045, -1.0312557133818563, -1.0314298794405625, -1.0316021211774886, -1.0317724735093148, -1.0319409705427993, -1.03210764557816, -1.0322725311163012, -1.032435658869079, -1.0325970597718832, -1.0327567639980764, -1.0329148009748204, -1.0330711993998505, -1.0332259872590557, -1.0333791918444566, -1.0335308397724796, -1.0336809570023233, -1.033829568854325, -1.0339767000281581, -1.0341223746208361, -1.034266616144439, -1.0344094475434789, -1.0345508912119241, -1.0346909690097896, -1.0348297022793203, -1.0349671118607193, -1.0351032181074515, -1.0352380409010649, -1.0353715996655635, -1.0355039133813368, -1.0356350005986463, -1.035764879450653, -1.035893567666024, -1.036021082581092, -1.036147441151668, -1.036272659964357, -1.036396755247559, -1.0365197428820416, -1.0366416384111878, -1.036762457050841, -1.036882213698855, -1.0370009229442565, -1.0371185990761547, -1.0372352560922729, -1.0373509077072367, -1.037465567360524, -1.0375792482241957, -1.0376919632103236, -1.0378037249781538, -1.0379145459410641, -1.0380244382732295, -1.0381334139161296, -1.0382414845847439, -1.0383486617736495, -1.0384549567627974, -1.038560380623187, -1.0386649442223017, -1.0387686582293858, -1.0388715331205405, -1.0389735791836405, -1.039074806523125, -1.0391752250645916, -1.0392748445592708, -1.0393736745883406, -1.0394717245671221, -1.0395690037491179, -1.0396655212299504, -1.0397612859511471, -1.0398563067038415, -1.0399505921323207, -1.0400441507374991, -1.04013699088028, -1.0402291207847796, -1.040320548541498, -1.0404112821103848, -1.0405013293238006, -1.0405906978893757, -1.040679395392853, -1.0407674293007492, -1.040854806963013, -1.0409415356156064, -1.0410276223829358, -1.0411130742803112, -1.0411978982162786, -1.0412821009948903, -1.0413656893179288, -1.0414486697870589, -1.0415310489059324, -1.0416128330822054, -1.0416940286295233, -1.0417746417694795, -1.0418546786334322, -1.0419341452643966, -1.0420130476187612, -1.04209139156806, -1.0421691829006423, -1.0422464273233034, -1.0423231304628984, -1.042399297867882, -1.042474935009845, -1.0425500472849707, -1.0426246400154915, -1.0426987184510808, -1.0427722877702381, -1.042845353081593, -1.0429179194252483, -1.0429899917740129, -1.0430615750346666, -1.0431326740491393, -1.04320329359573, -1.0432734383902216, -1.043343113087019, -1.0434123222802547, -1.0434810705048336, -1.043549362237515, -1.0436172018979026, -1.0436845938494448, -1.0437515424004418, -1.0438180518049465, -1.0438841262637428, -1.043949769925222, -1.0440149868862931, -1.0440797811932407, -1.0441441568425591, -1.044208117781826, -1.0442716679104782, -1.0443348110806085, -1.0443975510977523, -1.0444598917216659, -1.0445218366670344, -1.0445833896042076, -1.0446445541599452, -1.0447053339180676, -1.0447657324201765, -1.044825753166284, -1.044885399615525, -1.0449446751867253, -1.0450035832590987]}