{"FCI": -1.2337193055590183, "Energy": -1.2168456093113362, "Loss": [-1.1947762415197896, -1.194993110893993, -1.1954011136557354, -1.1959738303163694, -1.1966849749412192, -1.1975090347151152, -1.1984217572254663, -1.1994005079045837, -1.2004245175395356, -1.2014750374730176, -1.202535418074105, -1.2035911242323527, -1.2046296999969515, -1.205640693017083, -1.2066155481161132, -1.207547478130096, -1.2084313190434617, -1.2092633754494408, -1.2100412614409102, -1.2107637411928451, -1.2114305727265295, -1.2120423576461667, -1.2126003990080574, -1.2131065689204519, -1.2135631869765948, -1.213972910192472, -1.214338634752015, -1.2146634095526503, -1.2149503612901094, -1.2152026306179033, -1.2154233187612322, -1.2156154438503426, -1.2157819061613762, -1.2159254614075492, -1.2160487012057166, -1.21615403984821, -1.2162437065333238, -1.2163197422454362, -1.216384000524422, -1.2164381514207423, -1.2164836879934098, -1.2165219347727523, -1.216554057674152, -1.216581074912823, -1.2166038685316622, -1.2166231962122194, -1.2166397030938871, -1.2166539333764077, -1.2166663415266903, -1.2166773029516333, -1.2166871240350412, -1.2166960514680618, -1.216704280829844, -1.2167119643978785, -1.2167192181867659, -1.2167261282293862, -1.2167327561269816, -1.2167391439039994, -1.2167453182104206, -1.216751293919221, -1.2167570771692728, -1.2167626679054728, -1.2167680619677945, -1.2167732527798865, -1.2167782326861214, -1.2167829939832142, -1.2167875296898123, -1.216791834094024, -1.2167959031154114, -1.2167997345144588, -1.2168033279789685, -1.216806685113431, -1.216809809354011, -1.216812705828794, -1.2168153811799352, -1.2168178433616854, -1.2168201014258335, -1.2168221653039244, -1.2168240455936525, -1.2168257533550662, -1.2168272999207854, -1.216828696723234, -1.2168299551405508, -1.216831086362323, -1.2168321012751884, -1.2168330103680562, -1.2168338236560612, -1.2168345506221285, -1.216835200174756, -1.2168357806204404, -1.2168362996491244, -1.2168367643310596, -1.2168371811233214, -1.216837555884568, -1.216837893896349, -1.2168381998897526, -1.2168384780760035, -1.2168387321798988, -1.216838965475087, -1.2168391808202632, -1.2168393806955433, -1.2168395672384364, -1.2168397422787174, -1.216839907372035, -1.2168400638316799, -1.2168402127584481, -1.2168403550684, -1.2168404915183042, -1.2168406227289286, -1.2168407492060112, -1.2168408713590568, -1.216840989517972, -1.216841103947731, -1.2168412148610797, -1.2168413224295245, -1.2168414267926482, -1.2168415280660052, -1.2168416263475832, -1.2168417217232048, -1.2168418142707982, -1.2168419040637315, -1.2168419911734039, -1.2168420756711713, -1.2168421576296289, -1.2168422371234748, -1.216842314229979, -1.2168423890291407, -1.2168424616035942, -1.2168425320383274, -1.2168426004202932, -1.2168426668379142, -1.2168427313805381, -1.2168427941378592, -1.2168428551994013, -1.2168429146538928, -1.2168429725888266, -1.2168430290899486, -1.2168430842408797, -1.216843138122711, -1.2168431908137256, -1.2168432423891589, -1.2168432929209831, -1.2168433424777856, -1.2168433911246717, -1.2168434389232294, -1.2168434859315123, -1.2168435322040727, -1.2168435777920343, -1.2168436227431696, -1.2168436671019958, -1.2168437109099346, -1.2168437542054222, -1.216843797024077, -1.216843839398828, -1.216843881360118, -1.2168439229360066, -1.2168439641523832, -1.2168440050330809, -1.2168440456000598, -1.2168440858735248, -1.2168441258720668, -1.2168441656128324, -1.2168442051115895, -1.2168442443828804, -1.2168442834401136, -1.2168443222956926, -1.2168443609610584, -1.2168443994468126, -1.2168444377627656, -1.216844475918051, -1.2168445139211261, -1.2168445517798836, -1.2168445895016693, -1.2168446270933515, -1.2168446645613376, -1.2168447019116386, -1.2168447391498654, -1.2168447762813177, -1.2168448133109309, -1.2168448502433753, -1.2168448870830306, -1.216844923834032, -1.2168449605002463, -1.2168449970853477, -1.2168450335927767, -1.216845070025791, -1.2168451063874617, -1.2168451426806595, -1.216845178908127, -1.2168452150724223, -1.2168452511759686, -1.2168452872210451, -1.2168453232097944, -1.2168453591442483, -1.2168453950262965, -1.2168454308577337, -1.2168454666402515, -1.2168455023754285, -1.2168455380647425, -1.2168455737096109]}