{"FCI": -1.213391021347384, "Energy": -1.1924859289212295, "Loss": [-1.1703006350776675, -1.1717695315654597, -1.1727481476898765, -1.1735406764672243, -1.1742256751394236, -1.1748153855701158, -1.1753407982650368, -1.1758185882407561, -1.1762583633318064, -1.1766667685361845, -1.1770487175499125, -1.1774079794307566, -1.1777475201152603, -1.178069722320969, -1.1783765317086266, -1.1786695586040616, -1.1789501509221518, -1.1792194482767546, -1.1794784231374569, -1.1797279127223015, -1.1799686439655201, -1.1802012531714112, -1.180426301537782, -1.180644287464006, -1.1808556563627863, -1.1810608085386447, -1.1812601055693988, -1.1814538755244581, -1.1816424172738451, -1.181826004080379, -1.1820048866212056, -1.1821792955504864, -1.1823494436891644, -1.1825155279088218, -1.182677730762287, -1.182836221902662, -1.1829911593244204, -1.1831426904537414, -1.1832909531103324, -1.1834360763590555, -1.183578181266636, -1.1837173815761846, -1.1838537843102759, -1.1839874903116723, -1.1841185947294441, -1.1842471874570761, -1.184373353528232, -1.1844971734751373, -1.184618723653732, -1.1847380765393094, -1.1848553009959022, -1.1849704625220951, -1.185083623475854, -1.1851948432803936, -1.1853041786131495, -1.185411683579326, -1.1855174098717214, -1.1856214069179818, -1.1857237220165677, -1.1858244004623688, -1.1859234856630498, -1.1860210192468152, -1.1861170411624367, -1.1862115897721515, -1.1863047019381097, -1.1863964131028288, -1.1864867573642448, -1.18657576754569, -1.1866634752613108, -1.1867499109772206, -1.1868351040687495, -1.1869190828740572, -1.1870018747444309, -1.1870835060915088, -1.1871640024315944, -1.1872433884273892, -1.1873216879271724, -1.1873989240018104, -1.1874751189795387, -1.1875502944788234, -1.1876244714393505, -1.1876976701513433, -1.1877699102832002, -1.187841210907728, -1.1879115905268856, -1.1879810670952962, -1.1880496580424713, -1.1881173802939253, -1.1881842502911986, -1.1882502840108746, -1.1883154969826428, -1.1883799043064698, -1.1884435206689368, -1.1885063603588073, -1.1885684372817684, -1.1886297649746065, -1.1886903566186027, -1.1887502250523683, -1.1888093827840682, -1.1888678420031036, -1.1889256145912728, -1.1889827121333918, -1.1890391459275387, -1.1890949269947118, -1.1891500660882317, -1.1892045737026062, -1.1892584600820997, -1.1893117352289029, -1.189364408910979, -1.1894164906695894, -1.1894679898264855, -1.189518915490842, -1.1895692765659185, -1.189619081755395, -1.1896683395695011, -1.1897170583309538, -1.1897652461805415, -1.1898129110826217, -1.1898600608303327, -1.1899067030506056, -1.1899528452090533, -1.1899984946146023, -1.1900436584239902, -1.190088343646131, -1.1901325571462114, -1.1901763056498025, -1.1902195957466764, -1.1902624338945489, -1.1903048264227327, -1.1903467795355784, -1.190388299315832, -1.1904293917279334, -1.1904700626210867, -1.1905103177323453, -1.1905501626894983, -1.1905896030139262, -1.1906286441233342, -1.1906672913343797, -1.1907055498652626, -1.190743424838184, -1.1907809212817242, -1.1908180441332155, -1.190854798240941, -1.190891188366331, -1.1909272191860711, -1.1909628952941347, -1.1909982212037753, -1.191033201349447, -1.1910678400886343, -1.1911021417037018, -1.1911361104036073, -1.1911697503256105, -1.191203065536931, -1.191236060036327, -1.1912687377556601, -1.1913011025614044, -1.1913331582560955, -1.1913649085797569, -1.1913963572112873, -1.1914275077697993, -1.1914583638159004, -1.191488928852995, -1.1915192063284983, -1.1915491996350267, -1.1915789121115765, -1.191608347044641, -1.1916375076693253, -1.1916663971704131, -1.1916950186834108, -1.1917233752955625, -1.1917514700468357, -1.1917793059308783, -1.191806885895992, -1.1918342128459765, -1.1918612896410998, -1.1918881190989026, -1.1919147039950635, -1.1919410470642353, -1.1919671510008247, -1.1919930184597884, -1.1920186520574072, -1.192044054371979, -1.1920692279446348, -1.1920941752799417, -1.192118898846676, -1.1921434010784517, -1.192167684374412, -1.19219175109983, -1.1922156035867777, -1.1922392441347034, -1.192262675011067, -1.192285898451881, -1.1923089166623233, -1.192331731817267, -1.1923543460618269, -1.1923767615119205, -1.1923989802547432, -1.1924210043493144, -1.1924428358269583, -1.1924644766917973]}