{"FCI": -1.2735345211687557, "Energy": -1.2602317291794187, "Loss": [-1.2444975586220741, -1.2487252652713352, -1.2508918972489353, -1.2527265917708874, -1.2542054645896448, -1.2553274472997462, -1.2561969307866487, -1.2569071635975948, -1.2574971469736684, -1.2579904321636632, -1.2584039086342964, -1.2587505201017897, -1.259040562363285, -1.2592824543995573, -1.259483220641173, -1.2596488184280257, -1.2597843314273918, -1.2598940418125022, -1.2599811900369113, -1.2600468147138129, -1.2600865447835206, -1.2600947132023694, -1.2600938159768755, -1.2601041674662272, -1.2601562616902546, -1.2602086387816478, -1.260235304956693, -1.260248534187449, -1.2602555424520907, -1.2602593711892665, -1.2602612266940956, -1.2602615510911244, -1.2602602504618092, -1.2602566403714544, -1.2602494287992094, -1.2602375676350959, -1.2602231021411718, -1.2602125250749718, -1.2602128341282433, -1.2602235708663796, -1.260236461197374, -1.2602460224587109, -1.2602516990777808, -1.2602545949072712, -1.2602555919635166, -1.260255096057783, -1.260253170108894, -1.2602496429745846, -1.2602444591925974, -1.2602380636837933, -1.2602320400789226, -1.2602285778427964, -1.2602291614854881, -1.2602330368582033, -1.260238181231272, -1.2602428181454228, -1.2602461828310259, -1.260248126966833, -1.2602487769088646, -1.2602482301233042, -1.2602466070222564, -1.2602440067296994, -1.260240749009569, -1.2602373231419386, -1.2602345070755177, -1.2602328547792754, -1.2602325937033014, -1.2602332621574455, -1.2602342935612074, -1.2602350091876249, -1.2602351570309398, -1.2602345283165612, -1.2602333497275247, -1.260231757496257, -1.2602302530645704, -1.2602290148822297, -1.2602284430954453, -1.2602284170690141, -1.260229047131744, -1.2602299618111656, -1.260231117195354, -1.260232099360973, -1.2602328936984755, -1.26023321821622, -1.260233205714449, -1.2602327465352596, -1.260232116856059, -1.260231310369932, -1.2602306591226518, -1.2602301270864842, -1.2602299713965595, -1.2602300225621141, -1.2602304119682617, -1.2602308622307243, -1.2602314399085601, -1.260231859417016, -1.2602322130095183, -1.260232285525847, -1.260232244683509, -1.2602319581580446, -1.2602316599024406, -1.2602312569983436, -1.2602309978233674, -1.2602307629428429, -1.2602307584263563, -1.2602308007258456, -1.2602310391089595, -1.260231244477067, -1.2602315411531457, -1.2602317022789158, -1.260231869487547, -1.2602318527274154, -1.260231831658725, -1.2602316547185888, -1.2602315307730145, -1.2602313217173713, -1.2602312381458627, -1.2602311244964295, -1.260231168800471, -1.2602311848253458, -1.260231335171603, -1.26023141480672, -1.260231577579626, -1.2602316224467394, -1.2602317139807566, -1.260231669900035, -1.2602316735560848, -1.2602315598973355, -1.2602315247312825, -1.2602314067226206, -1.2602314003335935, -1.2602313339087683, -1.2602313903764222, -1.2602313835316403, -1.2602314851513357, -1.2602315014535679, -1.2602316016755575, -1.260231595242578, -1.2602316577039439, -1.2602316077625884, -1.2602316301015215, -1.2602315508127544, -1.2602315597659657, -1.2602314834608688, -1.2602315102538322, -1.260231460847172, -1.2602315179308499, -1.260231495336736, -1.260231571045161, -1.2602315558974682, -1.260231627532762, -1.2602315988398318, -1.2602316510626743, -1.260231601503211, -1.260231635827394, -1.260231574311215, -1.2602316047685096, -1.260231546956752, -1.2602315876667116, -1.2602315434673077, -1.2602315985005481, -1.2602315660707433, -1.260231628471597, -1.2602315978199965, -1.2602316567351368, -1.2602316184605078, -1.260231667657616, -1.2602316195498509, -1.260231660970079, -1.2602316081957197, -1.260231648987966, -1.2602315989755672, -1.26023164537989, -1.2602316020677506, -1.260231655122002, -1.2602316168122085, -1.260231672615798, -1.2602316342837905, -1.2602316877485826, -1.260231645284541, -1.2602316940039895, -1.2602316469738246, -1.2602316924234933, -1.2602316436682648, -1.2602316894004926, -1.260231642372482, -1.260231691073912, -1.2602316472485369, -1.2602316989845008, -1.2602316571873493, -1.2602317098629119, -1.260231667624536, -1.2602317189025918, -1.2602316744769075, -1.2602317234969012, -1.2602316769703414, -1.2602317246778711, -1.2602316775535143, -1.2602317256747417, -1.2602316795236894]}