{"FCI": -0.8715876712615876, "Energy": -0.863386053035693, "Loss": [-0.8548100563930836, -0.8550246927258515, -0.8552339980550198, -0.8554381041094299, -0.8556371394037601, -0.8558312293148094, -0.8560204961561129, -0.8562050592508645, -0.8563850350032072, -0.8565605369679161, -0.8567316759184873, -0.8568985599137221, -0.8570612943627554, -0.8572199820886162, -0.8573747233903511, -0.8575256161036898, -0.8576727556603543, -0.857816235145962, -0.8579561453566359, -0.8580925748542594, -0.8582256100204777, -0.8583553351094492, -0.8584818322993448, -0.8586051817426537, -0.8587254616153315, -0.8588427481647721, -0.8589571157566674, -0.8590686369207506, -0.859177382395504, -0.8592834211717325, -0.8593868205352104, -0.8594876461082188, -0.8595859618901798, -0.8596818302972664, -0.8597753122011149, -0.8598664669665758, -0.859955352488601, -0.8600420252282293, -0.8601265402477175, -0.860208951244835, -0.8602893105863135, -0.8603676693405411, -0.8604440773094203, -0.8605185830594902, -0.8605912339522999, -0.8606620761740212, -0.8607311547643963, -0.8607985136449243, -0.8608641956464407, -0.8609282425359426, -0.860990695042851, -0.8610515928845767, -0.8611109747914862, -0.8611688785312639, -0.8612253409326808, -0.8612803979087787, -0.8613340844795003, -0.8613864347937618, -0.8614374821509868, -0.8614872590221125, -0.8615357970700956, -0.8615831271699026, -0.8616292794280179, -0.8616742832014844, -0.8617181671164489, -0.861760959086297, -0.861802686329287, -0.861843375385817, -0.8618830521352221, -0.8619217418121586, -0.8619594690226198, -0.8619962577595222, -0.862032131417936, -0.8620671128099254, -0.8621012241790096, -0.8621344872143224, -0.8621669230643485, -0.8621985523503786, -0.8622293951796115, -0.8622594711579301, -0.8622887994023589, -0.8623173985532537, -0.8623452867861046, -0.8623724818231471, -0.8623990009446192, -0.8624248609997732, -0.8624500784175815, -0.8624746692172179, -0.8624986490182542, -0.8625220330506118, -0.8625448361642652, -0.8625670728387029, -0.8625887571921609, -0.8626099029906235, -0.8626305236565827, -0.8626506322776323, -0.8626702416147873, -0.8626893641106302, -0.8627080118972521, -0.8627261968039976, -0.8627439303649955, -0.862761223826552, -0.8627780881542906, -0.8627945340401828, -0.8628105719093565, -0.8628262119267636, -0.8628414640036606, -0.8628563378039436, -0.8628708427503212, -0.8628849880303291, -0.8628987826022003, -0.8629122352005923, -0.8629253543421478, -0.8629381483309755, -0.8629506252639014, -0.862962793035699, -0.8629746593440896, -0.8629862316946794, -0.8629975174057591, -0.8630085236129859, -0.8630192572739123, -0.8630297251724746, -0.8630399339232935, -0.8630498899759363, -0.8630595996189967, -0.8630690689841635, -0.8630783040500933, -0.8630873106462592, -0.8630960944566819, -0.8631046610235278, -0.8631130157507021, -0.8631211639072591, -0.8631291106307871, -0.8631368609307065, -0.8631444196914367, -0.8631517916755612, -0.8631589815268361, -0.8631659937731706, -0.8631728328295292, -0.8631795030007436, -0.8631860084842581, -0.8631923533728388, -0.8631985416571526, -0.8632045772283434, -0.8632104638805073, -0.8632162053131328, -0.8632218051334305, -0.8632272668586793, -0.8632325939184462, -0.8632377896567792, -0.8632428573343667, -0.8632478001305779, -0.8632526211455395, -0.8632573234020899, -0.8632619098477085, -0.8632663833564171, -0.863270746730588, -0.8632750027027568, -0.8632791539373614, -0.8632832030324334, -0.8632871525212679, -0.8632910048740399, -0.8632947624993647, -0.8632984277458581, -0.8633020029036271, -0.8633054902057227, -0.8633088918295759, -0.8633122098983785, -0.8633154464824475, -0.8633186036005353, -0.8633216832211217, -0.8633246872636742, -0.8633276175998608, -0.8633304760547538, -0.8633332644079954, -0.8633359843949161, -0.8633386377076577, -0.8633412259962434, -0.8633437508696351, -0.8633462138967437, -0.8633486166074517, -0.8633509604935764, -0.8633532470098092, -0.8633554775746667, -0.8633576535713641, -0.8633597763487264, -0.8633618472220236, -0.8633638674738175, -0.8633658383547866, -0.8633677610845003, -0.863369636852211, -0.8633714668176149, -0.8633732521115762, -0.8633749938368486, -0.8633766930687843, -0.8633783508560158, -0.8633799682211162, -0.8633815461612504, -0.8633830856488242, -0.8633845876320698]}