{"FCI": -2.17308140531179, "Energy": -2.1730632063664173, "Loss": [-2.125063211337754, -2.1327651878097225, -2.1394505334523743, -2.1450253380286224, -2.149891489879429, -2.153538305587932, -2.1565605106522105, -2.1588293464636763, -2.1603770714977513, -2.161557500695129, -2.1625702540381124, -2.1634130509446647, -2.1641323489283386, -2.164862759955259, -2.1656531700089223, -2.1664351593628863, -2.167153857755113, -2.1678307519081614, -2.16848444110081, -2.169072891335432, -2.1695521203009434, -2.1699377471195445, -2.170274868446689, -2.1705752943119587, -2.1708278452383656, -2.171046006577182, -2.1712657953190475, -2.171500361587789, -2.1717328935810123, -2.1719524609848784, -2.172166484381264, -2.1723742796799965, -2.172556821355553, -2.172700683457959, -2.1728104657221934, -2.1728910031533095, -2.172937946724915, -2.1729526942724045, -2.172948831244531, -2.1729374270968083, -2.172920665205494, -2.1729026510647236, -2.172891798735389, -2.1728901840883825, -2.172893047323485, -2.1728984932853748, -2.1729072237476603, -2.1729158492048724, -2.1729202345648173, -2.172921429610847, -2.1729217276569024, -2.1729208014140227, -2.172919774155878, -2.1729220845285773, -2.172928552778749, -2.172937774286506, -2.172949878419897, -2.172964573605254, -2.172979130234987, -2.1729918333473823, -2.1730029604873384, -2.173011796354053, -2.1730175290111617, -2.1730214704346045, -2.173024846326298, -2.1730275295485053, -2.173030171905292, -2.1730337796432235, -2.173037924880644, -2.173042097941963, -2.1730465257765847, -2.1730507649619466, -2.1730541423429304, -2.173056808131988, -2.173058797574819, -2.173059877768482, -2.1730603789863703, -2.17306060661132, -2.173060501784226, -2.1730602764943465, -2.173060102951242, -2.1730598318776133, -2.173059510721139, -2.173059225163816, -2.1730588843655614, -2.173058585677003, -2.1730584526521843, -2.173058457965912, -2.173058674188424, -2.173059110219516, -2.173059635947045, -2.173060215389623, -2.1730607694446604, -2.173061180859445, -2.1730614753369686, -2.1730616599520842, -2.1730617391259894, -2.173061810611756, -2.173061903066588, -2.1730620238452203, -2.1730622096038763, -2.173062420084479, -2.173062625083379, -2.1730628149887097, -2.173062946625908, -2.1730630236120776, -2.173063057501953, -2.173063049054121, -2.1730630332943743, -2.173063020463304, -2.1730630137187608, -2.173063024504652, -2.1730630357229255, -2.1730630422481485, -2.1730630420554333, -2.173063027534347, -2.1730630103319655, -2.1730629954729803, -2.1730629892770135, -2.1730629988224535, -2.1730630188341484, -2.173063047781877, -2.1730630782282025, -2.17306310422716, -2.173063125463208, -2.173063139167996, -2.173063149301987, -2.1730631571389347, -2.1730631638341618, -2.1730631713428292, -2.1730631774374354, -2.173063183071679, -2.17306318680933, -2.1730631888652, -2.1730631905431603, -2.1730631914273926, -2.1730631933026148, -2.1730631952070665, -2.1730631970326377, -2.173063198166006, -2.173063197583338, -2.1730631959860913, -2.173063193395051, -2.173063191265633, -2.1730631902200366, -2.1730631907586417, -2.1730631927380784, -2.173063195326607, -2.173063197982105, -2.1730631999116037, -2.173063201207414, -2.1730632018733145, -2.173063202398512, -2.173063202951132, -2.1730632036495092, -2.17306320438949, -2.1730632049505463, -2.1730632053017374, -2.1730632053231873, -2.173063205253315, -2.17306320510857, -2.173063205103671, -2.173063205178363, -2.173063205326764, -2.1730632054320207, -2.1730632054416343, -2.1730632053598953, -2.1730632052365606, -2.173063205166777, -2.1730632051831664, -2.173063205307626, -2.1730632054717414, -2.173063205644429, -2.1730632057688872, -2.173063205868526, -2.1730632059469617, -2.173063206044558, -2.173063206145878, -2.173063206248171, -2.1730632063106174, -2.1730632063330257, -2.1730632063069484, -2.1730632062664914, -2.1730632062257236, -2.173063206212484, -2.173063206219681, -2.1730632062458515, -2.1730632062678654, -2.1730632062819715, -2.173063206279385, -2.173063206272304, -2.173063206264698, -2.1730632062675217, -2.1730632062779245, -2.173063206294882, -2.1730632063116917, -2.1730632063268036, -2.1730632063393553, -2.1730632063501996, -2.173063206359779]}