{"FCI": -1.9149681884122132, "Energy": -1.9149624597505492, "Loss": [-1.8856452222994857, -1.8928577989445623, -1.8982905354188218, -1.90189595622701, -1.9047978332172952, -1.9061510003195123, -1.9071840258787962, -1.9080458253677963, -1.9086261479057862, -1.9091539962118982, -1.9099178653488764, -1.9108251986377167, -1.911635171830459, -1.91226285203993, -1.9127872063389413, -1.9132352055751656, -1.9135384986095567, -1.9136753060490297, -1.9137423298920697, -1.9138571639168425, -1.9140322606960418, -1.9142024314603756, -1.9143311840447426, -1.9144460605839453, -1.9145700959829208, -1.914670906777688, -1.9147049031117174, -1.9146774763282148, -1.9146320007460922, -1.9145922533829494, -1.9145504476340849, -1.914506071739698, -1.9144827678930425, -1.9144955638378507, -1.9145264499395234, -1.914550179144234, -1.9145670114930469, -1.9145925173403253, -1.9146278143283981, -1.914661270193644, -1.914691816779307, -1.9147296614929978, -1.9147758045517014, -1.9148192169130658, -1.9148539473936084, -1.9148832572106185, -1.9149066440393123, -1.9149179503045874, -1.9149178397390905, -1.9149154108171826, -1.9149159655656598, -1.9149176942026025, -1.9149202098805105, -1.9149261210351407, -1.9149342806455276, -1.9149402724397304, -1.9149429750896814, -1.914943942729763, -1.9149426226196542, -1.914938334299391, -1.9149339262569203, -1.9149323323442486, -1.9149328714681262, -1.914934308543971, -1.9149372375568168, -1.9149412898938025, -1.914944577584708, -1.9149468011065516, -1.9149489507858317, -1.9149508354700753, -1.9149522147984275, -1.9149541364988945, -1.914956847119299, -1.914959140988707, -1.914960548410866, -1.9149614062986728, -1.9149614506766666, -1.914960610364873, -1.914959702259295, -1.914959177385918, -1.9149589036938153, -1.9149590592279173, -1.9149596652627654, -1.9149601557477858, -1.9149602945842887, -1.9149603285261223, -1.9149602815905389, -1.9149601726436216, -1.9149602580595162, -1.914960534879521, -1.9149608256119408, -1.9149611521191152, -1.9149614639338812, -1.914961633024959, -1.9149617633074638, -1.914961944510805, -1.9149621013962816, -1.9149622322026438, -1.9149623311284025, -1.9149623257191895, -1.9149622578993224, -1.9149621897477236, -1.914962113359054, -1.9149620754786607, -1.9149621003595185, -1.9149621289362702, -1.9149621507332286, -1.9149621745085996, -1.9149621840884643, -1.9149622082566986, -1.9149622582169592, -1.9149623026981226, -1.914962345090595, -1.9149623790120995, -1.9149623845206594, -1.9149623836877334, -1.9149623887631826, -1.9149623975546002, -1.9149624188938401, -1.9149624377289114, -1.914962441918364, -1.9149624389562312, -1.9149624263039366, -1.914962410972744, -1.9149624049495957, -1.9149624053857184, -1.9149624121994977, -1.9149624216106282, -1.9149624271062937, -1.9149624321806171, -1.91496243635898, -1.914962439751061, -1.9149624454289484, -1.914962450344486, -1.9149624540221746, -1.9149624556029774, -1.914962454138978, -1.9149624529522233, -1.914962452004489, -1.9149624518877177, -1.9149624532090324, -1.9149624539195662, -1.9149624542329304, -1.9149624536594623, -1.9149624526979738, -1.9149624528552875, -1.9149624534065937, -1.9149624546759156, -1.914962456132116, -1.9149624570826613, -1.9149624579470808, -1.9149624583706062, -1.914962458850931, -1.9149624591690504, -1.9149624590334684, -1.9149624588113576, -1.9149624584154525, -1.9149624582639995, -1.9149624583146303, -1.914962458482017, -1.9149624586723322, -1.914962458651002, -1.9149624586795742, -1.9149624587630174, -1.9149624589829746, -1.9149624592177614, -1.9149624593576848, -1.914962459432926, -1.9149624594219805, -1.9149624595002728, -1.9149624595972627, -1.914962459681803, -1.9149624596612067, -1.914962459556505, -1.9149624594617114, -1.9149624594074908, -1.914962459458964, -1.9149624595265582, -1.914962459589569, -1.9149624596079886, -1.9149624596212949, -1.9149624596440502, -1.9149624596743564, -1.914962459709655, -1.9149624597200905, -1.914962459719609, -1.9149624597091028, -1.9149624597117882, -1.9149624597128683, -1.9149624597170847, -1.9149624597123407, -1.9149624597061754, -1.9149624597005717, -1.914962459705296, -1.9149624597155304, -1.91496245972806, -1.9149624597390416, -1.9149624597455277, -1.9149624597492265, -1.9149624597501473]}