{"FCI": -2.1793345528867087, "Energy": -2.1772696165022354, "Loss": [-2.1274356321834476, -2.13521591881372, -2.1398551169783477, -2.143338234541996, -2.146035013515789, -2.148248015375224, -2.150117920086414, -2.151300278731883, -2.1530691333863863, -2.1543829788769924, -2.1555026537265993, -2.156507337991224, -2.157418105735625, -2.158248799103398, -2.1590103873617013, -2.159711827322419, -2.1603605316238963, -2.1609627003132528, -2.16152356691586, -2.1620475848476994, -2.162538570939022, -2.162999817508778, -2.163434180983332, -2.1638441527532084, -2.164231916396156, -2.1645993943043234, -2.164948285985742, -2.165280099756522, -2.1655961791389924, -2.165897724982749, -2.166185814105021, -2.1664614150776695, -2.16672540166094, -2.1669785642844097, -2.1672216198993284, -2.1674552204653432, -2.167679960287227, -2.1678963823790136, -2.1681049840019013, -2.16830622149819, -2.1685005145228575, -2.168688249757946, -2.168869784182166, -2.16904544795586, -2.169215546973068, -2.1693803651246983, -2.1695401663095577, -2.1696951962262006, -2.169845683972001, -2.169991843473824, -2.1701338747705687, -2.17027196516486, -2.1704062902596646, -2.1705370148928296, -2.1706642939811713, -2.1707882732844124, -2.1709090900975054, -2.1710268738793252, -2.171141746824488, -2.17125382438433, -2.171363215742037, -2.1714700242471605, -2.1715743478129617, -2.171676279280916, -2.17177590675505, -2.1718733139093107, -2.1719685802705975, -2.1720617814794996, -2.1721529895308676, -2.1722422729963378, -2.172329697229947, -2.172415324558726, -2.1724992144595143, -2.172581423722948, -2.172662006606073, -2.172741014974197, -2.1728184984331387, -2.172894504452487, -2.1729690784806923, -2.1730422640525466, -2.1731141028897185, -2.1731846349949198, -2.1732538987400334, -2.1733219309488487, -2.1733887669746403, -2.1734544407731033, -2.1735189849708663, -2.173582430929942, -2.17364480880853, -2.173706147618127, -2.1737664752775228, -2.173825818663599, -2.173884203659601, -2.1739416552002693, -2.1739981973149765, -2.174053853168223, -2.174108645098146, -2.1741625946529117, -2.174215722625158, -2.1742680490848283, -2.1743195934101345, -2.1743703743170157, -2.1744204098871966, -2.174469717594649, -2.1745183143310136, -2.174566216429557, -2.174613439688004, -2.1746599993903843, -2.174705910327748, -2.1747511868179275, -2.1747958427242615, -2.1748398914737277, -2.1748833460738815, -2.174926219129326, -2.174968522857195, -2.1750102691021556, -2.175051469350531, -2.1750921347439367, -2.1751322760922323, -2.1751719038860458, -2.175211028308467, -2.1752496592466017, -2.175287806302273, -2.175325478802614, -2.1753626858098247, -2.1753994361309257, -2.1754357383267267, -2.1754716007207175, -2.1755070314074114, -2.175542038260395, -2.1755766289400555, -2.175610810901058, -2.175644591399331, -2.1756779774989816, -2.1757109760788635, -2.1757435938387304, -2.1757758373055007, -2.1758077128387914, -2.175839226636717, -2.1758703847411422, -2.175901193042821, -2.1759316572864065, -2.1759617830751243, -2.1759915758754866, -2.176021041021513, -2.176050183719159, -2.1760790090502034, -2.1761075219763364, -2.176135727342884, -2.176163629882345, -2.1761912342180825, -2.176218544867529, -2.1762455662455134, -2.1762723026674133, -2.176298758352103, -2.1763249374249485, -2.1763508439205, -2.1763764817853537, -2.1764018548805883, -2.176426966984404, -2.1764518217945206, -2.176476422930464, -2.176500773935888, -2.176524878280743, -2.1765487393633807, -2.176572360512516, -2.1765957449893354, -2.1766188959892805, -2.176641816643884, -2.1766645100225777, -2.1766869791344146, -2.176709226929642, -2.1767312563014083, -2.176753070087198, -2.176774671070372, -2.1767960619816598, -2.1768172455004446, -2.1768382242562434, -2.1768590008298956, -2.176879577754896, -2.1768999575185917, -2.176920142563347, -2.1769401352877544, -2.176959938047697, -2.1769795531574325, -2.1769989828905816, -2.177018229481259, -2.177037295124908, -2.1770561819793293, -2.1770748921656367, -2.1770934277690337, -2.1771117908397026, -2.1771299833937605, -2.1771480074138974, -2.177165864850271, -2.1771835576212357, -2.1772010876140713, -2.177218456685712, -2.177235666663487, -2.177252719345646]}