{"FCI": -2.0726900082535016, "Energy": -2.072163732105635, "Loss": [-1.958394773141782, -1.9670967968871655, -1.9753645537262288, -1.983164571627471, -1.9904726057331252, -1.997439140480333, -2.0038596018611754, -2.0098138143529463, -2.0153704205947602, -2.0204488818077535, -2.0250885785663075, -2.0293582408916224, -2.0332456548829025, -2.036765590160429, -2.0399737827833673, -2.0428857870168695, -2.0455013223072864, -2.0478506820829203, -2.049961167791656, -2.0518358322474652, -2.053487454983237, -2.0549435020676134, -2.0562196819848975, -2.057326295467256, -2.0582869393434415, -2.0591254944269792, -2.0598552286650396, -2.060493178780923, -2.0610619262967713, -2.061576001658871, -2.0620457760643953, -2.0624865811889004, -2.0629094046163736, -2.063316974378223, -2.0637143282768817, -2.0641080303424553, -2.0644971485620154, -2.0648784277208483, -2.0652528054169803, -2.0656195749936708, -2.065974642508358, -2.06631645615324, -2.0666450503985305, -2.066958612431308, -2.067256599183118, -2.067540395908863, -2.067810291839227, -2.068066788457634, -2.068311715520872, -2.0685460728356038, -2.0687705945927184, -2.068986570413586, -2.0691943166501847, -2.0693939924629743, -2.0695862933232707, -2.0697709821490187, -2.0699477222684726, -2.0701167666527214, -2.070277802858346, -2.070430645798553, -2.0705754308334816, -2.070711817125573, -2.0708398653552766, -2.0709597627143426, -2.0710712043987853, -2.07117435154336, -2.071269406519652, -2.0713562946923783, -2.071435379534813, -2.071506983740184, -2.0715714167167505, -2.071629306438347, -2.0716811984398555, -2.0717277292643534, -2.0717695834907994, -2.0718073740930714, -2.0718417538562237, -2.071873182327611, -2.071902106307154, -2.0719289018351428, -2.0719537359601725, -2.071976831620864, -2.071998277841986, -2.072018104531335, -2.0720363963749184, -2.072053145937561, -2.072068392390967, -2.072082169390686, -2.0720945151198302, -2.072105490925143, -2.0721151400761335, -2.0721235509230826, -2.0721307886981957, -2.0721369435920645, -2.0721421118632524, -2.0721463880059967, -2.072149889785063, -2.0721527141774, -2.0721549762210234, -2.072156772525611, -2.0721581959591995, -2.0721593230868343, -2.0721602155416696, -2.072160928181701, -2.0721614899071543, -2.0721619333720542, -2.0721622744780075, -2.072162529526885, -2.0721627102313365, -2.072162828303233, -2.0721628933137812, -2.0721629099041126, -2.0721628678537467, -2.0721627141684267, -2.0721623163614127, -2.0721616899185884, -2.072161695170784, -2.072162601616742, -2.072162544238739, -2.072161920403844, -2.072162427620483, -2.0721626199014924, -2.0721621281065445, -2.07216250825752, -2.072162628787308, -2.072162302225023, -2.0721626553233254, -2.07216265687021, -2.07216248484856, -2.0721627913168947, -2.0721627131194005, -2.072162673084537, -2.0721629113074185, -2.0721628170512774, -2.072162871695543, -2.0721630461024794, -2.072162977545535, -2.0721630804147453, -2.0721632054233488, -2.072163167868309, -2.0721632779471766, -2.0721633664280654, -2.0721633468166933, -2.0721634395099873, -2.072163502315384, -2.0721634874620056, -2.0721635538177328, -2.0721635998438255, -2.0721635840868395, -2.072163624220564, -2.0721636611160283, -2.072163646393848, -2.07216366475096, -2.0721636969855393, -2.072163688868847, -2.0721636907980154, -2.072163716755002, -2.07216371902665, -2.0721637112057283, -2.0721637250819502, -2.0721637359160976, -2.0721637284256276, -2.0721637278684635, -2.0721637385521956, -2.0721637397156245, -2.0721637326979665, -2.0721637337709837, -2.072163739983648, -2.0721637389906955, -2.0721637336915237, -2.0721637337280203, -2.0721637376864877, -2.0721637380196554, -2.0721637345558794, -2.0721637330437463, -2.07216373518881, -2.07216373728037, -2.0721637365730827, -2.072163734631322, -2.0721637342581922, -2.072163735860224, -2.072163737671284, -2.072163738192643, -2.0721637376064193, -2.072163737059059, -2.0721637373869326, -2.0721637385230895, -2.0721637398549597, -2.0721637408123956, -2.0721637411888603, -2.0721637411133584, -2.0721637408288083, -2.072163740537959, -2.072163740323975, -2.0721637401780426, -2.072163740024488, -2.0721637397552612, -2.0721637392132326, -2.0721637381457865, -2.072163736087386]}