{"FCI": -2.17308140531179, "Energy": -2.171515299369476, "Loss": [-2.125063211337754, -2.1327651015909765, -2.1372802559699964, -2.1406490154719093, -2.1432260398195697, -2.145323937021261, -2.147083810248876, -2.1481117354594215, -2.149841496862305, -2.151051957087416, -2.152081896161464, -2.1530024288273033, -2.1538337088988806, -2.154589284838786, -2.1552798773254493, -2.155914200999352, -2.1564994326122324, -2.157041544437151, -2.1575455517173396, -2.1580156999775055, -2.1584556090804528, -2.1588683855483084, -2.159256711209526, -2.1596229139132563, -2.159969024481015, -2.1602968229655275, -2.160607876513856, -2.160903570573873, -2.1611851347762765, -2.1614536645250526, -2.1617101391033313, -2.161955436931768, -2.1621903484862823, -2.162415587281166, -2.1626317992449864, -2.1628395707553016, -2.16303943554911, -2.1632318806869963, -2.1634173517179036, -2.1635962571658496, -2.1637689724398674, -2.1639358432514957, -2.1640971886103335, -2.1642533034572935, -2.164404460985776, -2.1645509146929047, -2.1646929001971316, -2.1648306368527, -2.1649643291873315, -2.1650941681853, -2.1652203324355037, -2.1653429891606297, -2.1654622951421265, -2.1655783975530483, -2.165691434709659, -2.165801536750987, -2.1659088262544315, -2.166013418794667, -2.166115423451709, -2.1662149432739226, -2.1663120757003846, -2.166406912947199, -2.1664995423608895, -2.166590046742884, -2.166678504647099, -2.166764990654134, -2.1668495756234316, -2.1669323269261955, -2.167013308660388, -2.1670925818496025, -2.167170204627242, -2.167246232407384, -2.1673207180432588, -2.1673937119746136, -2.167465262364782, -2.1675354152284765, -2.167604214550735, -2.1676717023981067, -2.1677379190224313, -2.1678029029579418, -2.1678666911121103, -2.167929318850647, -2.1679908200774807, -2.168051227309452, -2.1681105717466655, -2.168168883338614, -2.1682261908461817, -2.168282521900206, -2.168337903056503, -2.1683923598477772, -2.1684459168324826, -2.1684985976410998, -2.168550425019662, -2.168601420870867, -2.168651606293152, -2.168701001617353, -2.168749626441665, -2.168797499664502, -2.1688446395158416, -2.1688910635867202, -2.168936788857387, -2.168981831723894, -2.169026208023338, -2.1690699330578593, -2.169113021617474, -2.1691554880016595, -2.169197346039956, -2.1692386091114844, -2.169279290163686, -2.169319401729913, -2.169358955946394, -2.169397964568165, -2.169436438984568, -2.1694743902336415, -2.1695118290161424, -2.1695487657087558, -2.1695852103767725, -2.169621172786172, -2.1696566624150817, -2.16969168846483, -2.169726259870474, -2.1697603853107252, -2.169794073217745, -2.1698273317861156, -2.169860168981719, -2.1698925925501076, -2.1699246100245175, -2.1699562287335405, -2.1699874558085384, -2.1700182981905805, -2.170048762637279, -2.1700788557291775, -2.170108583876007, -2.1701379533225613, -2.170166970154387, -2.17019564030328, -2.1702239695524965, -2.170251963541696, -2.1702796277719085, -2.1703069676099718, -2.1703339882931565, -2.170360694933247, -2.1703870925207878, -2.1704131859288593, -2.170438979916994, -2.1704644791347074, -2.1704896881250706, -2.1705146113279468, -2.1705392530833643, -2.1705636176344725, -2.170587709130638, -2.170611531630235, -2.170635089103475, -2.170658385435019, -2.1706814244266157, -2.170704209799413, -2.170726745196537, -2.170749034185194, -2.1707710802590245, -2.17079288684016, -2.170814457281252, -2.170835794867498, -2.170856902818512, -2.170877784290237, -2.1708984423765982, -2.170918880111329, -2.1709391004695133, -2.1709591063693314, -2.1709789006734463, -2.1709984861906007, -2.1710178656769803, -2.1710370418376295, -2.171056017327833, -2.1710747947543485, -2.171093376676694, -2.1711117656083885, -2.171129964018024, -2.1711479743305295, -2.1711657989281434, -2.1711834401516006, -2.1712009003010406, -2.171218181637119, -2.171235286381828, -2.1712522167195205, -2.171268974797857, -2.1712855627285723, -2.1713019825883983, -2.1713182364198205, -2.171334326231964, -2.171350254001265, -2.17136602167233, -2.1713816311585257, -2.171397084342799, -2.1714123830782768, -2.171427529189034, -2.171442524470607, -2.1714573706907347, -2.171472069589872, -2.1714866228818086, -2.171501032254275]}