{"FCI": -2.161571884135796, "Energy": -2.1614724296633647, "Loss": [-2.0911078458391708, -2.0992179177376276, -2.1066376495671215, -2.1132869223414934, -2.1194056793672975, -2.124677924379335, -2.129428337620721, -2.133471862720738, -2.1368446605296225, -2.1397340913271075, -2.1421601135286155, -2.1441215254604082, -2.145730578609368, -2.1471004793471558, -2.148254071074275, -2.149209188132342, -2.1500407489167594, -2.1508150095903105, -2.1515374395751214, -2.1522032708048484, -2.1528418639428843, -2.1534794723561173, -2.1541018832352785, -2.154687542074127, -2.155243093441665, -2.1557800477796274, -2.1562858069841386, -2.15674479880282, -2.1571636662546188, -2.1575539635712806, -2.157910757806248, -2.1582282826700085, -2.1585164379750723, -2.1587859106335388, -2.159035319226911, -2.1592646194409832, -2.1594829629364933, -2.1596954945831266, -2.159898966848846, -2.160093280252451, -2.1602818743083656, -2.1604621612410577, -2.16062883704556, -2.160781455914177, -2.1609194891575108, -2.1610385185768273, -2.1611369129776974, -2.1612169424451704, -2.161278763639428, -2.161322263516558, -2.1613513258853825, -2.1613698580813856, -2.1613794774697834, -2.16138329414545, -2.1613851939702275, -2.161386570380081, -2.1613883097510223, -2.1613919711587632, -2.161397505703764, -2.1614040839705755, -2.1614116485497865, -2.16141947707818, -2.161426491135101, -2.161432620702692, -2.1614376118286382, -2.1614409667465093, -2.1614431320699374, -2.1614444388911083, -2.1614447874641187, -2.1614447358840865, -2.161444689580643, -2.161444522072397, -2.161444548791486, -2.1614449601613237, -2.161445505314841, -2.1614462851079352, -2.1614473258966393, -2.161448382104492, -2.1614495087364247, -2.1614506931797903, -2.1614518053183547, -2.1614529525026698, -2.1614541325221452, -2.161455323479165, -2.1614566501519183, -2.1614580739836735, -2.161459582836048, -2.1614612198877667, -2.161462867568711, -2.1614644754826875, -2.16146600297981, -2.161467331119356, -2.161468442587552, -2.1614693158845864, -2.1614699380374236, -2.161470369769102, -2.16147064438669, -2.1614708258417625, -2.1614709730516424, -2.1614711081436915, -2.1614712678470527, -2.161471441742489, -2.1614716185240224, -2.1614717895639557, -2.1614719221805396, -2.16147201783404, -2.161472069047036, -2.161472077960318, -2.1614720664157843, -2.161472038829683, -2.1614720146160473, -2.161472001174018, -2.161471999819072, -2.161472013991204, -2.1614720341629168, -2.161472059216413, -2.161472080929034, -2.161472096626254, -2.16147210695806, -2.1614721097181437, -2.161472111471624, -2.1614721128443493, -2.1614721186450114, -2.161472131469453, -2.161472151512702, -2.161472179788011, -2.1614722131985897, -2.1614722501581736, -2.1614722864366347, -2.161472319820702, -2.1614723474513555, -2.16147236842629, -2.1614723828858335, -2.161472391457056, -2.1614723965143487, -2.161472399068074, -2.1614724014007187, -2.1614724038162545, -2.161472407027395, -2.161472410555332, -2.1614724140110972, -2.1614724168527593, -2.1614724187281618, -2.161472419686386, -2.1614724197571196, -2.161472419511848, -2.161472419022106, -2.1614724188221954, -2.1614724187713783, -2.161472419051901, -2.161472419391708, -2.1614724197724007, -2.1614724199959348, -2.1614724201014117, -2.1614724200627986, -2.1614724200470574, -2.161472420126369, -2.1614724204819438, -2.1614724211316454, -2.161472422124336, -2.1614724233418996, -2.161472424680355, -2.1614724259550675, -2.1614724270456422, -2.1614724278454607, -2.161472428357457, -2.1614724286074356, -2.161472428707159, -2.161472428726727, -2.161472428763494, -2.161472428829139, -2.1614724289428184, -2.1614724290606975, -2.161472429169534, -2.161472429235954, -2.1614724292692795, -2.161472429269926, -2.1614724292624623, -2.1614724292531586, -2.1614724292524756, -2.161472429255331, -2.1614724292580827, -2.1614724292564857, -2.161472429249022, -2.161472429242319, -2.1614724292395304, -2.161472429250914, -2.161472429276301, -2.1614724293196104, -2.1614724293743586, -2.1614724294367407, -2.1614724294984295, -2.161472429552747, -2.161472429595682, -2.1614724296239567, -2.161472429640448, -2.1614724296473415, -2.1614724296503436, -2.1614724296529784, -2.1614724296570724]}