{"FCI": -2.095168837372056, "Energy": -2.0947922057205113, "Loss": [-1.9927198810655586, -2.00128101110738, -2.0093591222077127, -2.0168964369716855, -2.0239946159598277, -2.030563451534462, -2.0366750288749316, -2.0422188681777182, -2.0472999128458573, -2.051938242282566, -2.0560911696932815, -2.059824083395179, -2.063203612133624, -2.0662195757099853, -2.068888058255167, -2.071271976912851, -2.073394708744812, -2.0752525476202504, -2.076874775719401, -2.0783004031961907, -2.0795397369201103, -2.0806050662150986, -2.081530387295653, -2.0823402346278925, -2.0830447952002276, -2.0836655868524785, -2.084228944317197, -2.0847456398338395, -2.0852238379595383, -2.085680843466361, -2.086127050375374, -2.086561824803977, -2.0869888681127104, -2.0874140481767345, -2.087834298392452, -2.088245080028621, -2.0886467815309566, -2.0890366875474453, -2.089409448715963, -2.089764349896103, -2.0901009449572214, -2.0904163198945582, -2.0907113283680636, -2.090988658481864, -2.091248095173107, -2.0914912596086, -2.0917220327912442, -2.091941393071659, -2.092150188030532, -2.0923510302678014, -2.092544270054242, -2.09272948525264, -2.0929075003934052, -2.0930776536418683, -2.093238946387278, -2.093391464504583, -2.093534309123117, -2.0936668244436283, -2.0937893261015947, -2.093901335808006, -2.09400287611983, -2.0940946338626016, -2.094176602962417, -2.0942493476499155, -2.0943136944340814, -2.094369977169463, -2.094419098628093, -2.094461879327709, -2.0944989328716463, -2.0945312852173728, -2.094559630720177, -2.0945846933134806, -2.094607283381689, -2.0946277940874447, -2.0946467499036743, -2.0946644660620093, -2.0946810013815234, -2.094696521073142, -2.0947109318929007, -2.094724170685764, -2.094736178782121, -2.0947468230131867, -2.0947561320223125, -2.09476405457985, -2.0947706576545055, -2.094776057237713, -2.0947803187060248, -2.0947836341390733, -2.094786109404393, -2.0947878909581097, -2.094789123179862, -2.0947898966949334, -2.094790341274427, -2.094790524614632, -2.0947905409947816, -2.094790444236221, -2.0947902864211, -2.09479011593903, -2.0947899417837847, -2.094789796285915, -2.094789670740156, -2.094789572872491, -2.0947894942185217, -2.0947894308432695, -2.0947893825949193, -2.094789344762821, -2.094789326715904, -2.0947893260605985, -2.0947893538867617, -2.0947894075718563, -2.0947894914990273, -2.0947896003266053, -2.094789729769388, -2.0947898722463982, -2.094790020211575, -2.094790167086425, -2.0947903071989193, -2.094790438724945, -2.09479055910156, -2.0947906709929502, -2.0947907741500766, -2.0947908725488493, -2.094790966729714, -2.0947910597544714, -2.0947911517835, -2.0947912446034653, -2.0947913374907805, -2.094791431251369, -2.0947915241650317, -2.0947916160384765, -2.0947917044357474, -2.094791788275656, -2.0947918650926542, -2.0947919337933705, -2.0947919927437706, -2.094792041912947, -2.0947920810297425, -2.094792111366795, -2.0947921338011053, -2.094792150186011, -2.0947921617559175, -2.09479217005926, -2.0947921759881627, -2.094792180422218, -2.0947921837608523, -2.09479218635876, -2.0947921883379577, -2.09479218976932, -2.094792190579898, -2.094792190291661, -2.0947921872319935, -2.0947921750266496, -2.0947921302809522, -2.0947919674846642, -2.0947914229826425, -2.094790187866591, -2.0947897915921403, -2.0947917845308957, -2.0947916299709535, -2.094790614868219, -2.094792061529855, -2.0947914376702133, -2.0947913547851233, -2.0947921558483222, -2.0947913047551903, -2.0947920534651723, -2.094791778576137, -2.094791733830012, -2.0947921439991055, -2.0947916652558547, -2.0947921706795327, -2.094791862504676, -2.0947920152481134, -2.094792102281336, -2.0947919095086895, -2.0947922020141907, -2.0947919552572807, -2.094792151056413, -2.094792091959084, -2.094792062853719, -2.094792193085169, -2.094792046750885, -2.0947921936182836, -2.094792114450618, -2.0947921366977034, -2.0947921894618933, -2.094792109916924, -2.094792202230311, -2.0947921461875665, -2.094792165800842, -2.094792196188054, -2.0947921469563697, -2.094792202256931, -2.0947921737419533, -2.09479217572956, -2.0947922039533733, -2.094792170142624, -2.094792198144151, -2.0947921942465313, -2.0947921807995633]}