{"FCI": -2.180410213096908, "Energy": -2.1803790364104882, "Loss": [-2.126468527021191, -2.134288604013583, -2.1412082591695842, -2.147135507236534, -2.1524180385867506, -2.156600067277371, -2.160177973678537, -2.1629907164445004, -2.165057011987972, -2.166673826341125, -2.167987863213275, -2.169008862135358, -2.1698280748455256, -2.1706022308133948, -2.171386904362127, -2.1721436274524897, -2.1728611729942946, -2.1735801375273036, -2.1743057709945046, -2.174985681094651, -2.175580989897956, -2.1761060297438917, -2.176581204930229, -2.1769928952100455, -2.17732723684557, -2.1776070676946566, -2.1778675439306463, -2.178116779893166, -2.178348238277255, -2.178571372151213, -2.1788031159045826, -2.179040483914953, -2.179267103007696, -2.179477634617391, -2.1796747359357913, -2.179850732063475, -2.179993160663208, -2.180101589673061, -2.1801828986593943, -2.1802377637147767, -2.180265856013305, -2.1802755594345493, -2.180276662894751, -2.1802717893580965, -2.1802627828407997, -2.180255546385227, -2.1802530622968646, -2.180253069457662, -2.180254781832145, -2.180259385153977, -2.1802651215388402, -2.1802694607658313, -2.1802729238769474, -2.180276029160982, -2.180277622293384, -2.1802782866233095, -2.1802798419489515, -2.1802821779212, -2.180285028069846, -2.1802896221611916, -2.1802959798665302, -2.180302808693993, -2.1803100755681766, -2.180317858214679, -2.180324959964006, -2.1803309309364365, -2.180336242885542, -2.1803405853065496, -2.180343817531011, -2.18034668995719, -2.180349422133149, -2.1803519465873755, -2.1803547617135575, -2.1803579526523635, -2.1803611621902865, -2.1803644612904, -2.1803677385604145, -2.180370553340921, -2.1803728967857983, -2.180374784334517, -2.180376022989876, -2.1803767690640514, -2.180377209337694, -2.180377329022858, -2.1803773094281693, -2.1803772795165886, -2.180377182062624, -2.1803770895107526, -2.1803770144414614, -2.180376875458935, -2.1803767272008074, -2.1803765856747215, -2.180376441018352, -2.1803763765907087, -2.180376407276896, -2.1803765312389864, -2.1803767690745635, -2.1803770623353484, -2.1803773700071, -2.1803776585742063, -2.180377867725009, -2.1803780012919742, -2.180378066182479, -2.180378074560713, -2.180378082197989, -2.1803781089703067, -2.1803781734835126, -2.180378291194963, -2.1803784348340702, -2.1803785908303372, -2.180378736104677, -2.1803788444392866, -2.180378918407543, -2.180378953615921, -2.180378961351966, -2.1803789591194014, -2.180378951104216, -2.180378949280633, -2.180378952332325, -2.1803789562536493, -2.180378960386612, -2.180378958203158, -2.180378952178649, -2.1803789431906506, -2.180378934427863, -2.180378930628171, -2.1803789314523687, -2.180378938768425, -2.180378949390318, -2.1803789611237163, -2.1803789722581803, -2.1803789804116525, -2.1803789867184618, -2.18037899100018, -2.180378995078596, -2.1803789995243545, -2.1803790046428304, -2.1803790104596636, -2.1803790157559972, -2.180379020613509, -2.1803790239897376, -2.1803790264378025, -2.180379028048308, -2.1803790292327525, -2.180379030511145, -2.1803790316238563, -2.1803790327897254, -2.1803790334025055, -2.180379033571345, -2.180379033045019, -2.1803790321188035, -2.1803790310559417, -2.1803790301399593, -2.180379029700261, -2.1803790297194294, -2.1803790302538775, -2.180379031034991, -2.180379031961256, -2.1803790327753134, -2.1803790334591935, -2.1803790339183835, -2.1803790342580722, -2.180379034491946, -2.1803790347248375, -2.1803790349609975, -2.1803790352198917, -2.1803790354689276, -2.180379035681354, -2.1803790358442274, -2.180379035951796, -2.1803790360313355, -2.1803790360885893, -2.1803790361450037, -2.18037903617977, -2.1803790361923463, -2.180379036157508, -2.1803790360933375, -2.180379036007636, -2.1803790359433703, -2.18037903591534, -2.180379035942933, -2.1803790360080395, -2.180379036093333, -2.180379036169162, -2.180379036223384, -2.1803790362535387, -2.1803790362706947, -2.180379036288202, -2.1803790363131093, -2.1803790363458897, -2.1803790363770252, -2.180379036400322, -2.180379036408898, -2.1803790364079627, -2.1803790364009545, -2.180379036397747, -2.1803790363986186, -2.18037903640497, -2.180379036410442, -2.1803790364130715]}