{"FCI": -2.0652279741058157, "Energy": -2.0497317632046284, "Loss": [-1.9467400699345405, -1.9554896145208687, -1.9612804196786415, -1.9658187934022266, -1.9696005581201959, -1.972866346427014, -1.9757583864023245, -1.9783564659792667, -1.9803723873152308, -1.9829091522587414, -1.9849366371130646, -1.9868207719465376, -1.9885858744651124, -1.9902467254631833, -1.9918154169041142, -1.9933016437240318, -1.9947135463121526, -1.9960580025480863, -1.997341019960474, -1.9985678191396037, -1.9997429768258117, -2.0008705042402277, -2.001953944152623, -2.002996437360294, -2.0040007868914977, -2.004969504458543, -2.0059048526167444, -2.00680887678804, -2.0076834339044787, -2.0085302150499227, -2.009350765622011, -2.010146501769629, -2.010918725005903, -2.011668634410569, -2.012397337477256, -2.01310585934296, -2.0137951510023564, -2.014466096401993, -2.015119518767881, -2.01575618613601, -2.0163768162994273, -2.0169820811745103, -2.017572610719409, -2.01814899642075, -2.0187117944331985, -2.0192615283925823, -2.0197986919578197, -2.0203237511015693, -2.0208371461877235, -2.0213392938526056, -2.0218305887171217, -2.0223114049440256, -2.0227820976596487, -2.023243004252294, -2.023694445561234, -2.024136726966401, -2.024570139389147, -2.0249949602123984, -2.02541145412799, -2.0258198739181084, -2.02622046117673, -2.0266134469766217, -2.026999052486924, -2.027377489545261, -2.0277489611887654, -2.0281136621473195, -2.028471779302235, -2.028823492113056, -2.029168973015605, -2.0295083877930304, -2.0298418959222824, -2.0301696508980522, -2.030491800535579, -2.0308084872544763, -2.0311198483443773, -2.0314260162143425, -2.031727118626807, -2.0320232789175066, -2.032314616202123, -2.032601245570845, -2.032883278271532, -2.0331608218823254, -2.033433980474438, -2.0337028547657945, -2.0339675422660806, -2.0342281374140216, -2.034484731706856, -2.0347374138232373, -2.034986269739366, -2.0352313828391817, -2.03547283401868, -2.035710701785076, -2.035945062350785, -2.036175989722822, -2.0364035557875875, -2.0366278303917715, -2.036848881418955, -2.0370667748630344, -2.037281574897608, -2.037493343942552, -2.0377021427272957, -2.037908030351115, -2.038111064340947, -2.0383113007063627, -2.038508793992112, -2.038703597328494, -2.038895762479415, -2.039085339888388, -2.0392723787225457, -2.039456926914825, -2.0396390312043744, -2.039818737175261, -2.0399960892936075, -2.0401711309431407, -2.0403439044594665, -2.040514451162799, -2.0406828113894395, -2.0408490245221262, -2.04101312901907, -2.041175162441887, -2.041335161482556, -2.0414931619892642, -2.041649198991288, -2.041803306723004, -2.0419555186469722, -2.0421058674761574, -2.042254385195399, -2.0424011030820597, -2.0425460517259957, -2.0426892610486584, -2.0428307603217966, -2.042970578185269, -2.043108742664387, -2.0432452811865214, -2.0433802205972715, -2.0435135871761267, -2.0436454066513536, -2.0437757042147555, -2.0439045045355866, -2.0440318317742343, -2.0441577095954413, -2.0442821611809694, -2.0444052092420106, -2.0445268760311377, -2.0446471833538, -2.04476615257969, -2.0448838046534243, -2.045000160105199, -2.045115239060974, -2.0452290612522934, -2.04534164602608, -2.0454530123536276, -2.0455631788399553, -2.045672163732345, -2.0457799849289406, -2.045886659987013, -2.0459922061309506, -2.046096640260002, -2.0461999789559475, -2.0463022384903096, -2.04640343483161, -2.046503583652259, -2.0466027003352107, -2.0467007999807043, -2.0467978974124543, -2.0468940071839974, -2.0469891435845575, -2.0470833206451213, -2.047176552143898, -2.0472688516120794, -2.0473602323391344, -2.047450707378127, -2.047540289550746, -2.0476289914524406, -2.0477168254571145, -2.0478038037220245, -2.0478899381922044, -2.0479752406051026, -2.048059722494865, -2.0481433951967203, -2.0482262698509617, -2.0483083574071106, -2.0483896686278924, -2.0484702140929665, -2.048550004202851, -2.048629049182368, -2.048707359084466, -2.04878494379349, -2.048861813028705, -2.0489379763475517, -2.0490134431489433, -2.0490882226764398, -2.049162324021179, -2.049235756125108, -2.0493085277837655, -2.0493806476492074, -2.0494521242328037, -2.049522965908049, -2.04959318091311, -2.049662777353479]}