{"FCI": -2.1312655827648697, "Energy": -2.1168403669531752, "Loss": [-2.046186118271592, -2.047020620910825, -2.0478460689481963, -2.048662568062575, -2.0494702226675385, -2.05026913592504, -2.051059409759058, -2.0518411448691616, -2.0526144407440436, -2.053379395674927, -2.054136106768849, -2.0548846699620475, -2.0556251800329877, -2.0563577306155567, -2.0570824142120183, -2.057799322205944, -2.0585085448749827, -2.059210171403621, -2.0599042898957554, -2.0605909873873154, -2.0612703498585407, -2.0619424622464306, -2.0626074084569015, -2.0632652713769426, -2.0639161328865607, -2.0645600738708008, -2.0651971742314172, -2.0658275128987045, -2.066451167843011, -2.0670682160861933, -2.0676787337131004, -2.068282795882715, -2.0688804768394706, -2.0694718499240916, -2.0700569875847283, -2.0706359613876972, -2.0712088420282173, -2.0717756993410483, -2.0723366023109593, -2.0728916190831566, -2.0734408169735463, -2.073984262478973, -2.0745220212871907, -2.0750541582869504, -2.075580737577702, -2.0761018224795817, -2.0766174755427818, -2.0771277585572467, -2.077632732562066, -2.0781324578548657, -2.0786269940008792, -2.079116399842211, -2.0796007335067492, -2.0800800524171508, -2.0805544132995952, -2.081023872192488, -2.0814884844551216, -2.081948304776127, -2.0824033871818304, -2.082853785044703, -2.0832995510914385, -2.0837407374110946, -2.084177395463117, -2.0846095760852834, -2.0850373295014384, -2.085460705329314, -2.0858797525880943, -2.0862945197059872, -2.0867050545276733, -2.08711140432163, -2.087513615787486, -2.087911735063047, -2.0883058077314742, -2.088695878828369, -2.0890819928485107, -2.0894641937528164, -2.0898425249750114, -2.0902170294283073, -2.0905877495120238, -2.0909547271179694, -2.09131800363694, -2.091677619965094, -2.092033616510074, -2.0923860331971897, -2.092734909475648, -2.093080284324429, -2.093422196258254, -2.093760683333513, -2.094095783153933, -2.0944275328764257, -2.094755969216611, -2.095081128454449, -2.0954030464397237, -2.0957217585974672, -2.0960372999332795, -2.0963497050386932, -2.0966590080963234, -2.096965242885007, -2.097268442784967, -2.097568640782774, -2.0978658694762644, -2.098160161079532, -2.098451547427638, -2.098740059981467, -2.0990257298324035, -2.099308587706888, -2.0995886639711263, -2.0998659886355497, -2.1001405913591844, -2.1004125014542976, -2.1006817478904556, -2.100948359299018, -2.1012123639772393, -2.101473789892591, -2.1017326646867085, -2.1019890156795995, -2.10224286987359, -2.102494253957327, -2.102743194309609, -2.1029897170034366, -2.1032338478095456, -2.1034756122003637, -2.1037150353537286, -2.1039521421564293, -2.1041869572078853, -2.1044195048237504, -2.1046498090393286, -2.1048778936132013, -2.1051037820305196, -2.1053274975063982, -2.1055490629893656, -2.1057685011645444, -2.1059858344569986, -2.1062010850348107, -2.1064142748123853, -2.1066254254535566, -2.1068345583745467, -2.107041694747223, -2.1072468555018955, -2.1074500613304115, -2.1076513326890454, -2.1078506898014036, -2.1080481526612576, -2.108243741035352, -2.1084374744662124, -2.108629372274884, -2.1088194535636067, -2.1090077372184903, -2.1091942419122214, -2.109378986106585, -2.1095619880550087, -2.1097432658052515, -2.10992283720173, -2.1101007198880835, -2.1102769313095817, -2.110451488715555, -2.110624409161729, -2.1107957095126118, -2.110965406443814, -2.1111335164442506, -2.111300055818501, -2.1114650406889752, -2.111628486998104, -2.111790410510545, -2.111950826815284, -2.112109751327805, -2.1122671992920887, -2.1124231857827627, -2.112577725707057, -2.112730833806864, -2.1128825246607095, -2.113032812685654, -2.1131817121393173, -2.113329237121716, -2.1134754015771344, -2.113620219296044, -2.1137637039168884, -2.1139058689278825, -2.1140467276688564, -2.114186293332981, -2.114324578968452, -2.114461597480344, -2.1145973616322076, -2.114731884047776, -2.1148651772125704, -2.114997253475618, -2.115128125051012, -2.1152578040195285, -2.1153863023301813, -2.1155136318017282, -2.1156398041243194, -2.115764830860882, -2.1158887234487382, -2.116011493200984, -2.116133151307949, -2.1162537088387157, -2.1163731767424707, -2.11649156584989, -2.116608886874613, -2.116725150414554]}