{"FCI": -2.1791824827206256, "Energy": -2.1731685912909535, "Loss": [-2.1209340444022655, -2.1217123053958984, -2.122478681754794, -2.1232333755623105, -2.1239765852125245, -2.124708505478584, -2.1254293275799143, -2.1261392392483347, -2.1268384247929513, -2.127527065164142, -2.128205338016153, -2.1288734177688777, -2.129531475668315, -2.1301796798462447, -2.1308181953785854, -2.1314471843428393, -2.1320668058745342, -2.13267721622261, -2.1332785688037914, -2.133871014256038, -2.1344547004909318, -2.1350297727452654, -2.135596373631491, -2.136154643187301, -2.1367047189245065, -2.137246735876652, -2.1377808266459657, -2.1383071214495004, -2.138825748164181, -2.139336832371189, -2.139840497399454, -2.1403368643682943, -2.1408260522293516, -2.141308177807632, -2.1417833558417874, -2.1422516990236447, -2.142713318037025, -2.1431683215957316, -2.1436168164808844, -2.144058907577479, -2.144494697910359, -2.1449242886792748, -2.145347779293571, -2.145765267405918, -2.146176848945527, -2.1465826181508114, -2.1469826676011556, -2.147377088248381, -2.147765969447342, -2.1481493989861105, -2.1485274631153883, -2.1489002465775835, -2.149267832635096, -2.149630303098195, -2.1499877383523116, -2.1503402173847337, -2.1506878178109288, -2.151030615900209, -2.151368686600923, -2.1517021035652704, -2.152030939173421, -2.152355264557421, -2.152675149624381, -2.1529906630793825, -2.153301872447863, -2.153608844097547, -2.1539116432600753, -2.154210334051954, -2.1545049794954387, -2.1547956415386795, -2.1550823810756565, -2.155365257965751, -2.155644331052787, -2.1559196581837785, -2.1561912962274254, -2.1564593010920046, -2.1567237277431013, -2.156984630220943, -2.1572420616574206, -2.157496074292601, -2.157746719491257, -2.1579940477587862, -2.1582381087568487, -2.158478951318892, -2.158716623465127, -2.1589511724174915, -2.1591826446139146, -2.1594110857228643, -2.1596365406570257, -2.1598590535871476, -2.1600786679554065, -2.1602954264885814, -2.1605093712109507, -2.1607205434569567, -2.160928983883664, -2.1611347324828123, -2.161337828592865, -2.161538310910684, -2.1617362175029795, -2.1619315858176025, -2.162124452694625, -2.162314854377084, -2.162502826521647, -2.162688404209082, -2.1628716219543827, -2.1630525137168943, -2.1632311129100943, -2.1634074524112057, -2.1635815645706997, -2.1637534812216366, -2.16392323368862, -2.164090852796899, -2.164256368880987, -2.164419811793362, -2.164581210912849, -2.1647405951528693, -2.164897992969626, -2.1650534323700548, -2.165206940919541, -2.165358545749725, -2.165508273565923, -2.165656150654588, -2.1658022028904593, -2.165946455743706, -2.1660889342869867, -2.166229663202181, -2.16636866678711, -2.166505968962192, -2.166641593276849, -2.166775562915921, -2.1669079007057968, -2.1670386291206483, -2.167167770288307, -2.1672953459962265, -2.1674213776972513, -2.1675458865152937, -2.1676688932508674, -2.16779041838659, -2.1679104820925623, -2.1680291042315547, -2.1681463043642677, -2.168262101754374, -2.168376515373464, -2.168489563906044, -2.1686012657541607, -2.1687116390422685, -2.1688207016218715, -2.168928471075893, -2.169034964723349, -2.1691401996235604, -2.1692441925805803, -2.1693469601473416, -2.169448518629789, -2.169548884091073, -2.169648072355405, -2.1697460990120674, -2.1698429794192347, -2.169938728707845, -2.170033361785145, -2.1701268933385864, -2.1702193378391597, -2.170310709545089, -2.1704010225053154, -2.170490290562694, -2.170578527357589, -2.170665746330975, -2.1707519607277517, -2.170837183599858, -2.1709214278093865, -2.1710047060317264, -2.1710870307584273, -2.171168414300231, -2.1712488687899674, -2.1713284061853892, -2.1714070382719646, -2.1714847766655976, -2.1715616328154184, -2.171637618006317, -2.1717127433616383, -2.1717870198457137, -2.171860458266371, -2.1719330692774212, -2.172004863381064, -2.1720758509303404, -2.172146042131407, -2.1722154470458386, -2.172284075593006, -2.172351937552167, -2.172419042564723, -2.1724854001364027, -2.172551019639305, -2.1726159103140503, -2.17268008127173, -2.1727435414960663, -2.172806299845171, -2.1728683650537493, -2.172929745734803, -2.1729904503815725, -2.1730504873694136, -2.1731098649575618]}