{"FCI": -1.862721012958004, "Energy": -1.8621306515935065, "Loss": [-1.8346636046155602, -1.8354215468557058, -1.8361546010218774, -1.8368637220883113, -1.8375498242499129, -1.8382137827825331, -1.8388564358154809, -1.839478586020629, -1.8400810022217409, -1.840664420928068, -1.8412295477957359, -1.8417770590200984, -1.8423076026627632, -1.8428217999161056, -1.8433202463082985, -1.8438035128517218, -1.844272147137554, -1.8447266743789323, -1.8451675984052778, -1.84559540261018, -1.8460105508548075, -1.8464134883293082, -1.8468046423739908, -1.8471844232622334, -1.8475532249471356, -1.8479114257734166, -1.8482593891563415, -1.848597464229289, -1.848925986461432, -1.84924527824685, -1.8495556494666943, -1.8498573980254351, -1.8501508103625832, -1.8504361619409806, -1.8507137177128568, -1.8509837325646115, -1.8512464517414866, -1.8515021112528447, -1.851750938259223, -1.8519931514419472, -1.8522289613559741, -1.8524585707669914, -1.852682174973451, -1.8528999621141327, -1.8531121134619377, -1.8533188037048693, -1.853520201214264, -1.8537164683013663, -1.8539077614624317, -1.8540942316132598, -1.854276024313195, -1.8544532799794675, -1.8546261340922725, -1.8547947173906143, -1.8549591560600551, -1.855119571912097, -1.8552760825558314, -1.8554288015623452, -1.8555778386219322, -1.8557232996947737, -1.8558652871549182, -1.8560038999284747, -1.8561392336257256, -1.8562713806677267, -1.8564004304076316, -1.8565264692468522, -1.8566495807464305, -1.8567698457337358, -1.8568873424047425, -1.857002146422067, -1.8571143310089577, -1.857223967039431, -1.8573311231247644, -1.857435865696321, -1.8575382590851455, -1.8576383655982651, -1.8577362455919146, -1.8578319575418292, -1.8579255581106775, -1.8580171022128271, -1.858106643076539, -1.8581942323036955, -1.8582799199270958, -1.8583637544656113, -1.85844578297702, -1.858526051108964, -1.858604603147729, -1.8586814820652247, -1.858756729564245, -1.858830386121709, -1.8589024910305125, -1.8589730824396336, -1.8590421973927689, -1.8591098718654544, -1.859176140800791, -1.8592410381438984, -1.859304596874906, -1.8593668490408974, -1.8594278257865677, -1.85948755738375, -1.859546073259783, -1.8596034020250394, -1.8596595714991644, -1.8597146087366168, -1.8597685400510602, -1.8598213910390422, -1.8598731866027054, -1.8599239509716874, -1.8599737077243597, -1.8600224798081217, -1.860070289559095, -1.8601171587211136, -1.860163108463976, -1.860208159401115, -1.8602523316066164, -1.8602956446317291, -1.860338117520597, -1.8603797688257382, -1.8604206166226653, -1.8604606785243196, -1.860499971694736, -1.8605385128624865, -1.8605763183334476, -1.8606134040032662, -1.860649785369441, -1.86068547754284, -1.8607204952589516, -1.8607548528888227, -1.8607885644493964, -1.8608216436138008, -1.8608541037211057, -1.860885957785777, -1.8609172185069425, -1.8609478982772043, -1.8609780091912556, -1.8610075630542309, -1.8610365713897181, -1.8610650454475839, -1.8610929962115108, -1.8611204344062748, -1.861147370504887, -1.8611738147354169, -1.8611997770876167, -1.8612252673193643, -1.8612502949629386, -1.8612748693309877, -1.8612989995224476, -1.8613226944281493, -1.8613459627364695, -1.8613688129384283, -1.8613912533330716, -1.8614132920323971, -1.861434936966249, -1.861456195886956, -1.861477076374066, -1.8614975858386411, -1.8615177315276668, -1.8615375205281501, -1.8615569597712993, -1.861576056036328, -1.861594815954399, -1.8616132460122856, -1.8616313525559902, -1.8616491417942438, -1.8616666198019614, -1.8616837925234564, -1.8617006657757436, -1.8617172452516184, -1.8617335365226824, -1.8617495450423458, -1.8617652761486436, -1.8617807350670459, -1.86179592691314, -1.861810856695328, -1.861825529317326, -1.8618399495806683, -1.861854122187168, -1.861868051741213, -1.861881742752161, -1.8618951996364272, -1.8619084267197898, -1.861921428239436, -1.8619342083460246, -1.861946771105721, -1.8619591205020962, -1.8619712604380332, -1.8619831947376535, -1.8619949271479945, -1.862006461340865, -1.8620178009144848, -1.8620289493951578, -1.8620399102389535, -1.8620506868332019, -1.8620612824980403, -1.862071700488023, -1.8620819439934069, -1.8620920161417298, -1.862101919999066, -1.8621116585714947, -1.8621212348063545]}