{"FCI": -2.1099708496191734, "Energy": -2.091770643451737, "Loss": [-2.0148183422815227, -2.0156745043587465, -2.0165222448375775, -2.0173616515043458, -2.018192811229362, -2.0190158099748645, -2.0198307328030314, -2.0206376638839956, -2.02143668650369, -2.022227883071928, -2.02301133513025, -2.023787123359911, -2.0245553275897983, -2.0253160268042856, -2.0260692991511613, -2.026815221949402, -2.027553871697137, -2.028285324079309, -2.029009653975532, -2.029726935467802, -2.030437241848201, -2.0311406456266465, -2.0318372185384277, -2.032527031551905, -2.0332101548760018, -2.033886657967792, -2.0345566095399614, -2.0352200775682525, -2.035877129298869, -2.036527831255882, -2.0371722492484388, -2.0378104483781483, -2.0384424930462304, -2.03906844696071, -2.0396883731435853, -2.040302333937779, -2.0409103910143487, -2.04151260537933, -2.042109037380656, -2.0426997467151304, -2.0432847924352036, -2.043864232955688, -2.0444381260605464, -2.0450065289095516, -2.0455694980448667, -2.0461270893976202, -2.0466793582943525, -2.0472263594636027, -2.0477681470421603, -2.048304774581471, -2.0488362950539196, -2.0493627608590383, -2.049884223829718, -2.0504007352382807, -2.0509123458025833, -2.0514191056920112, -2.051921064533442, -2.0524182714171193, -2.0529107749025264, -2.0533986230241785, -2.053881863297304, -2.0543605427236704, -2.054834707796943, -2.0553044045085627, -2.055769678353041, -2.056230574333546, -2.0566871369672324, -2.057139410290663, -2.0575874378650516, -2.0580312627815642, -2.058470927666498, -2.0589064746863652, -2.059337945553103, -2.0597653815289974, -2.0601888234317585, -2.060608311639376, -2.061023886095082, -2.0614355863121347, -2.061843451378593, -2.0622475199620816, -2.0626478303144737, -2.0630444202764897, -2.063437327282336, -2.063826588364152, -2.0642122401565635, -2.0645943189011553, -2.064972860450756, -2.065347900273858, -2.065719473458862, -2.066087614718443, -2.0664523583935526, -2.066813738457774, -2.0671717885212897, -2.0675265418350333, -2.0678780312946676, -2.0682262894446026, -2.0685713484818646, -2.0689132402600414, -2.069251996293111, -2.0695876477592017, -2.0699202255044606, -2.0702497600466314, -2.0705762815788598, -2.070899819973225, -2.0712204047844165, -2.071538065253231, -2.0718528303101182, -2.072164728578648, -2.072473788378918, -2.072780037730988, -2.0730835043582574, -2.073384215690671, -2.073682198868172, -2.073977480743774, -2.074270087886923, -2.074560046586514, -2.074847382854188, -2.0751321224272736, -2.0754142907719717, -2.075693913086337, -2.075971014303229, -2.0762456190933536, -2.076517751868132, -2.0767874367826105, -2.0770546977383493, -2.0773195583861335, -2.077582042128909, -2.0778421721244875, -2.0780999712882418, -2.078355462295816, -2.0786086675858595, -2.0788596093625595, -2.079108309598314, -2.079354790036313, -2.0795990721929987, -2.0798411773607013, -2.0800811266100316, -2.0803189407923997, -2.080554640542387, -2.0807882462801914, -2.0810197782140056, -2.0812492563423226, -2.081476700456272, -2.0817021301419567, -2.08192556478265, -2.0821470235610415, -2.0823665254615364, -2.0825840892723106, -2.082799733587601, -2.0830134768097475, -2.0832253371513496, -2.083435332637348, -2.0836434811071127, -2.083849800216403, -2.0840543074395015, -2.084257020071102, -2.0844579552283395, -2.0846571298527077, -2.0848545607119964, -2.085050264402232, -2.0852442573494754, -2.085436555811714, -2.085627175880769, -2.085816133483996, -2.0860034443861744, -2.0861891241912183, -2.0863731883439085, -2.086555652131825, -2.08673653068674, -2.0869158389865836, -2.0870935918569637, -2.0872698039729114, -2.087444489860412, -2.0876176638981643, -2.0877893403190626, -2.0879595332118033, -2.0881282565225, -2.0882955240561585, -2.088461349478205, -2.088625746316108, -2.0887887279606736, -2.0889503076677225, -2.089110498559381, -2.0892693136256435, -2.0894267657257437, -2.0895828675895154, -2.0897376318189, -2.0898910708892267, -2.090043197150593, -2.0901940228292326, -2.0903435600288445, -2.090491820731845, -2.0906388168007775, -2.0907845599794848, -2.0909290618944545, -2.0910723340560398, -2.0912143878597025, -2.091355234587234, -2.09149488540803, -2.091633351380173]}