{"FCI": -2.180316558115521, "Energy": -2.1802793593635688, "Loss": [-2.1242594840483386, -2.125033689997667, -2.12648161635507, -2.128494618405428, -2.1309615220723703, -2.1337732249298624, -2.1368263180186977, -2.140025796076798, -2.1432869377774684, -2.1465364479981046, -2.1497129611655748, -2.152767008376885, -2.1556605513085634, -2.1583661830483534, -2.160866090195615, -2.163150862323523, -2.1652182247406073, -2.1670717590694313, -2.1687196641319466, -2.1701735976143492, -2.171447627519715, -2.172557311935542, -2.17351891645152, -2.1743487708476437, -2.1750627604988173, -2.1756759432864317, -2.176202279566566, -2.1766544607648175, -2.1770438212632017, -2.177380318219279, -2.1776725646094954, -2.1779279019377222, -2.1781525005254676, -2.1783514769612164, -2.178529020015866, -2.178688518031663, -2.1788326823991584, -2.1789636631954394, -2.179083154341103, -2.1791924867242227, -2.1792927086352933, -2.1793846535640107, -2.179468995939422, -2.1795462957687417, -2.1796170333676876, -2.179681635498156, -2.1797404942617495, -2.1797939800590376, -2.1798424498355926, -2.1798862517128823, -2.179925726960763, -2.179961210118338, -2.1799930279233104, -2.1800214975710324, -2.1800469246993135, -2.18006960138576, -2.1800898043522823, -2.180107793497008, -2.1801238108143237, -2.180138079720878, -2.180150804773348, -2.1801621717433033, -2.1801723480027273, -2.1801814831677353, -2.1801897099477876, -2.1801971451498785, -2.180203890791922, -2.180210035285074, -2.1802156546507248, -2.180220813743895, -2.1802255674595057, -2.1802299619033616, -2.1802340355131924, -2.180237820118462, -2.180241341930849, -2.1802446224587415, -2.1802476793419605, -2.1802505271036003, -2.1802531778183885, -2.180255641696964, -2.1802579275881344, -2.1802600434010606, -2.180261996451246, -2.180263793734912, -2.180265442136792, -2.1802669485781547, -2.1802683201113013, -2.1802695639678817, -2.180270687568422, -2.1802716985005137, -2.180272604472747, -2.1802734132513653, -2.1802741325860358, -2.180274770130388, -2.180275333362296, -2.1802758295083375, -2.180276265475287, -2.180276647791674, -2.1802769825607777, -2.1802772754259463, -2.180277531548805, -2.1802777555995836, -2.1802779517591078, -2.1802781237309725, -2.180278274762576, -2.180278407673325, -2.1802785248881875, -2.1802786284750706, -2.1802787201841807, -2.1802788014880568, -2.180278873620944, -2.180278937616221, -2.1802789943413052, -2.1802790445291826, -2.1802790888061856, -2.1802791277159623, -2.1802791617393114, -2.180279191310126, -2.1802792168280125, -2.1802792386672527, -2.180279257183276, -2.1802792727163323, -2.1802792855935174, -2.180279296129222, -2.1802793046242126, -2.1802793113644925, -2.1802793166193175, -2.1802793206394644, -2.1802793236554434, -2.1802793258760937, -2.180279327487569, -2.1802793286528592, -2.1802793295117664, -2.1802793301813392, -2.180279330756973, -2.180279331313604, -2.1802793319074976, -2.180279332578123, -2.1802793333502954, -2.1802793342362734, -2.1802793352379726, -2.180279336349063, -2.180279337556987, -2.180279338844694, -2.1802793401923926, -2.180279341578898, -2.1802793429828866, -2.180279344383715, -2.1802793457623766, -2.1802793471018753, -2.180279348387676, -2.1802793496078805, -2.180279350753264, -2.180279351817199, -2.1802793527955417, -2.1802793536864096, -2.180279354489927, -2.1802793552078796, -2.1802793558434663, -2.1802793564010083, -2.1802793568856416, -2.1802793573030335, -2.1802793576592343, -2.180279357960389, -2.180279358212572, -2.1802793584217497, -2.180279358593491, -2.1802793587331095, -2.1802793588453917, -2.180279358934765, -2.1802793590051053, -2.1802793590599183, -2.180279359102148, -2.1802793591344316, -2.1802793591589156, -2.1802793591774803, -2.180279359191596, -2.1802793592025145, -2.180279359211224, -2.180279359218476, -2.180279359224858, -2.1802793592308265, -2.180279359236701, -2.180279359242655, -2.1802793592488916, -2.180279359255411, -2.1802793592622534, -2.180279359269412, -2.1802793592768377, -2.180279359284496, -2.1802793592923067, -2.1802793593001697, -2.180279359308032, -2.1802793593158283, -2.18027935932348, -2.180279359330926, -2.1802793593380994, -2.1802793593449854, -2.180279359351563, -2.1802793593577507]}