{"FCI": -2.1172258535259263, "Energy": -2.1169615332444467, "Loss": [-2.0255453562181063, -2.026394087146022, -2.0279904561931565, -2.0302304524993406, -2.033010474536896, -2.036229953496905, -2.0397933677726847, -2.043611732355928, -2.047603637316231, -2.051695901503518, -2.0558239009728805, -2.0599316260740337, -2.0639715163510273, -2.0679041180692703, -2.07169760509717, -2.0753271998611003, -2.078774527074236, -2.08202692889099, -2.085076766075957, -2.0879207257617183, -2.090559152473969, -2.092995415404521, -2.09523532148996, -2.097286580761103, -2.0991583277143557, -2.1008607001394988, -2.1024044749293567, -2.10380075887926, -2.1050607313373066, -2.1061954347529293, -2.107215608652176, -2.1081315622972507, -2.1089530812224346, -2.109689362934989, -2.110348977287919, -2.1109398473376166, -2.1114692468622027, -2.111943811110711, -2.112369557759147, -2.112751915450316, -2.113095757678882, -2.1134054401430795, -2.1136848400134998, -2.1139373958662313, -2.114166147289009, -2.1143737733973156, -2.1145626296926308, -2.114734782859862, -2.1148920432379983, -2.1150359948100244, -2.1151680226480583, -2.115289337819742, -2.115400999817017, -2.11550393660733, -2.1155989624367373, -2.1156867935328645, -2.1157680618671093, -2.1158433271406416, -2.115913087158795, -2.115977786755641, -2.1160378254240366, -2.1160935637990774, -2.116145329133193, -2.116193419891413, -2.116238109585128, -2.1162796499517316, -2.1163182735773285, -2.1163541960501733, -2.11638761772181, -2.116418725144802, -2.116447692246377, -2.116474681290515, -2.1164998436721, -2.1165233205815173, -2.1165452435708927, -2.11656573504795, -2.1165849087190316, -2.116602869997295, -2.1166197163895424, -2.1166355378709736, -2.116650417254568, -2.1166644305597737, -2.1166776473824322, -2.1166901312670947, -2.1167019400814464, -2.116713126391018, -2.116723737832877, -2.1167338174854855, -2.11674340423223, -2.1167525331161925, -2.11676123568354, -2.1167695403130096, -2.1167774725299453, -2.1167850553026115, -2.1167923093198393, -2.1167992532489834, -2.116805903973332, -2.1168122768091098, -2.1168183857019955, -2.116824243403375, -2.1168298616275623, -2.116835251190176, -2.1168404221292723, -2.1168453838101984, -2.116850145015566, -2.1168547140215725, -2.1168590986622693, -2.1168633063829794, -2.1168673442842083, -2.116871219157488, -2.116874937514089, -2.1168785056081223, -2.1168819294544714, -2.1168852148432196, -2.1168883673506325, -2.116891392347971, -2.1168942950084166, -2.1168970803127714, -2.1168997530543123, -2.1169023178430826, -2.116904779110039, -2.1169071411109734, -2.116909407930705, -2.116911583487316, -2.1169136715367007, -2.1169156756772955, -2.116917599355101, -2.1169194458688536, -2.1169212183755435, -2.1169229198957495, -2.1169245533193424, -2.116926121411138, -2.1169276268164166, -2.116929072066487, -2.1169304595840375, -2.1169317916884625, -2.1169330706008798, -2.1169342984489883, -2.1169354772717193, -2.116936609023554, -2.1169376955787618, -2.116938738735272, -2.116939740218317, -2.11694070168393, -2.116941624722022, -2.116942510859461, -2.1169433615628734, -2.1169441782412357, -2.1169449622482683, -2.116945714884805, -2.116946437400822, -2.1169471309975614, -2.1169477968293724, -2.1169484360055106, -2.1169490495918923, -2.1169496386126476, -2.1169502040517334, -2.116950746854421, -2.1169512679286493, -2.116951768146515, -2.116952248345536, -2.116952709329908, -2.116953151871846, -2.116953576712646, -2.116953984563969, -2.1169543761089145, -2.116954752003118, -2.116955112875799, -2.116955459330804, -2.1169557919476363, -2.1169561112822963, -2.1169564178683506, -2.1169567122177444, -2.1169569948216598, -2.1169572661514118, -2.11695752665923, -2.11695777677898, -2.1169580169269544, -2.116958247502658, -2.116958468889318, -2.1169586814547388, -2.1169588855518193, -2.116959081519196, -2.11695926968185, -2.1169594503516445, -2.1169596238278476, -2.1169597903977295, -2.1169599503369136, -2.116960103910021, -2.1169602513709584, -2.1169603929635037, -2.116960528921616, -2.1169606594698887, -2.1169607848238923, -2.1169609051905915, -2.1169610207686604, -2.1169611317488184, -2.116961238314182, -2.1169613406405086, -2.116961438896582]}