{"FCI": -2.1243369730009958, "Energy": -2.124104903941196, "Loss": [-2.03601344762586, -2.036854955966447, -2.038437205134791, -2.040656172514938, -2.0434080382758113, -2.0465919202312133, -2.0501119795246363, -2.0538789808893263, -2.057811382485201, -2.0618360229482677, -2.0658884671221305, -2.0699130666936156, -2.0738627873226188, -2.077698849567409, -2.0813902267493343, -2.0849130387338013, -2.088249876361604, -2.0913890869381033, -2.0943240468234103, -2.097052442836319, -2.099575579981187, -2.101897729022604, -2.104025523750151, -2.1059674144633855, -2.107733181311118, -2.109333508663269, -2.110779619682414, -2.112082968680182, -2.113254987661858, -2.114306882641696, -2.115249474804156, -2.116093081344638, -2.1168474307971445, -2.117521607798725, -2.1181240225092783, -2.118662400261914, -2.119143787430444, -2.1195745699420327, -2.1199605013095244, -2.1203067374974656, -2.1206178763511807, -2.1208979997059485, -2.1211507166442685, -2.1213792066825667, -2.1215862619442536, -2.1217743276124468, -2.121945540157308, -2.1221017630007757, -2.122244619418673, -2.12237552259186, -2.1224957028038576, -2.1226062318502916, -2.122708044774071, -2.122801959075798, -2.12288869157166, -2.1229688730845644, -2.1230430611605597, -2.1231117510017983, -2.1231753848039507, -2.1232343596771748, -2.123289034320317, -2.1233397346065757, -2.123386758226207, -2.123430378519523, -2.1234708476204545, -2.123508399018595, -2.1235432496359503, -2.123575601502895, -2.1236056431075965, -2.123633550483054, -2.1236594880868562, -2.1236836095205374, -2.1237060581278526, -2.123726967504324, -2.1237464619447852, -2.1237646568496116, -2.1237816591065104, -2.123797567459693, -2.123812472875584, -2.123826458910835, -2.123839602085849, -2.123851972265527, -2.1238636330468004, -2.1238746421517205, -2.1238850518237693, -2.1238949092245423, -2.123904256827768, -2.1239131328070755, -2.123921571414625, -2.1239296033472668, -2.1239372560975744, -2.1239445542873976, -2.1239515199818126, -2.1239581729822987, -2.1239645310975606, -2.123970610391985, -2.123976425410905, -2.1239819893835414, -2.1239873144036117, -2.1239924115886457, -2.1239972912192906, -2.124001962859561, -2.1240064354596635, -2.124010717442803, -2.1240148167778474, -2.12401874103888, -2.1240224974538577, -2.1240260929433945, -2.1240295341513225, -2.124032827468468, -2.1240359790505954, -2.1240389948319387, -2.1240418805350894, -2.1240446416781724, -2.1240472835802313, -2.1240498113650763, -2.124052229964431, -2.124054544120726, -2.1240567583896444, -2.1240588771429763, -2.1240609045717034, -2.1240628446895213, -2.12406470133683, -2.1240664781851315, -2.124068178741967, -2.1240698063562604, -2.124071364223859, -2.124072855393575, -2.1240742827731793, -2.1240756491356976, -2.124076957125601, -2.1240782092650474, -2.124079407960029, -2.1240805555063313, -2.1240816540952476, -2.1240827058191716, -2.1240837126768692, -2.124084676578448, -2.1240855993500896, -2.124086482738455, -2.124087328414808, -2.1240881379788594, -2.1240889129623244, -2.124089654832236, -2.124090364994028, -2.1240910447943997, -2.1240916955239135, -2.124092318419467, -2.1240929146666705, -2.124093485401856, -2.124094031714236, -2.124094554647705, -2.1240950552026656, -2.1240955343377785, -2.1240959929715, -2.12409643198379, -2.1240968522174195, -2.124097254479535, -2.1240976395430646, -2.124098008147936, -2.124098361002508, -2.1240986987847674, -2.1240990221435476, -2.1240993316997008, -2.1240996280472504, -2.124099911754568, -2.1241001833653113, -2.12410044339957, -2.1241006923547983, -2.1241009307068817, -2.124101158910923, -2.124101377402274, -2.124101586597304, -2.1241017868943137, -2.124101978674232, -2.124102162301467, -2.1241023381245996, -2.124102506477123, -2.124102667677977, -2.1241028220324343, -2.124102969832486, -2.1241031113574977, -2.1241032468748466, -2.124103376640379, -2.1241035008988867, -2.12410361988469, -2.1241037338220394, -2.124103842925556, -2.1241039474006813, -2.1241040474440838, -2.1241041432439776, -2.124104234980603, -2.124104322826458, -2.124104406946695, -2.1241044874994617, -2.12410456463613, -2.1241046385016555, -2.1241047092348575, -2.1241047769685713, -2.1241048418300843]}