{"FCI": -2.166386984981435, "Energy": -2.166301701693027, "Loss": [-2.0985452092027415, -2.0993427111461123, -2.1008380521147196, -2.102925695033303, -2.105498783035561, -2.1084528142544614, -2.1116885138949097, -2.1151139825549756, -2.1186462006522944, -2.122211968851092, -2.1257483636408305, -2.129202785602686, -2.132532675288659, -2.135704967936675, -2.138695353443521, -2.1414874021968164, -2.14407161070252, -2.1464444136769516, -2.148607201683446, -2.1505653757783176, -2.1523274632627016, -2.153904311757013, -2.155308372606407, -2.156553079220734, -2.157652321417951, -2.1586200131938402, -2.1594697485545438, -2.1602145380591624, -2.1608666174397384, -2.161437318994738, -2.161936996282137, -2.1623749928646667, -2.16275964638262, -2.163098319960503, -2.1633974538152008, -2.163662630860774, -2.163898651046542, -2.164109610080932, -2.164298979053919, -2.1644696822564193, -2.164624171192834, -2.164764493387997, -2.1648923551002683, -2.1650091774740425, -2.165116145999551, -2.16521425340788, -2.1653043363195255, -2.165387106097423, -2.165463174439354, -2.1655330742868664, -2.165597276640051, -2.1656562038546063, -2.165710239966926, -2.165759738550943, -2.165805028560836, -2.1658464185605037, -2.1658841996876474, -2.16591864764818, -2.1659500239882123, -2.165978576846987, -2.166004541354273, -2.166028139801722, -2.166049581687643, -2.166069063710807, -2.1660867697671686, -2.166102870987678, -2.1661175258416456, -2.1661308803194794, -2.1661430682006526, -2.1661542114071946, -2.166164420437174, -2.1661737948711264, -2.1661824239409952, -2.1661903871504156, -2.166197754934385, -2.1662045893462234, -2.166210944759972, -2.1662168685767225, -2.166222401924669, -2.166227580343122, -2.1662324344417394, -2.1662369905283847, -2.1662412711989303, -2.166245295884548, -2.1662490813529103, -2.166252642161228, -2.1662559910595727, -2.166259139345003, -2.166262097167136, -2.166264873786959, -2.1662674777915156, -2.1662699172677704, -2.1662721999388492, -2.166274333267022, -2.1662763245270966, -2.166278180854833, -2.166279909274136, -2.1662815167072065, -2.1662830099712935, -2.166284395765569, -2.1662856806512645, -2.166286871027643, -2.166287973106332, -2.166288992885899, -2.1662899361280012, -2.1662908083367314, -2.1662916147414775, -2.1662923602842232, -2.166293049611127, -2.166293687068861, -2.1662942767050084, -2.166294822272589, -2.1662953272380148, -2.166295794792097, -2.1662962278634175, -2.166296629133571, -2.16629700105377, -2.1662973458620964, -2.1662976656011597, -2.166297962135553, -2.1662982371686663, -2.1662984922590294, -2.1662987288353053, -2.1662989482103288, -2.1662991515937517, -2.1662993401034036, -2.16629951477526, -2.166299676572282, -2.1662998263918634, -2.1662999650722754, -2.166300093398076, -2.1663002121044856, -2.166300321881329, -2.166300423375983, -2.1663005171959857, -2.166300603911191, -2.1663006840555994, -2.166300758128947, -2.166300826598097, -2.1663008898985248, -2.166300948435418, -2.1663010025850626, -2.166301052696027, -2.166301099090569, -2.1663011420658105, -2.166301181895272, -2.166301218830079, -2.166301253100457, -2.166301284917108, -2.1663013144725674, -2.16630134194265, -2.166301367487756, -2.166301391254121, -2.1663014133751006, -2.166301433972415, -2.1663014531570934, -2.1663014710306525, -2.166301487686001, -2.166301503208303, -2.166301517675754, -2.1663015311603426, -2.1663015437284834, -2.1663015554415583, -2.1663015663564633, -2.1663015765259916, -2.1663015859993364, -2.1663015948222775, -2.166301603037617, -2.1663016106853616, -2.166301617802965, -2.1663016244254765, -2.166301630585843, -2.1663016363148873, -2.1663016416415846, -2.1663016465930687, -2.166301651194784, -2.166301655470676, -2.1663016594430884, -2.166301663132985, -2.166301666560016, -2.166301669742511, -2.166301672697663, -2.1663016754414914, -2.166301677988952, -2.1663016803540045, -2.1663016825496544, -2.1663016845880345, -2.1663016864804, -2.1663016882372825, -2.1663016898683938, -2.166301691382824, -2.1663016927889656, -2.166301694094662, -2.166301695307167, -2.1663016964331843, -2.1663016974789713, -2.166301698450348, -2.166301699352637, -2.166301700190825, -2.166301700969524]}