{"FCI": -1.862721012958004, "Energy": -1.8627152318436693, "Loss": [-1.8346636046155602, -1.8354215468557058, -1.836814695669457, -1.8386974155793518, -1.8409161098570426, -1.8433218521130634, -1.8457801914220144, -1.8481779216306065, -1.850426881047238, -1.852465072644652, -1.854255556323894, -1.855783659564874, -1.8570530834711814, -1.8580814560960464, -1.8588958164417186, -1.8595284152357698, -1.860013107272434, -1.860382498028422, -1.860665905052505, -1.8608881096779355, -1.8610688110158178, -1.8612226530820726, -1.861359676021351, -1.861486040725437, -1.86160488868841, -1.8617172212509439, -1.86182271012585, -1.8619203803858948, -1.8620091347958663, -1.8620881121946518, -1.8621568911932487, -1.8622155631825488, -1.8622647056877657, -1.8623052891363898, -1.862338548155782, -1.862365843773679, -1.86238853656138, -1.8624078839130402, -1.862424968163524, -1.8624406567340421, -1.86245559131763, -1.8624702004017986, -1.8624847281020376, -1.8624992721445823, -1.8625138245935213, -1.8625283102535373, -1.8625426192811456, -1.8625566321500477, -1.862570236535566, -1.862583336788943, -1.8625958574025856, -1.8626077422271878, -1.8626189512366855, -1.8626294564233614, -1.862639238032501, -1.8626482819009669, -1.8626565782249749, -1.8626641217060234, -1.8626709127495336, -1.8626769592319325, -1.862682278307295, -1.8626868977759188, -1.8626908566580889, -1.8626942047765265, -1.86269700132001, -1.8626993125142406, -1.8627012086439694, -1.8627027607431035, -1.8627040372925703, -1.8627051012446358, -1.8627060076330797, -1.8627068019465265, -1.8627075193472504, -1.8627081847244338, -1.8627088134897225, -1.8627094129599786, -1.8627099841336754, -1.8627105236538917, -1.8627110257592083, -1.862711484051855, -1.8627118929534734, -1.8627122487666294, -1.8627125503098312, -1.8627127991386687, -1.862712999403097, -1.8627131574176725, -1.862713281036504, -1.86271337892868, -1.862713459844189, -1.8627135319459922, -1.8627136022660826, -1.8627136763211773, -1.8627137579029693, -1.8627138490387107, -1.8627139501020675, -1.862714060043645, -1.8627141767034423, -1.8627142971670907, -1.8627144181283193, -1.8627145362270447, -1.8627146483383368, -1.862714751796718, -1.8627148445480763, -1.8627149252289197, -1.8627149931790565, -1.862715048398335, -1.8627150914606756, -1.862715123399784, -1.8627151455807045, -1.8627151595696838, -1.8627151670125224, -1.8627151695291682, -1.8627151686290284, -1.8627151656492957, -1.8627151617160693, -1.8627151577263896, -1.8627151543480434, -1.8627151520334753, -1.8627151510435365, -1.8627151514775362, -1.8627151533060242, -1.8627151564035422, -1.8627151605792147, -1.8627151656039787, -1.862715171233262, -1.8627151772251365, -1.8627151833541207, -1.8627151894204148, -1.8627151952559564, -1.8627152007271683, -1.8627152057354286, -1.8627152102156617, -1.8627152141335417, -1.8627152174818353, -1.8627152202761508, -1.862715222550385, -1.8627152243521505, -1.8627152257383326, -1.8627152267709166, -1.8627152275133332, -1.8627152280272006, -1.8627152283697563, -1.862715228591913, -1.8627152287369655, -1.8627152288398447, -1.862715228927123, -1.8627152290173095, -1.862715229121699, -1.86271522924545, -1.8627152293889275, -1.8627152295488723, -1.8627152297198908, -1.8627152298954837, -1.8627152300691106, -1.862715230234962, -1.862715230388436, -1.8627152305264478, -1.8627152306475134, -1.8627152307516395, -1.8627152308400228, -1.862715230914868, -1.8627152309788735, -1.862715231034965, -1.8627152310859947, -1.8627152311343995, -1.862715231182134, -1.862715231230517, -1.8627152312802235, -1.8627152313313002, -1.8627152313833495, -1.8627152314355924, -1.8627152314869937, -1.8627152315364837, -1.8627152315830093, -1.8627152316256623, -1.8627152316638078, -1.8627152316970235, -1.8627152317251485, -1.8627152317483189, -1.8627152317668612, -1.8627152317812716, -1.8627152317921736, -1.8627152318002027, -1.862715231806026, -1.8627152318102664, -1.8627152318134474, -1.8627152318159876, -1.862715231818263, -1.8627152318204343, -1.8627152318226807, -1.862715231825031, -1.8627152318274751, -1.862715231829962, -1.862715231832405, -1.8627152318347417, -1.8627152318368854, -1.8627152318387916, -1.8627152318404276, -1.8627152318417708, -1.8627152318428581]}