{"FCI": -1.73305586386681, "Energy": -1.7330498944474932, "Loss": [-1.707406589461359, -1.7081700428638775, -1.7095679093775316, -1.7114450454062178, -1.7136377097164495, -1.7159883811527576, -1.7183571302072955, -1.7206292257409888, -1.722719052568476, -1.7245707349857122, -1.726156086765976, -1.7274706328989966, -1.7285284772120106, -1.7293567374009289, -1.7299901557885575, -1.7304663440553523, -1.7308219564532743, -1.7310899285797285, -1.731297782697575, -1.7314668952852106, -1.7316125520222512, -1.731744579183399, -1.731868334358302, -1.7319858572203382, -1.732097015347068, -1.732200523397689, -1.7322947595664613, -1.7323783457079782, -1.7324504930043334, -1.7325111412889302, -1.732560936464541, -1.7326010974327457, -1.7326332230933326, -1.7326590833272564, -1.7326804276820449, -1.7326988338511502, -1.732715606753199, -1.7327317293689182, -1.732747859265828, -1.7327643602161793, -1.7327813563774594, -1.7327987967384288, -1.7328165193516847, -1.732834307632726, -1.7328519340973758, -1.7328691898371416, -1.732885900436145, -1.7329019307189202, -1.7329171816264475, -1.7329315827157807, -1.7329450834094218, -1.7329576453765374, -1.732969237504982, -1.7329798340003995, -1.732989415363642, -1.732997971437749, -1.7330055054187867, -1.7330120376799525, -1.733017608422962, -1.7330222784788827, -1.7330261279591586, -1.7330292528350035, -1.7330317598447984, -1.7330337603530956, -1.7330353638943992, -1.7330366721292387, -1.7330377738368004, -1.7330387413931523, -1.7330396289714096, -1.7330404724806034, -1.733041291064772, -1.73304208983143, -1.7330428633846786, -1.7330435997042257, -1.7330442839345885, -1.7330449017168936, -1.7330454417962955, -1.733045897752976, -1.7330462688200672, -1.733046559854251, -1.7330467806044059, -1.7330469444749168, -1.7330470670036178, -1.7330471642682292, -1.7330472514092607, -1.7330473414135628, -1.7330474442524066, -1.7330475664142864, -1.733047710825169, -1.733047877108929, -1.733048062113427, -1.733048260611883, -1.7330484660866174, -1.7330486715085387, -1.733048870040913, -1.7330490556150657, -1.7330492233466732, -1.733049369782706, -1.7330494929856033, -1.7330495924765255, -1.7330496690675439, -1.733049724617843, -1.7330497617490477, -1.7330497835513587, -1.7330497933071187, -1.7330497942511611, -1.7330497893800783, -1.7330497813157961, -1.7330497722228662, -1.7330497637744644, -1.7330497571590031, -1.7330497531178604, -1.7330497520042962, -1.7330497538541754, -1.7330497584608495, -1.7330497654476302, -1.733049774333784, -1.733049784590849, -1.7330497956883852, -1.7330498071287659, -1.733049818471633, -1.733049829349252, -1.7330498394741864, -1.7330498486405979, -1.733049856720728, -1.7330498636578364, -1.7330498694565306, -1.733049874171707, -1.7330498778967174, -1.7330498807514356, -1.7330498828711223, -1.733049884396125, -1.7330498854630967, -1.733049886197916, -1.7330498867106048, -1.733049887091821, -1.733049887411568, -1.7330498877194014, -1.7330498880458736, -1.7330498884054097, -1.7330498887994241, -1.7330498892200967, -1.7330498896539699, -1.733049890085186, -1.7330498904983302, -1.7330498908804384, -1.7330498912222887, -1.7330498915191388, -1.7330498917705255, -1.7330498919797999, -1.7330498921532316, -1.7330498922989084, -1.7330498924255944, -1.7330498925417241, -1.7330498926545401, -1.7330498927695683, -1.7330498928902476, -1.7330498930179736, -1.7330498931521674, -1.7330498932908172, -1.7330498934307559, -1.7330498935683611, -1.7330498936998329, -1.7330498938217929, -1.7330498939315127, -1.733049894027185, -1.7330498941078951, -1.7330498941736816, -1.7330498942253894, -1.7330498942645374, -1.733049894293053, -1.733049894313076, -1.7330498943267791, -1.7330498943361505, -1.7330498943429136, -1.7330498943484556, -1.7330498943537929, -1.7330498943595194, -1.7330498943659314, -1.7330498943730575, -1.7330498943807304, -1.7330498943886579, -1.7330498943965285, -1.7330498944040384, -1.7330498944108919, -1.7330498944169372, -1.7330498944220574, -1.7330498944262542, -1.7330498944295718, -1.7330498944321389, -1.7330498944340995, -1.733049894435636, -1.7330498944368835, -1.733049894437966, -1.7330498944390444, -1.7330498944401698, -1.733049894441416, -1.7330498944427704, -1.733049894444254, -1.7330498944458261]}