{"FCI": -2.17308140531179, "Energy": -2.1730632063528925, "Loss": [-2.125063211337754, -2.125824440998626, -2.1272444318740855, -2.1292103227246426, -2.1316056419915306, -2.134315904432392, -2.1372330318276065, -2.1402586468696105, -2.1433063213095878, -2.14630288437189, -2.149188915387272, -2.151918555578583, -2.154458778162854, -2.1567882538792738, -2.1588959414740763, -2.1607795205850424, -2.1624437690609923, -2.1638989692865933, -2.165159409785092, -2.1662420303456895, -2.1671652420695895, -2.1679479387336964, -2.168608703167142, -2.1691652021397023, -2.169633755592652, -2.1700290607682136, -2.1703640486698372, -2.1706498489994535, -2.170895839924165, -2.171109760373103, -2.171297864725657, -2.1714651024246177, -2.1716153079781058, -2.171751389789423, -2.171875509112985, -2.17198924305547, -2.1720937278456844, -2.172189780539587, -2.1722779988908, -2.172358840313366, -2.172432681712678, -2.172499862504647, -2.1725607134239797, -2.172615573791474, -2.1726647998134756, -2.172708766273044, -2.1727478636817557, -2.1727824926298305, -2.172813056730763, -2.172839955225717, -2.1728635760115815, -2.172884289592488, -2.1729024442365947, -2.172918362445506, -2.1729323387159547, -2.172944638482584, -2.1729554980772106, -2.172965125512227, -2.172973701891554, -2.1729813832632416, -2.1729883027483687, -2.1729945728083724, -2.1730002875408005, -2.17300552492162, -2.1730103489371575, -2.1730148115696277, -2.173018954617389, -2.1730228113437637, -2.1730264079556236, -2.173029764920227, -2.1730328981292417, -2.1730358199213726, -2.173038539973045, -2.1730410660669857, -2.1730434047458247, -2.1730455618579136, -2.173047543001028, -2.1730493538698807, -2.1730510005134613, -2.173052489508615, -2.173053828057325, -2.1730550240162225, -2.1730560858675503, -2.1730570226415935, -2.1730578438013017, -2.173058559100155, -2.173059178423355, -2.1730597116226824, -2.173060168354227, -2.1730605579266022, -2.173060889166197, -2.173061170304364, -2.173061408889865, -2.173061611727895, -2.1730617848463427, -2.1730619334876056, -2.1730620621241545, -2.1730621744945644, -2.173062273656084, -2.173062362050333, -2.1730624415771906, -2.173062513673776, -2.1730625793939997, -2.1730626394861483, -2.173062694465241, -2.1730627446785946, -2.173062790362636, -2.1730628316904532, -2.173062868809716, -2.1730629018709124, -2.1730629310467386, -2.173062956543669, -2.1730629786063247, -2.173062997516471, -2.1730630135876123, -2.173063027156659, -2.1730630385736425, -2.1730630481908677, -2.173063056352095, -2.1730630633825756, -2.1730630695809094, -2.1730630752121267, -2.1730630805031472, -2.1730630856401403, -2.1730630907678754, -2.173063095990629, -2.173063101374871, -2.1730631069528994, -2.173063112727356, -2.1730631186765508, -2.1730631247596266, -2.173063130921996, -2.1730631371003635, -2.1730631432275085, -2.1730631492360692, -2.1730631550622257, -2.17306316064817, -2.1730631659441833, -2.1730631709098702, -2.1730631755148995, -2.1730631797390423, -2.173063183571827, -2.1730631870119166, -2.173063190065985, -2.173063192747669, -2.173063195076315, -2.173063197075484, -2.1730631987719713, -2.173063200194386, -2.173063201372283, -2.173063202335048, -2.1730632031113233, -2.173063203728258, -2.173063204211105, -2.173063204582902, -2.1730632048642704, -2.1730632050733787, -2.1730632052259202, -2.173063205335278, -2.1730632054125496, -2.1730632054668737, -2.173063205505516, -2.17306320553423, -2.1730632055573578, -2.1730632055780674, -2.173063205598612, -2.173063205620478, -2.173063205644533, -2.1730632056711703, -2.173063205700475, -2.173063205732224, -2.173063205766089, -2.1730632058015957, -2.1730632058382575, -2.173063205875566, -2.1730632059129746, -2.1730632059500503, -2.1730632059863573, -2.173063206021505, -2.1730632060552275, -2.1730632060872503, -2.173063206117364, -2.173063206145443, -2.1730632061714044, -2.17306320619521, -2.173063206216862, -2.173063206236394, -2.1730632062538926, -2.173063206269419, -2.1730632062831408, -2.173063206295142, -2.1730632063055966, -2.1730632063146236, -2.173063206322397, -2.1730632063290605, -2.1730632063347572, -2.173063206339581, -2.173063206343722, -2.1730632063472575, -2.17306320635028]}