{"FCI": -2.161571884135796, "Energy": -2.1614723445460795, "Loss": [-2.0911078458391708, -2.1091059921800985, -2.1219970931207253, -2.1313641710937286, -2.1382630294556604, -2.1434074899455413, -2.147287513854512, -2.150244464660087, -2.1525195360927656, -2.1542853685454295, -2.15566701929667, -2.156756087569891, -2.1576203655581665, -2.158310518456155, -2.158864762702756, -2.159312177758841, -2.1596750741584967, -2.159970702877646, -2.160212500486127, -2.160411004143399, -2.160574529734376, -2.1607096786431623, -2.1608217195278936, -2.160914878177978, -2.160992559242686, -2.1610575170680235, -2.1611119882279444, -2.161157795007949, -2.1611964267029684, -2.161229103852299, -2.1612568292639316, -2.161280428746232, -2.1613005837716366, -2.1613178577807868, -2.161332717446653, -2.16134554992496, -2.16135667689315, -2.161366366009198, -2.1613748402888544, -2.161382285797884, -2.1613888579757217, -2.1613946868439915, -2.1613998813041992, -2.1614045326892946, -2.161408717703169, -2.161412500856204, -2.1614159364861827, -2.1614190704364002, -2.161421941450814, -2.1614245823348384, -2.161427020921968, -2.1614292808791693, -2.1614313823786855, -2.1614333426584245, -2.1614351764901425, -2.1614368965702946, -2.161438513847011, -2.1614400377936205, -2.161441476637358, -2.161442837551238, -2.161444126814565, -2.161445349947777, -2.161446511825436, -2.1614476167712375, -2.161448668637848, -2.1614496708740325, -2.1614506265813467, -2.161451538561732, -2.1614524093578913, -2.1614532412872505, -2.161454036470879, -2.1614547968578792, -2.161455524246246, -2.16145622030049, -2.161456886566797, -2.161457524485859, -2.161458135404016, -2.1614587205828775, -2.161459281207324, -2.1614598183927867, -2.1614603331914384, -2.1614608265974775, -2.1614612995519678, -2.161461752946958, -2.161462187629029, -2.1614626044027454, -2.161463004033438, -2.1614633872497784, -2.161463754746141, -2.161464107184719, -2.161464445197397, -2.161464769387518, -2.1614650803314612, -2.161465378580017, -2.1614656646598984, -2.1614659390748647, -2.1614662023068694, -2.1614664548171607, -2.161466697047275, -2.1614669294200075, -2.1614671523402436, -2.161467366195771, -2.161467571358162, -2.1614677681833108, -2.161467957012373, -2.1614681381722294, -2.1614683119761837, -2.1614684787245535, -2.1614686387052515, -2.1614687921942437, -2.161468939456163, -2.1614690807447037, -2.1614692163031237, -2.1614693463647265, -2.161469471153159, -2.1614695908829895, -2.161469705759879, -2.161469815981148, -2.161469921736044, -2.1614700232060438, -2.1614701205652, -2.1614702139804884, -2.161470303612052, -2.161470389613502, -2.161470472132147, -2.1614705513093795, -2.1614706272807527, -2.161470700176313, -2.161470770120838, -2.161470837233992, -2.1614709016306026, -2.161470963420795, -2.1614710227102254, -2.1614710796002714, -2.161471134188188, -2.161471186567228, -2.1614712368269338, -2.161471285053167, -2.1614713313282854, -2.161471375731323, -2.1614714183381096, -2.1614714592214264, -2.1614714984510166, -2.161471536093872, -2.1614715722142317, -2.1614716068737296, -2.1614716401315297, -2.1614716720443394, -2.161471702666644, -2.161471732050635, -2.1614717602464415, -2.161471787302175, -2.161471813263919, -2.161471838175988, -2.161471862080851, -2.1614718850192296, -2.161471907030257, -2.161471928151442, -2.161471948418748, -2.1614719678667877, -2.1614719865286416, -2.161472004436127, -2.1614720216197636, -2.1614720381087977, -2.1614720539313725, -2.1614720691144034, -2.1614720836837584, -2.1614720976642667, -2.161472111079711, -2.1614721239529824, -2.1614721363059792, -2.1614721481597376, -2.161472159534445, -2.1614721704494726, -2.1614721809234165, -2.161472190974082, -2.1614722006186033, -2.1614722098733674, -2.16147221875418, -2.1614722272761107, -2.1614722354537035, -2.161472243300851, -2.1614722508309057, -2.1614722580567274, -2.1614722649905747, -2.1614722716442625, -2.1614722780291005, -2.1614722841559786, -2.1614722900352934, -2.161472295677075, -2.161472301090919, -2.1614723062860213, -2.161472311271227, -2.16147231605504, -2.161472320645563, -2.161472325050642, -2.1614723292777485, -2.1614723333340833, -2.161472337226544, -2.1614723409617556]}