{"FCI": -2.166386984981435, "Energy": -2.1663016514086606, "Loss": [-2.0985452092027415, -2.1163686892302986, -2.128980338692956, -2.1380479838715614, -2.144665144679289, -2.1495600214367006, -2.15322579420445, -2.156002022840467, -2.158126122655969, -2.159766456691864, -2.161043983747486, -2.1620466588032627, -2.1628391607309654, -2.1634695557095593, -2.1639739197681567, -2.164379583090377, -2.1647074319114417, -2.1649735586859538, -2.1651904567972293, -2.1653678938087646, -2.1655135556730416, -2.1656335262367086, -2.165732647241108, -2.165814790847317, -2.1658830675779415, -2.1659399861749784, -2.165987577365077, -2.1660274903188452, -2.1660610682947556, -2.1660894083004565, -2.16611340839807, -2.1661338053946384, -2.166151205005821, -2.166166106093889, -2.1661789202155504, -2.166189987440013, -2.1661995891874724, -2.1662079586773135, -2.166215289452275, -2.1662217423478856, -2.166227451202012, -2.1662325275407017, -2.166237064429989, -2.1662411396464365, -2.166244818290632, -2.16624815494369, -2.166251195448769, -2.1662539783840318, -2.1662565362818174, -2.1662588966382903, -2.1662610827504065, -2.1662631144101185, -2.1662650084805626, -2.166266779374708, -2.166268439453119, -2.166269999354709, -2.166271468272049, -2.1662728541805985, -2.166274164029688, -2.1662754039018814, -2.166276579145803, -2.1662776944872886, -2.166278754122123, -2.1662797617937968, -2.16628072085853, -2.1662816343398967, -2.1662825049747205, -2.1662833352515642, -2.1662841274433275, -2.1662848836345923, -2.1662856057449464, -2.166286295548576, -2.1662869546910035, -2.1662875847033867, -2.1662881870146675, -2.166288762962, -2.1662893137997843, -2.166289840707381, -2.166290344795885, -2.1662908271139316, -2.166291288652838, -2.1662917303511553, -2.1662921530985084, -2.16629255773922, -2.1662929450754183, -2.166293315869806, -2.166293670848208, -2.166294010701853, -2.1662943360894067, -2.1662946476388583, -2.1662949459492857, -2.166295231592392, -2.1662955051139887, -2.1662957670352676, -2.1662960178542336, -2.166296258046678, -2.1662964880673723, -2.1662967083510813, -2.1662969193135053, -2.1662971213521516, -2.166297314847248, -2.1662975001625004, -2.166297677645889, -2.1662978476302857, -2.166298010434279, -2.1662981663627168, -2.1662983157073223, -2.1662984587473297, -2.166298595750025, -2.1662987269711866, -2.166298852655728, -2.1662989730380695, -2.1662990883426354, -2.1662991987842974, -2.166299304568735, -2.1662994058928944, -2.1662995029453733, -2.166299595906699, -2.166299684949773, -2.166299770240123, -2.1662998519362464, -2.166299930189956, -2.166300005146592, -2.1663000769453498, -2.166300145719507, -2.1663002115966954, -2.1663002746992124, -2.1663003351440513, -2.1663003930433624, -2.166300448504505, -2.1663005016303054, -2.166300552519219, -2.1663006012655885, -2.1663006479596976, -2.1663006926881145, -2.1663007355336497, -2.166300776575681, -2.1663008158901875, -2.166300853549978, -2.166300889624768, -2.166300924181337, -2.1663009572836516, -2.1663009889929503, -2.16630101936791, -2.166301048464745, -2.1663010763372794, -2.166301103037069, -2.166301128613481, -2.1663011531138534, -2.166301176583452, -2.1663011990657037, -2.16630122060216, -2.1663012412326292, -2.1663012609952546, -2.1663012799265915, -2.166301298061611, -2.166301315433821, -2.166301332075327, -2.1663013480168805, -2.166301363287956, -2.1663013779167404, -2.166301391930311, -2.1663014053544734, -2.166301418214097, -2.1663014305329114, -2.166301442333676, -2.1663014536381744, -2.166301464467305, -2.1663014748410427, -2.1663014847785638, -2.166301494298205, -2.1663015034175643, -2.1663015121534523, -2.1663015205220475, -2.1663015285387277, -2.1663015362183313, -2.1663015435750608, -2.166301550622461, -2.1663015573735596, -2.1663015638408103, -2.166301570036149, -2.166301575971005, -2.1663015816563775, -2.1663015871026956, -2.1663015923200417, -2.1663015973180593, -2.166301602105941, -2.1663016066925542, -2.166301611086342, -2.1663016152954055, -2.1663016193275353, -2.166301623190148, -2.1663016268903985, -2.166301630435084, -2.166301633830759, -2.1663016370837083, -2.1663016401999062, -2.1663016431851054, -2.166301646044832, -2.166301648784326]}