{"FCI": -2.1601805300077888, "Energy": -2.160167680915545, "Loss": [-2.1157907806753533, -2.1319852525742107, -2.141508682705018, -2.147403435607728, -2.151209003568116, -2.1537506667723867, -2.1554951641012683, -2.156719135799059, -2.157593300394974, -2.158226720118374, -2.1586911651048637, -2.1590350753547005, -2.1592918539034662, -2.1594849545409684, -2.1596310957422906, -2.159742345387896, -2.159827505524083, -2.1598930517591204, -2.1599437823944223, -2.159983274196631, -2.1600142068143815, -2.160038596398757, -2.1600579655017915, -2.1600734676627376, -2.1600859794053275, -2.1600961685697184, -2.1601045453168246, -2.160111500356895, -2.1601173337023165, -2.1601222763575936, -2.160126506722239, -2.160130163022257, -2.1601333527493636, -2.160136159839709, -2.160138650141789, -2.160140875586714, -2.1601428773727664, -2.1601446884005715, -2.160146335137223, -2.1601478390453344, -2.1601492176800394, -2.1601504855324256, -2.160151654679122, -2.1601527352835244, -2.16015373598346, -2.1601546641918894, -2.160155526330685, -2.1601563280131497, -2.1601570741870844, -2.160157769247299, -2.1601584171248325, -2.1601590213579014, -2.160159585148725, -2.160160111409514, -2.1601606027997833, -2.160161061757159, -2.1601614905226527, -2.1601618911620317, -2.1601622655837045, -2.1601626155540994, -2.1601629427107096, -2.160163248573647, -2.1601635345555636, -2.160163801970514, -2.160164052041788, -2.160164285909035, -2.1601645046344586, -2.1601647092086216, -2.160164900555636, -2.1601650795379523, -2.1601652469606663, -2.160165403575533, -2.1601655500846824, -2.1601656871440316, -2.160165815366327, -2.1601659353241813, -2.1601660475527473, -2.1601661525521623, -2.1601662507899384, -2.160166342703134, -2.1601664287003497, -2.1601665091635835, -2.160166584450059, -2.1601666548937914, -2.160166720807141, -2.1601667824822, -2.1601668401921406, -2.160166894192474, -2.16016694472215, -2.160166992004708, -2.1601670362491903, -2.1601670776511677, -2.1601671163935676, -2.1601671526475137, -2.160167186573112, -2.1601672183200487, -2.160167248028501, -2.1601672758294823, -2.1601673018456355, -2.160167326191688, -2.1601673489749578, -2.1601673702958797, -2.1601673902484, -2.1601674089204206, -2.1601674263942, -2.1601674427467183, -2.160167458049954, -2.160167472371288, -2.1601674857738073, -2.160167498316459, -2.160167510054473, -2.1601675210394755, -2.160167531319826, -2.1601675409407393, -2.160167549944536, -2.160167558370828, -2.1601675662566495, -2.1601675736367345, -2.1601675805435034, -2.1601675870072867, -2.1601675930565727, -2.1601675987179165, -2.1601676040162054, -2.160167608974739, -2.160167613615304, -2.1601676179582983, -2.160167622022802, -2.160167625826704, -2.1601676293867005, -2.160167632718416, -2.160167635836537, -2.160167638754706, -2.160167641485783, -2.1601676440417776, -2.160167646433875, -2.1601676486726085, -2.1601676507678262, -2.160167652728706, -2.1601676545638733, -2.1601676562813887, -2.160167657888784, -2.1601676593931445, -2.1601676608010445, -2.160167662118731, -2.1601676633518947, -2.1601676645060333, -2.160167665586151, -2.1601676665970637, -2.1601676675431727, -2.1601676684286004, -2.160167669257286, -2.160167670032838, -2.160167670758686, -2.160167671438005, -2.160167672073782, -2.160167672668793, -2.160167673225669, -2.1601676737468556, -2.160167674234611, -2.1601676746911176, -2.1601676751183523, -2.1601676755181933, -2.1601676758924215, -2.1601676762426623, -2.1601676765704436, -2.16016767687721, -2.1601676771643263, -2.160167677433033, -2.1601676776844942, -2.1601676779198646, -2.1601676781401276, -2.160167678346294, -2.1601676785392288, -2.1601676787198025, -2.160167678888801, -2.160167679046965, -2.160167679194992, -2.160167679333531, -2.1601676794631968, -2.1601676795845406, -2.16016767969812, -2.160167679804404, -2.1601676799038856, -2.1601676799969773, -2.1601676800841147, -2.160167680165649, -2.160167680241977, -2.160167680313407, -2.1601676803802516, -2.1601676804428367, -2.160167680501378, -2.16016768055618, -2.1601676806074854, -2.160167680655467, -2.1601676807004098, -2.1601676807424566, -2.160167680781796, -2.16016768081862, -2.1601676808530925, -2.160167680885348]}