{"FCI": -2.1026075720482935, "Energy": -2.10227147058975, "Loss": [-2.0038661251412053, -2.0236327507771925, -2.0391018419189386, -2.0512681083559516, -2.0608855684697587, -2.068526540301138, -2.074627072882635, -2.0795210080336015, -2.08346525673263, -2.08665853166715, -2.089255276625763, -2.0913760808011244, -2.0931155125062997, -2.0945480469410818, -2.0957325764487247, -2.0967158592687762, -2.0975351683707797, -2.0982203341387047, -2.098795325510941, -2.099279478192476, -2.0996884519753656, -2.10003497942037, -2.1003294533294445, -2.100580389272171, -2.1007947909795814, -2.100978439999717, -2.101136126117942, -2.101271831306306, -2.1013888771011424, -2.1014900431074044, -2.101577662632981, -2.101653700148045, -2.1017198142514637, -2.101777409040921, -2.101827676172533, -2.1018716294186026, -2.101910133160306, -2.10194392595918, -2.1019736401221127, -2.1019998179925854, -2.1020229255586522, -2.102043363853017, -2.102061478531516, -2.1020775679428554, -2.1020918899452194, -2.1021046676789257, -2.1021160944662, -2.1021263379800197, -2.102135543797658, -2.1021438384369264, -2.1021513319540217, -2.1021581201711808, -2.1021642865893644, -2.102169904033359, -2.1021750360685023, -2.102179738222451, -2.102184059040164, -2.1021880409957174, -2.1021917212813017, -2.102195132490772, -2.102198303211942, -2.1022012585407217, -2.1022040205273527, -2.102206608564302, -2.1022090397233684, -2.102211329049024, -2.1022134898138893, -2.1022155337408934, -2.1022174711972297, -2.102219311363221, -2.102221062379623, -2.1022227314761874, -2.1022243250838213, -2.1022258489325347, -2.1022273081369867, -2.1022287072713093, -2.102230050434267, -2.102231341306611, -2.102232583200824, -2.1022337791049854, -2.1022349317208886, -2.1022360434976566, -2.1022371166610347, -2.102238153239038, -2.1022391550845425, -2.1022401238950112, -2.1022410612297926, -2.102241968525457, -2.102242847108937, -2.1022436982094783, -2.1022445229688285, -2.1022453224503557, -2.1022460976470425, -2.102246849488479, -2.1022475788471433, -2.1022482865438166, -2.1022489733524714, -2.1022496400044983, -2.102250287192534, -2.1022509155738063, -2.102251525773109, -2.102252118385456, -2.1022526939784294, -2.10225325309428, -2.1022537962518095, -2.102254323948086, -2.102254836659838, -2.1022553348449495, -2.102255818943568, -2.10225628937925, -2.1022567465599193, -2.102257190878799, -2.102257622715228, -2.1022580424353605, -2.1022584503929136, -2.102258846929762, -2.1022592323764058, -2.102259607052696, -2.1022599712681753, -2.102260325322555, -2.102260669506151, -2.102261004100242, -2.102261329377505, -2.1022616456022063, -2.102261953030714, -2.1022622519116605, -2.1022625424862005, -2.102262824988397, -2.102263099645413, -2.102263366677683, -2.102263626299242, -2.1022638787179315, -2.1022641241354862, -2.1022643627478765, -2.102264594745416, -2.102264820312949, -2.1022650396300353, -2.1022652528710832, -2.102265460205589, -2.10226566179818, -2.102265857808827, -2.1022660483929707, -2.102266233701676, -2.1022664138816807, -2.1022665890756773, -2.1022667594222506, -2.102266925056128, -2.1022670861082653, -2.1022672427059073, -2.102267394972763, -2.1022675430290376, -2.1022676869916017, -2.102267826974044, -2.102267963086745, -2.102268095437086, -2.1022682241293635, -2.10226834926497, -2.1022684709425414, -2.1022685892578825, -2.10226870430417, -2.1022688161719545, -2.102268924949307, -2.1022690307218066, -2.102269133572676, -2.102269233582784, -2.10226933083081, -2.1022694253932186, -2.102269517344309, -2.102269606756359, -2.1022696936996645, -2.1022697782424675, -2.1022698604512495, -2.1022699403905247, -2.102270018123098, -2.1022700937099796, -2.1022701672105533, -2.1022702386824506, -2.1022703081817897, -2.1022703757631227, -2.102270441479446, -2.1022705053823376, -2.1022705675219115, -2.1022706279469014, -2.1022706867047054, -2.1022707438413732, -2.102270799401709, -2.1022708534292787, -2.1022709059664137, -2.102270957054327, -2.1022710067329893, -2.102271055041376, -2.1022711020173146, -2.1022711476976346, -2.102271192118083, -2.102271235313455, -2.1022712773176164, -2.1022713181634107, -2.102271357882877, -2.1022713965070507, -2.102271434066222]}