{"FCI": -2.1099708496191734, "Energy": -2.109673174771504, "Loss": [-2.0148183422815227, -2.0343721609127026, -2.0495482754219214, -2.0613942045175118, -2.0706941638492604, -2.0780366484660715, -2.0838653909927007, -2.0885168961393847, -2.0922478706628267, -2.0952552785799714, -2.0976910735297714, -2.099673091590763, -2.1012931611873973, -2.1026231813866225, -2.103719705401263, -2.1046274159471494, -2.105381773450369, -2.1060110431096906, -2.1065378530398617, -2.106980396758439, -2.1073533647876546, -2.1076686691395827, -2.107936008864464, -2.108163313205642, -2.1083570901768796, -2.1085227018050476, -2.1086645823128043, -2.1087864117484787, -2.108891254705962, -2.1089816715907954, -2.1090598082178933, -2.109127468243076, -2.1091861719448843, -2.109237204111397, -2.1092816531981393, -2.109320443466199, -2.1093543614531405, -2.1093840778524933, -2.1094101656587076, -2.109433115263765, -2.109453347056973, -2.1094712219717846, -2.1094870503394123, -2.109501099341044, -2.1095135992964833, -2.1095247489836098, -2.1095347201482557, -2.109543661335907, -2.1095517011535407, -2.109558951051796, -2.1095655077016398, -2.109571455028657, -2.10957686595594, -2.1095818039003795, -2.109586324058087, -2.109590474510493, -2.1095942971769506, -2.109597828635999, -2.1096011008341726, -2.10960414169808, -2.1096069756635782, -2.1096096241335065, -2.109612105873868, -2.1096144373569863, -2.109616633058963, -2.109618705717578, -2.1096206665559603, -2.1096225254768903, -2.1096242912313774, -2.109625971565145, -2.1096275733460397, -2.1096291026746052, -2.109630564980443, -2.109631965105933, -2.1096333073791413, -2.1096345956773597, -2.10963583348227, -2.1096370239282085, -2.1096381698441746, -2.1096392737903, -2.1096403380899615, -2.1096413648575583, -2.1096423560228277, -2.1096433133521595, -2.1096442384671663, -2.1096451328608703, -2.1096459979119784, -2.1096468348973128, -2.1096476450026582, -2.109648429332423, -2.109649188917939, -2.1096499247248306, -2.1096506376595667, -2.1096513285751, -2.1096519982758766, -2.109652647522306, -2.1096532770346266, -2.109653887496444, -2.1096544795576846, -2.109655053837411, -2.1096556109262203, -2.109656151388309, -2.1096566757635395, -2.1096571845690577, -2.1096576783007954, -2.1096581574350295, -2.1096586224294023, -2.109659073724199, -2.1096595117433083, -2.109659936895128, -2.1096603495734723, -2.1096607501582607, -2.109661139016241, -2.1096615165016566, -2.109661882956816, -2.1096622387126724, -2.1096625840892536, -2.1096629193961784, -2.1096632449331385, -2.1096635609901884, -2.1096638678482775, -2.1096641657794497, -2.109664455047317, -2.1096647359072205, -2.109665008606737, -2.109665273385786, -2.1096655304769727, -2.1096657801057774, -2.1096660224908894, -2.1096662578444296, -2.1096664863720758, -2.109666708273376, -2.1096669237418606, -2.1096671329653316, -2.1096673361259595, -2.1096675334005326, -2.1096677249606035, -2.109667910972589, -2.10966809159803, -2.109668266993715, -2.1096684373117567, -2.1096686026998333, -2.1096687633012317, -2.109668919255095, -2.1096690706964343, -2.109669217756318, -2.109669360561968, -2.109669499236891, -2.1096696339009515, -2.109669764670555, -2.1096698916586654, -2.109670014974976, -2.109670134725928, -2.109670251014923, -2.1096703639423273, -2.109670473605562, -2.1096705800992104, -2.109670683515111, -2.109670783942449, -2.109670881467772, -2.109670976175127, -2.109671068146123, -2.109671157460003, -2.109671244193685, -2.1096713284218684, -2.1096714102170675, -2.109671489649688, -2.1096715667881267, -2.1096716416987538, -2.1096717144460118, -2.109671785092527, -2.109671853699041, -2.1096719203245438, -2.1096719850263734, -2.1096720478601236, -2.1096721088798445, -2.1096721681379904, -2.1096722256854705, -2.1096722815717412, -2.109672335844864, -2.109672388551427, -2.1096724397367415, -2.1096724894447543, -2.109672537718162, -2.1096725845984436, -2.1096726301258286, -2.1096726743394343, -2.1096727172772143, -2.1096727589760276, -2.1096727994716584, -2.109672838798861, -2.1096728769913997, -2.1096729140820503, -2.109672950102641, -2.109672985084056, -2.1096730190563378, -2.10967305204862, -2.109673084089176, -2.1096731152055175, -2.109673145424326]}