{"FCI": -1.862721012958004, "Energy": -1.862715231854134, "Loss": [-1.8346636046155602, -1.8494562439860565, -1.855444544890383, -1.8584197612870708, -1.8600670669526862, -1.8610371032384008, -1.8616301762217469, -1.8620017181818618, -1.8622384779958416, -1.8623913372623329, -1.8624911380346054, -1.8625569951136844, -1.8626009395740926, -1.8626306286780083, -1.862650976817581, -1.862665158844654, -1.8626752371615063, -1.8626825582381352, -1.8626880055053356, -1.8626921616928638, -1.8626954135526763, -1.8626980196746648, -1.862700154538112, -1.8627019372018538, -1.8627034500352633, -1.862704750976315, -1.8627058815749868, -1.8627068722869837, -1.862707745970863, -1.8627085202091307, -1.8627092088577566, -1.862709823088643, -1.8627103720976161, -1.8627108635908205, -1.8627113041240284, -1.8627116993432682, -1.8627120541589621, -1.8627123728747363, -1.8627126592848942, -1.8627129167500982, -1.862713148257395, -1.8627133564688227, -1.862713543761691, -1.8627137122623245, -1.8627138638749567, -1.8627140003064155, -1.8627141230878679, -1.8627142335935933, -1.86271433305767, -1.862714422588768, -1.8627145031830978, -1.8627145757361447, -1.8627146410530089, -1.8627146998576094, -1.862714752801065, -1.8627148004690421, -1.8627148433883987, -1.8627148820331814, -1.862714916829901, -1.8627149481624061, -1.862714976376104, -1.8627150017818765, -1.8627150246595292, -1.862715045260958, -1.8627150638128616, -1.8627150805193158, -1.8627150955641016, -1.8627151091126022, -1.8627151213137423, -1.862715132301612, -1.8627151421969215, -1.8627151511083677, -1.8627151591338582, -1.8627151663614687, -1.8627151728705702, -1.862715178732633, -1.8627151840119938, -1.8627151887665854, -1.862715193048588, -1.8627151969049907, -1.8627152003781084, -1.8627152035060355, -1.8627152063230963, -1.8627152088601897, -1.8627152111451295, -1.8627152132030027, -1.8627152150563737, -1.8627152167255614, -1.8627152182288655, -1.8627152195827823, -1.8627152208021656, -1.8627152219003686, -1.8627152228894417, -1.8627152237802471, -1.862715224582509, -1.862715225305067, -1.862715225955812, -1.862715226541908, -1.8627152270697647, -1.8627152275451542, -1.8627152279733192, -1.8627152283589505, -1.8627152287062325, -1.8627152290190216, -1.8627152293007476, -1.8627152295544689, -1.862715229782984, -1.8627152299887808, -1.862715230174122, -1.862715230341079, -1.8627152304914265, -1.8627152306268517, -1.8627152307487882, -1.8627152308586312, -1.862715230957551, -1.8627152310466546, -1.8627152311268897, -1.8627152311991595, -1.8627152312642492, -1.8627152313228705, -1.8627152313756723, -1.8627152314232234, -1.8627152314660442, -1.8627152315046216, -1.8627152315393483, -1.8627152315706406, -1.8627152315988242, -1.8627152316241926, -1.8627152316470494, -1.8627152316676319, -1.8627152316861684, -1.8627152317028846, -1.8627152317179183, -1.8627152317314557, -1.8627152317436568, -1.862715231754649, -1.8627152317645401, -1.862715231773461, -1.862715231781488, -1.8627152317887112, -1.8627152317952214, -1.8627152318010802, -1.8627152318063596, -1.862715231811123, -1.8627152318154048, -1.8627152318192672, -1.8627152318227398, -1.8627152318258613, -1.862715231828676, -1.8627152318312168, -1.8627152318335094, -1.8627152318355753, -1.8627152318374176, -1.8627152318390905, -1.8627152318405902, -1.8627152318419484, -1.8627152318431728, -1.8627152318442686, -1.8627152318452715, -1.8627152318461564, -1.8627152318469529, -1.862715231847677, -1.86271523184833, -1.86271523184891, -1.8627152318494424, -1.8627152318499274, -1.862715231850348, -1.8627152318507307, -1.8627152318510836, -1.8627152318514004, -1.862715231851664, -1.862715231851936, -1.8627152318521552, -1.8627152318523716, -1.8627152318525528, -1.8627152318527238, -1.8627152318528644, -1.8627152318530003, -1.8627152318531381, -1.8627152318532345, -1.8627152318533384, -1.8627152318534308, -1.862715231853497, -1.862715231853587, -1.8627152318536417, -1.8627152318537132, -1.8627152318537583, -1.8627152318537992, -1.8627152318538513, -1.862715231853897, -1.862715231853916, -1.8627152318539453, -1.8627152318539764, -1.862715231854002, -1.8627152318540252, -1.8627152318540443, -1.8627152318540507, -1.8627152318540856, -1.8627152318540983, -1.8627152318541123]}