{"FCI": -2.1507101269745452, "Energy": -2.1502754186801885, "Loss": [-2.1080473247912503, -2.128311264169829, -2.134379333523937, -2.1388797598538214, -2.141262805189666, -2.142943447262741, -2.1442131921234235, -2.140489736241601, -2.1450963086878154, -2.1466212216741978, -2.1472681133821525, -2.147767790899367, -2.148193682734942, -2.1485630012657495, -2.148884792133098, -2.1491652865973956, -2.14940915718221, -2.149618860355702, -2.1497898997110676, -2.1498898407906135, -2.1498960187114626, -2.1499664472484605, -2.1501413707769865, -2.150240128456809, -2.150294310637766, -2.150333981826091, -2.1503125073265896, -2.1500592284891735, -2.149536111269614, -2.1495622914770984, -2.1500523833948937, -2.150341365031372, -2.1504503256621095, -2.1504786607268525, -2.1504718335955704, -2.150454656135817, -2.1504479778052867, -2.1504502329222266, -2.1504504415531485, -2.1504347844793466, -2.1503856116993907, -2.150278503656709, -2.1501172252538456, -2.149988852930465, -2.150011830367168, -2.1501443886746814, -2.15027868576166, -2.1503663288153687, -2.150413084882148, -2.150426841223155, -2.1504084206785903, -2.1503514727010185, -2.1502973332553466, -2.1502875299759054, -2.1502838579922945, -2.1502610059709935, -2.1502277019767972, -2.150205278904972, -2.15021222544124, -2.1502308556326253, -2.150239822807204, -2.1502522513143543, -2.1502853041632197, -2.1503183883777424, -2.150344031118179, -2.150357346811823, -2.150356433152844, -2.1503347247461915, -2.1502849154668082, -2.150207465310035, -2.1501623934425256, -2.1501744524629296, -2.150212309441528, -2.150252187448642, -2.1502864619841984, -2.150304591617767, -2.1503038606125937, -2.1502883073474375, -2.150280553775489, -2.150283593939151, -2.150290079504215, -2.150291406257958, -2.150286859300637, -2.1502722564991665, -2.150248641906155, -2.150221541506745, -2.150215986026997, -2.150234489493271, -2.150263272188414, -2.1502863244506596, -2.1502997565793347, -2.1502983052910394, -2.15028575530648, -2.150269714076271, -2.15026371101332, -2.1502651230856955, -2.1502707739313687, -2.150273754468575, -2.1502729894768375, -2.1502631877779574, -2.1502495079788506, -2.1502418724241283, -2.1502512151090296, -2.1502676675221664, -2.1502834226952916, -2.150290126280285, -2.1502875907262418, -2.1502747027691864, -2.1502617861302116, -2.150255815419143, -2.15026044993589, -2.1502679473071113, -2.150275620488745, -2.1502766932547748, -2.1502708568090148, -2.1502582497090383, -2.150251995918786, -2.1502565121581205, -2.150269181376343, -2.150279289554447, -2.1502841382332094, -2.1502792083372326, -2.150268666776567, -2.1502573982252753, -2.150255879067145, -2.1502614008971275, -2.150271358604533, -2.1502779543353587, -2.1502795424324903, -2.15027163435071, -2.150260561192067, -2.150253902628123, -2.15025922483974, -2.150268786755607, -2.150277932860542, -2.1502798396675917, -2.1502753606217837, -2.150264438241606, -2.150257154766504, -2.1502569928223543, -2.1502651727649753, -2.1502737633507776, -2.1502803525052543, -2.150278788456493, -2.150270605332817, -2.150258686473731, -2.1502551645855994, -2.1502601475791057, -2.1502703299025834, -2.15027687763764, -2.150278516731127, -2.150271843877202, -2.1502628814134455, -2.150256591157762, -2.1502599578681934, -2.150267553089224, -2.1502766877324855, -2.150280298226322, -2.150277764166861, -2.150267042289223, -2.15025752030821, -2.150255215771601, -2.150262776963592, -2.1502713500039063, -2.150277767012179, -2.1502765034838496, -2.1502700190618773, -2.1502604616676737, -2.1502577958904485, -2.1502616565487704, -2.1502708568038393, -2.1502777160448154, -2.150280589597679, -2.1502746583559826, -2.150264424909509, -2.150255501397067, -2.150257190991757, -2.1502646366230405, -2.150273849097538, -2.150277449602828, -2.150275582011355, -2.1502668407310095, -2.150259698939965, -2.150258019152472, -2.1502647181641996, -2.1502726334550877, -2.1502794494718067, -2.150278981146082, -2.1502722844626216, -2.150260725771284, -2.1502555702199078, -2.1502585544350983, -2.1502679494664756, -2.1502749779597017, -2.1502779703453485, -2.1502729564677843, -2.1502649241617773, -2.1502580439716197, -2.150260029212181, -2.1502665906196947]}