{"FCI": -2.0328647904561175, "Energy": -2.0323316829776505, "Loss": [-1.9994977324123218, -2.0178223433322113, -2.0215381045735525, -2.025334341630308, -2.0270403857653134, -2.0282363452206615, -2.029126143120419, -2.022843856455901, -2.0298839536471083, -2.0308137055232183, -2.0312264429029425, -2.0315434234030607, -2.031802284462695, -2.032012867763171, -2.0321774739012652, -2.0322899984875455, -2.03233608708666, -2.0323454743426077, -2.032399860004498, -2.0324977776991338, -2.032573246947, -2.0326150845669604, -2.0326100192777865, -2.032546761844002, -2.0325407393876054, -2.0326048813289934, -2.0326360197772892, -2.032570869936971, -2.0322515193465596, -2.031668659886005, -2.0314170815824224, -2.0319137997392565, -2.032271020541157, -2.03240499538307, -2.0324784720130555, -2.032536317087971, -2.032582129438108, -2.032611534955768, -2.0326174784305024, -2.0325879554451736, -2.0325195171694994, -2.0324450108445458, -2.0323567615695532, -2.0322064032572524, -2.032040134795755, -2.032013005939223, -2.0321356953560192, -2.0322798639969193, -2.0323631162177747, -2.0323988012603063, -2.0324308760372247, -2.0324676382286646, -2.0324932281726564, -2.0324995129656664, -2.0324780008648626, -2.032419987839634, -2.0323223727557265, -2.032220464870695, -2.03216641334178, -2.0321793478165953, -2.032234409815447, -2.032301520261537, -2.032350695207437, -2.032374919261675, -2.032380796171177, -2.0323890645672718, -2.0323997633091078, -2.0324046283702843, -2.0323942793622845, -2.0323671669019507, -2.0323231082692517, -2.032276383394662, -2.0322472304651935, -2.032253096444747, -2.032281427280153, -2.0323174757283504, -2.032345026103457, -2.032360879006476, -2.0323638406215707, -2.0323634484762496, -2.032362622613503, -2.032362297838412, -2.032356232641564, -2.032344518752355, -2.0323253981001583, -2.032305920269281, -2.0322919422892216, -2.032293760928606, -2.0323070457449957, -2.03232650008404, -2.0323414210789355, -2.032350229336127, -2.0323503931352134, -2.032348102782905, -2.032344782907871, -2.032343814428524, -2.032340914213056, -2.0323367732639346, -2.032328269631473, -2.032319709414853, -2.0323124618489445, -2.0323134193045833, -2.032319958596745, -2.032330843821136, -2.0323386539394694, -2.032343203070629, -2.0323418540113485, -2.0323395540733618, -2.032336459340457, -2.032336200654279, -2.0323351463035655, -2.0323343693058433, -2.0323303263433634, -2.0323263559389955, -2.0323221048641678, -2.032322816947381, -2.032326132468925, -2.0323325492075495, -2.0323365006011773, -2.0323388236943205, -2.032336971470869, -2.0323352416964635, -2.032332885670772, -2.0323333053289563, -2.0323330895435907, -2.0323336416781843, -2.0323314506860517, -2.0323295376613757, -2.032326736438116, -2.032327373836409, -2.0323290399054206, -2.0323330609868733, -2.0323349349550384, -2.032336181236721, -2.032334323358534, -2.032333232929359, -2.0323315283866767, -2.0323323495048653, -2.0323324005523333, -2.0323333778906534, -2.032331945317304, -2.0323310288511967, -2.032329004919667, -2.032329638326935, -2.032330417188832, -2.032333112991686, -2.0323338595888143, -2.0323346171760996, -2.0323329362807323, -2.032332381031912, -2.032331133052167, -2.032332132995863, -2.0323321793256586, -2.032333215808096, -2.0323320933464943, -2.032331709683109, -2.032330147201059, -2.0323308057351746, -2.0323310842651363, -2.032333020134533, -2.0323331440307517, -2.0323336987146674, -2.032332230790388, -2.032332075781241, -2.032331116701944, -2.0323321621587667, -2.032332098377343, -2.0323330685621452, -2.032332079435432, -2.0323320138357315, -2.0323307481524444, -2.0323314378521036, -2.0323314183323036, -2.0323329007632176, -2.0323326731338427, -2.032333159022992, -2.032331883927704, -2.032332012150951, -2.0323312240366294, -2.032332247492864, -2.032332049368106, -2.0323329279912943, -2.0323320062776724, -2.032332150026731, -2.032331084580886, -2.0323317998679116, -2.032331591451072, -2.0323327923878427, -2.0323323623816076, -2.0323328400959193, -2.0323317221648436, -2.032332044700136, -2.032331351499095, -2.032332324974851, -2.0323320031237575, -2.0323328015508784, -2.0323319240345623, -2.0323322150954892, -2.0323312872973016, -2.0323320185917115]}