{"FCI": -2.1793345528867087, "Energy": -2.178918276873523, "Loss": [-2.1274356321834476, -2.1489980937879616, -2.1570545889341637, -2.1625219509969233, -2.1656941461398587, -2.1679406131582386, -2.169643907786451, -2.169196253058609, -2.1697233306019696, -2.172727281721735, -2.1737212766651104, -2.1744170959546008, -2.1749998435097475, -2.175504447806115, -2.175934689745815, -2.1762761921125735, -2.1765717252817325, -2.1769304439650843, -2.1772820770836034, -2.177575472322799, -2.177822295028133, -2.178035127245158, -2.1782190732214666, -2.1783718193393673, -2.1784724408545904, -2.1784395738250426, -2.1781506287840884, -2.1780110128829953, -2.178372157655593, -2.1787109509063947, -2.1788786699122253, -2.178951336875315, -2.1789429145972274, -2.1788548032579595, -2.1788742614727132, -2.1789815736426617, -2.1790510474504274, -2.179085528007119, -2.1790862236109514, -2.1790384683382698, -2.1789385235239607, -2.178837552271467, -2.1788191880547614, -2.1788799994838377, -2.178934749181185, -2.178948188331012, -2.1789536174454915, -2.1789709364604715, -2.178980801274878, -2.178984883174139, -2.178987754031057, -2.178988478589781, -2.1789782894215555, -2.1789544376449816, -2.178920960844732, -2.1788947107337333, -2.1788831813096867, -2.17888508353525, -2.1788987844729624, -2.1789299384104672, -2.178963696762472, -2.1789910068868963, -2.1790070242165775, -2.1790132490883294, -2.1790084794309537, -2.1789944427907173, -2.1789698434263363, -2.178935804568387, -2.1788856047955663, -2.17883456121674, -2.178834143284986, -2.178875915118447, -2.178924552521371, -2.1789682327259965, -2.178998626263976, -2.1790149193935333, -2.1790114400906586, -2.178980830513555, -2.178920292290182, -2.1788815572333804, -2.1788832499192177, -2.1789002389097076, -2.1789176401535024, -2.178934380873427, -2.1789449430466394, -2.178946004378461, -2.1789295656318637, -2.1789126757440194, -2.17891616405352, -2.1789347339837706, -2.178953031871447, -2.178967507956641, -2.1789735590874346, -2.1789712194110127, -2.1789543481802705, -2.178919473868902, -2.1788786442528303, -2.178873088364175, -2.17889578615189, -2.178925751080884, -2.1789494438248798, -2.1789649061368475, -2.178966517673178, -2.1789534528810286, -2.1789293462056176, -2.178916705177799, -2.1789196070833627, -2.178931615090719, -2.178943557603934, -2.17895386585575, -2.1789569087507603, -2.1789497881471664, -2.178924378767157, -2.1788949452551956, -2.1788909819607087, -2.1789123813559623, -2.178936325783438, -2.178955565709071, -2.178964480586103, -2.1789628785593176, -2.178945739745309, -2.1789206884373566, -2.1789056872180494, -2.1789114470471764, -2.178925911784116, -2.178943174990213, -2.1789559420727738, -2.1789623112294962, -2.1789545469215126, -2.17892991765545, -2.178899983255199, -2.1788971651060782, -2.1789146245168274, -2.1789364987062783, -2.1789520479878504, -2.178960554918042, -2.1789571163563997, -2.178941065818108, -2.178915917591157, -2.1789051607597925, -2.1789125481635905, -2.1789300117811203, -2.1789467475205058, -2.1789601735230932, -2.1789640821225804, -2.178955366666888, -2.1789276194725744, -2.1788990228206746, -2.1788959388714257, -2.1789147002057456, -2.1789351860456554, -2.178951839191656, -2.1789592235021376, -2.1789567416013376, -2.178939114905246, -2.178915979595339, -2.1789059005418707, -2.178915677068601, -2.1789319108924228, -2.1789490641190294, -2.1789603498695485, -2.1789641329931007, -2.1789528422134294, -2.1789250856250124, -2.1788962495362054, -2.1788965635903232, -2.1789151057971106, -2.1789370128449272, -2.178952376690514, -2.1789604614446665, -2.1789559711439996, -2.1789385630941354, -2.1789144292636706, -2.178907077736404, -2.178916276411093, -2.1789336087659383, -2.178949249695206, -2.1789611086364857, -2.178963058565492, -2.178951783935197, -2.178921977843419, -2.178895705017804, -2.1788967996163446, -2.1789173123016434, -2.1789379286246477, -2.178953977792333, -2.1789602110479183, -2.178955900890536, -2.178936369396967, -2.1789138945966853, -2.1789065867287336, -2.178917783770851, -2.1789340816162617, -2.178950660617347, -2.178960996082424, -2.1789633318205883, -2.178949787943223, -2.178920333505872, -2.1788942204193575, -2.178898489520725]}