{"FCI": -2.1388909081475256, "Energy": -2.1384388538281995, "Loss": [-2.0979004824398566, -2.1178774951304034, -2.1235440565356867, -2.1278924746393555, -2.1301426120533, -2.1317286824994492, -2.1329265244259554, -2.1297438788393923, -2.133293733977772, -2.135143188022922, -2.1357945478724965, -2.13626944296961, -2.136668398042713, -2.1370117236426047, -2.1373087135954023, -2.1375655007302297, -2.1377865904445477, -2.137973941041929, -2.1381213202619436, -2.1381944118508134, -2.138180644172362, -2.1382108079486075, -2.138341703826069, -2.1384474624693772, -2.1385200225439336, -2.1385274055733983, -2.1383458701264346, -2.137822379550273, -2.137680884890566, -2.138141272165873, -2.1384777845418372, -2.1386138491177538, -2.1386568761139286, -2.1386549651969418, -2.1386274843087483, -2.1385969025084304, -2.138591099842411, -2.1386002133783335, -2.13860098566975, -2.138571102516111, -2.138486282293346, -2.1383341994039355, -2.1381854426589673, -2.138168701981087, -2.138284545572162, -2.1384168840879596, -2.138512611154054, -2.138567618475941, -2.138594245788605, -2.138597203882142, -2.1385734778013057, -2.138510774482046, -2.1384406424578732, -2.138415801466161, -2.1384028081033586, -2.1383801926236248, -2.13836730162296, -2.1383795239038323, -2.1384133349503784, -2.1384384695507013, -2.138443191851536, -2.1384502890223365, -2.13847341613564, -2.138495887330678, -2.138511485838954, -2.138514604826355, -2.1385022319719726, -2.138466244342911, -2.138404117131948, -2.138343938090708, -2.1383390663557043, -2.138370981629593, -2.1384133858812224, -2.1384491596443156, -2.138472854687042, -2.13847655147984, -2.138464427600583, -2.1384505775832956, -2.138449669330298, -2.138453594215989, -2.1384566234736497, -2.13845269714071, -2.138441874775223, -2.13842063500923, -2.13839762640147, -2.1383887237706363, -2.1384048338958817, -2.13843001135375, -2.1384534311359844, -2.1384656704907363, -2.138466139601643, -2.1384538878869668, -2.138440231064358, -2.1384329056326736, -2.138434943620895, -2.1384386932233075, -2.1384421595195096, -2.1384394900589494, -2.1384312132387397, -2.1384183270717654, -2.1384145202795923, -2.1384228212511465, -2.138439002304089, -2.1384515381026916, -2.1384575389271143, -2.138452688485027, -2.1384418206890015, -2.1384302931043364, -2.138427870643866, -2.1384314685784735, -2.1384389513352953, -2.138443130297178, -2.1384429669578098, -2.138434823995279, -2.13842606381859, -2.1384231031410414, -2.1384309744909062, -2.1384411527487703, -2.1384495161875043, -2.138449873297875, -2.138444068216393, -2.138433346011018, -2.138427561931423, -2.13842812334814, -2.1384353726499117, -2.1384419188635007, -2.1384460688042317, -2.138442563193767, -2.1384347936386376, -2.1384266758961226, -2.1384275740841154, -2.138434134052506, -2.1384430094902718, -2.138446718824954, -2.13844535475398, -2.138437314248796, -2.138430204185882, -2.138427324524463, -2.138432368554072, -2.138439040069976, -2.138445438634899, -2.138445520560101, -2.1384405538866678, -2.138431306056291, -2.1384274035586226, -2.1384298494851657, -2.1384378273951805, -2.1384434249237994, -2.1384454891615414, -2.138440550179984, -2.138433807295966, -2.13842829957758, -2.1384303898353214, -2.138435866874859, -2.138443183525385, -2.1384458419270453, -2.138443940142295, -2.138435782613615, -2.1384293057228563, -2.138427821209839, -2.1384338266901706, -2.1384400851570255, -2.138444612634778, -2.1384426106564915, -2.138437319086435, -2.1384304229851088, -2.138429599097105, -2.138433076849627, -2.1384403253498925, -2.1384446751855326, -2.1384455299400646, -2.1384394956863604, -2.138432317866166, -2.138427640841555, -2.138430985663784, -2.138436845006332, -2.1384429537842924, -2.138443496258363, -2.138440214338697, -2.138433137138155, -2.138429955704105, -2.1384310235754556, -2.138437419258261, -2.138442675155642, -2.1384457764911207, -2.1384421944551217, -2.1384356827782423, -2.1384288913995473, -2.138429330928493, -2.1384338971150987, -2.1384407589716705, -2.1384433564402014, -2.138442268127579, -2.1384359674268016, -2.1384312714976335, -2.1384298798896415, -2.1384348057524716, -2.1384402553392863, -2.13844502979192, -2.1384438341310457]}