{"FCI": -2.095168837372056, "Energy": -2.094499814293463, "Loss": [-1.9927198810655586, -2.0181635686194137, -2.0322224693037336, -2.0422569601630887, -2.049721399974479, -2.0555611131919997, -2.0602999637254014, -2.064212007679594, -2.0635980461523107, -2.0701518333690623, -2.0726283907552254, -2.074730248252019, -2.0765701367168923, -2.0781649404438287, -2.079556658424145, -2.080781664244688, -2.081868024382883, -2.082837569275064, -2.083707986970907, -2.084493543154976, -2.0852057521062077, -2.0858534712219385, -2.086444036862881, -2.0869858148453506, -2.087492735847947, -2.087977145903011, -2.088440493753546, -2.0888779961607225, -2.089288759093043, -2.089674703278992, -2.090037256977627, -2.0903689790426165, -2.0905993384863732, -2.090430150664223, -2.09038743149531, -2.0911717712287015, -2.0917097235490796, -2.0920416781633975, -2.092302248771867, -2.0925348654083438, -2.0927505080439306, -2.0929508289358876, -2.093133855258789, -2.093294831286831, -2.0934277742014147, -2.0935396508482036, -2.09365027074977, -2.0937258972310366, -2.0937301362881646, -2.093708870929927, -2.093801600908139, -2.09399087797927, -2.0941619032000403, -2.0942828029308465, -2.094364449571814, -2.0944180059265283, -2.0944472920129518, -2.094454780239866, -2.0944469315194465, -2.0944399119426262, -2.09444332381163, -2.0944469248487096, -2.094439305610541, -2.0944355263729024, -2.0944532062434953, -2.0944931622498792, -2.0945339480621827, -2.0945644349215184, -2.0945821446578563, -2.0945904358145637, -2.0945876209678453, -2.094574850311877, -2.094554206828896, -2.094534353100554, -2.0945190334206005, -2.0945117189585716, -2.094509881786438, -2.094516571761504, -2.0945295489536355, -2.094546646809157, -2.094558422401542, -2.0945599824261896, -2.0945527151975347, -2.0945527340266725, -2.0945596238708495, -2.094562468117239, -2.0945536735833814, -2.0945382592227446, -2.09452169468899, -2.0945128488784235, -2.094513059921994, -2.09452318721728, -2.0945373452904676, -2.0945529421464917, -2.0945640463604778, -2.0945676892782177, -2.0945558696216433, -2.0945287960574217, -2.0945055689703787, -2.0945039955902693, -2.0945172188746306, -2.0945359418233647, -2.094548437545243, -2.094554707735772, -2.094554311039015, -2.094551212231292, -2.094545073404812, -2.0945390822937924, -2.0945328299096593, -2.0945294375618184, -2.0945266482038973, -2.0945229093106223, -2.0945120892061873, -2.094504021645189, -2.0945085493216045, -2.0945218852964285, -2.094535064906014, -2.0945485196209472, -2.0945590712546784, -2.0945669881714797, -2.0945686754969963, -2.0945649008587885, -2.09455340300036, -2.094537341390031, -2.094518889853277, -2.0945071832237674, -2.0945054947790203, -2.0945159352467813, -2.094530928827438, -2.094546910930088, -2.0945585696853746, -2.094566756122237, -2.0945696818894586, -2.0945690263109795, -2.0945609509766547, -2.0945343462644255, -2.0944649576743655, -2.094438046348969, -2.0944665853920017, -2.09451105087631, -2.0945463847134227, -2.094569125164725, -2.0945792095506164, -2.09458149474235, -2.0945761426211305, -2.094565922099469, -2.0945503812116284, -2.0945333682451404, -2.09451550103723, -2.0944997891868993, -2.094484223976996, -2.094481368311238, -2.0944976528366306, -2.0945222002324018, -2.094542091815405, -2.0945575699402714, -2.0945677881735563, -2.0945749877674222, -2.0945764462622365, -2.094572736510375, -2.09456113375513, -2.094543365668746, -2.094519772579268, -2.0944993607052607, -2.0944895811987556, -2.09449810074618, -2.0945175759972456, -2.0945405922830056, -2.0945584793546472, -2.0945707038366064, -2.094575063484818, -2.0945712536865844, -2.0945467090157264, -2.0944910758413773, -2.0944606576876983, -2.094477474921233, -2.094509073320283, -2.094538848804524, -2.094557450042066, -2.094567809435812, -2.0945699489373344, -2.0945671859396033, -2.0945589243223335, -2.0945480930216904, -2.0945345251521017, -2.094521344699849, -2.0945057435713603, -2.094491416968787, -2.0944887084869372, -2.0945040748570145, -2.0945237871362643, -2.0945425462565157, -2.094556647998893, -2.0945678735059285, -2.0945734417330666, -2.0945741468959573, -2.094567255806085, -2.094554219512881, -2.094534440934977, -2.0945145456991536]}