{"FCI": -1.0791924385860894, "Energy": -1.0749862868530637, "Loss": [-0.2992270621184849, -0.3023601551789865, -0.30544656059267195, -0.3084834900525488, -0.31146817692855244, -0.31439788848631967, -0.31726993906607176, -0.3200817039862026, -0.32283063406348156, -0.3255142706489082, -0.3281302610714493, -0.330676374372816, -0.33315051720729316, -0.3355507497722848, -0.33787530162777035, -0.340122587256697, -0.3422912212134134, -0.3443800327039193, -0.3463880794398958, -0.348314660608519, -0.35015932880190515, -0.35192190075390795, -0.35360246673801254, -0.35520139848826887, -0.3567193555158657, -0.3581572897069455, -0.35951644810287436, -0.3607983737823756, -0.362004904785694, -0.3631381710443703, -0.36420058930605015, -0.36519485607199, -0.3661239385952385, -0.3669910640195057, -0.36779970677217233, -0.36855357435893316, -0.3692565917417739, -0.3699128845152997, -0.3705267611280947, -0.37110269442462196, -0.37164530280810126, -0.37215933134457047, -0.3726496331417647, -0.37312115134229223, -0.37357890206774025, -0.37402795863785154, -0.3744734373659765, -0.374920485198198, -0.375374269418678, -0.37583996958826643, -0.37632277181798346, -0.37682786540495183, -0.37736044177769723, -0.37792569561269385, -0.37852882789778725, -0.37917505063395535, -0.37986959278869903, -0.3806177070462417, -0.38142467684583253, -0.38229582316380917, -0.383236510481332, -0.3842521513906731, -0.3853482093305428, -0.3865301990054678, -0.38780368413456623, -0.3891742722877536, -0.3906476066973614, -0.3922293550729684, -0.39392519558808636, -0.39574080033920156, -0.39768181669018887, -0.3997538469986961, -0.40196242726773784, -0.40431300527024217, -0.40681091865486674, -0.4094613734605466, -0.41226942335126043, -0.4152399497418706, -0.4183776428339314, -0.42168698343227967, -0.42517222528481907, -0.4288373775937243, -0.4326861872980756, -0.43672212073355315, -0.4409483443362528, -0.44536770417143157, -0.4499827042238823, -0.4547954835695748, -0.45980779273865685, -0.4650209697571289, -0.47043591649813354, -0.47605307606766134, -0.48187241198289105, -0.4878933898715233, -0.4941149623319655, -0.50053555745852, -0.5071530713691802, -0.5139648648945352, -0.5209677644124064, -0.5281580666592067, -0.5355315472261153, -0.5430834723614968, -0.5508086136514666, -0.5587012651349974, -0.5667552624226786, -0.5749640034223036, -0.5833204703222522, -0.5918172525387042, -0.600446570389193, -0.6092002993088496, -0.6180699944738833, -0.6270469157377512, -0.6361220528184369, -0.6452861507003674, -0.6545297352322283, -0.6638431389132223, -0.6732165268661363, -0.6826399229968887, -0.6921032363381139, -0.701596287569421, -0.7111088357003946, -0.7206306048942909, -0.7301513114017286, -0.739660690564597, -0.7491485238412368, -0.7586046657951816, -0.7680190709812452, -0.777381820654931, -0.7866831492239358, -0.7959134703541833, -0.8050634026372343, -0.8141237947213076, -0.8230857498044037, -0.8319406493852972, -0.8406801761663293, -0.8492963360012835, -0.8577814787817276, -0.8661283181565792, -0.8743299499818845, -0.8823798694011448, -0.8902719864607663, -0.898000640170631, -0.9055606109259409, -0.9129471312138088, -0.9201558945361648, -0.9271830624895027, -0.9340252699519023, -0.9406796283381897, -0.9471437268954171, -0.9534156320226652, -0.9594938846114826, -0.9653774954160482, -0.9710659384752203, -0.9765591426218604, -0.981857481128155, -0.986961759548887, -0.9918732018377034, -0.9965934348240864, -1.0011244711510032, -1.0054686907847845, -1.0096288212195912, -1.0136079165087375, -1.0174093352639968, -1.021036717771632, -1.0244939623802347, -1.0277852013204654, -1.0309147761201085, -1.0338872127797698, -1.0367071968747537, -1.039379548747176, -1.0419091989493254, -1.044301164094406, -1.0465605232646045, -1.048692395118329, -1.0507019158293198, -1.05259421797959, -1.0543744105163773, -1.0560475598705474, -1.0576186723202112, -1.0590926776691554, -1.060474414295046, -1.061768615607546, -1.0629798979417096, -1.0641127498974485, -1.0651715231217265, -1.0661604245166985, -1.0670835098442064, -1.0679446786854179, -1.0687476707036248, -1.069496063148767, -1.0701932695341099, -1.070842539408459, -1.071446959141962, -1.072009453639139, -1.072532788890125, -1.073019575269393, -1.073472271490915, -1.0738931891295447, -1.0742844976201014, -1.0746482296485451]}