{"FCI": -1.1372838216460408, "Energy": -0.28766665964653054, "Loss": [-0.05936671373707623, -0.0679301049294066, -0.07401543537985507, -0.07899964952534534, -0.08332613907672827, -0.08720300420456589, -0.09074744576909405, -0.09403313848510231, -0.09710995443064038, -0.10001350614064747, -0.10277027355134202, -0.10540058057529861, -0.10792043004193413, -0.11034269030542362, -0.11267789319773389, -0.11493478840066475, -0.11712073936670835, -0.1192420128505601, -0.12130399503282643, -0.12331135577643294, -0.1252681754632176, -0.12717804433058863, -0.12904414126262365, -0.1308692970025391, -0.13265604539387346, -0.13440666531024525, -0.13612321526211435, -0.13780756218578005, -0.13946140556734704, -0.14108629779374077, -0.14268366142803268, -0.14425480395892926, -0.14580093046176285, -0.14732315452154265, -0.14882250770111274, -0.1502999477845585, -0.15175636598416348, -0.15319259326591864, -0.1546094059219272, -0.15600753049651353, -0.15738764815539116, -0.15875039857299889, -0.16009638340143592, -0.16142616937476345, -0.16274029109449167, -0.16403925353538037, -0.1653235343051565, -0.16659358568707353, -0.16784983649029037, -0.16909269372974023, -0.17032254415430836, -0.17153975563975632, -0.1727446784607339, -0.1739376464544831, -0.17511897808730198, -0.1762889774335209, -0.1774479350756176, -0.17859612893309706, -0.17973382502692475, -0.18086127818552256, -0.18197873269770728, -0.18308642291737984, -0.18418457382423079, -0.1852734015443367, -0.1863531138340934, -0.18742391053058927, -0.18848598397123395, -0.18953951938516522, -0.1905846952587197, -0.1916216836770452, -0.1926506506437253, -0.19367175638013623, -0.19468515560606636, -0.19569099780303284, -0.19668942746157198, -0.19768058431368274, -0.1986646035515023, -0.19964161603319736, -0.20061174847697005, -0.2015751236440108, -0.2025318605111639, -0.2034820744339898, -0.2044258773008891, -0.20536337767886573, -0.2062946809514801, -0.20721988944950803, -0.20813910257475904, -0.20905241691749335, -0.2099599263678415, -0.2108617222215873, -0.21175789328066907, -0.21264852594871486, -0.21353370432190474, -0.21441351027544342, -0.21528802354589616, -0.21615732180962502, -0.2170214807575597, -0.21788057416649423, -0.21873467396712343, -0.2195838503089814, -0.22042817162246695, -0.22126770467811022, -0.22210251464322414, -0.22293266513608795, -0.22375821827778833, -0.22457923474184513, -0.22539577380172912, -0.22620789337638916, -0.2270156500738849, -0.22781909923322005, -0.22861829496446856, -0.22941329018727985, -0.23020413666783585, -0.23099088505434243, -0.2317735849111213, -0.23255228475137402, -0.23332703206867467, -0.23409787336725438, -0.23486485419113803, -0.23562801915217424, -0.23638741195702606, -0.23714307543315327, -0.23789505155384216, -0.23864338146232428, -0.2393881054950156, -0.24012926320392985, -0.24086689337828696, -0.2416010340653628, -0.2423317225906061, -0.2430589955770554, -0.2437828889640879, -0.2445034380255231, -0.24522067738711778, -0.24593464104346247, -0.24664536237431928, -0.24735287416041474, -0.24805720859871014, -0.24875839731717625, -0.2494564713890831, -0.25015146134683514, -0.25084339719535476, -0.25153230842505164, -0.25221822402436933, -0.25290117249195204, -0.2535811818484218, -0.2542582796478004, -0.254932492988573, -0.25560384852442025, -0.25627237247462237, -0.25693809063415246, -0.25760102838346866, -0.25826121069800934, -0.25891866215741816, -0.2595734069544965, -0.2602254689038845, -0.26087487145051264, -0.2615216376777875, -0.26216579031556164, -0.26280735174786785, -0.2634463440204402, -0.2640827888480202, -0.2647167076214685, -0.265348121414667, -0.26597705099124475, -0.2666035168111106, -0.2672275390368124, -0.2678491375397267, -0.268468331906078, -0.26908514144280105, -0.2696995851832477, -0.2703116818927424, -0.27092145007399154, -0.27152890797235435, -0.2721340735809773, -0.272736964645792, -0.2733375986703953, -0.2739359929207921, -0.2745321644300288, -0.27512613000270836, -0.27571790621938647, -0.2763075094408673, -0.2768949558123863, -0.2774802612676927, -0.2780634415330343, -0.2786445121310421, -0.2792234883845208, -0.2798003854201543, -0.2803752181721134, -0.2809480013855852, -0.2815187496202155, -0.2820874772534708, -0.28265419848392215, -0.28321892733445264, -0.28378167765539053, -0.28434246312756795, -0.2849012972653149, -0.2854581934193766, -0.28601316477977745, -0.2865662243786025, -0.2871173850927381]}