{"FCI": -1.0611961534860306, "Energy": -0.9892000174332467, "Loss": [-0.44784140897634495, -0.45257960961945304, -0.45729731235275034, -0.4619927220667073, -0.4666640723188823, -0.4713096305331552, -0.4759277036096673, -0.4805166437331973, -0.4850748543027231, -0.48960079592056427, -0.49409299238151405, -0.49855003660210473, -0.5029705964298006, -0.5073534202720049, -0.5116973424854981, -0.5160012884682115, -0.5202642793972556, -0.5244854365596296, -0.5286639852251712, -0.5327992580148893, -0.5368906977218688, -0.5409378595463388, -0.5449404127112798, -0.5488981414299057, -0.5528109452016665, -0.5566788384187711, -0.5605019492708663, -0.5642805179410747, -0.5680148940924763, -0.5717055336497855, -0.57535299488696, -0.5789579338372132, -0.5825210990479057, -0.5860433257085581, -0.5895255291861288, -0.5929686980074473, -0.596373886334355, -0.5997422059827304, -0.6030748180418323, -0.6063729241555725, -0.6096377575320436, -0.6128705737520335, -0.6160726414510147, -0.6192452329523681, -0.6223896149320525, -0.6255070391965888, -0.6285987336569252, -0.6316658935804672, -0.6347096732021194, -0.6377311777726079, -0.640731456118665, -0.6437114937846461, -0.6466722068191681, -0.6496144362631586, -0.6525389433876415, -0.655446405720663, -0.6583374138931186, -0.6612124693232868, -0.6640719827494918, -0.66691627361002, -0.6697455702592722, -0.6725600109993919, -0.6753596458974704, -0.6781444393501834, -0.6809142733502412, -0.6836689514028637, -0.6864082030352828, -0.6891316888384793, -0.6918390059776408, -0.6945296941064809, -0.6972032416202956, -0.6998590921835166, -0.7024966514694312, -0.705115294052518, -0.7077143703974191, -0.7102932138927872, -0.7128511478829618, -0.7153874926555743, -0.7179015723484703, -0.7203927217449763, -0.722860292931947, -0.7253036618006492, -0.7277222343758463, -0.7301154529636172, -0.7324828021133967, -0.7348238143942826, -0.7371380759899777, -0.7394252321205742, -0.7416849923029523, -0.7439171354645712, -0.7461215149280602, -0.7482980632861598, -0.7504467971881248, -0.7525678220596974, -0.7546613367791563, -0.7567276383315579, -0.7587671264620786, -0.7607803083473009, -0.7627678032999922, -0.7647303475185175, -0.7666687988861032, -0.7685841418176325, -0.7704774921421934, -0.7723501019981007, -0.7742033647031502, -0.7760388195464686, -0.7778581564289536, -0.7796632202572734, -0.7814560149712575, -0.7832387070567496, -0.7850136283657099, -0.7867832780332265, -0.7885503232481098, -0.7903175986010785, -0.7920881037040765, -0.7938649987481177, -0.7956515976480112, -0.7974513584134028, -0.7992678703901914, -0.8011048380379656, -0.802966060950971, -0.8048554098947124, -0.8067767987194813, -0.8087341521255998, -0.8107313693915045, -0.8127722843306283, -0.8148606219099684, -0.8169999521338316, -0.8191936419600216, -0.8214448061616639, -0.8237562581648501, -0.8261304619707222, -0.8285694863032325, -0.8310749621067557, -0.8336480444512214, -0.8362893797902704, -0.8389990793679232, -0.8417766993913024, -0.8446212283930176, -0.8475310820084399, -0.8505041052016468, -0.8535375817979771, -0.8566282510279486, -0.8597723306606927, -0.8629655462065358, -0.866203165597366, -0.8694800387076388, -0.8727906410548052, -0.8761291210116782, -0.8794893498705683, -0.882864974116162, -0.8862494692874721, -0.8896361948361846, -0.8930184494170041, -0.8963895260737881, -0.8997427668123108, -0.9030716160760355, -0.9063696726651423, -0.9096307396615135, -0.9128488719438885, -0.9160184208984037, -0.9191340759509095, -0.9221909025695337, -0.9251843764094712, -0.9281104132975375, -0.9309653947822838, -0.9337461890068887, -0.9364501666969451, -0.9390752120942278, -0.9416197287105119, -0.9440826398230646, -0.9464633836852104, -0.9487619034816355, -0.9509786321185677, -0.9531144720031033, -0.9551707700336187, -0.9571492880932044, -0.9590521694096867, -0.9608819012176657, -0.9626412742283886, -0.9643333394804297, -0.9659613632055932, -0.9675287803977191, -0.9690391478144164, -0.9704960971701827, -0.9719032892913337, -0.9732643699960248, -0.9745829284347658, -0.975862458577024, -0.9771063244578599, -0.9783177297062488, -0.9794996917664519, -0.9806550210989455, -0.9817863055131971, -0.982895899646288, -0.9839859194651119, -0.9850582415416266, -0.9861145067359297, -0.9871561278252445, -0.9881843005420464]}