{"FCI": -1.0192324159029855, "Energy": -0.5884667380397423, "Loss": [-0.47307689742519266, -0.47640138181487607, -0.4788191240625389, -0.48083157549804856, -0.48260133944309386, -0.4842049687058144, -0.4856856536166415, -0.48707057480798044, -0.4883781452005346, -0.48962151978006696, -0.4908104834827324, -0.49195254827031576, -0.493053629926155, -0.49411848597654995, -0.4951510103173318, -0.4961544379830344, -0.4971314914356812, -0.49808448757225565, -0.499015417619192, -0.49992600786423874, -0.5008177665599344, -0.5016920206623781, -0.5025499449743871, -0.5033925855283867, -0.504220878542248, -0.5050356659312748, -0.5058377081115166, -0.5066276946509668, -0.5074062531949324, -0.5081739569955364, -0.5089313313032336, -0.5096788588237606, -0.5104169844023019, -0.5111461190645722, -0.5118666435195418, -0.5125789112089512, -0.5132832509733085, -0.5139799693917098, -0.5146693528429844, -0.5153516693276883, -0.5160271700840195, -0.5166960910254372, -0.5173586540234685, -0.5180150680556093, -0.5186655302352546, -0.5193102267381535, -0.5199493336378234, -0.5205830176606293, -0.5212114368697582, -0.5218347412861205, -0.5224530734531528, -0.5230665689515716, -0.5236753568694205, -0.5242795602320509, -0.5248792963961423, -0.5254746774113717, -0.5260658103529142, -0.526652797627606, -0.5272357372562808, -0.5278147231344958, -0.5283898452736439, -0.528961190024228, -0.5295288402828734, -0.530092875684526, -0.5306533727810793, -0.5312104052076181, -0.5317640438372899, -0.5323143569257387, -0.5328614102459787, -0.5334052672144252, -0.533945989008824, -0.5344836346786809, -0.5350182612487656, -0.5355499238162422, -0.5360786756418554, -0.5366045682356586, -0.5371276514376363, -0.5376479734936168, -0.5381655811267926, -0.5386805196051626, -0.5391928328051706, -0.5397025632718061, -0.5402097522753925, -0.5407144398653103, -0.5412166649208188, -0.5417164651991832, -0.5422138773813051, -0.5427089371149569, -0.5432016790558202, -0.5436921369064517, -0.5441803434532805, -0.5446663306017867, -0.545150129409961, -0.545631770120127, -0.5461112821892575, -0.5465886943178382, -0.5470640344773922, -0.5475373299367079, -0.5480086072868785, -0.5484778924651987, -0.5489452107779749, -0.5494105869223312, -0.5498740450070486, -0.5503356085724903, -0.5507953006096651, -0.5512531435784842, -0.5517091594252223, -0.5521633695992632, -0.5526157950691349, -0.5530664563378952, -0.55351537345787, -0.5539625660448112, -0.5544080532914798, -0.5548518539806815, -0.5552939864977967, -0.5557344688428176, -0.556173318641917, -0.5566105531585712, -0.5570461893042645, -0.5574802436487838, -0.5579127324301234, -0.5583436715640394, -0.5587730766532263, -0.5592009629961777, -0.5596273455957196, -0.5600522391672349, -0.5604756581465952, -0.5608976166978108, -0.5613181287204209, -0.5617372078566079, -0.5621548674980879, -0.5625711207927424, -0.5629859806510419, -0.5633994597522479, -0.5638115705503988, -0.5642223252801027, -0.5646317359621443, -0.5650398144088957, -0.5654465722295599, -0.5658520208352453, -0.5662561714438659, -0.5666590350849039, -0.5670606226040033, -0.5674609446674329, -0.5678600117663997, -0.568257834221237, -0.5686544221854597, -0.5690497856496944, -0.5694439344454929, -0.5698368782490287, -0.5702286265846892, -0.5706191888285461, -0.5710085742117427, -0.5713967918237648, -0.5717838506156303, -0.5721697594029715, -0.572554526869047, -0.5729381615676459, -0.5733206719259302, -0.5737020662471831, -0.5740823527134868, -0.5744615393883206, -0.574839634219096, -0.5752166450396063, -0.5755925795724335, -0.5759674454312613, -0.5763412501231429, -0.576714001050714, -0.5770857055143223, -0.5774563707141283, -0.5778260037521304, -0.5781946116341468, -0.5785622012717421, -0.5789287794841064, -0.579294352999884, -0.579658928458955, -0.5800225124141746, -0.5803851113330619, -0.5807467315994577, -0.5811073795151238, -0.5814670613013223, -0.5818257831003364, -0.5821835509769729, -0.5825403709200061, -0.5828962488436092, -0.5832511905887333, -0.5836052019244651, -0.5839582885493444, -0.5843104560926522, -0.5846617101156703, -0.585012056112911, -0.5853614995133142, -0.5857100456814227, -0.5860576999185246, -0.5864044674637698, -0.5867503534952665, -0.5870953631311464, -0.5874395014306091, -0.5877827733949391, -0.5881251839685072]}