{"FCI": -1.0968840054452296, "Energy": -1.090164457606817, "Loss": [-0.6247189682059666, -0.6293247529562526, -0.6339174007635664, -0.6384943214236635, -0.6430529266914533, -0.647590637438435, -0.6521048919391315, -0.6565931551110512, -0.6610529286623439, -0.6654817621114795, -0.669877264639198, -0.6742371177258768, -0.6785590885196371, -0.6828410438723015, -0.6870809649719303, -0.6912769624920151, -0.6954272921683827, -0.6995303707054082, -0.7035847919029814, -0.707589342884669, -0.7115430202954788, -0.7154450463243693, -0.719294884391941, -0.7230922543274789, -0.7268371468416955, -0.7305298370821393, -0.7341708970373808, -0.7377612065344243, -0.7413019625516528, -0.7447946865479999, -0.7482412294893166, -0.7516437742363977, -0.7550048349480571, -0.7583272531491041, -0.7616141901198105, -0.7648691152831081, -0.7680957903011512, -0.7712982486464264, -0.7744807704862876, -0.7776478528145316, -0.7808041748791243, -0.7839545590894929, -0.7871039277359633, -0.790257256012111, -0.7934195219900618, -0.7965956543499982, -0.7997904787977007, -0.8030086642078658, -0.8062546695967394, -0.8095326930481557, -0.8128466236881166, -0.8161999977243795, -0.8195959594424341, -0.8230372278852742, -0.8265260697520465, -0.8300642788421889, -0.8336531621608243, -0.8372935326001144, -0.8409857079314855, -0.8447295156929935, -0.8485243034401154, -0.8523689537487787, -0.8562619033155384, -0.8602011654883505, -0.864184355577037, -0.8682087183298699, -0.8722711570149723, -0.8763682636070167, -0.880496349645478, -0.8846514773963585, -0.8888294910115575, -0.8930260474365475, -0.897236646866684, -0.9014566625943433, -0.9056813701236439, -0.9099059754566937, -0.9141256424763692, -0.9183355193660127, -0.9225307640174313, -0.9267065683858392, -0.9308581817550416, -0.9349809328787967, -0.939070250965615, -0.9431216854749624, -0.94713092469316, -0.9510938130576708, -0.9550063671992806, -0.9588647906728914, -0.9626654873495365, -0.9664050734447487, -0.970080388161726, -0.9736885029316539, -0.9772267292381144, -0.9806926250177697, -0.98408399963513, -0.9873989174354991, -0.9906356998865601, -0.9937929263259898, -0.9968694333393984, -0.9998643127999499, -1.0027769086081983, -1.0056068121775728, -1.0083538567179315, -1.0110181103761784, -1.0135998682993477, -1.0160996436915763, -1.0185181579419131, -1.0208563299051392, -1.0231152644222712, -1.0252962401714958, -1.0274006969436793, -1.0294302224392837, -1.0313865386856584, -1.0332714881748561, -1.0350870198227846, -1.0368351748501514, -1.0385180726847072, -1.0401378969823136, -1.0416968818617762, -1.0431972984447568, -1.044641441787801, -1.0460316182884346, -1.0473701336413042, -1.048659281413861, -1.0499013323038433, -1.0510985241329933, -1.052253052623183, -1.0533670629925156, -1.0544426423999382, -1.0554818132578883, -1.0564865274233544, -1.0574586612686339, -1.0584000116243697, -1.0593122925788936, -1.0601971331099413, -1.0610560755174263, -1.0618905746192082, -1.0627019976658112, -1.0634916249249773, -1.0642606508826542, -1.0650101860037375, -1.0657412589934365, -1.066454819498735, -1.0671517411887883, -1.067832825153345, -1.068498803559467, -1.0691503435084173, -1.069788051037243, -1.070412475212359, -1.0710241122660835, -1.0716234097307298, -1.072210770529136, -1.0727865569846746, -1.073351094718298, -1.073904676404517, -1.0744475653626786, -1.07497999896413, -1.0755021918399843, -1.076014338878123, -1.076516618001697, -1.077009192724816, -1.07749221448413, -1.0779658247478645, -1.0784301569062575, -1.0788853379495438, -1.0793314899414244, -1.0797687312975497, -1.0801971778796695, -1.0806169439172622, -1.0810281427689268, -1.081430887536531, -1.081825291545195, -1.0822114687023485, -1.0825895337489575, -1.0829596024157235, -1.0833217914967523, -1.0836762188525457, -1.084023003353681, -1.0843622647757993, -1.0846941236557832, -1.0850187011182721, -1.0853361186807318, -1.0856464980446514, -1.0859499608793959, -1.0862466286045758, -1.0865366221759505, -1.0868200618790407, -1.0870970671339744, -1.0873677563143156, -1.0876322465820247, -1.0878906537400315, -1.0881430921034172, -1.0883896743896448, -1.0886305116278838, -1.0888657130870536, -1.089095386221932, -1.0893196366363154, -1.0895385680621374, -1.089752282353127, -1.0899608794916038]}