{"FCI": -1.035185713956801, "Energy": -0.9557671278064288, "Loss": [-0.8912621003809759, -0.8940642870512814, -0.8960343225877044, -0.8976358056125365, -0.8990174500893539, -0.9002489317797003, -0.9013694511450461, -0.9024036332831271, -0.9033681391983508, -0.9042748617187111, -0.9051326413062786, -0.9059482616830961, -0.9067270633311236, -0.9074733400855975, -0.9081906057506599, -0.9088817792813536, -0.9095493170075412, -0.910195309308864, -0.9108215527665254, -0.9114296049912541, -0.9120208269550589, -0.9125964161409466, -0.9131574328335158, -0.913704821209345, -0.9142394264317353, -0.914762008637943, -0.9152732544827091, -0.9157737867405789, -0.916264172351757, -0.9167449292092287, -0.917216531919859, -0.917679416722899, -0.9181339857119118, -0.9185806104769892, -0.9190196352617556, -0.9194513797119094, -0.9198761412781026, -0.9202941973249024, -0.9207058069886146, -0.9211112128195755, -0.9215106422387755, -0.9219043088338013, -0.9222924135152754, -0.9226751455517269, -0.9230526834981765, -0.9234251960314647, -0.9237928427035405, -0.9241557746223606, -0.9245141350687113, -0.9248680600561923, -0.9252176788406357, -0.92556311438443, -0.9259044837805468, -0.9262418986404432, -0.9265754654495828, -0.9269052858937586, -0.9272314571591551, -0.9275540722086433, -0.9278732200366094, -0.9281889859043032, -0.9285014515574929, -0.9288106954280384, -0.9291167928208041, -0.9294198160872219, -0.9297198347865918, -0.9300169158362385, -0.9303111236513923, -0.9306025202756755, -0.9308911655029479, -0.9311771169911778, -0.9314604303690165, -0.9317411593355833, -0.9320193557540338, -0.9322950697393447, -0.9325683497407515, -0.9328392426192617, -0.9331077937205495, -0.9333740469436149, -0.9336380448054494, -0.9338998285020631, -0.9341594379660361, -0.9344169119208933, -0.9346722879325035, -0.934925602457672, -0.9351768908901585, -0.9354261876042205, -0.9356735259959308, -0.9359189385223089, -0.9361624567384903, -0.9364041113330029, -0.9366439321612795, -0.936881948277514, -0.9371181879649756, -0.9373526787648376, -0.937585447503649, -0.9378165203194802, -0.9380459226868778, -0.9382736794406343, -0.9384998147984811, -0.9387243523827542, -0.9389473152410852, -0.9391687258661576, -0.9393886062146283, -0.939606977725172, -0.9398238613358062, -0.9400392775004196, -0.9402532462046453, -0.9404657869810344, -0.9406769189236219, -0.9408866607018844, -0.9410950305741191, -0.9413020464003006, -0.9415077256544074, -0.941712085436267, -0.9419151424829261, -0.9421169131795932, -0.9423174135701364, -0.9425166593672015, -0.9427146659619192, -0.9429114484332801, -0.9431070215571269, -0.9433013998148287, -0.9434945974016418, -0.9436866282347474, -0.9438775059610249, -0.9440672439645152, -0.9442558553736446, -0.9444433530681854, -0.944629749685965, -0.9448150576293486, -0.9449992890715009, -0.9451824559624334, -0.945364570034835, -0.945545642809721, -0.9457256856018907, -0.945904709525188, -0.9460827254976127, -0.9462597442462466, -0.9464357763120312, -0.9466108320543786, -0.9467849216556529, -0.9469580551254887, -0.9471302423049909, -0.9473014928707945, -0.9474718163389948, -0.9476412220689724, -0.9478097192670708, -0.9479773169902026, -0.9481440241493104, -0.9483098495127393, -0.9484748017095179, -0.9486388892325167, -0.9488021204415401, -0.9489645035663136, -0.9491260467093869, -0.9492867578489514, -0.9494466448415823, -0.9496057154249014, -0.9497639772201503, -0.9499214377347209, -0.9500781043645865, -0.9502339843966772, -0.9503890850111973, -0.9505434132838547, -0.9506969761880654, -0.9508497805970667, -0.951001833285983, -0.9511531409338546, -0.9513037101255788, -0.951453547353821, -0.9516026590208879, -0.9517510514405167, -0.9518987308396445, -0.9520457033601321, -0.9521919750604204, -0.952337551917177, -0.9524824398268742, -0.9526266446073371, -0.9527701719992565, -0.9529130276676681, -0.9530552172033657, -0.9531967461243298, -0.9533376198770658, -0.95347784383796, -0.9536174233145592, -0.9537563635468517, -0.9538946697085084, -0.9540323469080769, -0.9541694001901768, -0.9543058345366361, -0.9544416548676368, -0.9545768660427938, -0.9547114728622386, -0.9548454800676671, -0.9549788923433611, -0.9551117143171922, -0.9552439505615918, -0.955375605594525, -0.9555066838804073, -0.9556371898310244]}