{"FCI": -0.9981488619840654, "Energy": -0.8061972665163771, "Loss": [-0.6568122805287494, -0.6625296094284455, -0.6665894302597741, -0.66991250196769, -0.6727953650893375, -0.6753772153658628, -0.6777364571631872, -0.6799223833205933, -0.6819683655821274, -0.683898237047645, -0.6857297212739756, -0.6874764232323433, -0.6891490567212163, -0.6907562381452572, -0.6923050203335938, -0.6938012634265359, -0.6952498997696743, -0.6966551276380156, -0.6980205558513418, -0.6993493136895664, -0.7006441357726387, -0.7019074285409957, -0.7031413229889831, -0.704347716974134, -0.7055283095157804, -0.7066846288625659, -0.707818055659279, -0.7089298422202067, -0.7100211286802598, -0.711092956620885, -0.7121462806372928, -0.713181978215007, -0.7142008582083681, -0.7152036681556563, -0.7161911006202043, -0.7171637987115925, -0.7181223609129147, -0.7190673453178965, -0.7199992733637497, -0.7209186331312764, -0.7218258822720235, -0.7227214506127912, -0.7236057424799274, -0.7244791387794408, -0.7253419988635742, -0.7261946622100633, -0.7270374499365682, -0.7278706661696341, -0.7286945992849354, -0.7295095230332815, -0.730315697565021, -0.7311133703638023, -0.731902777099369, -0.7326841424077428, -0.7334576806062931, -0.7342235963501422, -0.7349820852357741, -0.7357333343568656, -0.7364775228169541, -0.7372148222029171, -0.7379453970229298, -0.73866940511204, -0.7393869980083044, -0.7400983213020005, -0.7408035149602892, -0.7415027136293768, -0.7421960469160535, -0.7428836396503207, -0.7435656121306319, -0.7442420803531283, -0.7449131562261488, -0.7455789477711154, -0.7462395593108998, -0.7468950916465475, -0.7475456422232796, -0.7481913052865247, -0.748832172028719, -0.749468330727536, -0.7500998668761371, -0.7507268633060185, -0.7513494003029485, -0.7519675557164677, -0.7525814050633848, -0.753191021625676, -0.7537964765431373, -0.7543978389011373, -0.7549951758137909, -0.7555885525028352, -0.7561780323724755, -0.7567636770804478, -0.7573455466055505, -0.7579236993118265, -0.7584981920096195, -0.7590690800136789, -0.7596364171984907, -0.7602002560509927, -0.760760647720821, -0.761317642068238, -0.7618712877098549, -0.7624216320622907, -0.7629687213838655, -0.7635126008144387, -0.7640533144135042, -0.7645909051966201, -0.7651254151702604, -0.7656568853651862, -0.7661853558684085, -0.7667108658537857, -0.7672334536113957, -0.7677531565756497, -0.7682700113522899, -0.7687840537442913, -0.7692953187767213, -0.7698038407206149, -0.7703096531159178, -0.7708127887935159, -0.7713132798964395, -0.7718111579002354, -0.772306453632571, -0.7727991972921039, -0.7732894184666415, -0.7737771461506345, -0.7742624087620126, -0.7747452341584314, -0.7752256496529104, -0.7757036820289203, -0.7761793575549341, -0.7766527019984628, -0.777123740639601, -0.7775924982840998, -0.7780589992759946, -0.7785232675097936, -0.7789853264422647, -0.7794451991038078, -0.7799029081094696, -0.7803584756695705, -0.7808119236, -0.781263273332162, -0.7817125459226094, -0.7821597620623622, -0.7826049420859196, -0.7830481059800056, -0.7834892733920269, -0.7839284636382646, -0.78436569571181, -0.7848009882902696, -0.7852343597432199, -0.7856658281394395, -0.7860954112539205, -0.7865231265746814, -0.786948991309355, -0.7873730223916053, -0.7877952364873366, -0.7882156500007318, -0.7886342790801115, -0.7890511396236277, -0.7894662472847865, -0.789879617477824, -0.7902912653829199, -0.7907012059512766, -0.7911094539100422, -0.7915160237671065, -0.7919209298157651, -0.7923241861392492, -0.7927258066151429, -0.7931258049196597, -0.7935241945318317, -0.7939209887375707, -0.7943162006336147, -0.7947098431313907, -0.7951019289607584, -0.7954924706736647, -0.7958814806476961, -0.7962689710895503, -0.7966549540384132, -0.7970394413692418, -0.7974224447959773, -0.7978039758746724, -0.7981840460065316, -0.7985626664408932, -0.7989398482781229, -0.7993156024724345, -0.7996899398346552, -0.8000628710349167, -0.8004344066052734, -0.8008045569422704, -0.801173332309438, -0.8015407428397378, -0.8019067985379419, -0.8022715092829661, -0.8026348848301277, -0.80299693481338, -0.803357668747474, -0.80371709603007, -0.8040752259438146, -0.80443206765836, -0.8047876302323327, -0.8051419226152812, -0.8054949536495393, -0.8058467320720953]}