{"FCI": -0.9443745249874615, "Energy": -0.8440003637499565, "Loss": [-0.7222376374735063, -0.7274050964210653, -0.7310462230551216, -0.7340105306112545, -0.7365708786399771, -0.7388551865406028, -0.7409354519785535, -0.7428569159943078, -0.7446501952113498, -0.7463371484198825, -0.7479340269638426, -0.7494533031621579, -0.7509047971605074, -0.7522964054827603, -0.7536345908726685, -0.7549247225598349, -0.7561713192422734, -0.7573782267590579, -0.7585487507052566, -0.7596857572140391, -0.7607917507750046, -0.7618689351776611, -0.7629192618483469, -0.7639444686288225, -0.7649461112101676, -0.7659255888541776, -0.7668841656222504, -0.7678229880353651, -0.768743099872335, -0.7696454546536343, -0.7705309262385698, -0.7714003178730586, -0.7722543699563703, -0.773093766741784, -0.7739191421448595, -0.7747310848004507, -0.775530142483972, -0.7763168259920046, -0.777091612560944, -0.7778549488892244, -0.7786072538179162, -0.7793489207157642, -0.7800803196075776, -0.7808017990789476, -0.7815136879853952, -0.782216296989966, -0.7829099199498388, -0.7835948351697496, -0.7842713065375095, -0.7849395845549092, -0.7855999072755785, -0.78625250115987, -0.7868975818555496, -0.7875353549120465, -0.7881660164350488, -0.7887897536874127, -0.7894067456416862, -0.7900171634889371, -0.7906211711080227, -0.7912189254990024, -0.791810577184017, -0.7923962705785238, -0.7929761443355778, -0.7935503316654693, -0.7941189606328869, -0.794682154433463, -0.7952400316514715, -0.7957927065001867, -0.7963402890463409, -0.7968828854199219, -0.7974205980104885, -0.7979535256510379, -0.7984817637903733, -0.7990054046548586, -0.7995245374003194, -0.800039248254842, -0.8005496206531177, -0.8010557353629382, -0.8015576706043943, -0.8020555021622847, -0.8025493034922189, -0.8030391458208139, -0.8035250982404045, -0.8040072277986281, -0.8044855995831994, -0.8049602768022206, -0.8054313208602776, -0.8058987914306189, -0.8063627465236407, -0.8068232425519117, -0.8072803343919623, -0.8077340754430102, -0.8081845176828281, -0.8086317117209076, -0.8090757068490898, -0.8095165510897876, -0.8099542912419744, -0.8103889729250146, -0.8108206406205194, -0.8112493377122728, -0.8116751065243945, -0.8120979883577765, -0.8125180235249421, -0.8129352513833723, -0.8133497103673963, -0.8137614380187195, -0.8141704710156634, -0.8145768452011694, -0.8149805956096514, -0.8153817564927339, -0.8157803613439452, -0.8161764429224119, -0.8165700332755979, -0.8169611637611615, -0.8173498650679233, -0.817736167236037, -0.8181200996763774, -0.8185016911891847, -0.8188809699819943, -0.8192579636868935, -0.8196326993771461, -0.8200052035831817, -0.8203755023080139, -0.8207436210420838, -0.8211095847775803, -0.8214734180222304, -0.8218351448126227, -0.822194788727031, -0.8225523728978202, -0.822907920023394, -0.823261452379754, -0.8236129918316457, -0.8239625598433398, -0.8243101774890322, -0.8246558654629308, -0.8249996440889593, -0.82534153333019, -0.8256815527979345, -0.8260197217605573, -0.8263560591519923, -0.8266905835800011, -0.8270233133341655, -0.8273542663936133, -0.8276834604345255, -0.8280109128373991, -0.8283366406940716, -0.8286606608145664, -0.8289829897336876, -0.8293036437174452, -0.8296226387692847, -0.8299399906361107, -0.8302557148141543, -0.8305698265546557, -0.8308823408693864, -0.8311932725360122, -0.8315026361032913, -0.8318104458961351, -0.8321167160205207, -0.8324214603682623, -0.8327246926216504, -0.833026426257967, -0.833326674553857, -0.8336254505896061, -0.833922767253279, -0.8342186372447573, -0.8345130730796597, -0.8348060870931601, -0.8350976914437154, -0.8353878981166698, -0.8356767189277822, -0.8359641655266625, -0.8362502494000952, -0.8365349818753167, -0.836818374123166, -0.8371004371611732, -0.8373811818565852, -0.8376606189292819, -0.8379387589546424, -0.8382156123663349, -0.838491189459032, -0.8387655003910588, -0.8390385551869818, -0.8393103637401335, -0.8395809358150627, -0.83985028104995, -0.8401184089589365, -0.8403853289344206, -0.8406510502492881, -0.8409155820590843, -0.8411789334041535, -0.8414411132117094, -0.8417021302978652, -0.8419619933696215, -0.8422207110267909, -0.8424782917639035, -0.8427347439720528, -0.8429900759406906, -0.8432442958594127, -0.8434974118196651, -0.8437494318164478]}