{"FCI": -0.9759382405432152, "Energy": -0.9071906562944941, "Loss": [-0.9015133858396995, -0.9023341524191625, -0.9028342585797235, -0.903201420874943, -0.9034925045897816, -0.9037333939377044, -0.9039383638556254, -0.9041162386235388, -0.9042729043964294, -0.9044125070575151, -0.9045380884064957, -0.9046519520866944, -0.9047558874136538, -0.9048513131602735, -0.9049393736924282, -0.9050210054222669, -0.9050969840558691, -0.9051679590062549, -0.9052344789874431, -0.9052970114002239, -0.9053559572533985, -0.9054116628132236, -0.9054644288144453, -0.9055145178262753, -0.9055621602030829, -0.9056075589359781, -0.9056508936411314, -0.9056923238630857, -0.905731991829422, -0.9057700247621198, -0.9058065368279911, -0.9058416307930434, -0.9058753994324242, -0.9059079267372815, -0.905939288951966, -0.9059695554688034, -0.905998789602598, -0.9060270492632708, -0.9060543875417754, -0.9060808532219226, -0.9061064912286915, -0.9061313430219329, -0.9061554469429021, -0.9061788385200376, -0.9062015507393495, -0.9062236142840291, -0.9062450577472309, -0.9062659078214016, -0.9062861894670917, -0.9063059260637298, -0.9063251395445636, -0.9063438505176482, -0.9063620783745063, -0.9063798413879139, -0.9063971568000266, -0.9064140409019598, -0.9064305091057592, -0.9064465760096172, -0.9064622554570383, -0.9064775605906401, -0.9064925039011164, -0.9065070972719064, -0.9065213520199871, -0.9065352789331825, -0.9065488883043613, -0.9065621899628119, -0.9065751933030667, -0.9065879073114449, -0.9066003405905001, -0.9066125013816033, -0.9066243975858023, -0.9066360367831287, -0.9066474262504981, -0.906658572978316, -0.9066694836859124, -0.9066801648358914, -0.9066906226475131, -0.9067008631091553, -0.9067108919899697, -0.9067207148507573, -0.9067303370541554, -0.906739763774184, -0.9067490000051875, -0.906758050570246, -0.9067669201290456, -0.9067756131853263, -0.9067841340938492, -0.9067924870669978, -0.9068006761809762, -0.9068087053816756, -0.90681657849021, -0.9068242992081529, -0.906831871122491, -0.9068392977103064, -0.9068465823432328, -0.906853728291661, -0.9068607387287384, -0.906867616734172, -0.9068743652978285, -0.9068809873231694, -0.9068874856305102, -0.9068938629601369, -0.906900121975246, -0.906906265264782, -0.9069122953461205, -0.9069182146676277, -0.9069240256111153, -0.9069297304941771, -0.9069353315724197, -0.906940831041608, -0.9069462310396986, -0.9069515336487943, -0.9069567408970289, -0.9069618547603366, -0.9069668771641919, -0.9069718099852403, -0.9069766550528842, -0.9069814141507945, -0.9069860890183589, -0.9069906813520902, -0.9069951928069473, -0.9069996249976374, -0.9070039794998495, -0.9070082578514368, -0.9070124615535695, -0.9070165920718303, -0.9070206508372768, -0.9070246392474554, -0.9070285586673921, -0.9070324104305291, -0.9070361958396473, -0.9070399161677328, -0.9070435726588283, -0.9070471665288645, -0.9070506989664221, -0.9070541711335199, -0.9070575841663239, -0.9070609391758766, -0.9070642372487768, -0.9070674794478353, -0.9070706668127199, -0.9070738003605724, -0.9070768810866051, -0.9070799099646811, -0.9070828879478741, -0.9070858159690061, -0.9070886949411716, -0.9070915257582493, -0.9070943092953836, -0.9070970464094739, -0.9070997379396171, -0.90710238470757, -0.9071049875181737, -0.9071075471597732, -0.9071100644046239, -0.907112540009285, -0.9071149747150075, -0.9071173692480942, -0.90711972432027, -0.9071220406290239, -0.9071243188579475, -0.9071265596770762, -0.9071287637431892, -0.9071309317001337, -0.9071330641791224, -0.907135161799028, -0.9071372251666641, -0.9071392548770632, -0.9071412515137496, -0.9071432156489935, -0.9071451478440713, -0.9071470486495117, -0.9071489186053324, -0.9071507582412797, -0.9071525680770516, -0.9071543486225226, -0.9071561003779605, -0.9071578238342263, -0.9071595194729932, -0.9071611877669403, -0.9071628291799374, -0.9071644441672486, -0.907166033175708, -0.9071675966438975, -0.9071691350023292, -0.9071706486736065, -0.9071721380726033, -0.9071736036066053, -0.9071750456754881, -0.9071764646718622, -0.907177860981224, -0.9071792349820987, -0.9071805870461918, -0.9071819175385243, -0.9071832268175604, -0.9071845152353575, -0.9071857831376767, -0.9071870308641276, -0.9071882587482798, -0.9071894671177829]}