{"FCI": -0.9518658984539203, "Energy": -0.5643041224975494, "Loss": [-0.45445179393633645, -0.45662493081648114, -0.4582025542040823, -0.459514444498738, -0.46066756858530933, -0.4617123529377868, -0.46267731696586534, -0.46358047845392447, -0.4644341148887908, -0.465247072816559, -0.4660260118353504, -0.4667761290825637, -0.46750160731552953, -0.46820590522376915, -0.4688919519788633, -0.4695622800948865, -0.47021911602693645, -0.47086444002895006, -0.47150002268953484, -0.47212744383338495, -0.472748099199212, -0.47336320060988424, -0.4739737753348537, -0.4745806693513632, -0.4751845571838107, -0.47578595854598615, -0.47638526000026693, -0.47698273886671066, -0.4775785866911109, -0.478172930324549, -0.4787658495975604, -0.47935739135610855, -0.4799475801348559, -0.4805364259906239, -0.4811239300812398, -0.48171008853231645, -0.48229489504651124, -0.48287834261277573, -0.4834604245849861, -0.4840411353269534, -0.4846204705646951, -0.48519842754499626, -0.4857750050689376, -0.48635020344741403, -0.4869240244104396, -0.4874964709914893, -0.4880675474007983, -0.4886372588965839, -0.48920561165973264, -0.48977261267525696, -0.49033826962228816, -0.4909025907733868, -0.49146558490331105, -0.4920272612070016, -0.4925876292262939, -0.49314669878474, -0.4937044799298911, -0.4942609828823482, -0.4948162179909243, -0.49537019569330737, -0.4959229264816198, -0.49647442087236926, -0.49702468938027644, -0.4975737424955669, -0.4981215906643167, -0.4986682442715041, -0.4992137136264684, -0.49975800895045464, -0.5003011403660571, -0.5008431178882828, -0.5013839514170703, -0.5019236507310908, -0.5024622254826658, -0.5029996851936729, -0.5035360392523175, -0.5040712969106675, -0.5046054672828506, -0.5051385593438388, -0.5056705819287365, -0.5062015437325199, -0.5067314533101578, -0.5072603190770674, -0.5077881493098643, -0.5083149521473624, -0.508840735591785, -0.5093655075101606, -0.509889275635882, -0.5104120475703876, -0.510933830784958, -0.511454632622605, -0.5119744603000278, -0.5124933209096396, -0.5130112214216338, -0.5135281686860806, -0.5140441694350677, -0.5145592302848264, -0.5150733577379003, -0.5155865581852853, -0.5160988379085901, -0.5166102030821669, -0.5171206597752406, -0.5176302139540201, -0.5181388714837779, -0.5186466381309194, -0.5191535195650171, -0.5196595213608167, -0.5201646490002214, -0.5206689078742295, -0.5211723032848583, -0.5216748404470172, -0.52217652449036, -0.5226773604610908, -0.5231773533237469, -0.523676507962938, -0.5241748291850502, -0.5246723217199193, -0.5251689902224699, -0.5256648392743093, -0.5261598733853006, -0.5266540969950878, -0.5271475144746011, -0.5276401301275151, -0.528131948191682, -0.5286229728405325, -0.5291132081844365, -0.5296026582720456, -0.5300913270915908, -0.5305792185721594, -0.531066336584937, -0.5315526849444222, -0.5320382674096171, -0.5325230876851775, -0.5330071494225491, -0.5334904562210685, -0.5339730116290442, -0.5344548191448033, -0.5349358822177241, -0.5354162042492342, -0.5358957885937927, -0.5363746385598448, -0.53685275741075, -0.5373301483657008, -0.5378068146006031, -0.5382827592489522, -0.5387579854026776, -0.5392324961129635, -0.5397062943910641, -0.5401793832090935, -0.5406517655007888, -0.5411234441622678, -0.5415944220527604, -0.5420647019953283, -0.5425342867775635, -0.5430031791522711, -0.543471381838143, -0.5439388975204027, -0.54440572885145, -0.544871878451482, -0.5453373489090982, -0.5458021427818979, -0.5462662625970609, -0.5467297108519178, -0.5471924900145002, -0.5476546025240836, -0.5481160507917213, -0.5485768372007577, -0.5490369641073377, -0.5494964338409, -0.5499552487046613, -0.5504134109760916, -0.5508709229073724, -0.5513277867258549, -0.5517840046344957, -0.5522395788122945, -0.5526945114147169, -0.5531488045741056, -0.5536024604000865, -0.5540554809799667, -0.5545078683791184, -0.554959624641364, -0.5554107517893392, -0.555861251824863, -0.5563111267292906, -0.5567603784638597, -0.5572090089700309, -0.5576570201698293, -0.5581044139661521, -0.5585511922431127, -0.5589973568663308, -0.5594429096832509, -0.5598878525234429, -0.5603321871988891, -0.5607759155042753, -0.5612190392172722, -0.5616615600988132, -0.562103479893362, -0.5625448003291771, -0.5629855231185749, -0.5634256499581789, -0.5638651825291751]}