{"FCI": -1.1372838216460408, "Energy": -1.0789400305918782, "Loss": [-0.08029558824596791, -0.0889494137903287, -0.09762213418965232, -0.10631119863966682, -0.11501403010766266, -0.12372801524572319, -0.13245049631545186, -0.14117876483193809, -0.14991005677707717, -0.15864154926218452, -0.16737035853718707, -0.17609353925772048, -0.18480808493354445, -0.19351092949205534, -0.20219894989952725, -0.21086896979031078, -0.2195177640608665, -0.22814206439146084, -0.23673856566389534, -0.2453039332490265, -0.2538348111432779, -0.26232783093899803, -0.27077962161961083, -0.27918682017711527, -0.2875460830567147, -0.29585409844134636, -0.3041075993976221, -0.3123033779142004, -0.320438299873935, -0.32850932101210767, -0.3365135039245614, -0.34444803620132003, -0.3523102497728732, -0.3600976415671828, -0.36780789558465615, -0.3754389065047228, -0.38298880493945775, -0.3904559844447083, -0.39783913038436264, -0.4051372507147821, -0.41234970870913173, -0.4194762575690363, -0.42651707676650796, -0.43347280981376524, -0.4403446029636, -0.44713414408951335, -0.45384370067636504, -0.4604761554664903, -0.46703503785903144, -0.47352454867019955, -0.4799495753656008, -0.48631569443179734, -0.4926291572473065, -0.4988968557507679, -0.5051262645065666, -0.5113253565484898, -0.5175024917137387, -0.5236662780592514, -0.5298254092645063, -0.5359884834262155, -0.5421638109860486, -0.5483592212955792, -0.5545818781463296, -0.5608381142526864, -0.567133293164858, -0.5734717046355906, -0.5798564964776255, -0.5862896429151543, -0.592771946795233, -0.599303071090872, -0.6058815940240715, -0.612505081825611, -0.619170173472344, -0.6258726724917115, -0.6326076418868347, -0.6393694992411185, -0.6461521099882537, -0.6529488776138809, -0.6597528301632529, -0.6665567028686048, -0.6733530170013002, -0.6801341552247627, -0.686892433803398, -0.6936201720351992, -0.7003097592425475, -0.7069537195921095, -0.7135447749318735, -0.7200759057383237, -0.7265404101638412, -0.7329319610655062, -0.7392446607827612, -0.745473093312792, -0.7516123734092498, -0.7576581920032717, -0.7636068572171671, -0.7694553301150588, -0.7752012542167647, -0.7808429777005114, -0.7863795671480858, -0.7918108116574097, -0.7971372161788272, -0.8023599830404505, -0.8074809808309255, -0.8125027001180019, -0.8174281959034916, -0.8222610172442787, -0.8270051250857865, -0.8316648000235126, -0.8362445423799908, -0.8407489675965528, -0.8451827004245885, -0.849550271696041, -0.8538560215086812, -0.8581040124521278, -0.8622979560301204, -0.866441154737943, -0.8705364613939307, -0.8745862563806235, -0.878592442511426, -0.8825564563822413, -0.8864792943583785, -0.8903615508249162, -0.8942034660091823, -0.8980049805592806, -0.9017657941080448, -0.9054854252320684, -0.9091632704911652, -0.9127986605673366, -0.9163909118819968, -0.9199393724310334, -0.9234434609226158, -0.9269026986228935, -0.930316733605548, -0.9336853573627796, -0.9370085139691667, -0.9402863021987992, -0.9435189711815186, -0.9467069103466111, -0.9498506345401905, -0.9529507653129232, -0.9560080094529698, -0.9590231358807166, -0.9619969520222599, -0.9649302807352649, -0.9678239387729398, -0.970678717641885, -0.9734953675431025, -0.9762745848908068, -0.979017003691999, -0.9817231908531784, -0.9843936452722248, -0.987028800385343, -0.9896290296813535, -0.9921946545768853, -0.9947259539703598, -0.9972231747624455, -0.9996865426440572, -1.002116272506119, -1.0045125779117778, -1.006875679183915, -1.0092058097895389, -1.0115032208391075, -1.013768183653805, -1.016000990479382, -1.0182019535339166, -1.0203714026636421, -1.0225096819415667, -1.024617145576478, -1.0266941535049376, -1.0287410670180877, -1.0307582447320847, -1.0327460391507628, -1.034704793997402, -1.0366348424156362, -1.0385365060635232, -1.0404100950551889, -1.0422559086459426, -1.0440742365125582, -1.0458653604522459, -1.047629556312794, -1.0493670959707095, -1.0510782491927988, -1.0527632852459026, -1.0544224741564956, -1.0560560875623999, -1.057664399139734, -1.0592476846255514, -1.060806221488346, -1.0623402883220425, -1.0638501640535245, -1.065336127058927, -1.0667984542799749, -1.0682374204204819, -1.0696532972858357, -1.0710463533077106, -1.072416853273987, -1.0737650582626868, -1.0750912257599197, -1.0763956099273542, -1.0776784619751325]}