{"FCI": -0.9673054197739122, "Energy": -0.8785062306238318, "Loss": [-0.8267057220706883, -0.8298871073189673, -0.8320515791046685, -0.8337708814409105, -0.8352262846289729, -0.8365022459015281, -0.8376461158450499, -0.8386875649446572, -0.8396466290590513, -0.8405375875395149, -0.8413710407453956, -0.8421551134422136, -0.8428961952538329, -0.8435994187338929, -0.8442689804137885, -0.8449083635826591, -0.8455204972243976, -0.8461078721365135, -0.8466726275344423, -0.847216616820786, -0.8477414583354143, -0.8482485750762245, -0.8487392261854639, -0.8492145321962901, -0.849675495487302, -0.8501230170118377, -0.850557910099051, -0.8509809119298628, -0.851392693149276, -0.8517938659721449, -0.8521849910613233, -0.8525665833980244, -0.8529391173192336, -0.8533030308622285, -0.8536587295292439, -0.8540065895641797, -0.8543469608164972, -0.8546801692541599, -0.855006519176781, -0.8553262951716141, -0.85563976384795, -0.8559471753799031, -0.8562487648828282, -0.8565447536447754, -0.8568353502312596, -0.8571207514789094, -0.8574011433913333, -0.8576767019487828, -0.857947593841482, -0.8582139771352788, -0.858476001877105, -0.8587338106467397, -0.8589875390606273, -0.8592373162327341, -0.8594832651968376, -0.8597255032941141, -0.8599641425294975, -0.8601992898997699, -0.8604310476961424, -0.8606595137836568, -0.8608847818595914, -0.861106941692738, -0.8613260793452806, -0.8615422773787733, -0.8617556150456179, -0.8619661684672573, -0.862174010800187, -0.8623792123908205, -0.8625818409200768, -0.8627819615385331, -0.862979636992897, -0.8631749277444289, -0.8633678920799861, -0.8635585862162266, -0.8637470643974389, -0.8639333789875538, -0.8641175805566806, -0.8642997179625945, -0.8644798384275532, -0.8646579876107066, -0.8648342096764701, -0.8650085473590987, -0.8651810420237294, -0.865351733724113, -0.8655206612572676, -0.8656878622152653, -0.8658533730342859, -0.8660172290411738, -0.8661794644976037, -0.8663401126420427, -0.8664992057296025, -0.8666567750699509, -0.8668128510633668, -0.8669674632350605, -0.8671206402678789, -0.8672724100334475, -0.8674227996218696, -0.8675718353700729, -0.8677195428888476, -0.8678659470886652, -0.8680110722043517, -0.8681549418186735, -0.8682975788848761, -0.8684390057482684, -0.8685792441668623, -0.868718315331142, -0.8688562398830151, -0.868993037933952, -0.8691287290823982, -0.8692633324304584, -0.8693968665999132, -0.8695293497476055, -0.8696607995801794, -0.8697912333682861, -0.869920667960202, -0.8700491197949223, -0.8701766049147699, -0.8703031389775167, -0.8704287372680377, -0.870553414709543, -0.8706771858743928, -0.8708000649945025, -0.8709220659713867, -0.8710432023858247, -0.8711634875071909, -0.8712829343024436, -0.8714015554448005, -0.8715193633221199, -0.8716363700449711, -0.871752587454445, -0.8718680271296867, -0.8719827003951697, -0.8720966183277473, -0.8722097917634317, -0.8723222313039827, -0.8724339473232512, -0.8725449499733384, -0.8726552491905389, -0.8727648547010941, -0.8728737760267654, -0.8729820224902323, -0.8730896032203039, -0.8731965271569923, -0.8733028030564014, -0.8734084394954792, -0.8735134448766164, -0.8736178274321158, -0.8737215952285027, -0.8738247561707364, -0.8739273180062611, -0.874029288328955, -0.8741306745829709, -0.8742314840664325, -0.8743317239350549, -0.8744314012056378, -0.8745305227594586, -0.8746290953455935, -0.8747271255840886, -0.8748246199691082, -0.8749215848719331, -0.8750180265439136, -0.8751139511193248, -0.8752093646181343, -0.8753042729487082, -0.8753986819104347, -0.8754925971962706, -0.8755860243952255, -0.8756789689947774, -0.8757714363832146, -0.8758634318519235, -0.8759549605976117, -0.8760460277244619, -0.8761366382462505, -0.8762267970883846, -0.8763165090899024, -0.876405779005413, -0.8764946115069857, -0.8765830111859942, -0.8766709825549076, -0.8767585300490368, -0.8768456580282376, -0.8769323707785653, -0.8770186725138944, -0.8771045673774901, -0.8771900594435349, -0.8772751527186415, -0.8773598511432864, -0.8774441585932509, -0.8775280788809939, -0.8776116157570082, -0.877694772911126, -0.8777775539738201, -0.877859962517445, -0.8779420020574538, -0.8780236760536042, -0.8781049879111017, -0.878185940981752, -0.8782665385650564, -0.8783467839092892, -0.8784266802125595]}