{"FCI": -1.1316765613079611, "Energy": -0.12710225899734878, "Loss": [0.24102076132689634, 0.23899980580711314, 0.2369776455359731, 0.23495433881859454, 0.23292994384363747, 0.23090451867641731, 0.22887812125215723, 0.22685080936933952, 0.2248226406831931, 0.2227936726992917, 0.22076396276728086, 0.21873356807472802, 0.2167025456410919, 0.21467095231182481, 0.2126388447525934, 0.2106062794436278, 0.20857331267419943, 0.20654000053722504, 0.20450639892399167, 0.20247256351901852, 0.20043854979503514, 0.19840441300809697, 0.19637020819281858, 0.19433599015773664, 0.19230181348079922, 0.1902677325049784, 0.18823380133400933, 0.1862000738282518, 0.18416660360067436, 0.18213344401296158, 0.18010064817174143, 0.1780682689249335, 0.1760363588582154, 0.1740049702916063, 0.17197415527616733, 0.16994396559081817, 0.16791445273926248, 0.16588566794703047, 0.16385766215862824, 0.16183048603479783, 0.15980418994987974, 0.15777882398928786, 0.15575443794707888, 0.15373108132363067, 0.15170880332341308, 0.14968765285286142, 0.14766767851834295, 0.1456489286242136, 0.1436314511709721, 0.14161529385349508, 0.13960050405936555, 0.13758712886728136, 0.13557521504554637, 0.13356480905064172, 0.1315559570258768, 0.12954870480010955, 0.12754309788654608, 0.1255391814816033, 0.12353700046384675, 0.12153659939298891, 0.11953802250895296, 0.11754131373099454, 0.11554651665688581, 0.1135536745621519, 0.11156283039936335, 0.10957402679747688, 0.10758730606122724, 0.10560271017056477, 0.10362028078013691, 0.10164005921881099, 0.09966208648923791, 0.09768640326744876, 0.0957130499024944, 0.09374206641610787, 0.0917734925024049, 0.08980736752761007, 0.08784373052980737, 0.08588262021871741, 0.08392407497549592, 0.08196813285255185, 0.0800148315733847, 0.07806420853243622, 0.07611630079495779, 0.0741711450968896, 0.07222877784475207, 0.07028923511554319, 0.06835255265664654, 0.0664187658857412, 0.06448790989072099, 0.06256001942961077, 0.0606351289304876, 0.05871327249140018, 0.0567944838802871, 0.0548787965348919, 0.05296624356267414, 0.05105685774071618, 0.04915067151562193, 0.04724771700340928, 0.04534802598939357, 0.043451629928063756, 0.04155855994294558, 0.03966884682645533, 0.037782521039742625, 0.035899612712518944, 0.034020151642875834, 0.03214416729708745, 0.030271688809400607, 0.028402744981809724, 0.026537364283817436, 0.02467557485218072, 0.022817404490640902, 0.020962880669638514, 0.019112030526013513, 0.01726488086268954, 0.015421458148341574, 0.013581788517050289, 0.011745897767938607, 0.009913811364796007, 0.008085554435684539, 0.0062611517725321975, 0.004440627830713001, 0.0026240067286088242, 0.0008113122471634371, -0.0009974321705806255, -0.002802203419956656, -0.004602978735161148, -0.006399735689748651, -0.008192452197144387, -0.009981106511159188, -0.011765677226520901, -0.013546143279407008, -0.015322483947992155, -0.01709467885299694, -0.018862707958246405, -0.020626551571231888, -0.022386190343676393, -0.024141605272105876, -0.025892777698419286, -0.027639689310462942, -0.02938232214260257, -0.031120658576297186, -0.03285468134066684, -0.03458437351306248, -0.03630971851962733, -0.03803070013585552, -0.03974730248714291, -0.04145951004933103, -0.0431673076492424, -0.04487068046520416, -0.04656961402756386, -0.04826409421918959, -0.04995410727595895, -0.05163963978723235, -0.05332067869631059, -0.05499721130087511, -0.056669225253411754, -0.058336708561611814, -0.059999649588756115, -0.06165803705407458, -0.06331186003308553, -0.06496110795790835, -0.06660577061755292, -0.0682458381581818, -0.0698813010833448, -0.07151215025418675, -0.07313837688962431, -0.07475997256649174, -0.07637692921965711, -0.07798923914210407, -0.07959689498498038, -0.08119988975761216, -0.08279821682748408, -0.0843918699201783, -0.0859808431192832, -0.08756513086625778, -0.08914472796025956, -0.09071962955793397, -0.09228983117315984, -0.09385532867675618, -0.09541611829614564, -0.0969721966149761, -0.09852356057269773, -0.10007020746409671, -0.1016121349387839, -0.10314934100063956, -0.1046818240072089, -0.10620958266905642, -0.10773261604906889, -0.10925092356171472, -0.11076450497225283, -0.11227336039589626, -0.11377749029692608, -0.11527689548775669, -0.11677157712795393, -0.11826153672320178, -0.11974677612422341, -0.12122729752564948, -0.12270310346483874, -0.1241741968206496, -0.125640580812162]}