{"FCI": -0.9759382405432152, "Energy": -0.6476589003378356, "Loss": [-0.5212057598485851, -0.5217039866488792, -0.5222037611916996, -0.5227050838863834, -0.5232079550867094, -0.5237123750904177, -0.5242183441387166, -0.5247258624158045, -0.5252349300483786, -0.5257455471051546, -0.5262577135963915, -0.5267714294734022, -0.5272866946280799, -0.5278035088924207, -0.5283218720380511, -0.5288417837757484, -0.5293632437549706, -0.5298862515633942, -0.5304108067264366, -0.5309369087067974, -0.5314645569039887, -0.5319937506538827, -0.5325244892282467, -0.5330567718342877, -0.5335905976142004, -0.5341259656447166, -0.534662874936658, -0.5352013244344875, -0.5357413130158709, -0.5362828394912347, -0.536825902603336, -0.5373705010268214, -0.537916633367805, -0.5384642981634405, -0.5390134938814972, -0.5395642189199458, -0.5401164716065378, -0.5406702501984021, -0.5412255528816343, -0.5417823777708908, -0.5423407229089999, -0.5429005862665574, -0.5434619657415465, -0.5440248591589418, -0.5445892642703416, -0.5451551787535827, -0.5457226002123727, -0.5462915261759237, -0.5468619540985931, -0.5474338813595281, -0.548007305262311, -0.5485822230346209, -0.5491586318278864, -0.5497365287169624, -0.5503159106997876, -0.5508967746970782, -0.5514791175519997, -0.5520629360298599, -0.5526482268178065, -0.5532349865245277, -0.5538232116799611, -0.5544128987350062, -0.5550040440612517, -0.5555966439506943, -0.5561906946154864, -0.5567861921876627, -0.5573831327189006, -0.5579815121802748, -0.5585813264620121, -0.559182571373273, -0.5597852426419212, -0.5603893359143108, -0.5609948467550853, -0.5616017706469663, -0.562210102990575, -0.5628198391042403, -0.5634309742238257, -0.5640435035025624, -0.5646574220108891, -0.5652727247363025, -0.5658894065832151, -0.566507462372817, -0.5671268868429586, -0.5677476746480281, -0.5683698203588439, -0.5689933184625585, -0.5696181633625681, -0.5702443493784279, -0.5708718707457908, -0.571500721616333, -0.5721308960577061, -0.5727623880534969, -0.573395191503191, -0.5740293002221446, -0.5746647079415771, -0.5753014083085582, -0.5759393948860233, -0.5765786611527773, -0.5772192005035262, -0.5778610062489146, -0.5785040716155612, -0.5791483897461235, -0.579793953699359, -0.5804407564502031, -0.5810887908898572, -0.5817380498258782, -0.5823885259822964, -0.5830402119997301, -0.5836931004355097, -0.5843471837638227, -0.5850024543758638, -0.5856589045799931, -0.5863165266019144, -0.5869753125848515, -0.587635254589749, -0.588296344595471, -0.5889585744990222, -0.589621936115777, -0.5902864211797102, -0.5909520213436563, -0.5916187281795673, -0.5922865331787819, -0.5929554277523167, -0.5936254032311488, -0.594296450866539, -0.5949685618303384, -0.5956417272153198, -0.5963159380355197, -0.5969911852265902, -0.597667459646164, -0.5983447520742274, -0.5990230532135081, -0.5997023536898726, -0.6003826440527387, -0.6010639147754918, -0.6017461562559229, -0.6024293588166684, -0.6031135127056662, -0.6037986080966281, -0.6044846350895103, -0.6051715837110085, -0.6058594439150558, -0.6065482055833435, -0.6072378585258315, -0.607928392481299, -0.6086197971178775, -0.6093120620336218, -0.6100051767570637, -0.6106991307478108, -0.611393913397125, -0.612089514028527, -0.6127859218984146, -0.6134831261966861, -0.6141811160473738, -0.6148798805092908, -0.6155794085766954, -0.6162796891799458, -0.6169807111861967, -0.6176824634000722, -0.6183849345643779, -0.6190881133608066, -0.6197919884106604, -0.6204965482755829, -0.6212017814583017, -0.6219076764033766, -0.6226142214979673, -0.623321405072604, -0.6240292154019657, -0.6247376407056769, -0.6254466691491074, -0.6261562888441822, -0.6268664878502027, -0.627577254174682, -0.6282885757741782, -0.6290004405551425, -0.6297128363747815, -0.6304257510419216, -0.6311391723178852, -0.6318530879173728, -0.632567485509357, -0.6332823527179853, -0.6339976771234879, -0.6347134462630919, -0.6354296476319578, -0.6361462686840985, -0.636863296833331, -0.6375807194542225, -0.6382985238830461, -0.6390166974187436, -0.6397352273238994, -0.6404541008257153, -0.6411733051169966, -0.6418928273571443, -0.6426126546731505, -0.6433327741606049, -0.6440531728847039, -0.6447738378812685, -0.6454947561577653, -0.6462159146943366, -0.6469373004448279]}