{"FCI": -0.9714263137788843, "Energy": -0.7410461774152273, "Loss": [-0.6196381715386937, -0.620216454590054, -0.6207955998809576, -0.6213756006003424, -0.6219564498814516, -0.6225381408020819, -0.623120666384837, -0.6237040195973735, -0.6242881933526836, -0.6248731805093594, -0.6254589738718743, -0.6260455661908723, -0.6266329501634651, -0.6272211184335283, -0.6278100635920185, -0.628399778177283, -0.6289902546753914, -0.6295814855204591, -0.6301734630949947, -0.630766179730234, -0.631359627706502, -0.6319537992535744, -0.6325486865510364, -0.6331442817286587, -0.6337405768667848, -0.634337563996717, -0.6349352351011055, -0.6355335821143601, -0.636132596923051, -0.6367322713663315, -0.637332597236358, -0.6379335662787218, -0.6385351701928829, -0.6391374006326178, -0.6397402492064677, -0.6403437074781944, -0.6409477669672454, -0.6415524191492281, -0.6421576554563801, -0.6427634672780583, -0.643369845961223, -0.6439767828109437, -0.6445842690908934, -0.6451922960238611, -0.6458008547922681, -0.6464099365386893, -0.6470195323663822, -0.6476296333398166, -0.648240230485222, -0.6488513147911251, -0.6494628772089072, -0.6500749086533659, -0.6506874000032672, -0.6513003421019246, -0.6519137257577714, -0.652527541744941, -0.6531417808038504, -0.6537564336417955, -0.6543714909335476, -0.6549869433219521, -0.6556027814185399, -0.6562189958041369, -0.6568355770294785, -0.6574525156158418, -0.6580698020556643, -0.6586874268131747, -0.6593053803250347, -0.6599236530009813, -0.6605422352244636, -0.6611611173533016, -0.6617802897203391, -0.6623997426340962, -0.6630194663794391, -0.663639451218244, -0.6642596873900661, -0.66488016511282, -0.6655008745834462, -0.6661218059786067, -0.6667429494553613, -0.6673642951518591, -0.6679858331880306, -0.6686075536662806, -0.6692294466721909, -0.66985150227522, -0.6704737105294029, -0.6710960614740661, -0.671718545134529, -0.6723411515228219, -0.6729638706384009, -0.6735866924688603, -0.6742096069906538, -0.6748326041698185, -0.675455673962694, -0.6760788063166526, -0.6767019911708191, -0.6773252184568102, -0.6779484780994526, -0.6785717600175213, -0.6791950541244703, -0.6798183503291718, -0.6804416385366439, -0.6810649086487902, -0.6816881505651362, -0.6823113541835678, -0.682934509401069, -0.6835576061144605, -0.6841806342211358, -0.6848035836198045, -0.6854264442112329, -0.6860492058989767, -0.686671858590127, -0.6872943921960416, -0.6879167966330936, -0.6885390618234023, -0.6891611776955713, -0.689783134185429, -0.6904049212367565, -0.6910265288020343, -0.6916479468431648, -0.692269165332213, -0.6928901742521314, -0.6935109635974955, -0.6941315233752265, -0.6947518436053242, -0.6953719143215829, -0.6959917255723272, -0.6966112674211218, -0.6972305299474898, -0.6978495032476387, -0.6984681774351653, -0.6990865426417724, -0.6997045890179745, -0.7003223067338062, -0.7009396859795227, -0.7015567169663057, -0.702173389926956, -0.7027896951165851, -0.7034056228133162, -0.7040211633189626, -0.7046363069597142, -0.7052510440868185, -0.7058653650772598, -0.7064792603344248, -0.7070927202887795, -0.7077057353985337, -0.7083182961502948, -0.7089303930597314, -0.7095420166722245, -0.7101531575635094, -0.7107638063403302, -0.7113739536410704, -0.711983590136388, -0.7125927065298469, -0.7132012935585429, -0.7138093419937164, -0.7144168426413763, -0.715023786342901, -0.715630163975649, -0.7162359664535516, -0.7168411847277116, -0.7174458097869878, -0.7180498326585785, -0.7186532444085978, -0.7192560361426443, -0.7198581990063767, -0.7204597241860553, -0.72106060290911, -0.7216608264446827, -0.7222603861041639, -0.7228592732417405, -0.7234574792549026, -0.7240549955849946, -0.724651813717706, -0.7252479251835932, -0.7258433215585836, -0.7264379944644676, -0.7270319355693855, -0.727625136588322, -0.728217589283578, -0.7288092854652303, -0.7294002169916103, -0.7299903757697508, -0.7305797537558413, -0.7311683429556564, -0.731756135425014, -0.7323431232701834, -0.732929298648315, -0.7335146537678546, -0.7340991808889455, -0.7346828723238394, -0.7352657204372703, -0.7358477176468592, -0.7364288564234744, -0.7370091292916197, -0.7375885288297813, -0.7381670476707956, -0.7387446785021856, -0.7393214140665162, -0.739897247161716, -0.7404721706414066]}