{"FCI": -1.0968840054452296, "Energy": -0.6065142827726997, "Loss": [-0.523144995098582, -0.5235667137290346, -0.5239886388783211, -0.5244107665319417, -0.5248330926729912, -0.5252556132823184, -0.5256783243386769, -0.52610122181888, -0.5265243016979556, -0.5269475599492983, -0.5273709925448208, -0.5277945954551111, -0.5282183646495778, -0.5286422960966071, -0.5290663857637123, -0.5294906296176835, -0.5299150236247413, -0.530339563750679, -0.5307642459610197, -0.5311890662211614, -0.5316140204965295, -0.5320391047527139, -0.5324643149556297, -0.532889647071654, -0.5333150970677776, -0.5337406609117453, -0.5341663345722079, -0.53459211401886, -0.5350179952225889, -0.5354439741556144, -0.5358700467916309, -0.5362962091059547, -0.53672245707566, -0.5371487866797231, -0.5375751938991576, -0.5380016747171623, -0.5384282251192511, -0.5388548410933983, -0.5392815186301716, -0.5397082537228709, -0.5401350423676659, -0.5405618805637274, -0.5409887643133646, -0.5414156896221636, -0.5418426524991105, -0.5422696489567369, -0.5426966750112384, -0.5431237266826169, -0.5435507999948073, -0.5439778909758028, -0.5444049956577932, -0.5448321100772848, -0.5452592302752316, -0.5456863522971652, -0.5461134721933112, -0.5465405860187278, -0.5469676898334175, -0.5473947797024611, -0.5478218516961326, -0.5482489018900268, -0.5486759263651773, -0.5491029212081819, -0.5495298825113167, -0.5499568063726576, -0.5503836888961984, -0.5508105261919692, -0.5512373143761505, -0.5516640495711924, -0.5520907279059256, -0.5525173455156795, -0.5529438985423918, -0.5533703831347249, -0.5537967954481715, -0.5542231316451719, -0.5546493878952239, -0.5550755603749838, -0.5555016452683823, -0.5559276387667336, -0.5563535370688352, -0.5567793363810752, -0.5572050329175443, -0.5576306229001293, -0.5580561025586268, -0.5584814681308337, -0.558906715862662, -0.5593318420082295, -0.5597568428299663, -0.560181714598706, -0.5606064535937956, -0.5610310561031793, -0.5614555184235043, -0.5618798368602138, -0.5623040077276421, -0.5627280273491072, -0.5631518920570053, -0.5635755981929017, -0.5639991421076245, -0.5644225201613529, -0.5648457287237059, -0.5652687641738341, -0.5656916229005076, -0.5661143013022011, -0.5665367957871787, -0.5669591027735834, -0.5673812186895215, -0.5678031399731411, -0.5682248630727198, -0.5686463844467496, -0.5690677005640075, -0.5694888079036458, -0.5699097029552695, -0.5703303822190091, -0.5707508422056087, -0.5711710794364967, -0.5715910904438554, -0.5720108717707161, -0.5724304199710096, -0.572849731609658, -0.5732688032626408, -0.5736876315170653, -0.5741062129712422, -0.5745245442347504, -0.574942621928515, -0.5753604426848671, -0.5757780031476172, -0.5761952999721227, -0.5766123298253482, -0.5770290893859428, -0.5774455753442885, -0.5778617844025816, -0.5782777132748848, -0.5786933586871901, -0.5791087173774849, -0.5795237860958118, -0.5799385616043269, -0.5803530406773588, -0.5807672201014702, -0.5811810966755107, -0.58159466721068, -0.5820079285305775, -0.5824208774712618, -0.582833510881309, -0.5832458256218542, -0.5836578185666594, -0.584069486602155, -0.5844808266274998, -0.5848918355546215, -0.5853025103082787, -0.585712847826102, -0.5861228450586462, -0.586532498969437, -0.5869418065350194, -0.5873507647450026, -0.5877593706021054, -0.5881676211222069, -0.588575513334382, -0.5889830442809524, -0.5893902110175255, -0.5897970106130367, -0.5902034401497938, -0.5906094967235131, -0.5910151774433677, -0.5914204794320201, -0.5918253998256564, -0.5922299357740387, -0.59263408444053, -0.5930378430021352, -0.5934412086495402, -0.5938441785871396, -0.5942467500330801, -0.5946489202192885, -0.5950506863915079, -0.5954520458093278, -0.5958529957462204, -0.5962535334895658, -0.5966536563406932, -0.5970533616148961, -0.5974526466414766, -0.5978515087637633, -0.598249945339146, -0.5986479537391021, -0.5990455313492201, -0.5994426755692299, -0.5998393838130265, -0.6002356535086981, -0.6006314820985436, -0.601026867039105, -0.601421805801186, -0.601816295869875, -0.6022103347445673, -0.6026039199389853, -0.6029970489812071, -0.6033897194136728, -0.6037819287932198, -0.6041736746910873, -0.6045649546929475, -0.604955766398914, -0.6053461074235652, -0.6057359753959598, -0.6061253679596488]}