{"FCI": -0.9673054197739122, "Energy": -0.7528226431845083, "Loss": [-0.5147255656544477, -0.5157492995708841, -0.5167771756652104, -0.517809175690257, -0.5188452809080937, -0.5198854720889441, -0.5209297295102074, -0.5219780329555731, -0.5230303617142524, -0.5240866945803084, -0.5251470098521023, -0.5262112853318387, -0.527279498325238, -0.5283516256413056, -0.5294276435922207, -0.5305075279933438, -0.5315912541633359, -0.5326787969243963, -0.5337701306026147, -0.5348652290284501, -0.5359640655373238, -0.5370666129703376, -0.5381728436751136, -0.5392827295067505, -0.5403962418289185, -0.5415133515150637, -0.5426340289497471, -0.5437582440301073, -0.544885966167452, -0.5460171642889701, -0.5471518068395873, -0.5482898617839291, -0.5494312966084346, -0.5505760783235817, -0.5517241734662561, -0.5528755481022415, -0.5540301678288451, -0.5551879977776517, -0.5563490026174068, -0.5575131465570398, -0.5586803933488025, -0.559850706291555, -0.5610240482341713, -0.5622003815790773, -0.5633796682859271, -0.564561869875397, -0.5657469474331203, -0.5669348616137438, -0.568125572645122, -0.5693190403326283, -0.5705152240636051, -0.5717140828119329, -0.572915575142734, -0.5741196592171922, -0.5753262927975088, -0.5765354332519727, -0.5777470375601597, -0.5789610623182508, -0.5801774637444755, -0.5813961976846695, -0.5826172196179564, -0.5838404846625442, -0.5850659475816375, -0.586293562789467, -0.5875232843574292, -0.5887550660203394, -0.5899888611827981, -0.5912246229256586, -0.5924623040126085, -0.5937018568968533, -0.5949432337279069, -0.5961863863584741, -0.5974312663514425, -0.5986778249869744, -0.599926013269679, -0.601175781935895, -0.602427081461057, -0.6036798620671473, -0.6049340737302452, -0.6061896661881463, -0.6074465889480872, -0.6087047912945185, -0.6099642222969841, -0.6112248308180668, -0.6124865655213868, -0.6137493748797119, -0.6150132071830883, -0.6162780105470699, -0.6175437329209978, -0.6188103220963366, -0.62007772571507, -0.6213458912781534, -0.6226147661540125, -0.6238842975870927, -0.6251544327064515, -0.6264251185344024, -0.6276963019951769, -0.628967929923652, -0.6302399490740854, -0.6315123061289009, -0.6327849477074805, -0.6340578203750046, -0.635330870651296, -0.6366040450196861, -0.6378772899359034, -0.6391505518369657, -0.6404237771500825, -0.64169691230157, -0.6429699037257596, -0.6442426978739169, -0.6455152412231415, -0.6467874802852805, -0.648059361615813, -0.6493308318227357, -0.6506018375754243, -0.6518723256134827, -0.653142242755561, -0.6544115359081596, -0.6556801520743961, -0.656948038362744, -0.6582151419957398, -0.6594814103186469, -0.6607467908080874, -0.6620112310806195, -0.6632746789012837, -0.6645370821920825, -0.6657983890404244, -0.6670585477075023, -0.6683175066366164, -0.6695752144614395, -0.6708316200142211, -0.6720866723339177, -0.6733403206742571, -0.6745925145117382, -0.675843203553549, -0.6770923377454093, -0.6783398672793414, -0.6795857426013501, -0.6808299144190217, -0.6820723337090406, -0.6833129517246147, -0.6845517200028038, -0.6857885903717723, -0.6870235149579214, -0.6882564461929497, -0.6894873368207877, -0.6907161399044642, -0.6919428088328312, -0.693167297327211, -0.6943895594479268, -0.6956095496007286, -0.69682722254309, -0.6980425333904208, -0.6992554376221474, -0.7004658910876748, -0.701673850012246, -0.702879271002672, -0.704082111052938, -0.7052823275497087, -0.7064798782776824, -0.7076747214248446, -0.708866815587584, -0.7100561197756882, -0.7112425934172106, -0.71242619636321, -0.7136068888923612, -0.7147846317154327, -0.7159593859796454, -0.7171311132728828, -0.7182997756277855, -0.7194653355257091, -0.7206277559005378, -0.7217870001423875, -0.7229430321011616, -0.7240958160899634, -0.7252453168883969, -0.7263914997457237, -0.7275343303838777, -0.728673775000359, -0.7298098002709839, -0.7309423733525112, -0.7320714618851184, -0.7331970339947589, -0.7343190582953869, -0.7354375038910316, -0.7365523403777597, -0.7376635378454915, -0.7387710668796911, -0.7398748985629237, -0.7409750044762856, -0.742071356700694, -0.7431639278180644, -0.744252690912342, -0.7453376195704156, -0.7464186878829026, -0.7474958704448055, -0.7485691423560492, -0.749638479221882, -0.7507038571531701, -0.7517652527665577]}