{"FCI": -0.9496551119950212, "Energy": -0.9454422087584387, "Loss": [-0.7423807483425126, -0.7435968774023742, -0.7459007328544702, -0.749170798135533, -0.7532922605387821, -0.7581566119490973, -0.7636611852640295, -0.7697087189418694, -0.7762070009544959, -0.7830686156721316, -0.7902107987492337, -0.7975553930211816, -0.8050288907809892, -0.8125625432617929, -0.8200925158373432, -0.8275600668023526, -0.8349117282298697, -0.8420994690545767, -0.8490808229849403, -0.855818966911109, -0.8622827389605456, -0.8684465890687472, -0.8742904586870827, -0.8797995898600155, -0.8849642672031844, -0.8897794991619544, -0.894244647222324, -0.8983630134175089, -0.9021413975010281, -0.9055896355574887, -0.9087201316469049, -0.911547393406302, -0.9140875814611282, -0.916358081135852, -0.9183771034062864, -0.9201633204078271, -0.9217355391938398, -0.9231124159016502, -0.9243122110869165, -0.9253525857698003, -0.9262504367210148, -0.9270217687101941, -0.9276816008392248, -0.9282439036752703, -0.9287215636627976, -0.9291263712067496, -0.9294690288547792, -0.9297591761395437, -0.9300054278484072, -0.9302154227455159, -0.9303958800611427, -0.9305526613691132, -0.9306908357825063, -0.9308147466997346, -0.9309280786208196, -0.9310339228213211, -0.9311348409157681, -0.9312329255618124, -0.9313298577500115, -0.9314269602925924, -0.9315252472686292, -0.9316254693045909, -0.9317281546696214, -0.9318336462465572, -0.9319421345043419, -0.9320536866472142, -0.9321682721529394, -0.9322857849379801, -0.9324060624038047, -0.9325289016268243, -0.9326540729563662, -0.9327813312815947, -0.9329104252207284, -0.9330411044750647, -0.9331731255770735, -0.9333062562469724, -0.9334402785560959, -0.9335749910788945, -0.9337102101985782, -0.9338457707148855, -0.9339815258863284, -0.9341173470237453, -0.9342531227374642, -0.9343887579265037, -0.9345241725856525, -0.9346593004945258, -0.934794087842168, -0.9349284918311129, -0.9350624792964632, -0.9351960253679062, -0.9353291121960321, -0.9354617277587132, -0.9355938647583422, -0.9357255196166574, -0.9358566915704527, -0.9359873818686738, -0.9361175930691176, -0.9362473284312106, -0.936376591399993, -0.9365053851754326, -0.9366337123605902, -0.9367615746816842, -0.9368889727730247, -0.9370159060196954, -0.9371423724510967, -0.9372683686786769, -0.937393889871528, -0.9375189297640154, -0.9376434806898912, -0.937767533638051, -0.9378910783253268, -0.9380141032824303, -0.9381365959494303, -0.9382585427777291, -0.9383799293358901, -0.9385007404170547, -0.9386209601460608, -0.9387405720847299, -0.9388595593340737, -0.9389779046324443, -0.9390955904488817, -0.9392125990711641, -0.9393289126881769, -0.9394445134664158, -0.9395593836205829, -0.9396735054782664, -0.9397868615388675, -0.939899434526965, -0.9400112074403153, -0.9401221635928255, -0.9402322866527735, -0.9403415606765899, -0.9404499701385493, -0.9405574999566874, -0.9406641355152531, -0.9407698626840272, -0.9408746678347828, -0.940978537855179, -0.9410814601603331, -0.9411834227023357, -0.9412844139778993, -0.94138442303436, -0.9414834394742169, -0.9415814534583422, -0.9416784557080506, -0.9417744375061035, -0.941869390696805, -0.9419633076852655, -0.9420561814358848, -0.9421480054702102, -0.9422387738641391, -0.9423284812445721, -0.9424171227855387, -0.9425046942038503, -0.9425911917542853, -0.942676612224358, -0.9427609529286802, -0.9428442117029248, -0.9429263868974274, -0.9430074773704327, -0.9430874824809783, -0.9431664020814642, -0.9432442365098751, -0.9433209865817102, -0.9433966535815934, -0.9434712392545956, -0.9435447457972669, -0.9436171758484133, -0.9436885324795794, -0.9437588191853312, -0.9438280398732423, -0.9438961988537207, -0.9439633008295767, -0.9440293508854156, -0.9440943544768614, -0.9441583174196029, -0.9442212458782905, -0.9442831463553102, -0.9443440256794455, -0.9444038909944216, -0.9444627497473926, -0.9445206096773463, -0.9445774788034682, -0.9446333654134681, -0.9446882780519131, -0.9447422255085218, -0.9447952168065199, -0.9448472611909996, -0.9448983681173371, -0.9449485472396787, -0.9449978083994988, -0.9450461616142394, -0.9450936170660882, -0.945140185090831, -0.9451858761668713, -0.9452307009043683, -0.9452746700345437, -0.9453177943991408, -0.9453600849400643, -0.9454015526892039]}