{"FCI": -0.9759382405432152, "Energy": -0.9072428325352739, "Loss": [-0.4337576107318641, -0.4340401351162473, -0.4345793267592083, -0.43535389226655286, -0.43634628769750583, -0.4375420618177793, -0.4389293256029947, -0.4404983226403825, -0.44224108001575296, -0.44415112332650153, -0.4462232427529088, -0.4484532997710488, -0.4508380662132353, -0.45337508907368257, -0.4560625758010749, -0.45889929588502737, -0.46188449538664395, -0.4650178217305532, -0.4682992566039592, -0.47172905522707315, -0.4753076905924699, -0.4790358015372757, -0.4829141437265898, -0.4869435428009806, -0.4911248490847987, -0.49545889337263516, -0.49994644341469163, -0.5045881608124597, -0.5093845581179544, -0.514335956005295, -0.5194424404552234, -0.5247038199625997, -0.5301195828453413, -0.5356888548012753, -0.5414103569274563, -0.5472823644844429, -0.5533026667556009, -0.5594685284178178, -0.5657766529040082, -0.5722231482981538, -0.5788034963583083, -0.5855125253103226, -0.5923443870924491, -0.5992925397561732, -0.6063497357389864, -0.6135080167178562, -0.6207587157253875, -0.6280924671621141, -0.6354992252661578, -0.642968291504605, -0.6504883512291094, -0.6580475197917988, -0.6656333981483633, -0.6732331377857892, -0.6808335146066303, -0.6884210111849813, -0.6959819065876632, -0.7035023727346514, -0.7109685760632486, -0.7183667830691947, -0.7256834681329206, -0.7329054219084344, -0.74001985846271, -0.7470145193108751, -0.7538777725007858, -0.7605987049621349, -0.7671672064497592, -0.7735740435761166, -0.7798109226392259, -0.78587054020307, -0.7917466206689483, -0.7974339403786369, -0.8029283381026251, -0.8082267120780086, -0.8133270040598023, -0.8182281711264734, -0.8229301462263443, -0.8274337886589899, -0.8317408258496186, -0.8358537878912902, -0.839775936398859, -0.8435111892403722, -0.8470640426894162, -0.8504394924794926, -0.8536429551447797, -0.8566801909066953, -0.8595572292192455, -0.8622802979253521, -0.864855756807428, -0.8672900361448859, -0.8695895807242391, -0.8717607995887378, -0.8738100216676223, -0.8757434572930151, -0.8775671654969064, -0.8792870268827532, -0.8809087217861569, -0.8824377133765128, -0.8838792353056977, -0.8852382834792643, -0.8865196115091397, -0.8877277294021508, -0.8888669050447231, -0.8899411680583837, -0.8909543156220441, -0.8919099198832916, -0.8928113366111632, -0.8936617147751906, -0.8944640067691864, -0.8952209790320864, -0.8959352228513648, -0.8966091651665531, -0.8972450792206021, -0.8978450949349472, -0.8984112089098655, -0.8989452939749953, -0.8994491082355278, -0.899924303577708, -0.9003724336129658, -0.9007949610532507, -0.9011932645212148, -0.9015686448079254, -0.9019223305979245, -0.9022554836869704, -0.9025692037217654, -0.9028645324936985, -0.9031424578202736, -0.9034039170484902, -0.9036498002144084, -0.9038809528923094, -0.9040981787656621, -0.9043022419504881, -0.9044938690997221, -0.9046737513152059, -0.9048425458916034, -0.9050008779143597, -0.9051493417315658, -0.9052885023173589, -0.9054188965424167, -0.9055410343651101, -0.9056553999549565, -0.90576245275838, -0.9058626285151539, -0.905956340232467, -0.9060439791223893, -0.9061259155072652, -0.9062024996967049, -0.9062740628389356, -0.9063409177486127, -0.9064033597125727, -0.9064616672745035, -0.9065161029991928, -0.9065669142165919, -0.906614333745822, -0.9066585805989944, -0.9066998606646192, -0.9067383673703685, -0.9067742823248521, -0.9068077759381156, -0.9068390080206042, -0.9068681283603477, -0.9068952772782203, -0.906920586161192, -0.9069441779735437, -0.9069661677461318, -0.9069866630438714, -0.9070057644116152, -0.9070235657987981, -0.9070401549631935, -0.9070556138542092, -0.9070700189762456, -0.9070834417326679, -0.9070959487509431, -0.9071076021896292, -0.9071184600278162, -0.9071285763377366, -0.9071380015412118, -0.9071467826506562, -0.9071549634953356, -0.9071625849335812, -0.9071696850516644, -0.9071762993500283, -0.9071824609175319, -0.9071882005943804, -0.9071935471243964, -0.90719852729721, -0.9072031660810141, -0.9072074867464249, -0.9072115109820186, -0.9072152590020481, -0.9072187496468551, -0.9072220004764525, -0.9072250278577141, -0.9072278470456053, -0.9072304722588393, -0.9072329167503591, -0.9072351928729898, -0.9072373121405573, -0.907239285284858, -0.9072411223086928]}