{"FCI": -1.0270387941378512, "Energy": -0.8641337682121683, "Loss": [-0.34890662445485243, -0.34965394222677443, -0.3510830701448509, -0.35314263419750663, -0.35579254645392067, -0.35900171961989125, -0.3627462281982129, -0.36700782068600335, -0.37177270516282246, -0.3770305460232268, -0.38277362247704466, -0.38899611001563733, -0.39569345465169076, -0.40286181672628757, -0.4104975667580659, -0.4185968204611233, -0.42715500391050837, -0.4361664430704664, -0.44562397466269416, -0.45551857774322424, -0.4658390274470785, -0.47657157418927326, -0.48769965319295483, -0.49920363054136746, -0.5110605929925403, -0.5232441895120339, -0.5357245328186425, -0.548468169146194, -0.5614381238508681, -0.5745940293982283, -0.5878923406274975, -0.6012866400193874, -0.6147280330287324, -0.6281656304638819, -0.6415471115207233, -0.6548193575692178, -0.6679291433350438, -0.6808238689314913, -0.6934523134972196, -0.7057653891934601, -0.717716873190446, -0.7292640951589813, -0.740368558748405, -0.75099647757077, -0.7611192092395493, -0.7707135748712854, -0.7797620559294416, -0.7882528651049309, -0.7961798927988797, -0.8035425354135405, -0.8103454158065412, -0.8165980097080623, -0.8223141944875646, -0.8275117383036771, -0.8322117483650899, -0.8364380968240579, -0.8402168418227637, -0.8435756595610107, -0.8465433011187746, -0.8491490853235169, -0.8514224363676245, -0.853392472305845, -0.8550876481208216, -0.8565354548321396, -0.8577621742057953, -0.8587926870331162, -0.8596503317021442, -0.8603568088713014, -0.8609321274497783, -0.8613945867567174, -0.8617607896303687, -0.8620456813458501, -0.8622626094333592, -0.8624233998280917, -0.8625384451935806, -0.8626168017116572, -0.8626662911001302, -0.8626936050840128, -0.8627044099934169, -0.8627034495801635, -0.8626946445295796, -0.8626811874894523, -0.8626656327435192, -0.8626499799223116, -0.8626357513710692, -0.8626240629853188, -0.8626156884823851, -0.8626111172047822, -0.8626106056525223, -0.8626142230189522, -0.8626218910621536, -0.8626334186838831, -0.8626485316133816, -0.8626668976064636, -0.862688147573217, -0.8627118930426309, -0.8627377403607075, -0.8627653020021386, -0.8627942053552142, -0.8628240993166784, -0.8628546590085895, -0.86288558890351, -0.8629166246184528, -0.8629475336121951, -0.8629781149954615, -0.8630081986392756, -0.8630376437438151, -0.863066337008532, -0.8630941905242482, -0.8631211394894367, -0.8631471398361599, -0.8631721658358131, -0.8631962077413813, -0.8632192695107201, -0.8632413666449573, -0.8632625241668107, -0.8632827747558632, -0.8633021570510953, -0.8633207141254837, -0.8633384921328248, -0.8633555391233367, -0.8633719040216943, -0.863387635758881, -0.8634027825478178, -0.8634173912914573, -0.8634315071115692, -0.8634451729860807, -0.8634584294829023, -0.8634713145784474, -0.8634838635494946, -0.8634961089276992, -0.8635080805067156, -0.8635198053927198, -0.8635313080899124, -0.8635426106134242, -0.8635537326229146, -0.8635646915708926, -0.8635755028606495, -0.8635861800093723, -0.8635967348127185, -0.8636071775077782, -0.8636175169318802, -0.8636277606753147, -0.8636379152263691, -0.8636479861076409, -0.8636579780028142, -0.8636678948734686, -0.8636777400657442, -0.8636875164068465, -0.863697226291628, -0.8637068717595557, -0.8637164545625403, -0.8637259762241463, -0.8637354380907385, -0.8637448413752595, -0.8637541871941903, -0.8637634765984139, -0.8637727105985449, -0.8637818901854148, -0.8637910163462141, -0.8638000900769257, -0.863809112391515, -0.8638180843283619, -0.8638270069544073, -0.8638358813673581, -0.8638447086963394, -0.8638534901013079, -0.8638622267714928, -0.863870919923111, -0.8638795707965596, -0.8638881806532782, -0.8638967507724151, -0.8639052824474042, -0.8639137769826057, -0.8639222356900237, -0.8639306598862082, -0.8639390508893618, -0.8639474100166882, -0.8639557385820265, -0.8639640378937146, -0.8639723092527858, -0.8639805539513773, -0.8639887732714523, -0.8639969684837288, -0.8640051408468741, -0.8640132916068908, -0.8640214219967126, -0.8640295332359634, -0.8640376265308791, -0.8640457030743698, -0.8640537640461861, -0.8640618106131994, -0.8640698439297576, -0.8640778651381099, -0.8640858753688873, -0.8640938757416181, -0.8641018673652875, -0.8641098513389056, -0.8641178287520841, -0.8641258006856398]}