{"FCI": -0.9543386010184702, "Energy": -0.9211690744756481, "Loss": [-0.8142830353304287, -0.8150338339156602, -0.8164525365556059, -0.8184580421225014, -0.820971990853067, -0.8239194055318777, -0.827229124490296, -0.8308340942839336, -0.8346715673465177, -0.8386832336841614, -0.8428153042702727, -0.8470185560370668, -0.851248343308213, -0.8554645774644052, -0.8596316750310633, -0.8637184738029672, -0.8676981167475188, -0.8715479040028845, -0.875249114111631, -0.8787867965517763, -0.8821495385294537, -0.88532920979564, -0.8883206898859152, -0.8911215826222355, -0.893731922945327, -0.896153881167002, -0.8983914695600835, -0.9004502558642297, -0.9023370878115207, -0.9040598322011455, -0.9056271314142794, -0.9070481795923782, -0.9083325200358396, -0.9094898647414101, -0.9105299364069172, -0.9114623327061071, -0.9122964121848123, -0.9130412007570701, -0.9137053174872155, -0.9142969181285568, -0.9148236547455841, -0.9152926496675675, -0.915710481998469, -0.9160831849322727, -0.916416252185233, -0.9167146519485888, -0.9169828468789316, -0.9172248187716135, -0.9174440966992912, -0.9176437875374507, -0.9178266079376918, -0.9179949169439773, -0.918150748574757, -0.9182958438128199, -0.91843168155389, -0.9185595081635902, -0.918680365380252, -0.918795116378237, -0.9189044698731981, -0.919009002207722, -0.9191091774035521, -0.9192053652059576, -0.9192978571774685, -0.9193868809230148, -0.9194726125472031, -0.9195551874579322, -0.9196347096392933, -0.9197112595217131, -0.9197849005788477, -0.9198556847797402, -0.9199236570215201, -0.9199888586629349, -0.9200513302727813, -0.9201111137000719, -0.9201682535649927, -0.9202227982613841, -0.9202748005532514, -0.9203243178393626, -0.9203714121519178, -0.9204161499474066, -0.9204586017402973, -0.920498841623268, -0.9205369467111191, -0.9205729965396295, -0.9206070724451504, -0.9206392569459181, -0.9206696331416786, -0.9206982841444599, -0.9207252925499825, -0.9207507399563104, -0.9207747065339875, -0.9207972706497921, -0.9208185085446144, -0.9208384940645848, -0.9208572984435168, -0.9208749901339147, -0.9208916346832159, -0.9209072946514748, -0.920922029566551, -0.9209358959126185, -0.9209489471479515, -0.9209612337479145, -0.9209728032693222, -0.9209837004324802, -0.9209939672175314, -0.9210036429719555, -0.921012764526381, -0.9210213663161674, -0.9210294805064836, -0.9210371371189525, -0.9210443641581353, -0.9210511877364512, -0.9210576321963297, -0.9210637202286388, -0.9210694729866338, -0.9210749101948428, -0.9210800502524856, -0.9210849103311348, -0.9210895064664951, -0.9210938536442405, -0.921097965879965, -0.9211018562933491, -0.9211055371767481, -0.9211090200583868, -0.9211123157604552, -0.9211154344523567, -0.9211183856994235, -0.9211211785074115, -0.9211238213630524, -0.9211263222710153, -0.9211286887875341, -0.9211309280510048, -0.9211330468098435, -0.9211350514478448, -0.9211369480072791, -0.9211387422099786, -0.9211404394766125, -0.921142044944331, -0.9211435634829619, -0.9211449997099351, -0.9211463580040313, -0.9211476425181473, -0.9211488571911111, -0.9211500057587396, -0.9211510917641316, -0.9211521185673597, -0.9211530893545539, -0.9211540071464946, -0.9211548748067214, -0.9211556950492367, -0.9211564704458046, -0.921157203432913, -0.9211578963183951, -0.9211585512877561, -0.9211591704102151, -0.9211597556444662, -0.9211603088442011, -0.9211608317633958, -0.9211613260613325, -0.921161793307452, -0.9211622349859419, -0.9211626525001675, -0.9211630471768661, -0.9211634202701731, -0.9211637729654556, -0.9211641063829727, -0.9211644215813561, -0.9211647195609229, -0.9211650012668424, -0.9211652675921187, -0.9211655193804594, -0.9211657574289618, -0.9211659824906946, -0.9211661952771197, -0.9211663964603993, -0.9211665866755777, -0.9211667665226463, -0.9211669365684995, -0.9211670973487728, -0.9211672493695878, -0.9211673931092095, -0.9211675290195902, -0.9211676575278428, -0.9211677790376296, -0.9211678939304591, -0.921168002566934, -0.9211681052879073, -0.9211682024155751, -0.9211682942545184, -0.9211683810926791, -0.9211684632022742, -0.9211685408406737, -0.9211686142512132, -0.9211686836639703, -0.9211687492964851, -0.9211688113544643, -0.9211688700324123, -0.9211689255142568, -0.921168977973923, -0.9211690275758778]}