{"FCI": -1.1316765613079611, "Energy": -1.1316765604988228, "Loss": [-0.3921500719998956, -0.39743300007296545, -0.4074476762901794, -0.4216763612497698, -0.43963076569091314, -0.4608475366074113, -0.48488406157715697, -0.511315030683947, -0.5397299442879278, -0.5697316036741927, -0.6009355352606287, -0.6329702538916067, -0.6654782506528765, -0.6981175844253966, -0.7305639561765215, -0.7625131453386935, -0.7936836852172217, -0.8238196478792303, -0.8526933990436767, -0.8801081725107667, -0.905900305321032, -0.929940973351383, -0.9521372762995728, -0.9724325435442535, -0.9908057687390617, -1.0072701293868973, -1.021870604006155, -1.0346807581941722, -1.0457988255980286, -1.0553432546038086, -1.0634479218948485, -1.0702572273628133, -1.0759212808930279, -1.0805913720830354, -1.0844158823744146, -1.087536759673589, -1.0900866327988676, -1.0921866011032015, -1.0939446966433055, -1.0954549845164783, -1.0967972426329478, -1.09803714547302, -1.0992268668194831, -1.1004060131083928, -1.1016028007118221, -1.102835395901527, -1.1041133442629991, -1.105439025910549, -1.1068090831613582, -1.1082157777196784, -1.1096482444374693, -1.111093618038302, -1.1125380176172426, -1.1139673811474442, -1.1153681485840368, -1.116727797451421, -1.1180352390561428, -1.1192810867317697, -1.1204578098593378, -1.1215597888949573, -1.1225832873645247, -1.1235263568512444, -1.1243886905087488, -1.1251714396865689, -1.1258770069617619, -1.126508827332664, -1.1270711476432482, -1.1275688125559555, -1.1280070636514898, -1.128391356568318, -1.1287271995511636, -1.1290200153922927, -1.1292750275451031, -1.1294971701784935, -1.1296910211244853, -1.1298607560453706, -1.1300101216974296, -1.1301424258798585, -1.1302605415097562, -1.1303669222360448, -1.1304636270747022, -1.1305523516942013, -1.1306344641829509, -1.1307110433722083, -1.1307829180521454, -1.1308507056916186, -1.1309148495428702, -1.1309756532710478, -1.131033312488819, -1.1310879427933094, -1.131139604092708, -1.1311883211721372, -1.1312341005818383, -1.1312769440365416, -1.131316858594538, -1.1313538639404597, -1.1313879971299616, -1.1314193151701044, -1.1314478958091607, -1.131473836896875, -1.131497254653759, -1.1315182811580629, -1.1315370613246234, -1.1315537496124373, -1.1315685066594736, -1.1315814960056365, -1.1315928810288343, -1.1316028221857484, -1.131611474619019, -1.1316189861661756, -1.1316254957832894, -1.1316311323778978, -1.13163601403104, -1.1316402475772491, -1.1316439285035187, -1.1316471411234883, -1.1316499589807005, -1.1316524454346344, -1.1316546543847246, -1.131656631090468, -1.1316584130494902, -1.1316600309000047, -1.1316615093189428, -1.1316628678919727, -1.1316641219365906, -1.1316652832641199, -1.1316663608708097, -1.1316673615520234, -1.1316682904370148, -1.131669151444543, -1.1316699476620222, -1.1316706816526172, -1.1316713556962152, -1.1316719719709476, -1.1316725326826234, -1.1316730401495505, -1.1316734968501672, -1.1316739054406109, -1.1316742687488808, -1.131674589751619, -1.1316748715389102, -1.1316751172716966, -1.1316753301357554, -1.1316755132953786, -1.1316756698492738, -1.1316758027905478, -1.1316759149720397, -1.1316760090778337, -1.131676087601281, -1.131676152829577, -1.1316762068346173, -1.131676251469639, -1.1316762883710758, -1.1316763189648218, -1.1316763444762097, -1.1316763659428477, -1.1316763842296271, -1.1316764000451265, -1.1316764139587587, -1.1316764264181602, -1.1316764377662412, -1.1316764482575645, -1.131676458073704, -1.131676467337353, -1.13167647612504, -1.131676484478358, -1.1316764924136475, -1.1316764999302207, -1.1316765070171144, -1.1316765136585025, -1.131676519837893, -1.1316765255412145, -1.1316765307589436, -1.1316765354874225, -1.1316765397294866, -1.131676543494561, -1.131676546798327, -1.1316765496620893, -1.1316765521119174, -1.1316765541776865, -1.131676555892036, -1.1316765572893774, -1.131676558404893, -1.131676559273686, -1.1316765599299854, -1.1316765604065082, -1.1316765607339243, -1.1316765609404684, -1.131676561051664, -1.1316765610901693, -1.1316765610757133, -1.1316765610251285, -1.1316765609524593, -1.1316765608691182, -1.1316765607840882, -1.1316765607041734, -1.131676560634243, -1.1316765605774999, -1.1316765605357382, -1.131676560509604]}