{"FCI": -0.9518658984539203, "Energy": -0.9315164850039295, "Loss": [-0.7705370932899482, -0.7713474552212501, -0.7728820202640626, -0.775058916161473, -0.777800757301684, -0.7810346704762275, -0.7846922233168986, -0.7887093053355346, -0.7930259924556168, -0.7975864127884923, -0.8023386225361765, -0.807234495081875, -0.8122296226705484, -0.8172832279429642, -0.8223580815080211, -0.8274204213901043, -0.8324398703344348, -0.8373893474223955, -0.8422449711152747, -0.8469859516151569, -0.8515944712358933, -0.85605555226241, -0.8603569125036702, -0.8644888093856087, -0.8684438739661001, -0.8722169366744424, -0.8758048468788592, -0.8792062885702155, -0.8824215945253584, -0.8854525612909026, -0.8883022672216526, -0.8909748956327044, -0.8934755648970172, -0.8958101670566417, -0.8979852162310938, -0.9000077078138219, -0.9018849891593038, -0.9036246421882821, -0.9052343780846717, -0.9067219440298062, -0.9080950417217435, -0.9093612572604061, -0.9105280018442113, -0.911602462619174, -0.9125915629455132, -0.9135019312971149, -0.9143398779827064, -0.9151113788713109, -0.9158220653151427, -0.9164772194875465, -0.9170817743888933, -0.9176403178168198, -0.9181570996465294, -0.9186360418197457, -0.9190807504958155, -0.9194945298735845, -0.919880397247128, -0.9202410989109879, -0.9205791265806407, -0.9208967340410915, -0.9211959537800792, -0.9214786134025849, -0.9217463516597796, -0.9220006339583425, -0.9222427672453148, -0.922473914189515, -0.9226951066030183, -0.9229072580657812, -0.9231111757332002, -0.923307571320459, -0.923497071269383, -0.9236802261131372, -0.923857519061954, -0.9240293738391496, -0.9241961618014194, -0.9243582083807573, -0.9245157988876681, -0.9246691837166882, -0.9248185829958325, -0.9249641907214402, -0.9251061784193345, -0.9252446983720701, -0.925379886450681, -0.92551186458761, -0.9256407429256659, -0.9257666216758241, -0.9258895927145605, -0.9260097409493379, -0.9261271454786271, -0.9262418805708675, -0.9263540164845413, -0.9264636201496842, -0.9265707557291826, -0.9266754850763954, -0.9267778681039547, -0.9268779630769701, -0.9269758268424199, -0.9270715150050858, -0.92716508205915, -0.9272565814834282, -0.9273460658071426, -0.9274335866521702, -0.9275191947569059, -0.9276029399860495, -0.9276848713299772, -0.9277650368967578, -0.9278434838993135, -0.9279202586398134, -0.927995406492906, -0.9280689718891402, -0.9281409982995439, -0.9282115282221208, -0.9282806031707989, -0.9283482636671834, -0.9284145492353346, -0.9284794983996146, -0.9285431486856434, -0.9286055366242607, -0.9286666977583156, -0.928726666652145, -0.9287854769034984, -0.9288431611576612, -0.9288997511235639, -0.9289552775915696, -0.9290097704527671, -0.9290632587194367, -0.9291157705465583, -0.9291673332540403, -0.9292179733495516, -0.9292677165517268, -0.9293165878135782, -0.9293646113459737, -0.9294118106410348, -0.9294582084953302, -0.929503827032795, -0.9295486877272362, -0.9295928114243812, -0.9296362183634042, -0.9296789281978838, -0.9297209600161387, -0.9297623323609113, -0.9298030632484149, -0.9298431701866778, -0.9298826701932313, -0.9299215798120849, -0.9299599151300596, -0.9299976917924334, -0.9300349250179388, -0.9300716296131247, -0.930107819986103, -0.930143510159688, -0.9301787137839649, -0.9302134441483071, -0.9302477141928573, -0.9302815365195032, -0.9303149234023701, -0.9303478867978523, -0.9303804383542085, -0.9304125894207415, -0.9304443510565824, -0.9304757340391193, -0.9305067488720385, -0.9305374057930749, -0.9305677147814267, -0.9305976855648664, -0.9306273276266004, -0.9306566502118419, -0.9306856623341375, -0.9307143727814757, -0.9307427901221552, -0.9307709227104499, -0.9307987786920913, -0.9308263660095345, -0.9308536924070832, -0.9308807654358144, -0.9309075924583702, -0.9309341806535799, -0.930960537020965, -0.9309866683850712, -0.9310125813997105, -0.9310382825520575, -0.931063778166628, -0.9310890744091621, -0.9311141772903825, -0.9311390926696648, -0.9311638262585965, -0.9311883836244538, -0.9312127701935874, -0.9312369912547093, -0.9312610519621068, -0.9312849573387871, -0.931308712279512, -0.9313323215537941, -0.9313557898087986, -0.9313791215721771, -0.9314023212548515, -0.9314253931537074, -0.9314483414542432, -0.9314711702331568, -0.9314938834608552]}