{"FCI": -1.0523215656204707, "Energy": -1.0508054656426014, "Loss": [-0.8148747705585999, -0.8462827589481172, -0.874486183674916, -0.8994758585318267, -0.9213587109648145, -0.9403263370532419, -0.9566246230253148, -0.9705274803456382, -0.9823161251440272, -0.9922640915341236, -1.0006273917586028, -1.0076388666072886, -1.013505689409808, -1.0184090769169616, -1.022505427756324, -1.025928293475932, -1.0287907554767766, -1.0311879194576838, -1.0331993448301044, -1.0348913031423255, -1.0363188123225304, -1.0375274281832954, -1.038554796122084, -1.0394319783113355, -1.040184577925419, -1.0408336842884212, -1.041396662771449, -1.041887811850696, -1.0423189076309212, -1.0426996537679163, -1.043038052343902, -1.043340709006191, -1.043613083644771, -1.0438596960865123, -1.0440842947245266, -1.0442899946667574, -1.0444793908578454, -1.0446546506782686, -1.044817589731386, -1.044969733869228, -1.0451123699613492, -1.0452465874599244, -1.045373312442424, -1.0454933355076184, -1.0456073346497343, -1.0457158940300202, -1.0458195193964441, -1.0459186507645712, -1.0460136728599583, -1.0461049237304145, -1.046192701861316, -1.0462772720658147, -1.046358870371776, -1.0464377080863712, -1.046513975186069, -1.0465878431525384, -1.0466594673528966, -1.0467289890446851, -1.046796537071234, -1.0468622293011576, -1.0469261738558435, -1.0469884701609686, -1.0470492098514803, -1.0471084775542288, -1.047166351568095, -1.047222904458008, -1.0472782035762307, -1.0473323115220774, -1.047385286549254, -1.047437182928392, -1.0474880512711566, -1.0475379388211787, -1.0475868897162348, -1.047634945225343, -1.047682143963982, -1.0477285220899208, -1.0477741134820606, -1.0478189499040518, -1.0478630611544288, -1.047906475204603, -1.047949218325948, -1.0479913152070495, -1.048032789062029, -1.0480736617307551, -1.0481139537716457, -1.04815368454774, -1.048192872306532, -1.048231534254154, -1.048269686624295, -1.0483073447422906, -1.0483445230847774, -1.0483812353352033, -1.0484174944355398, -1.048453312634432, -1.0484887015321083, -1.0485236721222093, -1.0485582348308078, -1.0485923995527995, -1.0486261756858366, -1.0486595721619958, -1.048692597477328, -1.048725259719423, -1.0487575665931606, -1.0487895254447201, -1.0488211432840082, -1.0488524268056079, -1.0488833824083195, -1.0489140162134207, -1.0489443340817177, -1.04897434162947, -1.0490040442432622, -1.0490334470939013, -1.0490625551493913, -1.0490913731870712, -1.0491199058049294, -1.049148157432208, -1.04917613233929, -1.0492038346469421, -1.049231268334969, -1.0492584372502882, -1.0492853451144777, -1.0493119955308576, -1.0493383919910744, -1.0493645378812868, -1.0493904364879418, -1.049416091003183, -1.0494415045299048, -1.0494666800864776, -1.0494916206111888, -1.0495163289663731, -1.0495408079423112, -1.0495650602608468, -1.0495890885787904, -1.049612895491129, -1.0496364835339884, -1.0496598551874416, -1.0496830128781425, -1.0497059589817692, -1.049728695825346, -1.0497512256894088, -1.0497735508100214, -1.0497956733807066, -1.049817595554215, -1.0498393194442264, -1.0498608471269195, -1.0498821806424572, -1.0499033219963974, -1.0499242731609875, -1.04994503607643, -1.049965612652017, -1.0499860047672525, -1.0500062142728726, -1.050026242991826, -1.050046092720204, -1.050065765228087, -1.0500852622603833, -1.0501045855376028, -1.0501237367565837, -1.050142717591193, -1.0501615296929672, -1.0501801746917625, -1.050198654196318, -1.0502169697948296, -1.050235123055475, -1.050253115526921, -1.050270948738801, -1.0502886242021745, -1.0503061434099534, -1.0503235078373203, -1.0503407189421343, -1.050357778165279, -1.0503746869310544, -1.050391446647495, -1.050408058706713, -1.0504245244852093, -1.0504408453441672, -1.0504570226297558, -1.0504730576733956, -1.0504889517920277, -1.0505047062883714, -1.050520322451169, -1.0505358015554283, -1.0505511448626401, -1.0505663536210104, -1.0505814290656696, -1.0505963724188696, -1.050611184890199, -1.0506258676767526, -1.0506404219633496, -1.0506548489226795, -1.0506691497155, -1.0506833254908041, -1.0506973773859722, -1.0507113065269478, -1.050725114028384, -1.0507388009938057, -1.050752368515737, -1.0507658176758665, -1.0507791495451813, -1.0507923651840996]}