{"FCI": -1.0270387941378512, "Energy": -1.015929381194996, "Loss": [-0.9259588542982591, -0.9291387745971996, -0.9321930571246205, -0.9351236091108689, -0.9379325945718221, -0.9406224271858474, -0.9431957586875004, -0.945655463269173, -0.9480046185711176, -0.9502464838975666, -0.9523844763234567, -0.9544221453561046, -0.9563631467923465, -0.9582112163689096, -0.959970143746377, -0.9616437472996615, -0.963235850114358, -0.9647502575126158, -0.9661907363572991, -0.96756099631163, -0.968864673165481, -0.9701053142799698, -0.9712863661502635, -0.972411164042484, -0.9734829236248219, -0.9745047344845557, -0.975479555401641, -0.9764102112349532, -0.9772993912682686, -0.9781496488592508, -0.9789634022348103, -0.9797429362797458, -0.9804904051718314, -0.9812078357245846, -0.9818971313086016, -0.9825600762328249, -0.9831983404780477, -0.9838134846861368, -0.9844069653194282, -0.9849801399153447, -0.985534272371451, -0.9860705382056518, -0.986590029744947, -0.9870937612043295, -0.9875826736244845, -0.9880576396436899, -0.9885194680848756, -0.9889689083440101, -0.9894066545703131, -0.9898333496326228, -0.9902495888694227, -0.9906559236227876, -0.9910528645587298, -0.991440884778244, -0.991820422724856, -0.9921918848955675, -0.9925556483630358, -0.9929120631173282, -0.9932614542361833, -0.9936041238927605, -0.9939403532101152, -0.9942704039715217, -0.9945945201957003, -0.9949129295857356, -0.9952258448602929, -0.995533464975363, -0.9958359762444324, -0.9961335533646442, -0.9964263603560389, -0.9967145514206779, -0.9969982717279828, -0.9972776581322101, -0.9975528398276697, -0.9978239389468715, -0.9980910711063895, -0.9983543459049512, -0.9986138673778624, -0.9988697344116179, -0.9991220411221736, -0.999370877200172, -0.9996163282260437, -0.999858475957728, -1.0000973985935202, -1.0003331710122945, -1.0005658649931912, -1.0007955494166902, -1.001022290448749, -1.0012461517096103, -1.0014671944286782, -1.0016854775867863, -1.0019010580469965, -1.002113990675025, -1.0023243284502161, -1.00253212256798, -1.0027374225344416, -1.0029402762540378, -1.0031407301106985, -1.003338829043168, -1.0035346166150356, -1.0037281350799137, -1.003919425442184, -1.0041085275137278, -1.0042954799669646, -1.0044803203845136, -1.0046630853057672, -1.0048438102706267, -1.0050225298606288, -1.0051992777376841, -1.0053740866805922, -1.005546988619529, -1.005718014668645, -1.0058871951569093, -1.006054559657356, -1.0062201370147963, -1.0063839553721565, -1.0065460421955146, -1.006706424297883, -1.0068651278619043, -1.0070221784614417, -1.0071776010821967, -1.0073314201413712, -1.0074836595064605, -1.007634342513204, -1.0077834919827733, -1.0079311302381952, -1.0080772791201018, -1.0082219600018025, -1.0083651938037375, -1.008507001007349, -1.0086474016683669, -1.0087864154295818, -1.008924061533104, -1.009060358832138, -1.0091953258022985, -1.009328980552488, -1.0094613408353736, -1.0095924240574299, -1.0097222472886513, -1.009850827271862, -1.0099781804317043, -1.01010432288329, -1.0102292704405262, -1.0103530386241726, -1.0104756426695634, -1.0105970975340968, -1.0107174179044434, -1.010836618203485, -1.010954712597047, -1.0110717150003783, -1.0111876390844052, -1.0113024982817842, -1.011416305792749, -1.011529074590767, -1.0116408174279854, -1.0117515468405347, -1.0118612751536233, -1.0119700144865056, -1.012077776757246, -1.0121845736873676, -1.0122904168063445, -1.0123953174559495, -1.0124992867944629, -1.012602335800764, -1.0127044752782917, -1.0128057158588857, -1.0129060680065063, -1.0130055420208646, -1.013104148040914, -1.0132018960482767, -1.0132987958705348, -1.0133948571844522, -1.0134900895190995, -1.0135845022588805, -1.0136781046464935, -1.0137709057857864, -1.0138629146445592, -1.0139541400572654, -1.014044590727662, -1.0141342752313753, -1.014223202018404, -1.014311379415559, -1.0143988156288297, -1.0144855187456945, -1.0145714967373882, -1.0146567574610814, -1.014741308662023, -1.0148251579756373, -1.014908312929551, -1.0149907809455778, -1.0150725693416582, -1.0151536853337535, -1.0152341360376795, -1.015313928470924, -1.0153930695543898, -1.015471566114118, -1.0155494248829757, -1.0156266525022795, -1.0157032555234056, -1.0157792404093562, -1.0158546135362827]}