{"FCI": -0.9673054197739122, "Energy": -0.9178805195557509, "Loss": [-0.7713906046492283, -0.7780540410870864, -0.7845085170455066, -0.7907491608719958, -0.7967722929548418, -0.8025753876340364, -0.8081570266316326, -0.8135168448779619, -0.818655469683952, -0.8235744542783157, -0.8282762067847942, -0.8327639157526593, -0.8370414733689606, -0.8411133974707371, -0.8449847534390262, -0.8486610769951711, -0.8521482988363684, -0.855452671945626, -0.8585807022959708, -0.8615390835449565, -0.8643346361882345, -0.8669742515148084, -0.8694648405856527, -0.8718132883448753, -0.8740264128711173, -0.8761109296880132, -0.8780734209771878, -0.8799203094758384, -0.8816578367927864, -0.8832920458417353, -0.8848287670667183, -0.8862736081214425, -0.887631946659986, -0.8889089258993842, -0.8901094526240558, -0.891238197316075, -0.8922995961130294, -0.8932978543154262, -0.8942369511873612, -0.8951206458168397, -0.8959524838248055, -0.8967358047343381, -0.897473749833039, -0.8981692703822205, -0.8988251360456132, -0.899443943428276, -0.9000281246326631, -0.9005799557535978, -0.9011015652473501, -0.9015949421218262, -0.9020619439054743, -0.9025043043617131, -0.9029236409238093, -0.9033214618319753, -0.9036991729605777, -0.9040580843282344, -0.9043994162879864, -0.9047243053981688, -0.9050338099775813, -0.905328915350882, -0.9056105387920271, -0.9058795341750449, -0.9061366963425139, -0.9063827652029628, -0.9066184295689014, -0.9068443307475639, -0.9070610658965692, -0.9072691911567052, -0.9074692245739304, -0.9076616488224588, -0.9078469137404761, -0.908025438689742, -0.9081976147498615, -0.9083638067575887, -0.908524355201154, -0.9086795779789667, -0.908829772031789, -0.908975214856804, -0.9091161659116739, -0.9092528679161466, -0.9093855480583539, -0.9095144191125223, -0.9096396804743642, -0.9097615191200357, -0.9098801104942158, -0.9099956193323854, -0.9101082004221469, -0.9102179993080658, -0.9103251529441689, -0.9104297902980018, -0.910532032909828, -0.9106319954103477, -0.910729786000002, -0.9108255068927815, -0.9109192547271963, -0.911011120946877, -0.911101192153119, -0.9111895504314713, -0.9112762736543712, -0.9113614357615974, -0.911445107020252, -0.9115273542658254, -0.9116082411257822, -0.9116878282269761, -0.9117661733881369, -0.9118433317985689, -0.9119193561840767, -0.9119942969611434, -0.9120682023801707, -0.9121411186586712, -0.9122130901051541, -0.9122841592343813, -0.9123543668746663, -0.9124237522678245, -0.9124923531622748, -0.9125602058998624, -0.9126273454968138, -0.9126938057193119, -0.912759619154045, -0.9128248172741298, -0.9128894305007107, -0.9129534882606006, -0.9130170190402077, -0.9130800504360327, -0.9131426092020001, -0.9132047212937959, -0.9132664119105023, -0.9133277055336486, -0.9133886259639064, -0.9134491963555706, -0.9135094392489809, -0.9135693766010387, -0.9136290298139373, -0.9136884197622247, -0.913747566818323, -0.9138064908765916, -0.9138652113760408, -0.9139237473217835, -0.9139821173052947, -0.9140403395235758, -0.9140984317972689, -0.9141564115877991, -0.9142142960136096, -0.9142721018655398, -0.914329845621383, -0.9143875434596951, -0.9144452112728927, -0.9145028646796642, -0.9145605190367521, -0.914618189450137, -0.9146758907856491, -0.9147336376790388, -0.9147914445455434, -0.9148493255889645, -0.9149072948102943, -0.9149653660158993, -0.9150235528252766, -0.9150818686784423, -0.9151403268429132, -0.9151989404203408, -0.9152577223528022, -0.9153166854287481, -0.9153758422886381, -0.9154352054302877, -0.9154947872138787, -0.9155545998667479, -0.91561465548784, -0.9156749660519523, -0.9157355434136849, -0.915796399311173, -0.9158575453695623, -0.9159189931042608, -0.9159807539239747, -0.9160428391335106, -0.9161052599363693, -0.9161680274371458, -0.9162311526437102, -0.9162946464692022, -0.9163585197338261, -0.9164227831664646, -0.9164874474061, -0.9165525230030593, -0.9166180204200802, -0.9166839500332028, -0.9167503221324842, -0.9168171469225587, -0.9168844345230105, -0.9169521949686059, -0.917020438209347, -0.9170891741103722, -0.9171584124517035, -0.9172281629278343, -0.9172984351471714, -0.9173692386313151, -0.9174405828142006, -0.9175124770410932, -0.9175849305674357, -0.917657952557545, -0.9177315520831861, -0.9178057381219923]}