{"FCI": -1.035185713956801, "Energy": -1.0303131162641588, "Loss": [-0.8823247931019341, -0.8964583996979282, -0.9091697047343517, -0.9205643606484775, -0.9307520748364991, -0.9398424202171214, -0.9479417622722265, -0.9551511437159503, -0.9615649501399397, -0.9672701852198934, -0.9723462023445804, -0.9768647635587052, -0.9808903217290315, -0.984480445083604, -0.9876863233946993, -0.9905533116566139, -0.9931214802665637, -0.9954261508395142, -0.9974984043670504, -0.9993655539621354, -1.0010515783646428, -1.002577515098565, -1.0039618139813948, -1.0052206528340668, -1.0063682179145579, -1.0074169519416092, -1.0083777726923238, -1.0092602651251799, -1.0100728498532718, -1.010822930610316, -1.0115170231405608, -1.0121608677221465, -1.0127595273127137, -1.013317473094666, -1.0138386589990076, -1.0143265866041489, -1.0147843616399166, -1.01521474317741, -1.0156201864516285, -1.016002880144921, -1.0163647788542165, -1.016707631372331, -1.0170330053323051, -1.0173423086923523, -1.0176368084766796, -1.0179176471329745, -1.0181858568197935, -1.0184423718959, -1.0186880398474232, -1.0189236308576057, -1.0191498461966422, -1.0193673255855429, -1.0195766536675093, -1.0197783657025354, -1.0199729525855792, -1.02016086527524, -1.020342518708439, -1.0205182952664693, -1.0206885478491385, -1.0208536026062887, -1.0210137613693417, -1.0211693038200367, -1.0213204894285013, -1.0214675591887028, -1.0216107371756245, -1.021750231945288, -1.0218862377961513, -1.022018935907858, -1.0221484953714335, -1.0222750741231117, -1.0223988197924994, -1.0225198704744531, -1.0226383554328315, -1.0227543957433558, -1.0228681048818515, -1.0229795892634657, -1.0230889487377448, -1.0231962770439051, -1.0233016622301065, -1.0234051870401382, -1.0235069292705172, -1.0236069621006838, -1.0237053543986738, -1.0238021710044065, -1.0238974729924952, -1.023991317916294, -1.0240837600347386, -1.02417485052333, -1.024264637670561, -1.0243531670609105, -1.0244404817453856, -1.024526622400642, -1.024611627477452, -1.0246955333393302, -1.0247783743920418, -1.024860183204631, -1.0249409906225522, -1.0250208258734979, -1.025099716666378, -1.025177689283963, -1.0252547686695885, -1.0253309785083387, -1.0254063413030692, -1.0254808784456277, -1.0255546102835496, -1.0256275561825845, -1.0256997345852592, -1.0257711630657889, -1.025841858381551, -1.0259118365213191, -1.025981112750525, -1.0260497016536663, -1.0261176171740936, -1.0261848726513323, -1.0262514808560725, -1.0263174540230109, -1.0263828038816398, -1.0264475416851626, -1.0265116782375903, -1.0265752239192059, -1.0266381887104226, -1.0267005822142068, -1.0267624136771147, -1.0268236920090243, -1.0268844258016796, -1.0269446233460993, -1.027004292648896, -1.027063441447638, -1.027122077225254, -1.0271802072235565, -1.0272378384559646, -1.0272949777194378, -1.027351631605703, -1.027407806511788, -1.0274635086499397, -1.0275187440569233, -1.0275735186027881, -1.0276278379990962, -1.027681707806647, -1.0277351334427793, -1.027788120188199, -1.0278406731934324, -1.0278927974848784, -1.0279444979705272, -1.027995779445317, -1.0280466465962061, -1.02809710400692, -1.0281471561624569, -1.0281968074533094, -1.0282460621794465, -1.0282949245540773, -1.028343398707199, -1.0283914886889312, -1.0284391984726853, -1.0284865319581311, -1.0285334929740186, -1.0285800852808409, -1.0286263125733301, -1.0286721784828519, -1.0287176865796346, -1.0287628403749107, -1.0288076433229207, -1.0288520988228127, -1.028896210220463, -1.0289399808101758, -1.0289834138363163, -1.029026512494836, -1.0290692799347507, -1.0291117192595196, -1.0291538335283685, -1.029195625757549, -1.0292370989215212, -1.029278255954103, -1.0293190997495452, -1.0293596331635666, -1.0293998590143376, -1.02943978008342, -1.029479399116661, -1.0295187188250599, -1.0295577418855701, -1.0295964709419034, -1.0296349086052627, -1.0296730574550743, -1.0297109200396677, -1.0297484988769448, -1.029785796455008, -1.0298228152327777, -1.0298595576405694, -1.0298960260806607, -1.0299322229278438, -1.0299681505299283, -1.0300038112082661, -1.0300392072582278, -1.030074340949665, -1.0301092145273802, -1.0301438302115475, -1.0301781901981473, -1.0302122966593723, -1.0302461517440236, -1.0302797575778981]}