{"FCI": -1.0551607375072107, "Energy": -1.0550374262305457, "Loss": [0.2670543480670411, 0.25379032294818743, 0.2404668633933484, 0.2270585723533036, 0.2135517091305325, 0.1999443853420904, 0.18624641682012605, 0.1724788116369445, 0.15867289114868896, 0.1448690609042574, 0.1311152693980819, 0.1174652126586638, 0.10397635936840308, 0.09070788283393313, 0.0777185915446407, 0.06506494888665584, 0.052799265146921015, 0.040968132155808246, 0.029611154091238462, 0.01876000864058089, 0.008437852491680886, -0.001340934461248361, -0.010570689392170235, -0.019254128967931716, -0.02740178219615072, -0.03503124832400428, -0.04216633654382543, -0.04883614255185545, -0.05507411213873545, -0.06091713482717384, -0.06640470204056914, -0.07157815526636835, -0.07648004091730168, -0.08115358065525932, -0.08564225918674401, -0.08998952613397426, -0.09423860453892119, -0.09843239575504248, -0.10261346873051785, -0.10682412075339826, -0.1111064963680562, -0.11550275114875314, -0.12005524711910662, -0.12480676665653778, -0.1298007315744098, -0.1350814136248652, -0.14069412184495497, -0.14668535095355847, -0.1531028734235564, -0.15999575599129157, -0.1674142793890982, -0.17540973825745776, -0.18403409688572067, -0.19333947614706065, -0.20337744836833288, -0.21419812065431842, -0.22584899417240067, -0.23837359785750256, -0.2518099104718928, -0.26618860507619313, -0.2815311741683437, -0.2978480204968127, -0.31513662517030655, -0.3333799273212531, -0.35254506350639186, -0.37258261529929754, -0.39342649602312363, -0.41499457025849945, -0.43719004390407507, -0.45990359341522385, -0.48301612941078337, -0.5064020235257874, -0.5299325796453328, -0.5534795101854075, -0.576918188507947, -0.600130487315069, -0.6230070718556308, -0.6454490844996815, -0.6673692217818159, -0.688692256857506, -0.7093550941051355, -0.7293064575491685, -0.7485063137836598, -0.7669251181589463, -0.7845429556076488, -0.8013486292235615, -0.817338733639325, -0.8325167378416375, -0.8468920934948082, -0.8604793794933603, -0.873297490380733, -0.8853688745174857, -0.8967188267293973, -0.907374839151643, -0.9173660128892982, -0.9267225318915707, -0.935475199142118, -0.9436550339965994, -0.9512929283443601, -0.9584193583046291, -0.9650641474279451, -0.9712562768711334, -0.9770237377364928, -0.9823934206858692, -0.9873910380227079, -0.9920410736426724, -0.9963667565507057, -1.000390053997414, -1.0041316806743015, -1.0076111208042575, -1.0108466603549826, -1.0138554269770426, -1.0166534356174526, -1.0192556380792, -1.021675975084908, -1.0239274296583183, -1.0260220808610785, -1.0279711571164485, -1.0297850885178468, -1.031473557661382, -1.0330455486601422, -1.034509394096704, -1.0358728197516076, -1.037142987011617, -1.038326532914892, -1.0394296078322411, -1.040457910816603, -1.041416722677959, -1.0423109368596077, -1.0431450882049986, -1.0439233797134904, -1.044649707388842, -1.0453276832871337, -1.0459606568713065, -1.0465517347784759, -1.0471037991037275, -1.047619524300803, -1.0481013927959753, -1.0485517094069945, -1.048972614654113, -1.0493660970453609, -1.04973400441318, -1.0500780543746584, -1.0503998439827684, -1.0507008586313868, -1.0509824802723364, -1.051245994998518, -1.0514926000431348, -1.0517234102411956, -1.0519394639959687, -1.0521417287896904, -1.0523311062747707, -1.0525084369788238, -1.0526745046541766, -1.0528300403001039, -1.052975725883637, -1.0531121977828137, -1.0532400499742034, -1.0533598369848076, -1.0534720766267756, -1.0535772525318694, -1.0536758165012583, -1.0537681906848728, -1.053854769603522, -1.053935922025749, -1.0540119927105618, -1.054083304026216, -1.0541501574543608, -1.0542128349882598, -1.0542716004329094, -1.054326700614422, -1.0543783665053381, -1.0544268142721065, -1.0544722462503757, -1.0545148518534075, -1.0545548084184153, -1.0545922819953228, -1.0546274280820882, -1.0546603923103577, -1.054691311085019, -1.0547203121809068, -1.054747515299636, -1.054773032589397, -1.0547969691302725, -1.0548194233874426, -1.0548404876345563, -1.0548602483492326, -1.0548787865826883, -1.0548961783051831, -1.0549124947289465, -1.0549278026101474, -1.0549421645312416, -1.0549556391650745, -1.054968281521941, -1.0549801431807166, -1.0549912725051487, -1.0550017148462785, -1.055011512731884, -1.055020706043851, -1.0550293321841953]}