{"FCI": -0.9714263137788843, "Energy": -0.9103140846693708, "Loss": [-0.6666829015248474, -0.6822244434946342, -0.6934871393836841, -0.7028662951940433, -0.7111288296094418, -0.7186317348280431, -0.7255740129205475, -0.7320792277521647, -0.7382298193244904, -0.744083677682922, -0.7496830315750805, -0.7550596003769583, -0.7602377652182382, -0.765236616974625, -0.7700713320347409, -0.7747541274160048, -0.7792949426528075, -0.7837019384894713, -0.7879818693342064, -0.792140366620494, -0.7961821579563055, -0.8001112391219091, -0.8039310108620115, -0.807644388994713, -0.8112538940210136, -0.8147617247912218, -0.8181698196327133, -0.8214799075158564, -0.8246935512315408, -0.8278121841082076, -0.8308371414631618, -0.8337696877309317, -0.8366110400185724, -0.8393623886885357, -0.8420249154527218, -0.844599809368463, -0.8470882810523552, -0.8494915753663949, -0.8518109827794175, -0.8540478495625596, -0.8562035869381261, -0.8582796792651932, -0.8602776913108579, -0.8621992746221777, -0.8640461729792304, -0.8658202268737998, -0.8675233769201001, -0.8691576660636887, -0.870725240412368, -0.8722283484696307, -0.8736693385089784, -0.8750506537895771, -0.8763748252857113, -0.8776444615911015, -0.8788622356743307, -0.880030868214787, -0.8811531073524377, -0.8822317048511692, -0.8832693889129739, -0.8842688341878835, -0.8852326298885497, -0.8861632473057883, -0.8870630083787069, -0.8879340572290776, -0.8887783366469995, -0.8895975713488904, -0.8903932593904801, -0.891166672434099, -0.8919188647305295, -0.892650689819785, -0.8933628232371114, -0.894055789057836, -0.8947299879934812, -0.895385724948949, -0.8960232343879592, -0.8966427024143327, -0.8972442850430512, -0.8978281226164867, -0.8983943506685155, -0.8989431077420873, -0.8994745407433179, -0.8999888084008275, -0.9004860833293538, -0.9009665531024307, -0.9014304206426997, -0.901877904153014, -0.90230923674284, -0.9027246658532593, -0.9031244525479069, -0.9035088707134147, -0.9038782061976478, -0.9042327559049363, -0.9045728268618539, -0.9048987352639578, -0.9052108055118537, -0.9055093692437235, -0.9057947643706055, -0.9060673341199386, -0.9063274260924259, -0.906575391336651, -0.9068115834455097, -0.9070363576779719, -0.9072500701093628, -0.9074530768128714, -0.9076457330746769, -0.9078283926446435, -0.9080014070242677, -0.9081651247931908, -0.9083198909752925, -0.9084660464451275, -0.9086039273752023, -0.9087338647243817, -0.9088561837674852, -0.9089712036660387, -0.9090792370798978, -0.9091805898195019, -0.909275560538259, -0.9093644404646325, -0.9094475131734683, -0.9095250543959387, -0.9095973318677084, -0.9096646052147528, -0.9097271258763552, -0.9097851370649079, -0.9098388737619467, -0.9098885627500899, -0.9099344226802631, -0.9099766641736515, -0.9100154899575246, -0.9100510950338698, -0.9100836668793275, -0.9101133856743991, -0.9101404245592335, -0.9101649499124103, -0.9101871216481638, -0.9102070935262974, -0.9102250134677874, -0.9102410238677231, -0.9102552618960008, -0.9102678597749465, -0.9102789450223613, -0.9102886406480353, -0.9102970652922426, -0.9103043332959125, -0.9103105546945349, -0.9103158351313211, -0.9103202756897667, -0.9103239726513747, -0.9103270171909342, -0.9103294950273195, -0.9103314860530712, -0.9103330638141973, -0.910334289318777, -0.9103349595491551, -0.9103233561644628, -0.910149528542572, -0.910270339399882, -0.9103226004239204, -0.9103334705465966, -0.9103360629904746, -0.9103368911323961, -0.9103372318977514, -0.9103373954600233, -0.9103374748828809, -0.9103375021657568, -0.910337482385843, -0.9103373942897722, -0.910337160327322, -0.9103365399705904, -0.9103347620251313, -0.9103293677945291, -0.910314229408824, -0.9102880719567021, -0.91028039650273, -0.910298953964837, -0.9103166807553025, -0.9103262400080687, -0.9103307164091917, -0.9103327423086198, -0.9103335499901409, -0.9103336103732194, -0.9103330010769225, -0.9103315129172845, -0.9103286261281853, -0.9103235576586401, -0.9103159485763, -0.9103077731489025, -0.9103038675116317, -0.9103067345229899, -0.9103132654468551, -0.9103195045025123, -0.9103239221489307, -0.91032657762738, -0.9103278922945627, -0.9103281783095973, -0.9103275656946874, -0.9103260465339158, -0.9103235785204261, -0.910320287973041, -0.9103167549896172]}