{"FCI": -0.9635572573854808, "Energy": -0.9635177360931461, "Loss": [-0.8742627562379666, -0.884306576575001, -0.8909245788843989, -0.8960705190213875, -0.9003519654394125, -0.904049326072873, -0.9073190725643805, -0.9102591619104021, -0.912935912629652, -0.9153968599220109, -0.917677579104379, -0.9198055881664493, -0.9218027054728755, -0.9236865343723955, -0.9254714308664257, -0.9271691574505432, -0.9287893462779677, -0.9303398490483984, -0.9318270217350137, -0.9332559716005209, -0.9346307791108001, -0.9359546977115789, -0.9372303296855757, -0.9384597755212761, -0.9396447558299783, -0.9407867071916698, -0.9418868552122343, -0.9429462690332807, -0.9439659015949379, -0.9449466194202204, -0.9458892249064206, -0.9467944733210324, -0.9476630860370476, -0.9484957610446856, -0.949293181431285, -0.9500560222945601, -0.9507849564115639, -0.951480658896649, -0.9521438110258654, -0.9527751033685277, -0.9533752383411438, -0.9539449322796016, -0.9544849171099736, -0.9549959416851438, -0.9554787728429046, -0.9559341962308427, -0.9563630169338286, -0.9567660599311804, -0.9571441704022117, -0.9574982138908181, -0.9578290763317745, -0.9581376639333327, -0.9584249029023131, -0.9586917389890866, -0.9589391368205501, -0.959168078979278, -0.9593795647767809, -0.9595746086582636, -0.9597542381662466, -0.9599194913815492, -0.9600714137538897, -0.9602110542326691, -0.9603394606136207, -0.9604576740321641, -0.9605667225625729, -0.9606676139267081, -0.9607613273791564, -0.960848804917137, -0.9609309420600728, -0.9610085785470067, -0.9610824893965608, -0.9611533768456, -0.9612218637095727, -0.9612884886718318, -0.9613537039034309, -0.9614178752437317, -0.9614812849571588, -0.9615441368565031, -0.961606563386943, -0.9616686341309089, -0.9617303651399487, -0.9617917285258238, -0.9618526618312081, -0.9619130768236699, -0.9619728674863115, -0.9620319170922772, -0.9620901043352821, -0.9621473085413128, -0.9622034140118353, -0.9622583135533613, -0.9623119112453759, -0.9623641244504118, -0.9624148848765014, -0.9624641334772688, -0.9625117366609839, -0.9625559112191485, -0.9625843605999208, -0.962557433452768, -0.96263153135563, -0.9626743557936922, -0.9627067712846141, -0.9627356087807658, -0.9627633793737124, -0.9627906310072678, -0.9628175224296658, -0.962844075504952, -0.9628702808441267, -0.9628961142173459, -0.9629215506542659, -0.9629465631886871, -0.9629711278370187, -0.9629952196761562, -0.9630188165790722, -0.9630418914644293, -0.9630644153165353, -0.9630863316350872, -0.9631075518872159, -0.963127811679963, -0.9631466487771664, -0.9631623924117645, -0.963173754183497, -0.9631769303608779, -0.9631842687905408, -0.9631977601788441, -0.9632174150121336, -0.9632344484602788, -0.9632489102438297, -0.963261258254898, -0.9632725403450138, -0.9632830916875655, -0.9632931901033996, -0.9633028017809002, -0.9633119159777261, -0.9633202429183432, -0.9633275893499376, -0.9633334070518605, -0.963337939313275, -0.9633415834747041, -0.9633465631816073, -0.9633533704843564, -0.9633615777469413, -0.9633683857494871, -0.9633705847758733, -0.9633706113788654, -0.9633797531503943, -0.9633923365507562, -0.9634013074749861, -0.9634075727807938, -0.9634122983422112, -0.9634159968969063, -0.9634189644276926, -0.9634215496667058, -0.9634242184462614, -0.9634273639232542, -0.9634309177466157, -0.9634343779478902, -0.9634370862159372, -0.9634394522778181, -0.9634428217303503, -0.9634478870421366, -0.9634531013410712, -0.9634575488401456, -0.9634609467449438, -0.9634635856943999, -0.9634656336145446, -0.9634674249567109, -0.9634690868615546, -0.9634708606637283, -0.9634726507322586, -0.9634745073386366, -0.9634763011385261, -0.9634783656219362, -0.9634807512784025, -0.9634835556130779, -0.9634862913131352, -0.9634888043747397, -0.9634908365918985, -0.9634925325257819, -0.9634938645834819, -0.9634950640836302, -0.963496113914166, -0.9634972130579417, -0.9634982745094893, -0.9634994683079398, -0.9635006937122288, -0.9635021426571064, -0.9635036566989073, -0.9635053111359587, -0.9635068401933712, -0.9635082891020348, -0.9635094735563385, -0.9635105295866059, -0.9635113637792775, -0.9635121566807391, -0.9635128298698016, -0.96351356076783, -0.9635142483206369, -0.9635150594123982, -0.9635158671771784, -0.9635168162176924]}