{"FCI": -0.991956862938698, "Energy": -0.9918436676845529, "Loss": [-0.8980594898619965, -0.9001268183764357, -0.9013079474880977, -0.9022120468311627, -0.9029771542420183, -0.9036601127919047, -0.9042900973324542, -0.9048840351805104, -0.905452561617611, -0.9060027472767161, -0.9065394967184526, -0.907066325904971, -0.9075858215274699, -0.9080999258295824, -0.9086101205598959, -0.9091175501548826, -0.9096231070427582, -0.9101274926150371, -0.9106312621035578, -0.911134858472898, -0.9116386385437065, -0.9121428933942328, -0.9126478643617322, -0.913153755518353, -0.9136607432281889, -0.9141689832409003, -0.9146786157005002, -0.9151897684163137, -0.9157025587347015, -0.9162170943485028, -0.9167334733742175, -0.9172517840066233, -0.9177721040228689, -0.9182945003535791, -0.9188190288715536, -0.9193457344767104, -0.9198746514884385, -0.9204058043021823, -0.9209392082321823, -0.9214748704491572, -0.9220127909278493, -0.9225529633390245, -0.9230953758459959, -0.9236400117901302, -0.9241868502681132, -0.9247358666145973, -0.925287032807623, -0.9258403178133937, -0.9263956878839215, -0.9269531068176295, -0.9275125361900192, -0.928073935559488, -0.9286372626520586, -0.929202473527824, -0.9297695227314278, -0.9303383634284453, -0.9309089475292307, -0.931481225801587, -0.9320551479733699, -0.9326306628260784, -0.9332077182803233, -0.9337862614739152, -0.934366238833354, -0.9349475961393113, -0.935530278586677, -0.9361142308397191, -0.9366993970827606, -0.9372857210668466, -0.9378731461527402, -0.9384616153505859, -0.9390510713565671, -0.9396414565868009, -0.940232713208744, -0.9408247831703225, -0.9414176082269659, -0.9420111299668118, -0.9426052898339705, -0.943200029150908, -0.9437952891370113, -0.9443910109342359, -0.9449871355999566, -0.9455836042220307, -0.9461803575021214, -0.9467773371173726, -0.9473744655713379, -0.9479713630406901, -0.9485568846119009, -0.9491228875279386, -0.9497047039080988, -0.9503207521483953, -0.9509284658642755, -0.9515222795855194, -0.952114130820344, -0.9527056891889985, -0.9532972581891226, -0.9538888007009468, -0.9544802384604902, -0.9550714647880517, -0.9556623825910094, -0.9562528865501514, -0.9568428802533049, -0.9574322542516438, -0.9580208930201591, -0.9586086172791893, -0.9591951137680628, -0.9597795758852868, -0.9603601428322214, -0.9609334085277237, -0.9615020094485573, -0.9620771667373467, -0.9626577627936043, -0.9632352370586224, -0.9638086368120613, -0.9643793050460984, -0.9649480989614438, -0.9655153476645681, -0.9660811249814335, -0.9666453941433507, -0.9672080721008557, -0.9677690541667936, -0.968328224552269, -0.9688854584669785, -0.9694406215201455, -0.9699935648924198, -0.9705441186568341, -0.9710920803594447, -0.971637203665041, -0.9721791889072932, -0.9727176977205005, -0.9732524060452309, -0.9737831141461044, -0.9743098231452697, -0.974832680281976, -0.9753517676638528, -0.97586699345069, -0.9763781612890228, -0.9768850996340613, -0.9773876903031112, -0.9778858345908387, -0.9783794103153637, -0.9788682517119562, -0.9793521457277592, -0.9798308369795199, -0.9803040346257851, -0.980771418700702, -0.9812326452551767, -0.9816873503336301, -0.9821351532465267, -0.9825756593815026, -0.9830084629071694, -0.9834331495029629, -0.9838492992882228, -0.9842564899981068, -0.9846543004601932, -0.9850423143593475, -0.9854201242689005, -0.9857873358941007, -0.9861435724656805, -0.986488479210065, -0.9868217278211722, -0.9871430208578786, -0.9874520959938982, -0.9877487300498874, -0.9880327427415695, -0.9883040000810808, -0.9885624173718268, -0.9888079617389591, -0.9890406541385903, -0.9892605707886798, -0.9894678439637643, -0.9896626620947371, -0.9898452691146764, -0.9900159629932366, -0.9901750934067794, -0.9903230585006866, -0.9904603007159576, -0.9905873016755055, -0.9907045761580333, -0.9908126652291092, -0.990912128649597, -0.9910035367383216, -0.9910874619246817, -0.991164470281203, -0.9912351133679155, -0.9912999207409277, -0.9913593934687636, -0.9914139989564628, -0.991464167298811, -0.9915102892758657, -0.9915527159780213, -0.9915917599213265, -0.9916276974042518, -0.9916607717815983, -0.9916911972986615, -0.9917191631414762, -0.991744837409191, -0.9917683707894872, -0.9917898998013004, -0.9918095495462389, -0.9918274359711708]}