{"FCI": -1.1357265901593825, "Energy": -1.1357109098850795, "Loss": [-0.6639598774897957, -0.6852935394624993, -0.7004344043397867, -0.7128502949921226, -0.7236476800704645, -0.7333420517555816, -0.7422218104679764, -0.7504671844355535, -0.7581995926505636, -0.7655054717674526, -0.7724490529347706, -0.7790797689764198, -0.7854368147625043, -0.7915520909412278, -0.7974521758905693, -0.8031596837047118, -0.8086942158538533, -0.8140730314242632, -0.8193115136162689, -0.8244234829842859, -0.8294213929228608, -0.8343164358709461, -0.8391185867901462, -0.8438366111023545, -0.8484780646932617, -0.8530493111659446, -0.8575555746864693, -0.8620010359642144, -0.866388966809256, -0.870721889000758, -0.8750017387066964, -0.8792300189796194, -0.8834079282453922, -0.8875364595097648, -0.8916164709077582, -0.895648732011509, -0.899633951887252, -0.9035727947963338, -0.9074658883962087, -0.911313827934491, -0.9151171786476673, -0.9188764775753899, -0.9225922353290812, -0.9262649379687252, -0.9298950489633249, -0.933483011156719, -0.9370292486666655, -0.9405341686704541, -0.9439981630548729, -0.9474216099255978, -0.9508048749807019, -0.9541483127573599, -0.9574522677622144, -0.9607170754954946, -0.9639430633782684, -0.9671305515910245, -0.9702798538310168, -0.9733912779948406, -0.9764651267920531, -0.9795016982950181, -0.9825012864295446, -0.985464181410391, -0.9883906701252511, -0.9912810364703695, -0.9941355616405718, -0.9969545243760927, -0.9997382011683215, -1.0024868664262032, -1.0052007926048856, -1.0078802502978743, -1.010525508293848, -1.0131368335991322, -1.0157144914266922, -1.0182587451525256, -1.0207698562402592, -1.0232480841348697, -1.0256936861265433, -1.0281069171858195, -1.0304880297714953, -1.0328372736129492, -1.0351548954690102, -1.0374411388658356, -1.0396962438168749, -1.0419204465279879, -1.044113979093665, -1.0462770691790737, -1.0484099397255915, -1.0505128075500672, -1.0525858378821877, -1.054626351460851, -1.056547021935064, -1.0585692273058571, -1.0605746230020057, -1.0625096596952226, -1.0644094357585991, -1.0662794319070226, -1.0681209599069357, -1.069934287039536, -1.0717196589656328, -1.0734771848304494, -1.0752070269883869, -1.0769092632398647, -1.0785839993451465, -1.0802311500915616, -1.0818503692969887, -1.0834398159826437, -1.084995624789205, -1.0865163943699052, -1.0880302616931923, -1.0895287197596704, -1.0909983265925605, -1.0924355986694247, -1.0938441296755104, -1.0952250540215807, -1.0965793162046966, -1.097907012119835, -1.0992083881773438, -1.1004831665158483, -1.1017312565588628, -1.1029518325225924, -1.1041456514008303, -1.105313906301302, -1.1064615608079937, -1.107586805741016, -1.1086883364678384, -1.1097633399612894, -1.110812401927239, -1.1118354421189436, -1.1128331738442554, -1.1138055690473334, -1.1147530209437109, -1.1156753393551622, -1.1165729646440146, -1.1174458392598305, -1.1182952267918895, -1.1191214094051105, -1.1199255880689047, -1.1207068243975822, -1.1214651831031646, -1.1221998457783018, -1.1229111563074567, -1.1235989745167034, -1.1242637567478817, -1.1249055201413312, -1.1255247051668442, -1.126121381408851, -1.1266961269420541, -1.1272491432574798, -1.1277811793646195, -1.1282923606702706, -1.1287831654107048, -1.1292534414415814, -1.129703396309706, -1.1301329969560892, -1.1305424363984566, -1.1309319002353433, -1.1313013368465719, -1.131651081866824, -1.1319802006354056, -1.132291545349601, -1.132584461594409, -1.1328656470440128, -1.1331295778695127, -1.133378182579774, -1.1336093391852036, -1.1338246925352646, -1.1340240564391617, -1.134208523834149, -1.1343781646690447, -1.1345339468223876, -1.1346759021647341, -1.1348052089912917, -1.1349217407346233, -1.1350274910266769, -1.135122134978687, -1.135208340547859, -1.1352849845593622, -1.1353538544479296, -1.1354139232959222, -1.1354665267100454, -1.1355114730985532, -1.1355499322512765, -1.1355820595595785, -1.13560891553482, -1.135630712033821, -1.1356485288823015, -1.1356625583170707, -1.135673987688462, -1.1356829162799356, -1.1356903857303016, -1.1356962472295757, -1.1357011040687832, -1.1357047523607728, -1.1357075509299737, -1.1357094435715058, -1.135710695338883, -1.1357113417875229, -1.1357115824911643, -1.1357114928286052, -1.1357112322266303]}