{"FCI": -1.1265571920133868, "Energy": -0.8878418733161325, "Loss": [-0.7681812596161673, -0.7742261781164885, -0.7784301454623926, -0.7818215053437296, -0.7847287513605732, -0.7873055125038176, -0.7896381377957871, -0.7917808393480099, -0.793770284187234, -0.7956326410925119, -0.7973873611673767, -0.7990493703914032, -0.8006304200963665, -0.8021399596880574, -0.8035857231949585, -0.8049741365815668, -0.8063106085322745, -0.8075997430301708, -0.8088454979966521, -0.8100513058327302, -0.8112201664823677, -0.8123547203074237, -0.8134573058829365, -0.8145300063605538, -0.8155746870486653, -0.8165930261618759, -0.81758654019902, -0.8185566050544761, -0.8195044737083114, -0.820431291149888, -0.8213381070462025, -0.8222258865583464, -0.8230955196267399, -0.8239478289822221, -0.8247835770905533, -0.8256034721989884, -0.8264081736230207, -0.8271982963869242, -0.8279744153121184, -0.8287370686316796, -0.8294867611964751, -0.8302239673279995, -0.8309491333643401, -0.8316626799387081, -0.8323650040241456, -0.8330564807730495, -0.8337374651761396, -0.8344082935620896, -0.8350692849561586, -0.8357207423136375, -0.8363629536420008, -0.8369961930237407, -0.8376207215504577, -0.8382367881774284, -0.8388446305067992, -0.8394444755064758, -0.8400365401712113, -0.8406210321312995, -0.8411981502139697, -0.8417680849619079, -0.8423310191127608, -0.8428871280432393, -0.843436580180944, -0.8439795373867158, -0.8445161553100589, -0.8450465837199482, -0.8455709668130693, -0.846089443501298, -0.846602147680192, -0.8471092084799285, -0.8476107505001294, -0.848106894029777, -0.8485977552534109, -0.8490834464446191, -0.8495640761477272, -0.8500397493486623, -0.8505105676356349, -0.8509766293505108, -0.8514380297314067, -0.8518948610472116, -0.852347212724548, -0.8527951714676973, -0.853238821371952, -0.8536782440308549, -0.8541135186377182, -0.8545447220817657, -0.8549719290392951, -0.8553952120601386, -0.8558146416497214, -0.8562302863470154, -0.8566422127986075, -0.857050485829137, -0.8574551685083438, -0.8578563222148482, -0.8582540066969908, -0.8586482801307564, -0.859039199175046, -0.8594268190244218, -0.8598111934594777, -0.8601923748949417, -0.8605704144256572, -0.8609453618705722, -0.8613172658148209, -0.8616861736499958, -0.8620521316127496, -0.8624151848217626, -0.8627753773132029, -0.8631327520747462, -0.8634873510781828, -0.8638392153107892, -0.8641883848054073, -0.8645348986693958, -0.8648787951124209, -0.865220111473247, -0.8655588842454487, -0.8658951491022344, -0.866228940920291, -0.8665602938028082, -0.8668892411016567, -0.8672158154387535, -0.8675400487267094, -0.8678619721887297, -0.8681816163778288, -0.8684990111954055, -0.8688141859091623, -0.8691271691704496, -0.8694379890310128, -0.8697466729591928, -0.8700532478556187, -0.870357740068354, -0.8706601754076145, -0.8709605791599523, -0.8712589761020417, -0.8715553905140256, -0.8718498461924485, -0.8721423664627767, -0.8724329741915572, -0.8727216917982099, -0.8730085412664418, -0.8732935441553545, -0.8735767216102044, -0.8738580943728393, -0.8741376827918627, -0.8744155068324546, -0.8746915860859658, -0.8749659397791816, -0.8752385867833737, -0.8755095456230411, -0.8757788344844701, -0.876046471223975, -0.8763124733759826, -0.8765768581608562, -0.8768396424924858, -0.8771008429857207, -0.8773604759635338, -0.877618557464047, -0.8778751032473374, -0.8781301288020483, -0.8783836493518506, -0.8786356798616946, -0.8788862350439303, -0.87913532936424, -0.8793829770473944, -0.8796291920829105, -0.8798739882304935, -0.8801173790253871, -0.8803593777835376, -0.8805999976066634, -0.8808392513871525, -0.8810771518128435, -0.8813137113717044, -0.881548942356339, -0.8817828568684242, -0.8820154668229958, -0.8822467839526456, -0.8824768198115714, -0.8827055857795914, -0.8829330930659688, -0.8831593527131927, -0.8833843756006374, -0.883608172448153, -0.8838307538195199, -0.8840521301258485, -0.8842723116288693, -0.884491308444159, -0.8847091305442625, -0.8849257877617527, -0.8851412897921783, -0.8853556461969933, -0.8855688664063472, -0.8857809597218413, -0.8859919353192148, -0.8862018022509375, -0.8864105694487705, -0.8866182457262155, -0.8868248397809534, -0.8870303601971903, -0.8872348154479396, -0.8874382138972654, -0.8876405638024479]}