{"FCI": -1.2621759210848382, "Energy": -0.6060738970554891, "Loss": [-0.33497548007026307, -0.3406966858067453, -0.34467595071985163, -0.34790101794866213, -0.3506887823805896, -0.3531900439935406, -0.35549186363219104, -0.35765014074883617, -0.3597026962474671, -0.36167590385348325, -0.3635888554034196, -0.3654560548441424, -0.3672889631190823, -0.36909673670791365, -0.37088651897335495, -0.37266358310731895, -0.37443151788903345, -0.3761925168410875, -0.37794772988943526, -0.3796976035887952, -0.38144215781409346, -0.38318118328528394, -0.3849143690594519, -0.38664137811314253, -0.388361888450264, -0.3900756129890005, -0.3917823071474446, -0.3934817697050607, -0.39517384025701213, -0.39685839515755034, -0.39853534299436066, -0.4002046201378937, -0.40186618662685913, -0.4035200224944981, -0.405166124556761, -0.40680450364126236, -0.4084351822169156, -0.4100581923775178, -0.4116735741326687, -0.41328137396260106, -0.41488164359804736, -0.41647443899115355, -0.4180598194481412, -0.419637846898752, -0.4212085852812029, -0.4227721000247562, -0.42432845761478216, -0.42587772522749573, -0.427419970423734, -0.4289552608926056, -0.4304836642374778, -0.43200524779781646, -0.43352007850142915, -0.4350282227425604, -0.4365297462818906, -0.4380247141651857, -0.43951319065775263, -0.44099523919235306, -0.44247092232853746, -0.4439403017216625, -0.4454034381001444, -0.4468603912496577, -0.4483112200032609, -0.4497559822364599, -0.4511947348664868, -0.4526275338550918, -0.45405443421427216, -0.4554754900144562, -0.45689075439471233, -0.4583002795746202, -0.45970411686750523, -0.46110231669473856, -0.4624949286009343, -0.4638820012697759, -0.4652635825403568, -0.46663971942389226, -0.4680104581206413, -0.4693758440369805, -0.47073592180252133, -0.47209073528718704, -0.47344032761822524, -0.4747847411970551, -0.4761240177159418, -0.477458198174452, -0.47878732289564957, -0.4801114315420316, -0.48143056313115384, -0.482744756050973, -0.4840540480748453, -0.4853584763762146, -0.48665807754295964, -0.48795288759141064, -0.48924294198002394, -0.4905282756227215, -0.4918089229018915, -0.49308491768105767, -0.49435629331721787, -0.4956230826728547, -0.4968853181276317, -0.49814303158976836, -0.4993962545070981, -0.5006450178778467, -0.5018893522610876, -0.5031292877869298, -0.504364854166399, -0.5055960807010728, -0.5068229962924182, -0.5080456294508844, -0.5092640083047355, -0.5104781606086377, -0.5116881137520066, -0.5128938947671086, -0.5140955303369504, -0.5152930468029454, -0.516486470172355, -0.5176758261255365, -0.5188611400229682, -0.5200424369121122, -0.5212197415340484, -0.5223930783299553, -0.523562471447401, -0.52472794474645, -0.525889521805628, -0.527047225927699, -0.5282010801452984, -0.5293511072264109, -0.5304973296797006, -0.5316397697596971, -0.5327784494718324, -0.5339133905773796, -0.5350446145981991, -0.5361721428214254, -0.537295996303979, -0.5384161958769882, -0.5395327621500884, -0.540645715515609, -0.541755076152644, -0.5428608640310392, -0.5439630989152497, -0.5450618003681222, -0.5461569877545676, -0.5472486802451486, -0.5483368968195704, -0.5494216562700931, -0.5505029772048428, -0.5515808780510653, -0.55265537705828, -0.5537264923013555, -0.5547942416835333, -0.5558586429393465, -0.5569197136374904, -0.5579774711836211, -0.5590319328230793, -0.5600831156435558, -0.5611310365776891, -0.5621757124056039, -0.5632171597574044, -0.5642553951155769, -0.5652904348173697, -0.5663222950571104, -0.5673509918884395, -0.5683765412265487, -0.569398958850317, -0.5704182604044327, -0.5714344614014464, -0.5724475772237907, -0.5734576231257542, -0.5744646142354013, -0.5754685655564666, -0.5764694919701941, -0.5774674082371383, -0.5784623289989409, -0.579454268780043, -0.5804432419893877, -0.5814292629220693, -0.5824123457609548, -0.5833925045782692, -0.5843697533371444, -0.5853441058931425, -0.5863155759957497, -0.5872841772898237, -0.5882499233170271, -0.58921282751723, -0.5901729032298731, -0.5911301636953223, -0.5920846220561691, -0.5930362913585288, -0.5939851845533196, -0.5949313144974712, -0.5958746939551677, -0.5968153355990211, -0.597753252011249, -0.5986884556848204, -0.5996209590245762, -0.6005507743483306, -0.6014779138879511, -0.6024023897904272, -0.6033242141189052, -0.6042433988537091, -0.6051599558933469]}