{"FCI": -1.2516165713356657, "Energy": -1.2242829610370407, "Loss": [-0.47267972668367575, -0.49105586124216494, -0.5096178323301863, -0.5282635084871128, -0.5468877298700507, -0.5653849187291609, -0.5836517987515281, -0.6015900785950787, -0.6191089510847795, -0.6361272697453568, -0.6525752880094884, -0.6683958809442971, -0.6835452104287626, -0.6979928372694163, -0.7117213227019649, -0.7247253929613391, -0.7370107615102652, -0.7485927132526052, -0.759494554391638, -0.7697460224905641, -0.7793817363683966, -0.788439747451801, -0.7969602355344538, -0.8049843744500795, -0.8125533781759413, -0.8197077259736971, -0.8264865564677948, -0.832927214830469, -0.8390649340484414, -0.8449326300617747, -0.8505607908585466, -0.8559774409008651, -0.861208164149444, -0.866276171135727, -0.8712023977763811, -0.8760056257831556, -0.8807026164971963, -0.8853082517225354, -0.8898356766310924, -0.8942964410651821, -0.8987006365906589, -0.9030570274785877, -0.9073731744426046, -0.9116555504605557, -0.9159096483876727, -0.9201400803476942, -0.9243506690879254, -0.9285445316209746, -0.9327241555648464, -0.9368914686443587, -0.9410479018415796, -0.9451944466869577, -0.9493317071732204, -0.9534599467544416, -0.9575791308672127, -0.9616889653814482, -0.9657889313576262, -0.9698783164559508, -0.9739562433125566, -0.9780216951687287, -0.9820735390115607, -0.9861105464594317, -0.990131412601937, -0.9941347729830199, -0.9981192188967251, -1.0020833111477316, -1.0060255924133703, -1.0099445983301012, -1.0138388674150143, -1.0177069499220806, -1.0215474157231927, -1.025358861295347, -1.029139915887687, -1.0328892469354896, -1.0366055647819015, -1.0402876267631496, -1.0439342407079004, -1.0475442678975457, -1.0511166255299713, -1.054650288726506, -1.0581442921181645, -1.0615977310451166, -1.0650097624004724, -1.0683796051476167, -1.0717065405381023, -1.0749899120555642, -1.078229125109337, -1.0814236465001434, -1.0845730036788364, -1.0876767838179457, -1.0907346327147207, -1.093746253543319, -1.0967114054727416, -1.0996299021663927, -1.1025016101780891, -1.1053264472586914, -1.1081043805866562, -1.1108354249351466, -1.1135196407874763, -1.1161571324121806, -1.1187480459080952, -1.121292567229312, -1.1237909201991532, -1.1262433645216625, -1.128650193798598, -1.1310117335590677, -1.1333283393085551, -1.1356003946035105, -1.1378283091568184, -1.1400125169793383, -1.142153474561795, -1.1442516591009981, -1.1463075667737925, -1.1483217110617154, -1.1502946211288365, -1.1522268402548221, -1.1541189243249457, -1.155971440378276, -1.157784965215003, -1.1595600840634515, -1.1612973893071628, -1.1629974792719067, -1.1646609570725097, -1.1662884295189566, -1.1678805060810251, -1.1694377979106296, -1.170960916920779, -1.172450474919946, -1.1739070828004916, -1.1753313497797608, -1.1767238826922233, -1.1780852853310688, -1.1794161578376516, -1.1807170961368705, -1.181988691416974, -1.1832315296517315, -1.1844461911633914, -1.1856332502244913, -1.1867932746967393, -1.187926825705256, -1.1890344573463314, -1.1901167164269808, -1.1911741422346307, -1.1922072663352457, -1.193216612398255, -1.1942026960467562, -1.195166024731386, -1.1961070976264827, -1.197026405546991, -1.197924430884822, -1.1988016475633467, -1.1996585210086848, -1.2004955081366482, -1.2013130573541355, -1.202111608573928, -1.2028915932417426, -1.2036534343746528, -1.204397546609869, -1.2051243362629496, -1.2058342013946801, -1.206527531885762, -1.2072047095185576, -1.2078661080652275, -1.2085120933814988, -1.2091430235055551, -1.2097592487613968, -1.2103611118660926, -1.2109489480405158, -1.2115230851229297, -1.2120838436851946, -1.2126315371509389, -1.2131664719155055, -1.2136889474672483, -1.2141992565097541, -1.2146976850849474, -1.2151845126964864, -1.2156600124333974, -1.2161244510936897, -1.2165780893076352, -1.2170211816606713, -1.2174539768155819, -1.2178767176339507, -1.2182896412966082, -1.2186929794230594, -1.2190869581896489, -1.219471798446517, -1.2198477158330612, -1.2202149208919846, -1.2205736191818022, -1.2209240113876945, -1.221266293430702, -1.2216006565752469, -1.2219272875348677, -1.2222463685761684, -1.2225580776209763, -1.2228625883466786, -1.2231600702846637, -1.223450688916977, -1.223734605771072, -1.2240119785127115]}