{"FCI": -1.1142922644325737, "Energy": 0.2018772493073766, "Loss": [0.5980634979288697, 0.5963291209694995, 0.5945890935262835, 0.5928434565733828, 0.5910922517537405, 0.5893355213709264, 0.5875733083806634, 0.5858056563820765, 0.5840326096086687, 0.5822542129189867, 0.5804705117870168, 0.5786815522923108, 0.5768873811098179, 0.5750880454994407, 0.5732835932953423, 0.5714740728949649, 0.5696595332477888, 0.5678400238438288, 0.5660155947018826, 0.564186296357512, 0.5623521798507926, 0.5605132967137901, 0.5586696989578329, 0.5568214390605127, 0.5549685699524874, 0.5531111450040178, 0.55124921801133, 0.5493828431827179, 0.5475120751244675, 0.5456369688265472, 0.5437575796481338, 0.5418739633028935, 0.539986175844134, 0.5380942736497245, 0.5361983134068696, 0.5342983520966937, 0.532394446978676, 0.5304866555749241, 0.5285750356542814, 0.5266596452163179, 0.5247405424751613, 0.5228177858431963, 0.5208914339146603, 0.5189615454491058, 0.5170281793547405, 0.5150913946716931, 0.5131512505551643, 0.51120780625849, 0.5092611211161265, 0.5073112545265558, 0.5053582659351278, 0.5034022148168416, 0.5014431606590747, 0.4994811629442637, 0.4975162811325427, 0.49554857464436064, 0.49357810284307385, 0.49160492501750636, 0.4896291003645317, 0.4876506879716109, 0.4856697467993833, 0.4836863356642272, 0.48170051322087964, 0.4797123379450498, 0.47772186811607836, 0.4757291617996583, 0.47373427683056435, 0.4717372707954865, 0.4697382010158776, 0.46773712453090543, 0.4657340980804663, 0.46372917808828096, 0.4617224206450898, 0.4597138814919324, 0.4577036160035335, 0.45569167917180686, 0.453678125589458, 0.45166300943372395, 0.4496463844502286, 0.447628303936985, 0.445608820728519, 0.4435879871801523, 0.44156585515243507, 0.4395424759957288, 0.43751790053495565, 0.4354921790545013, 0.433465361283322, 0.431437496380191, 0.42940863291914727, 0.42737881887513435, 0.42534810160981473, 0.4233165278575895, 0.42128414371182527, 0.4192509946112668, 0.417217125326672, 0.41518257994765434, 0.4131474018697486, 0.4111116337816698, 0.40907531765283806, 0.4070384947210908, 0.40500120548064006, 0.4029634896702686, 0.4009253862617457, 0.39888693344849074, 0.3968481686344845, 0.3948091284233959, 0.39276984860798797, 0.3907303641597499, 0.3886907092187835, 0.3866509170839372, 0.38461102020320453, 0.3825710501643589, 0.3805310376858652, 0.37849101260802803, 0.37645100388441227, 0.3744110395735146, 0.372371146830701, 0.37033135190040284, 0.3682916801085709, 0.3662521558553989, 0.36421280260830247, 0.3621736428951591, 0.36013469829782446, 0.35809598944588994, 0.3560575360107292, 0.3540193566997746, 0.35198146925108703, 0.34994389042817337, 0.3479066360150528, 0.3458697208116196, 0.34383315862921604, 0.34179696228650724, 0.3397611436055977, 0.3377257134083981, 0.3356906815132583, 0.3336560567318504, 0.3316218468663111, 0.32958805870662705, 0.3275546980282787, 0.3255217695901263, 0.32348927713256076, 0.3214572233758755, 0.31942561001890746, 0.31739443773790116, 0.31536370618563236, 0.3133334139907541, 0.3113035587574014, 0.30927413706500256, 0.30724514446836015, 0.30521657549793324, 0.3031884236603691, 0.301160681439253, 0.29913334029608996, 0.2971063906715152, 0.29507982198670735, 0.2930536226450485, 0.29102778003398455, 0.28900228052710686, 0.28697710948644445, 0.28495225126497886, 0.28292768920936096, 0.28090340566283023, 0.27887938196835105, 0.2768555984719519, 0.27483203452625876, 0.2728086684942347, 0.27078547775311085, 0.26876243869852856, 0.2667395267488545, 0.26471671634970295, 0.2626939809786499, 0.26067129315011994, 0.2586486244204728, 0.2566259453932793, 0.2546032257247635, 0.2525804341294434, 0.25055753838593525, 0.2485345053429565, 0.24651130092548176, 0.2444878901410994, 0.24246423708651674, 0.2404403049542535, 0.23841605603950763, 0.23639145174717768, 0.23436645259906352, 0.23234101824123607, 0.23031510745156444, 0.22828867814741702, 0.22626168739351513, 0.22423409140996853, 0.22220584558044928, 0.2201769044605469, 0.21814722178627607, 0.2161167504827389, 0.214085442672956, 0.21205324968685385, 0.21002012207040097, 0.2079860095949182, 0.20595086126652437, 0.20391462533576585]}