{"FCI": -1.0460431288342917, "Energy": -1.0120322835951447, "Loss": [-0.6820038528531067, -0.6896766262627047, -0.6973753479353674, -0.7050881231914432, -0.7128029636516432, -0.7205078665330314, -0.7281908935532551, -0.7358402483795289, -0.7434443516200445, -0.7509919124372822, -0.7584719959611301, -0.7658740857894811, -0.7731881409808226, -0.7804046470619814, -0.7875146606917206, -0.7945098477333321, -0.8013825145951569, -0.8081256327955515, -0.8147328567976495, -0.8211985352396434, -0.8275177157586242, -0.8336861436710211, -0.8397002548311054, -0.8455571630414696, -0.8512546424360156, -0.856791105296691, -0.8621655757999285, -0.8673776602163351, -0.8724275141074745, -0.8773158070754326, -0.8820436856239108, -0.8866127346833873, -0.8910249383373157, -0.8952826402619601, -0.8993885043596801, -0.9033454760255314, -0.9071567444411293, -0.9108257062394376, -0.9143559308309475, -0.9177511276274789, -0.9210151153457538, -0.9241517935208952, -0.9271651163107197, -0.9300590686266166, -0.9328376445863729, -0.9355048282490589, -0.9380645765623425, -0.9405208044283735, -0.9428773717753014, -0.9451380725076167, -0.9473066251991479, -0.9493866653872318, -0.9513817393249102, -0.9532952990492604, -0.955130698627808, -0.9568911914505313, -0.9585799284422192, -0.9601999570780431, -0.9617542210940568, -0.9632455607934644, -0.9646767138586312, -0.966050316587943, -0.9673689054852581, -0.9686349191380103, -0.9698507003277053, -0.9710184983237159, -0.9721404713178387, -0.973218688963007, -0.9742551349847626, -0.9752517098388944, -0.976210233392877, -0.9771324476122116, -0.9780200192361526, -0.9788745424299474, -0.9796975414031177, -0.9804904729853358, -0.9812547291531603, -0.9819916395024134, -0.9827024736620821, -0.9833884436468351, -0.9840507061459215, -0.984690364747044, -0.9853084720943925, -0.9859060319803787, -0.9864840013712047, -0.9870432923664962, -0.9875847740937375, -0.9881092745381719, -0.9886175823092935, -0.9891104483449042, -0.9895885875541067, -0.9900526804003478, -0.9905033744260509, -0.9909412857200784, -0.9913670003296118, -0.9917810756177345, -0.9921840415683747, -0.9925764020399268, -0.9929586359691239, -0.9933311985265969, -0.9936945222255689, -0.9940490179852227, -0.9943950761500169, -0.9947330674665698, -0.9950633440193566, -0.9953862401266323, -0.9957020731980476, -0.9960111445550771, -0.9963137402158159, -0.9966101316452054, -0.9969005764720795, -0.9971853191741948, -0.9974645917324918, -0.9977386142556771, -0.9980075955763263, -0.9982717338196291, -0.9985312169457593, -0.9987862232670582, -0.9990369219409145, -0.999283473439401, -0.9995260299966537, -0.9997647360347962, -0.99999972856949, -1.0002311375958004, -1.0004590864553395, -1.0006836921854465, -1.0009050658512022, -1.0011233128610204, -1.001338533266564, -1.0015508220476836, -1.0017602693830356, -1.0019669609070359, -1.0021709779538255, -1.002372397788748, -1.0025712938280265, -1.0027677358471199, -1.0029617901782901, -1.00315351989798, -1.0033429850043565, -1.0035302425855988, -1.0037153469793363, -1.003898349923655, -1.004079300700115, -1.0042582462691487, -1.0044352313982152, -1.0046102987831238, -1.004783489162752, -1.0049548414276366, -1.0051243927226365, -1.005292178543995, -1.0054582328311439, -1.0056225880534202, -1.0057852752920624, -1.0059463243176257, -1.0061057636631578, -1.006263620693289, -1.0064199216694372, -1.006574691811441, -1.006727955355644, -1.0068797356097774, -1.007030055004712, -1.0071789351432776, -1.0073263968463226, -1.0074724601961502, -1.0076171445774567, -1.0077604687159112, -1.0079024507145926, -1.0080431080882122, -1.0081824577954486, -1.008320516269397, -1.0084572994462024, -1.008592822792057, -1.0087271013286643, -1.008860149657092, -1.008991981980383, -1.009122612124697, -1.0092520535593092, -1.0093803194153483, -1.0095074225034701, -1.0096333753304925, -1.0097581901150001, -1.0098818788020616, -1.0100044530770185, -1.0101259243785028, -1.0102463039106633, -1.0103656026546126, -1.0104838313792437, -1.0106010006513633, -1.0107171208452337, -1.01083220215152, -1.010946254585699, -1.0110592879959737, -1.0111713120707049, -1.011282336345376, -1.0113923702091439, -1.011501422911018, -1.0116095035656087, -1.0117166211585846, -1.0118227845517558, -1.0119280024878816]}