{"FCI": -1.2744115559212819, "Energy": -1.2500792474259623, "Loss": [-0.3923492874299745, -0.40263379136321414, -0.41286757693047554, -0.4230443734328287, -0.43315812211969995, -0.4432030118903682, -0.4531735177868381, -0.46306444167110006, -0.47287095484924163, -0.48258864245774985, -0.4922135494458725, -0.5017422280016078, -0.511171786280988, -0.5204999383082545, -0.5297250549119004, -0.5388462155374851, -0.5478632607154548, -0.5567768448354052, -0.5655884886509185, -0.5743006305637222, -0.5829166751569098, -0.5914410366097336, -0.5998791734994934, -0.6082376101044024, -0.61652393779407, -0.6247467887138876, -0.6329157731966449, -0.6410413727734642, -0.6491347829139373, -0.6572077040617128, -0.6652720859480119, -0.6733398375875064, -0.6814225221023568, -0.68953105963863, -0.697675461672856, -0.7058646156469962, -0.7141061311800595, -0.7224062501160022, -0.7307698145788893, -0.739200281609732, -0.7476997704587018, -0.7562691288974364, -0.7649080071552615, -0.7736149312958998, -0.7823873712155236, -0.7912218014063759, -0.8001137549054599, -0.8090578723493144, -0.8180479488296398, -0.8270769814090979, -0.8361372198652232, -0.8452202226423824, -0.8543169192572871, -0.8634176796474378, -0.8725123902687297, -0.8815905361970453, -0.890641288095282, -0.8996535926716032, -0.9086162651566414, -0.917518082337737, -0.9263478747740261, -0.9350946169471299, -0.9437475142539906, -0.9522960859025804, -0.9607302429170944, -0.9690403605899994, -0.9772173448327197, -0.9852526919747989, -0.9931385416458114, -1.0008677224476217, -1.008433790189512, -1.0158310585185946, -1.0230546218338334, -1.0301003704268328, -1.0369649978469102, -1.0436460005433577, -1.050141669895211, -1.0564510767990647, -1.0625740490496078, -1.068511141816546, -1.074263601595872, -1.0798333240944202, -1.08522280659316, -1.090435095427163, -1.0954737293157004, -1.1003426793721107, -1.1050462867146884, -1.109589198681411, -1.1139763047151534, -1.1182126730256166, -1.1223034891418124, -1.1262539974388186, -1.1300694466519379, -1.1337550402788004, -1.1373158926193185, -1.1407569910201811, -1.1440831646851923, -1.1472990601955182, -1.150409123668369, -1.1534175892802185, -1.1563284737021062, -1.1591455758484766, -1.1618724812321373, -1.1645125701486032, -1.1670690288829157, -1.1695448631371164, -1.1719429129125518, -1.174265868141911, -1.1765162844448274, -1.1786965984719466, -1.1808091423995761, -1.1828561572357446, -1.1848398046943305, -1.1867621774837114, -1.1886253079379796, -1.1904311749902716, -1.1921817095482634, -1.1938787983809578, -1.1955242866634812, -1.1971199793528564, -1.1986676415837723, -1.2001689982792905, -1.2016257331694946, -1.2030394874013577, -1.2044118579080407, -1.2057443956864098, -1.207038604109175, -1.2082959373746234, -1.2095177991732489, -1.2107055416279526, -1.211860464543922, -1.2129838149862606, -1.2140767871882272, -1.215140522781067, -1.216176111327572, -1.2171845911348662, -1.2181669503188446, -1.2191241280902507, -1.2200570162325681, -1.2209664607423538, -1.2218532636041457, -1.222718184673779, -1.2235619436455125, -1.22438522208014, -1.225188665472431, -1.2259728853374507, -1.226738461296447, -1.2274859431435055, -1.2282158528753335, -1.2289286866674078, -1.2296249167809614, -1.2303049933865453, -1.2309693462919946, -1.2316183865644412, -1.2322525080385256, -1.2328720887054854, -1.2334774919805944, -1.2340690678490862, -1.2346471538934383, -1.2352120762072971, -1.2357641502034282, -1.2363036813248944, -1.2368309656698535, -1.2373462905411416, -1.237849934932086, -1.2383421699597386, -1.2388232592560322, -1.2392934593263052, -1.2397530198834503, -1.2402021841642152, -1.2406411892328293, -1.241070266275511, -1.2414896408878486, -1.2418995333559473, -1.2423001589310707, -1.2426917280966068, -1.243074446825986, -1.2434485168293545, -1.2438141357873678, -1.2441714975700513, -1.2445207924393118, -1.2448622072338982, -1.2451959255362277, -1.2455221278206057, -1.2458409915832815, -1.2461526914546721, -1.2464573992947738, -1.2467552842727463, -1.2470465129320218, -1.2473312492421633, -1.2476096546388986, -1.2478818880535514, -1.2481481059333028, -1.248408462253198, -1.2486631085212163, -1.2489121937773255, -1.2491558645873657, -1.2493942650328367, -1.2496275366971716, -1.2498558186494035]}