{"FCI": -1.1142922644325737, "Energy": -1.1049436884978172, "Loss": [-0.04434115732291053, -0.07751606654771936, -0.10571175289925956, -0.12973218289301153, -0.15034868570260673, -0.16826589967125666, -0.18410425619693715, -0.19839442092541149, -0.2115797494392464, -0.22402355528492351, -0.23601876535140037, -0.24779826823542805, -0.2595448796409143, -0.27140032495028, -0.28347297498502544, -0.29584428813963964, -0.3085740389782465, -0.3217044773080083, -0.33526358500055686, -0.3492675968909499, -0.36372293818976803, -0.3786277111804725, -0.3939728428271816, -0.4097429846419874, -0.4259172378932471, -0.44246976138918215, -0.4593703056525874, -0.47658470611763953, -0.49407535874878966, -0.5118016939108802, -0.5297206581367055, -0.5477872084114884, -0.5659548195385165, -0.5841760019272371, -0.6024028246556028, -0.6205874368346278, -0.6386825790977799, -0.6566420764130712, -0.6744213033341445, -0.6919776132213357, -0.7092707238154798, -0.7262630527618539, -0.7429199981710752, -0.7592101609713792, -0.7751055075522989, -0.7905814729260509, -0.8056170062527206, -0.8201945620158623, -0.8343000413414553, -0.8479226888910569, -0.8610549514143798, -0.8736923044203321, -0.8858330535373776, -0.8974781170133703, -0.9086307954896639, -0.9192965347156368, -0.9294826862903086, -0.9391982708680496, -0.9484537475817711, -0.957260792751301, -0.9656320902818114, -0.9735811355375239, -0.9811220539123167, -0.988269434820606, -0.9950381814027242, -1.0014433758794483, -1.00750016019799, -1.0132236313822942, -1.0186287508277378, -1.0237302666581862, -1.028542648184376, -1.0330800314603363, -1.0373561749221079, -1.0413844241048276, -1.0451776844641194, -1.048748401372064, -1.0521085464114115, -1.055269609152028, -1.058242593656984, -1.061038019030745, -1.0636659233863708, -1.0661358706713486, -1.0684569598517042, -1.0706378360106008, -1.072686702970512, -1.074611337096643, -1.0764191019839813, -1.0781169637708243, -1.0797115068581156, -1.0812089498466362, -1.0826151615333408, -1.0839356768338504, -1.0851757125208639, -1.0863401826883385, -1.087433713868493, -1.088460659744054, -1.0894251154109091, -1.090330931157882, -1.091181725739642, -1.0919808991271764, -1.0927316447268225, -1.0934369610649228, -1.094099662939756, -1.0947223920464264, -1.0953076270835544, -1.0958576933532682, -1.0963747718679238, -1.0968609079786393, -1.097318019541836, -1.0977479046408556, -1.0981522488801738, -1.0985326322702393, -1.0988905357207754, -1.0992273471605745, -1.0995443673015963, -1.0998428150646231, -1.1001238326837124, -1.1003884905059589, -1.1006377915026113, -1.1008726755071654, -1.1010940231952724, -1.101302659820929, -1.1014993587225987, -1.1016848446124858, -1.101859796661402, -1.1020248513912634, -1.1021806053865002, -1.1023276178351, -1.1024664129096635, -1.1025974819979008, -1.1027212857919593, -1.1028382562450343, -1.1029487984035349, -1.1030532921224445, -1.1031520936711892, -1.103245537236778, -1.1033339363307124, -1.103417585105689, -1.1034967595877914, -1.103571718829531, -1.1036427059887512, -1.1037099493381493, -1.103773663209746, -1.1038340488786338, -1.10389129538972, -1.103945580331221, -1.1039970705583495, -1.1040459228703103, -1.104092284643735, -1.1041362944252586, -1.1041780824859821, -1.1042177713401966, -1.1042554762307526, -1.1042913055831913, -1.1043253614307258, -1.104357739811858, -1.1043885311425516, -1.104417820564466, -1.1044456882709537, -1.1044722098121003, -1.1044974563803742, -1.1045214950779176, -1.104544389166883, -1.1045661983037782, -1.1045869787589024, -1.1046067836218714, -1.104625662994076, -1.1046436641689774, -1.1046608318010065, -1.1046772080637721, -1.104692832798377, -1.1047077436523196, -1.1047219762097358, -1.1047355641134935, -1.1047485391796208, -1.1047609315046278, -1.10477276956617, -1.1047840803173843, -1.1047948892755084, -1.104805220604918, -1.104815097195135, -1.1048245407339463, -1.1048335717761806, -1.1048422098081385, -1.1048504733082063, -1.104858379803731, -1.1048659459244843, -1.104873187452877, -1.1048801193711644, -1.104886755905825, -1.1048931105692614, -1.1048991961990797, -1.1049050249949484, -1.104910608553352, -1.104915957900266, -1.1049210835219125, -1.104925995393737, -1.104930703007655, -1.10493521539778, -1.1049395411645961]}