{"FCI": -1.2337193055590183, "Energy": -1.0716008820666796, "Loss": [-0.39711932944852213, -0.3975534989958654, -0.3983769703467458, -0.399548152052262, -0.4010286043853135, -0.40278288772594384, -0.4047783997643978, -0.40698521147402444, -0.4093759077743133, -0.4119254361031733, -0.4146109643493517, -0.4174117484744772, -0.42030900947566957, -0.42328581896014006, -0.42632699242205985, -0.4294189892597132, -0.4325498185992314, -0.43570895006770904, -0.43888722876085795, -0.4420767937637998, -0.4452709996985734, -0.4484643408818434, -0.4516523777775029, -0.4548316655188256, -0.45799968435258953, -0.46115477192259746, -0.4642960573624608, -0.46742339720807435, -0.4705373131694522, -0.4736389318208423, -0.47672992627809085, -0.47981245993467037, -0.48288913232343667, -0.48596292716171535, -0.48903716262358987, -0.49211544386662026, -0.49520161782163374, -0.4982997302347504, -0.5014139849312691, -0.5045487052521476, -0.5077082975962907, -0.5108972169863389, -0.5141199345621426, -0.5173809068956559, -0.5206845470129331, -0.5240351970042074, -0.5274371021011963, -0.5308943861020111, -0.5344110280283092, -0.5379908399063627, -0.5416374455734647, -0.5453542604233362, -0.5491444720185734, -0.5530110215146519, -0.5569565858579407, -0.560983560739641, -0.5650940443078262, -0.569289821660742, -0.5735723501656232, -0.5779427456682118, -0.5824017696784622, -0.586949817636967, -0.5915869083843708, -0.5963126749713882, -0.6011263569601815, -0.6060267943778144, -0.611012423489049, -0.616081274558506, -0.6212309717706742, -0.6264587354702349, -0.6317613868742655, -0.6371353553922774, -0.642576688669143, -0.6480810654405792, -0.6536438112604448, -0.6592599171246027, -0.6649240609777514, -0.6706306320480347, -0.6763737579103039, -0.6821473341335987, -0.6879450563224191, -0.693760454316322, -0.6995869282688678, -0.7054177862866402, -0.711246283272875, -0.7170656605891409, -0.7228691861241043, -0.7286501943406396, -0.7344021258630575, -0.7401185661647802, -0.7457932829240442, -0.7514202616310182, -0.7569937390538172, -0.7625082342029597, -0.76795857647266, -0.7733399306827624, -0.7786478187951316, -0.7838781381322935, -0.789027175982504, -0.7940916205324665, -0.7990685681259904, -0.8039555269017165, -0.8087504169150418, -0.8134515668973138, -0.8180577078478667, -0.8225679636914909, -0.8269818392642243, -0.8312992059141111, -0.8355202850203581, -0.8396456297443385, -0.8436761053293574, -0.8476128682635358, -0.8514573446118862, -0.8552112078106112, -0.8588763561993213, -0.862454890546211, -0.8659490917977934, -0.8693613992596403, -0.8726943893882116, -0.875950755347012, -0.8791332874537454, -0.8822448546191713, -0.8852883868536231, -0.8882668588940036, -0.891183274982628, -0.8940406548100457, -0.8968420206167376, -0.8995903854337794, -0.9022887424297974, -0.9049400553211675, -0.9075472497938881, -0.9101132058793733, -0.9126407512215479, -0.9151326551699858, -0.9175916236321199, -0.9200202946175319, -0.9224212344082616, -0.9247969342908025, -0.9271498077882477, -0.9294821883341533, -0.9317963273333871, -0.9340943925593146, -0.9363784668407643, -0.9386505469967661, -0.9409125429811667, -0.943166277203789, -0.9454134839989932, -0.9476558092164469, -0.9498948099130036, -0.9521319541282811, -0.954368620729853, -0.9566060993174331, -0.958845590178336, -0.9610882042892043, -0.9633349633616597, -0.9655867999317154, -0.9678445574948752, -0.9701089906906672, -0.9723807655420009, -0.9746604597560508, -0.9769485630947261, -0.979245477823575, -0.9815515192489624, -0.9838669163538927, -0.9861918125432065, -0.9885262665093941, -0.9908702532299137, -0.9932236651072958, -0.995586313262537, -0.9979579289923312, -1.0003381653994843, -1.002726599205705, -1.0051227327543995, -1.0075259962103704, -1.0099357499618962, -1.0123512872291687, -1.0147718368817462, -1.0171965664655551, -1.0196245854387327, -1.0220549486131156, -1.0244866597966886, -1.026918675629906, -1.0293499096069918, -1.0317792362710159, -1.0342054955696407, -1.0366274973563077, -1.0390440260197094, -1.041453845222484, -1.0438557027283935, -1.0462483352955847, -1.0486304736122225, -1.051000847249438, -1.0533581896057542, -1.0557012428162091, -1.0580287625990878, -1.0603395230129733, -1.062632321096856, -1.0649059813664843, -1.0671593601409008, -1.0693913496738978]}