{"FCI": -1.2726205517125175, "Energy": -1.2596122591310974, "Loss": [-0.6882000964544958, -0.7078897830945872, -0.7269841481652749, -0.7454711638549603, -0.7633442790308762, -0.7806021734327141, -0.7972483857444075, -0.8132908328188778, -0.8287412443466877, -0.8436145417545363, -0.857928191813783, -0.871701564450362, -0.8849553210089169, -0.897710854364927, -0.9099897965041583, -0.9218136031715094, -0.9332032194963837, -0.9441788255446488, -0.9547596567814882, -0.9649638915599267, -0.9748085959588325, -0.9843097154743475, -0.9934821030584893, -1.0023395736097296, -1.0108949760632733, -1.0191602755291203, -1.0271466393348165, -1.0348645222287682, -1.042323747303641, -1.0495335803500172, -1.0565027963183673, -1.063239737342196, -1.0697523623629241, -1.0760482888144016, -1.0821348270957185, -1.0880190087104753, -1.093707609006677, -1.09920716543744, -1.1045239922018302, -1.1096641920345518, -1.1146336658081855, -1.1194381205029251, -1.124083075993705, -1.1285738710088653, -1.1329156685301278, -1.1371134608326594, -1.1411720743054155, -1.1450961741456926, -1.1488902689862859, -1.1525587154869958, -1.1561057229036615, -1.159535357634811, -1.162851547738354, -1.1660580874058801, -1.1691586413804673, -1.1721567493036837, -1.1750558299783502, -1.1778591855354508, -1.1805700054955484, -1.1831913707171489, -1.1857262572265679, -1.1881775399256567, -1.1905479961756058, -1.1928403092562228, -1.1950570717015325, -1.1972007885133502, -1.1992738802552871, -1.2012786860302904, -1.2032174663451016, -1.205092405865465, -1.2069056160659675, -1.2086591377785652, -1.2103549436438203, -1.21199494046889, -1.2135809714961296, -1.2151148185863045, -1.2165982043198693, -1.2180327940201483, -1.219420197701622, -1.2207619719466998, -1.2220596217140305, -1.2233146020813097, -1.2245283199254269, -1.2257021355425557, -1.2268373642107167, -1.2279352776972434, -1.228997105713348, -1.230024037317996, -1.2310172222730351, -1.2319777723515675, -1.2329067626013828, -1.2338052325651598, -1.2346741874591034, -1.2355145993115395, -1.236327408063032, -1.237113522629369, -1.237873821928799, -1.2386091558748225, -1.2393203463357432, -1.2400081880621172, -1.2406734495833898, -1.2413168740745764, -1.2419391801941706, -1.2425410628942686, -1.2431231942037393, -1.243686223985546, -1.244230780668883, -1.2447574719572059, -1.2452668855127564, -1.2457595896184699, -1.2462361338180792, -1.246697049534976, -1.247142850670737, -1.247574034183774, -1.247991080648979, -1.2483944547988406, -1.2487846060466778, -1.249161968992655, -1.2495269639130377, -1.2498799972333046, -1.2502214619856484, -1.2505517382513784, -1.2508711935886467, -1.2511801834461196, -1.2514790515629333, -1.2517681303554673, -1.2520477412912723, -1.252318195250721, -1.2525797928766331, -1.2528328249123966, -1.2530775725288439, -1.2533143076404005, -1.2535432932106818, -1.2537647835480519, -1.2539790245914124, -1.254186254186442, -1.2543867023528252, -1.2545805915425425, -1.254768136889636, -1.254949546451757, -1.2551250214436451, -1.2552947564629515, -1.2554589397085247, -1.255617753191545, -1.255771372939577, -1.2559199691939984, -1.2560637066007472, -1.2562027443948764, -1.2563372365789514, -1.256467332095545, -1.256593174994024, -1.2567149045918502, -1.2568326556305023, -1.256946558426269, -1.257056739016045, -1.2571633192982987, -1.2572664171694012, -1.257366146655424, -1.257462618039597, -1.2575559379855312, -1.2576462096563983, -1.257733532830155, -1.257818004010945, -1.2578997165368757, -1.2579787606841473, -1.258055223767832, -1.2581291902392637, -1.2582007417802408, -1.2582699573941099, -1.2583369134938436, -1.258401683987208, -1.258464340359143, -1.2585249517513841, -1.2585835850394804, -1.2586403049072885, -1.258695173918954, -1.2587482525886178, -1.2587995994477041, -1.2588492711100752, -1.2588973223350177, -1.2589438060881435, -1.2589887736002887, -1.259032274424454, -1.2590743564909306, -1.2591150661605282, -1.2591544482761192, -1.2591925462124138, -1.2592294019242023, -1.2592650559928809, -1.2592995476715645, -1.259332914928633, -1.2593651944898692, -1.2593964218792422, -1.2594266314582936, -1.2594558564642857, -1.2594841290470318, -1.2595114803045855, -1.2595379403176898, -1.2595635381831585, -1.259588302046092]}