{"FCI": -0.8715876712615876, "Energy": -0.8634372108324809, "Loss": [1.3178644783506819, 1.315240148762118, 1.310211183145419, 1.302940349767157, 1.2935461110020139, 1.2821127649243866, 1.2686986288947981, 1.2533427060378761, 1.2360701939737184, 1.2168971195239193, 1.1958343165331677, 1.1728909068898594, 1.1480773965669726, 1.121408457937393, 1.0929054357065717, 1.0625985857732256, 1.0305290337321353, 0.9967504224472319, 0.9613302062764286, 0.9243505433948053, 0.8859087375253839, 0.8461171863972125, 0.8051028062828942, 0.7630059195010332, 0.7199786138143689, 0.6761826077500781, 0.6317866821471521, 0.5869637635717475, 0.5418877674541183, 0.4967303258917513, 0.4516575354406525, 0.40682686287306147, 0.36238434148815624, 0.3184621774755825, 0.2751768659923871, 0.23262789139787488, 0.19089705712311233, 0.15004845963294275, 0.11012908951429501, 0.07117001241071928, 0.033188054683814874, -0.003812105455507338, -0.03983555992396626, -0.07489463791874099, -0.10900635707634534, -0.14218999678174832, -0.1744649231794058, -0.2058487788539804, -0.23635612597567807, -0.26599760093107094, -0.2947796027161819, -0.32270449892505976, -0.34977129484587965, -0.3759766761641783, -0.4013163073331869, -0.42578624878068616, -0.4493843490622957, -0.4721114740535245, -0.4939724541549914, -0.5149766606627654, -0.5351381609610631, -0.5544754450170717, -0.573010758237454, -0.5907691135675734, -0.6077770848948448, -0.6240615015893924, -0.6396481690310212, -0.6545607323865942, -0.6688197822491632, -0.6824422736443119, -0.695441297647176, -0.7078262109826, -0.7196030968926003, -0.7307755031509153, -0.7413453825582916, -0.7513141488756392, -0.7606837573612442, -0.7694577234465747, -0.7776420044701058, -0.7852456861123686, -0.7922814352359342, -0.7987657021312294, -0.804718675714076, -0.8101640133188377, -0.8151283811098057, -0.8196408510181169, -0.8237322052348213, -0.8274341998512975, -0.8307788358132562, -0.8337976787888947, -0.8365212608339917, -0.8389785868839233, -0.8411967590624329, -0.843200722372952, -0.8450131271466291, -0.8466542970707235, -0.8481422869186306, -0.8494930112739184, -0.8507204244632243, -0.8518367323538958, -0.8528526183293567, -0.8537774682909653, -0.8546195826119497, -0.8553863662707683, -0.8560844916465644, -0.8567200314491616, -0.8572985618219626, -0.8578252376999609, -0.8583048439836607, -0.8587418270090683, -0.8591403111982256, -0.8595041057367835, -0.8598367057353205, -0.8601412916874178, -0.8604207302376733, -0.860677578406384, -0.860914092561895, -0.8611322426479864, -0.8613337315066983, -0.8615200186135964, -0.8616923471747694, -0.86185177332047, -0.861999196057028, -0.862135386685226, -0.8622610165354714, -0.8623766820786156, -0.8624829267206318, -0.8625802588528526, -0.862669165986235, -0.8627501250305772, -0.8628236089754063, -0.8628900903806327, -0.8629500421888805, -0.863003936428552, -0.8630522413906329, -0.8630954178395516, -0.8631339147662958, -0.8631681651188988, -0.863198581859555, -0.8632255546064842, -0.8632494470290658, -0.8632705950819552, -0.8632893060917055, -0.8633058586507358, -0.8633205032291011, -0.8633334633848128, -0.8633449374371376, -0.8633551004634189, -0.8633641064854558, -0.8633720907248619, -0.8633791718254119, -0.8633854539615217, -0.8633910287745854, -0.8633959771001084, -0.8634003704683735, -0.8634042723775559, -0.8634077393515839, -0.8634108218042564, -0.8634135647372632, -0.8634160083022622, -0.863418188257494, -0.8634201363470946, -0.8634218806277798, -0.8634234457631123, -0.8634248533003793, -0.8634261219405535, -0.8634272678069888, -0.8634283047150276, -0.8634292444412783, -0.8634300969895706, -0.8634308708490517, -0.8634315732394083, -0.8634322103384411, -0.8634327874877961, -0.8634333093736221, -0.863433780180291, -0.8634342037164753, -0.863434583514118, -0.8634349229019744, -0.8634352250563004, -0.8634354930317757, -0.8634357297763204, -0.8634359381334524, -0.8634361208357529, -0.8634362804929365, -0.8634364195773327, -0.863436540409263, -0.8634366451442519, -0.8634367357633372, -0.8634368140673823, -0.8634368816756415, -0.8634369400286014, -0.8634369903946539, -0.8634370338800714, -0.8634370714415082, -0.8634371039002346, -0.8634371319573539, -0.8634371562091725, -0.8634371771622342, -0.8634371952473814]}