{"FCI": -1.0321107324634744, "Energy": -0.8718378554264355, "Loss": [-0.792715159934865, -0.7954672151307709, -0.7974023637709838, -0.798976029547867, -0.8003341594828711, -0.8015451243352258, -0.8026473977172608, -0.803665158315804, -0.8046147756431644, -0.8055079448481445, -0.8063533696362893, -0.8071577388368778, -0.8079263282240623, -0.8086633896400707, -0.8093724126729069, -0.8100563064922403, -0.8107175297643254, -0.8113581857128689, -0.8119800931311599, -0.8125848403964261, -0.8131738272090787, -0.8137482972922373, -0.8143093643117196, -0.814858032621766, -0.8153952139929441, -0.8159217411653167, -0.8164383788485879, -0.8169458326328075, -0.8174447561612503, -0.8179357568386488, -0.818419400295748, -0.8188962137988026, -0.8193666887758475, -0.8198312826253323, -0.8202904199727153, -0.820744493541448, -0.8211938648023189, -0.8216388645549794, -0.8220797935760913, -0.8225169234395795, -0.8229504975785785, -0.8233807326196269, -0.8238078199825631, -0.8242319277085639, -0.8246532024568797, -0.8250717715994433, -0.82548774534076, -0.8259012187966503, -0.8263122739767501, -0.8267209816296897, -0.8271274029239711, -0.8275315909508635, -0.8279335920461531, -0.8283334469360626, -0.8287311917182535, -0.8291268586924148, -0.8295204770567007, -0.8299120734865945, -0.8303016726123906, -0.8306892974102501, -0.8310749695204374, -0.8314587095046804, -0.8318405370531424, -0.8322204711498149, -0.8325985302039967, -0.8329747321540891, -0.8333490945489987, -0.8337216346115252, -0.8340923692872433, -0.8344613152818794, -0.8348284890894413, -0.8351939070131841, -0.8355575851808311, -0.8359195395553701, -0.8362797859424279, -0.8366383399950444, -0.836995217216425, -0.8373504329612603, -0.8377040024359595, -0.8380559406981429, -0.8384062626556485, -0.8387549830651891, -0.8391021165309004, -0.839447677502786, -0.8397916802752532, -0.840134138985705, -0.8404750676132805, -0.8408144799777868, -0.8411523897387801, -0.8414888103949026, -0.8418237552833724, -0.8421572375797137, -0.8424892702976592, -0.8428198662892747, -0.8431490382452417, -0.843476798695327, -0.8438031600090203, -0.8441281343963107, -0.8444517339086197, -0.8447739704398329, -0.8450948557275026, -0.8454144013540901, -0.8457326187483669, -0.8460495191868593, -0.8463651137953841, -0.8466794135506642, -0.8469924292819883, -0.8473041716729215, -0.8476146512630712, -0.8479238784498953, -0.8482318634905077, -0.8485386165035637, -0.848844147471117, -0.8491484662405254, -0.8494515825263482, -0.8497535059122568, -0.8500542458529572, -0.8503538116760919, -0.8506522125841827, -0.850949457656488, -0.8512455558509522, -0.8515405160060604, -0.851834346842737, -0.852127056966176, -0.8524186548677284, -0.8527091489267022, -0.8529985474121788, -0.8532868584848048, -0.8535740901985611, -0.8538602505025203, -0.8541453472425511, -0.8544293881630545, -0.8547123809086097, -0.8549943330256501, -0.8552752519640985, -0.8555551450789716, -0.8558340196319465, -0.8561118827929504, -0.856388741641675, -0.8566646031690922, -0.8569394742789306, -0.8572133617891624, -0.8574862724334029, -0.8577582128623364, -0.858029189645121, -0.8582992092707256, -0.8585682781492898, -0.8588364026134185, -0.8591035889194858, -0.8593698432489102, -0.8596351717093862, -0.8598995803361188, -0.860163075093014, -0.8604256618738675, -0.8606873465035164, -0.8609481347389772, -0.8612080322705586, -0.8614670447229642, -0.8617251776563444, -0.8619824365673774, -0.8622388268902912, -0.8624943539978647, -0.8627490232024568, -0.8630028397569464, -0.8632558088557062, -0.8635079356355605, -0.8637592251766788, -0.8640096825035017, -0.8642593125856172, -0.8645081203386418, -0.8647561106250716, -0.8650032882551121, -0.8652496579875286, -0.8654952245304259, -0.865739992542049, -0.8659839666315741, -0.8662271513598556, -0.8664695512401828, -0.866711170739016, -0.8669520142767028, -0.867192086228195, -0.8674313909237271, -0.8676699326495264, -0.8679077156484396, -0.868144744120638, -0.8683810222242264, -0.8686165540758904, -0.8688513437515172, -0.8690853952867997, -0.8693187126778514, -0.8695512998817607, -0.8697831608172051, -0.8700142993649981, -0.870244719368648, -0.8704744246348961, -0.8707034189342753, -0.8709317060016109, -0.8711592895365536, -0.8713861732040822, -0.871612360635002]}