{"FCI": -1.0873240054222568, "Energy": -0.9575150560106269, "Loss": [-0.7806486761092056, -0.7819151517893637, -0.7831573594701269, -0.7843764553883787, -0.7855735538541291, -0.7867497294765939, -0.7879060192584992, -0.7890434245630644, -0.7901629129583703, -0.7912654199439931, -0.7923518505647666, -0.7934230809167381, -0.7944799595501236, -0.7955233087742029, -0.7965539258688105, -0.7975725842071142, -0.7985800342940429, -0.7995770047247068, -0.8005642030668658, -0.8015423166714166, -0.8025120134145792, -0.8034739423753682, -0.8044287344517194, -0.8053770029184032, -0.8063193439298598, -0.8072563369706903, -0.8081885452566099, -0.8091165160883756, -0.8100407811611646, -0.8109618568316559, -0.8118802443451317, -0.8127964300245994, -0.8137108854240318, -0.8146240674477238, -0.815536418437533, -0.8164483662300381, -0.8173603241853079, -0.8182726911891186, -0.8191858516304593, -0.8201001753560327, -0.8210160176035948, -0.8219337189159314, -0.8228536050373223, -0.8237759867943494, -0.8247011599629791, -0.8256294051238217, -0.8265609875076714, -0.8274961568333059, -0.8284351471396544, -0.8293781766145942, -0.83032544742251, -0.8312771455329215, -0.8322334405525645, -0.8331944855632049, -0.8341604169677126, -0.8351313543467412, -0.8361074003285577, -0.8370886404744754, -0.8380751431823787, -0.8390669596107797, -0.8400641236259007, -0.8410666517741069, -0.8420745432820769, -0.8430877800869369, -0.8441063268984592, -0.8451301312954361, -0.8461591238580652, -0.8471932183380447, -0.8482323118680044, -0.8492762852115281, -0.850325003054953, -0.851378314341782, -0.8524360526504111, -0.8534980366154569, -0.8545640703927794, -0.8556339441680393, -0.8567074347081559, -0.8577843059549382, -0.8588643096596782, -0.8599471860572115, -0.8610326645777401, -0.8621204645942612, -0.8632102962032042, -0.8643018610356697, -0.865394853096209, -0.8664889596260382, -0.8675838619871606, -0.8686792365638383, -0.8697747556775041, -0.870870088511194, -0.8719649020393869, -0.873058861959063, -0.8741516336177934, -0.8752428829345286, -0.8763322773089981, -0.8774194865154316, -0.878504183576601, -0.8795860456142325, -0.8806647546719863, -0.8817399985074622, -0.8828114713497872, -0.883878874619764, -0.8849419176096522, -0.886000318120081, -0.88705380305183, -0.8881021089505534, -0.889144982502898, -0.8901821809826901, -0.891213472646427, -0.8922386370773419, -0.8932574654779853, -0.894269760911318, -0.8952753384907929, -0.89627402552017, -0.8972656615840648, -0.8982500985905644, -0.8992272007673919, -0.900196844613514, -0.9011589188080482, -0.902113324078737, -0.9030599730322593, -0.9039987899488471, -0.9049297105437847, -0.9058526816983935, -0.906767661163261, -0.9076746172363791, -0.9085735284189826, -0.9094643830518045, -0.910347178934446, -0.9112219229305052, -0.9120886305610935, -0.9129473255891669, -0.9137980395971675, -0.914640811560236, -0.9154756874171609, -0.9163027196412148, -0.9171219668126935, -0.9179334931950827, -0.9187373683164003, -0.9195336665573273, -0.9203224667474328, -0.9211038517708089, -0.9218779081821198, -0.9226447258341204, -0.9234043975174284, -0.9241570186132639, -0.9249026867597363, -0.9256415015321642, -0.9263735641377401, -0.9270989771248472, -0.9278178441071309, -0.9285302695024135, -0.9292363582864294, -0.9299362157612859, -0.9306299473384622, -0.9313176583361601, -0.9319994537906531, -0.9326754382813952, -0.9333457157694067, -0.9340103894486195, -0.934669561609658, -0.9353233335156375, -0.9359718052894695, -0.9366150758121543, -0.9372532426315858, -0.9378864018812612, -0.9385146482084696, -0.9391380747113469, -0.9397567728843074, -0.94037083257133, -0.9409803419265677, -0.9415853873818161, -0.9421860536202893, -0.9427824235563333, -0.9433745783204563, -0.9439625972494213, -0.9445465578808039, -0.9451265359517353, -0.94570260540138, -0.9462748383767715, -0.9468433052417135, -0.9474080745883298, -0.9479692132510645, -0.9485267863227422, -0.9490808571724397, -0.9496314874650007, -0.9501787371818321, -0.9507226646428408, -0.9512633265293378, -0.95180077790763, -0.9523350722532503, -0.95286626147561, -0.9533943959429417, -0.9539195245074236, -0.9544416945304124, -0.9549609519076309, -0.9554773410942743, -0.9559909051299474, -0.956501685663395, -0.9570097229769404]}