{"FCI": -1.1477911911048198, "Energy": -1.1243442757437305, "Loss": [-0.9535483127876192, -0.9575591049358491, -0.961453094391678, -0.9652581804049294, -0.9689942544596071, -0.9726652955436881, -0.9762761363344697, -0.9798343046853496, -0.9833467089243452, -0.9868166416227205, -0.9902434923392249, -0.9936241931518943, -0.9969547317024257, -1.0002311378691005, -1.003450026129495, -1.0066088800110014, -1.009706189093289, -1.0127414724614419, -1.015715181915887, -1.0186284758986015, -1.021482885152592, -1.02427993534655, -1.0270208213048095, -1.0297062191834263, -1.032336277392515, -1.0349107675934515, -1.037429331620266, -1.0398917430991828, -1.0422981116514805, -1.0446489829432526, -1.0469453201494083, -1.0491883844476038, -1.0513795573459392, -1.0535201598464339, -1.0556113190173781, -1.0576539127995777, -1.0596485959459072, -1.0615958844627207, -1.063496261801956, -1.065350270682295, -1.0671585666732435, -1.068921926336491, -1.0706412166838444, -1.0723173407567126, -1.0739511770898087, -1.075543530219967, -1.077095105184657, -1.0786065111270629, -1.080078290009552, -1.0815109596132417, -1.0829050573792045, -1.0842611726840496, -1.085579958673478, -1.0868621204327344, -1.0881083836834025, -1.0893194554674905, -1.0904959921221453, -1.0916385875976238, -1.0927477869076991, -1.0938241185319733, -1.0948681310180637, -1.0958804172283467, -1.096861615883323, -1.0978123913643265, -1.098733403298889, -1.0996252816321366, -1.1004886186669456, -1.1013239797490428, -1.1021319246385495, -1.1029130272517018, -1.103667884036863, -1.1043971085087017, -1.1051013169348458, -1.1057811138486973, -1.1064370845606437, -1.1070697968350336, -1.1076798087657642, -1.1082676774647366, -1.1088339641977545, -1.1093792346241553, -1.109904055566674, -1.110408990804075, -1.11089459780968, -1.1113614262107978, -1.1118100179500274, -1.112240908831081, -1.1126546309207237, -1.1130517149118624, -1.1134326913067643, -1.1137980896329718, -1.1141484359289993, -1.1144842498511747, -1.1148060431033675, -1.1151143200731082, -1.115409580054432, -1.1156923193311161, -1.1159630315239004, -1.1162222058659692, -1.1164703244934284, -1.1167078603692546, -1.116935276797412, -1.1171530282444135, -1.1173615613392942, -1.117561315011367, -1.117752719516691, -1.1179361948931512, -1.1181121496144721, -1.1182809798697482, -1.1184430693866265, -1.118598789446637, -1.1187484987973308, -1.1188925433622325, -1.119031255789872, -1.1191649549318865, -1.119293945365084, -1.1194185170982072, -1.1195389455665965, -1.1196554918792077, -1.1197684031243818, -1.1198779125177873, -1.119984239342169, -1.1200875888545563, -1.1201881524158415, -1.1202861079507027, -1.1203816206087134, -1.1204748433856944, -1.1205659175673102, -1.1206549730583142, -1.120742128769356, -1.120827493170124, -1.1209111649721242, -1.1209932338215047, -1.1210737809166555, -1.121152879552647, -1.1212305956445971, -1.121306988269359, -1.1213821102292698, -1.1214560086231267, -1.1215287254070343, -1.1216002979247892, -1.1216707593852482, -1.121740139279579, -1.1218084637602623, -1.121875756017039, -1.12194203666143, -1.1220073240931152, -1.1220716348093334, -1.1221349836481738, -1.1221973839951709, -1.1222588479891948, -1.1223193867344674, -1.1223790104959857, -1.1224377288558152, -1.122495550830979, -1.122552484971853, -1.1226085394553789, -1.1226637221734, -1.1227180408088593, -1.1227715028958194, -1.1228241158646148, -1.1228758870751319, -1.1229268238422347, -1.1229769334588209, -1.1230262232204726, -1.1230747004495139, -1.123122372512079, -1.1231692468250332, -1.1232153308575048, -1.1232606321340952, -1.1233051582411713, -1.1233489168310031, -1.123391915619688, -1.123434162380642, -1.1234756649391253, -1.1235164311700083, -1.1235564689968625, -1.1235957863896107, -1.1236343913601379, -1.1236722919566116, -1.1237094962573695, -1.1237460123647502, -1.1237818483993964, -1.1238170124949165, -1.123851512792069, -1.1238853574320935, -1.1239185545500952, -1.123951112270053, -1.1239830387012348, -1.1240143419346686, -1.124045030038786, -1.1240751110550076, -1.1241045929942912, -1.1241334838346675, -1.1241617915189532, -1.1241895239522952, -1.124216688999802, -1.1242432944847283, -1.1242693481872164, -1.1242948578436607, -1.124319831146428]}