{"FCI": -1.1696834518614552, "Energy": -0.9364366754389016, "Loss": [-0.6190376489611885, -0.6333744256502564, -0.6478546949929858, -0.6623749352014431, -0.676828763956187, -0.69111020711196, -0.7051170152954508, -0.71875380605981, -0.731934823207537, -0.744586142638765, -0.7566472098459689, -0.7680716593079548, -0.7788274309119458, -0.788896254537675, -0.7982726149924576, -0.8069623327906298, -0.8149809022080773, -0.8223517194454465, -0.8291043148282377, -0.8352726783307595, -0.8408937414336847, -0.8460060535559106, -0.8506486700668641, -0.8548602521702728, -0.8586783669184895, -0.8621389678715345, -0.8652760327534696, -0.8681213330620482, -0.8707043111615816, -0.8730520422400471, -0.8751892610823283, -0.8771384364852843, -0.8789198790258608, -0.8805518706054167, -0.8820508066255476, -0.8834313437562995, -0.8847065480284544, -0.8858880394352507, -0.886986130395574, -0.8880099563485023, -0.8889675974556749, -0.8898661909206201, -0.8907120338257758, -0.891510676667264, -0.8922670079593313, -0.8929853304046003, -0.8936694291997271, -0.8943226330816947, -0.8949478687282505, -0.895547709115191, -0.8961244164089968, -0.8966799799410661, -0.8972161497726012, -0.8977344663195276, -0.8982362864667822, -0.8987228065621208, -0.8991950826418003, -0.8996540482051077, -0.9001005298216785, -0.9005352608250654, -0.900958893318339, -0.9013720086923379, -0.9017751268343215, -0.9021687141844812, -0.9025531907795017, -0.902928936405971, -0.9032962959720272, -0.9036555841927536, -0.9040070896734137, -0.9043510784645152, -0.9046877971538904, -0.9050174755529727, -0.9053403290276877, -0.9056565605181233, -0.9059663622859124, -0.9062699174234434, -0.9065674011549264, -0.9068589819556176, -0.9071448225124248, -0.9074250805461075, -0.9076999095130236, -0.9079694592020039, -0.9082338762401702, -0.9084933045197235, -0.9087478855563119, -0.9089977587882963, -0.909243061825018, -0.9094839306512519, -0.9097204997940997, -0.9099529024577957, -0.9101812706312237, -0.9104057351723938, -0.9106264258734532, -0.9108434715095239, -0.9110569998741187, -0.9112671378035275, -0.9114740111923844, -0.9116777450021251, -0.9118784632640137, -0.9120762890780422, -0.912271344608927, -0.9124637510801448, -0.9126536287669594, -0.9128410969890747, -0.9130262741035747, -0.91320927749869, -0.9133902235887573, -0.9135692278107829, -0.9137464046228787, -0.913921867504762, -0.9140957289605814, -0.9142681005240915, -0.9144390927663814, -0.914608815306181, -0.9147773768227151, -0.9149448850712587, -0.9151114469012638, -0.9152771682770902, -0.9154421543013107, -0.9156065092405278, -0.9157703365536158, -0.9159337389224084, -0.9160968182846659, -0.9162596758693103, -0.9164224122338293, -0.9165851273038005, -0.9167479204143743, -0.9169108903537584, -0.9170741354085284, -0.9172377534107002, -0.9174018417865702, -0.917566497607112, -0.9177318176400028, -0.9178978984030628, -0.918064836219217, -0.9182327272727271, -0.91840166766678, -0.9185717534823127, -0.9187430808380023, -0.9189157459514179, -0.9190898452012644, -0.9192654751906493, -0.9194427328113818, -0.9196217153091907, -0.9198025203499097, -0.9199852460865159, -0.9201699912270367, -0.9203568551032718, -0.9205459377403088, -0.9207373399267783, -0.9209311632858752, -0.9211275103470655, -0.9213264846184342, -0.9215281906597487, -0.9217327341561014, -0.9219402219921307, -0.9221507623268561, -0.9223644646690099, -0.9225814399528597, -0.9228018006145502, -0.9230256606688332, -0.9232531357862145, -0.9234843433704417, -0.9237194026363059, -0.9239584346877114, -0.9242015625959141, -0.9244489114779608, -0.9247006085751596, -0.9249567833315652, -0.9252175674724408, -0.9254830950825078, -0.9257535026839773, -0.92602892931424, -0.9263095166030844, -0.9265954088493411, -0.9268867530968158, -0.9271836992093776, -0.9274863999450237, -0.9277950110287845, -0.9281096912242748, -0.9284306024036703, -0.9287579096159552, -0.929091781153156, -0.9294323886143463, -0.9297799069671663, -0.9301345146065501, -0.9304963934103716, -0.9308657287917252, -0.9312427097474156, -0.9316275289023451, -0.9320203825494423, -0.932421470684635, -0.9328309970364581, -0.9332491690898965, -0.9336761981038544, -0.9341122991218402, -0.9345576909752262, -0.9350125962785865, -0.935477241416437, -0.935951856520806]}