{"FCI": -1.0614504690429076, "Energy": -0.964892181651372, "Loss": [-0.6729974152717518, -0.6777928003278234, -0.6825872037402642, -0.6873777346850619, -0.6921615177946141, -0.6969356868845031, -0.7016973804123405, -0.7064437381892369, -0.7111718992180921, -0.715879000576087, -0.7205621772681431, -0.7252185629822163, -0.7298452916807544, -0.7344394999664273, -0.7389983301643971, -0.7435189340678617, -0.747998477298332, -0.7524341442371723, -0.7568231434899685, -0.7611627138506393, -0.7654501307371809, -0.7696827130759806, -0.7738578306159285, -0.777972911657339, -0.7820254511831736, -0.7860130193813251, -0.7899332705459665, -0.7937839523431867, -0.7975629154206232, -0.8012681233325909, -0.804897662740632, -0.8084497538351714, -0.8119227609059568, -0.8153152029688089, -0.8186257643332576, -0.8218533049713079, -0.8249968705226608, -0.8280557017469492, -0.8310292432111055, -0.8339171509804131, -0.8367192990674608, -0.8394357843851203, -0.8420669299498575, -0.8446132860910702, -0.8470756294423792, -0.8494549595222358, -0.8517524927546156, -0.8539696538353009, -0.8561080644148285, -0.8581695291435307, -0.8601560192049508, -0.8620696535480684, -0.8639126781119829, -0.8656874434151038, -0.8673963809491194, -0.8690419788724224, -0.8706267575335536, -0.872153245370189, -0.8736239557210652, -0.8750413650572457, -0.8764078930861983, -0.8777258851110056, -0.8789975969410128, -0.8802251825555718, -0.8814106846241531, -0.8825560278900366, -0.8836630153358376, -0.8847333269717208, -0.8857685210237976, -0.8867700372529655, -0.8877392021032099, -0.8886772353630231, -0.8895852580215505, -0.8904643010112477, -0.8913153145474607, -0.8921391778009683, -0.8929367086687064, -0.8937086734391636, -0.8944557961801294, -0.8951787677064176, -0.8958782540128516, -0.896554904082698, -0.8972093570036919, -0.8978422483426176, -0.8984542157456447, -0.8990459037453311, -0.8996179677667923, -0.9001710773358041, -0.9007059185001747, -0.9012231954839243, -0.9017236316008267, -0.9022079694610095, -0.9026769705106906, -0.9031314139515033, -0.9035720950919446, -0.9039998231890378, -0.9044154188436904, -0.9048197110175517, -0.9052135337432177, -0.9055977226022476, -0.9059731110472864, -0.9063405266448733, -0.9067007873147596, -0.9070546976390431, -0.9074030453107552, -0.9077465977863693, -0.9080860992002001, -0.9084222675912774, -0.9087557924845238, -0.9090873328591798, -0.9094175155275838, -0.9097469339376992, -0.9100761474031441, -0.9104056807550919, -0.9107360244018655, -0.9110676347740903, -0.9114009351265293, -0.9117363166621016, -0.9120741399390166, -0.912414736518982, -0.912758410812433, -0.913105442076136, -0.9134560865189978, -0.9138105794733973, -0.9141691375918225, -0.9145319610316802, -0.9148992355949792, -0.9152711347936517, -0.9156478218158137, -0.9160294513728432, -0.9164161714116122, -0.9168081246807566, -0.9172054501440582, -0.9176082842378509, -0.9180167619728764, -0.9184310178841824, -0.9188511868351473, -0.9192774046839043, -0.9197098088221743, -0.9201485385975253, -0.9205937356310138, -0.9210455440424117, -0.9215041105951879, -0.921969584773057, -0.9224421187993881, -0.9229218676096582, -0.9234089887864105, -0.9239036424647665, -0.9244059912154194, -0.9249161999107882, -0.9254344355785903, -0.925960867246072, -0.926495665776742, -0.9270390037005303, -0.927591055037227, -0.9281519951122102, -0.9287220003627336, -0.9293012481324158, -0.92988991645103, -0.9304881837964832, -0.9310962288352268, -0.9317142301377184, -0.9323423658648603, -0.9329808134218905, -0.9336297490758012, -0.9342893475328771, -0.93495978147278, -0.9356412210360803, -0.9363338332622245, -0.9370377814752173, -0.9377532246146829, -0.9384803165102066, -0.9392192050972474, -0.9399700315732303, -0.9407329294929312, -0.9415080238025899, -0.9422954298126595, -0.9430952521097677, -0.9439075834087252, -0.9447325033462667, -0.9455700772187893, -0.9464203546669886, -0.9472833683110697, -0.9481591323412399, -0.9490476410686948, -0.949948867443628, -0.9508627615475336, -0.9517892490682269, -0.9527282297670545, -0.9536795759488405, -0.9546431309462525, -0.9556187076314477, -0.9566060869687353, -0.9576050166233926, -0.958615209642375, -0.9596363432239359, -0.9606680575936641, -0.9617099550054056, -0.962761598885853, -0.9638225131420788]}