{"FCI": -1.2621759210848382, "Energy": -1.2506381617148434, "Loss": [-0.30666586761838094, -0.3242649380756437, -0.34122775939454403, -0.35757396391852875, -0.3733408344989881, -0.38858153766664855, -0.40336319987906455, -0.41776495330977975, -0.4318760428364435, -0.44579404782931625, -0.45962323449482095, -0.4734730192073601, -0.4874564918890785, -0.5016889220409982, -0.5162861495358162, -0.5313627493973243, -0.547029857158905, -0.5633925528043436, -0.5805467313893985, -0.5985754417806965, -0.6175447542901737, -0.6374993218434084, -0.6584579192376789, -0.6804093635564374, -0.7033093096129993, -0.7270784461527531, -0.7516025634922278, -0.776734807834169, -0.8023001928647412, -0.8281021449771133, -0.8539305754148133, -0.8795707653073136, -0.9048122644236527, -0.9294570538477649, -0.9533263825147168, -0.9762659088976898, -0.9981490082963846, -1.0188783015283354, -1.0383856011117962, -1.0566305537895473, -1.0735982926016985, -1.0892964107117558, -1.103751544816408, -1.1170058174107211, -1.129113341067124, -1.1401369391624765, -1.1501451900327038, -1.1592098583723869, -1.1674037409471842, -1.1747989245013268, -1.1814654323524683, -1.1874702220558073, -1.19287648866997, -1.19774322530109, -1.2021249934311156, -1.2060718588523984, -1.209629453823593, -1.2128391315440221, -1.2157381846425033, -1.2183601047073236, -1.2207348647161378, -1.222889210441408, -1.2248469504747894, -1.226629237453138, -1.2282548354314022, -1.2297403702035339, -1.2311005607957604, -1.232348431420665, -1.2334955039531137, -1.234551971529686, -1.2355268542328717, -1.2364281380430389, -1.2372628983592708, -1.2380374094326625, -1.2387572410450813, -1.2394273437184706, -1.2400521236690012, -1.240635508635008, -1.2411810056156891, -1.2416917514636592, -1.2421705571820767, -1.2426199466890544, -1.2430421907288505, -1.2434393365331247, -1.24381323376526, -1.2441655572175172, -1.2444978266737265, -1.2448114242995334, -1.245107609876637, -1.245387534157971, -1.2456522505850485, -1.245902725578023, -1.2461398475816436, -1.246364435026715, -1.2465772433456794, -1.2467789711630803, -1.2469702657657027, -1.247151727943578, -1.2473239162811602, -1.247487350967471, -1.2476425171851444, -1.2477898681305235, -1.2479298277099737, -1.2480627929519925, -1.2481891361694286, -1.248309206901605, -1.2484233336625994, -1.2485318255182758, -1.2486349735120237, -1.2487330519564672, -1.2488263196063614, -1.2489150207259294, -1.2489993860622064, -1.2490796337347119, -1.2491559700502355, -1.2492285902506521, -1.2492976792007853, -1.2493634120222348, -1.2494259546785889, -1.2494854645169498, -1.2495420907696146, -1.2495959750199717, -1.2496472516357335, -1.249696048172436, -1.2497424857498995, -1.2497866794038996, -1.2498287384152005, -1.249868766617701, -1.2499068626875267, -1.249943120414416, -1.2499776289568445, -1.2500104730820598, -1.2500417333921687, -1.250071486537245, -1.2500998054164127, -1.250126759367646, -1.2501524143471274, -1.2501768330988021, -1.2502000753148157, -1.2502221977873194, -1.2502432545522515, -1.2502632970256014, -1.2502823741325155, -1.2503005324297642, -1.2503178162218955, -1.2503342676714817, -1.250349926903727, -1.2503648321058387, -1.2503790196213762, -1.250392524039888, -1.2504053782820734, -1.250417613680739, -1.2504292600577203, -1.2504403457970457, -1.2504508979144546, -1.250460942123568, -1.250470502898748, -1.2504796035349657, -1.2504882662046641, -1.250496512011948, -1.2505043610440718, -1.250511832420452, -1.2505189443393052, -1.2505257141220347, -1.250532158255467, -1.250538292432024, -1.25054413158803, -1.2505496899400392, -1.2505549810195635, -1.2505600177060208, -1.25056481225813, -1.2505693763438146, -1.2505737210686119, -1.2505778570027781, -1.2505817942070554, -1.250585542257212, -1.2505891102673734, -1.2505925069122694, -1.2505957404484096, -1.2505988187341845, -1.2506017492490968, -1.250604539111969, -1.250607195098345, -1.2506097236570235, -1.2506121309257923, -1.2506144227464475, -1.2506166046789995, -1.2506186820153455, -1.2506206597920977, -1.2506225428029674, -1.2506243356104279, -1.2506260425568783, -1.2506276677752797, -1.2506292151992242, -1.2506306885725587, -1.2506320914585605, -1.25063342724861, -1.2506346991705237, -1.2506359102964126, -1.250637063550215]}