{"FCI": -1.202680421954708, "Energy": -1.1834861711673492, "Loss": [-0.8351997578399792, -0.8606309503588925, -0.8787140853750685, -0.8935114514230478, -0.9063500733373783, -0.9178452233906942, -0.928341454934907, -0.938054048773451, -0.9471277604235839, -0.9556652211141151, -0.9637421864495397, -0.9714163837879611, -0.9787329628150486, -0.985728018162176, -0.992430956980362, -0.9988661430584692, -1.005054070595102, -1.0110122223066615, -1.0167557097770958, -1.0222977599128278, -1.027650090255937, -1.0328232024199948, -1.0378266140578762, -1.0426690438098802, -1.047358559571012, -1.0519026975177903, -1.056308557245698, -1.0605828768368797, -1.0647320905453415, -1.0687623709621428, -1.072679656957774, -1.0764896683753336, -1.0801979083640656, -1.083809654393102, -1.0873299393439666, -1.090763524583804, -1.0941148674672603, -1.0973880861796486, -1.1005869251108829, -1.1037147239843543, -1.106774393764558, -1.1097684019683747, -1.1126987694229973, -1.1155670797253916, -1.1183745016311417, -1.1211218233979294, -1.1238094968290238, -1.1264376878927718, -1.1290063295255757, -1.1315151706637132, -1.133963702216633, -1.1363486763939998, -1.1386294537856694, -1.1409215088318059, -1.1431242491336084, -1.1452621894301056, -1.1473368312527372, -1.1493480092380608, -1.1512952354694095, -1.1531780562951344, -1.1549960504555579, -1.1567488586890426, -1.158436187467889, -1.1600578223416202, -1.1616136388994178, -1.1631036143189757, -1.1645278409235804, -1.1658865360424633, -1.1671800559643881, -1.1684089013579129, -1.1695737310924916, -1.170675357355135, -1.1717147620736894, -1.172693058453157, -1.1736114859878426, -1.174471040536318, -1.1752709895589255, -1.176010427114128, -1.176700577293081, -1.1773547403776163, -1.177954032170779, -1.1785034315853027, -1.179006935316789, -1.1794673450652213, -1.179887220121932, -1.180268816157308, -1.1806145607611234, -1.1809266773184797, -1.181207560611094, -1.1814592497824288, -1.1816839163329744, -1.1818830837292014, -1.182060251588391, -1.182218789724045, -1.1823629874746477, -1.1824911520127466, -1.1826051536669693, -1.182705900887728, -1.1827956633839736, -1.182875635481442, -1.1829473759830391, -1.1830117041164838, -1.1830697337191072, -1.1831218499245089, -1.183169012502141, -1.1832111588551215, -1.1832498047943099, -1.1832844881101334, -1.1833170599565377, -1.183346053106394, -1.1833722376708535, -1.1833933517719606, -1.1834071278283302, -1.1834102676566671, -1.1834192483525943, -1.1834407082769935, -1.183462772438481, -1.183478465493917, -1.1834907678133093, -1.1834997221951808, -1.1835068775986513, -1.1835119318001484, -1.1835156044705104, -1.1835174723933755, -1.183517962809946, -1.1835165338502536, -1.1835142584945355, -1.1835115615989789, -1.1835111472956392, -1.183512434485325, -1.1835157639176388, -1.183518697190995, -1.1835214273452501, -1.1835229669428822, -1.1835239338922354, -1.1835239134341626, -1.1835233904999245, -1.1835219887124016, -1.1835202052452503, -1.1835177388545572, -1.1835154601939326, -1.1835131338166036, -1.1835117434533928, -1.1835104244072747, -1.183509581419994, -1.1835079626740161, -1.1835060937014865, -1.1835037238029538, -1.183502366595678, -1.1835024939343404, -1.1835045881158939, -1.1835075862017173, -1.1835107493708856, -1.1835132415020002, -1.1835149187960403, -1.1835156062093877, -1.1835154245896138, -1.1835142649793267, -1.1835119165411483, -1.1835057347094813, -1.1834856329654946, -1.1834631964153586, -1.183483880048737, -1.183504869951401, -1.1835147694949466, -1.1835155896001537, -1.1835104423120015, -1.1835011370094068, -1.183492802249509, -1.1834903136530945, -1.183493010845632, -1.183497288828641, -1.1835006514268205, -1.1835035531150377, -1.1835064580808097, -1.183509582852394, -1.1835122447634905, -1.1835139531044645, -1.1835143316575771, -1.183513108211411, -1.1835099210173046, -1.1835046100429436, -1.1834975747448582, -1.1834912374582192, -1.1834887379690444, -1.1834924363362869, -1.1834996273381044, -1.1835070829900298, -1.1835126235520328, -1.1835156049801892, -1.1835153939056258, -1.183509269314193, -1.1834955439775812, -1.183487256908601, -1.1834971599535857, -1.1835090840089058, -1.1835165779832453, -1.1835180704981814, -1.1835137956045552, -1.183501934969347]}