{"FCI": -1.0321107324634744, "Energy": -0.9972938569129524, "Loss": [-0.66550760437579, -0.6827044917479139, -0.695398190999314, -0.7060766214765877, -0.7155408156795016, -0.7241646647577666, -0.7321569882281737, -0.7396476746303077, -0.7467235374120993, -0.7534456164467049, -0.7598584151715144, -0.7659952184518641, -0.7718813685751935, -0.7775364448416219, -0.7829758432191738, -0.7882119977138966, -0.7932553400972894, -0.7981150335253587, -0.802799507297636, -0.8073168284984403, -0.8116749500680067, -0.8158818701635826, -0.8199457286435992, -0.8238748573308555, -0.8276777933606707, -0.8313632597894877, -0.8349401145300817, -0.8384172673851125, -0.8418035654522861, -0.8451076495788884, -0.8483377888474827, -0.8515017057890396, -0.854606410812593, -0.8576580680015331, -0.8606619134980942, -0.8636222407896403, -0.8665424553116262, -0.8694251874334747, -0.872272442643679, -0.8750857637449535, -0.8778663823365558, -0.8806153435115341, -0.8833335954458282, -0.8860220421233754, -0.8886815619500164, -0.8913129976739343, -0.8939171244949535, -0.8964946040494921, -0.8990459322993654, -0.901571389134046, -0.904070996536741, -0.9065444904358554, -0.9089913090982562, -0.9114105985466585, -0.9138012334358242, -0.9161618503852551, -0.9184908900212644, -0.9207866438581883, -0.9230473024973572, -0.9252710022715949, -0.927455868249237, -0.9296000523001297, -0.9317017656220365, -0.9337593056770612, -0.9357710778798537, -0.9377356126242431, -0.9396515783590459, -0.9415177914582002, -0.9433332236048348, -0.9450970073469186, -0.9468084404019915, -0.9484669892012269, -0.9500722920759274, -0.9516241624039031, -0.953122591949478, -0.9545677545453193, -0.9559600101733862, -0.957299909400175, -0.9585881980037952, -0.9598258214922419, -0.9610139290509021, -0.9621538762704375, -0.9632472257885478, -0.9642957447105207, -0.9653013973015635, -0.9662663308591272, -0.9671928517231259, -0.9680833870023715, -0.9689404262082135, -0.9697664371497446, -0.9705637551171651, -0.9713344560973963, -0.9720802407508935, -0.9728023646552191, -0.9735016393597726, -0.9741785007107778, -0.974833115566024, -0.9754654921248029, -0.9760755705182266, -0.976663285791309, -0.9772286040924503, -0.9777714689167742, -0.9782893215407811, -0.9787395143977446, -0.979232184460576, -0.9797063786423362, -0.9801459274985311, -0.9805593983458558, -0.9809510692737751, -0.9813223370599653, -0.9816739425148122, -0.9820064824143802, -0.9823205190032037, -0.98261663243261, -0.9828954040309351, -0.9831574278970295, -0.9834032650055671, -0.9836333840412634, -0.9838479789748783, -0.9840465939023644, -0.9842290611553871, -0.9843985756046416, -0.9845621331209676, -0.9847184009213927, -0.9848638782742443, -0.9849979244017182, -0.9851215763688553, -0.9852360020615598, -0.98534214261578, -0.9854407717278274, -0.9855325196580685, -0.9856179335860012, -0.9856974137804597, -0.9857714241889384, -0.9858404274104469, -0.9859058532166312, -0.9859691208338632, -0.9860319171821512, -0.9860939752407678, -0.986155059026322, -0.9862148997311895, -0.986273803729859, -0.9863323658116582, -0.9863910473232589, -0.9864506689709701, -0.9865114687187204, -0.9865745418885385, -0.9866397407428711, -0.9867087455986785, -0.9867807406285455, -0.98685792900807, -0.9869384858670286, -0.9870247334277525, -0.9871143072477011, -0.9872095789898119, -0.9873082673009691, -0.9874126473927746, -0.987520615224047, -0.9876342562576872, -0.9877515832282425, -0.9878745790453164, -0.9880013307934956, -0.9881338775105726, -0.988270371937892, -0.9884129675396999, -0.9885598911193478, -0.9887132137919336, -0.9888713260915091, -0.9890359571550517, -0.9892058711553482, -0.989382365592214, -0.9895646718784449, -0.989753657145235, -0.9899489555395075, -0.9901510190466889, -0.99035985934338, -0.9905755060131275, -0.9907983725052372, -0.9910279686768304, -0.9912649194040627, -0.9915081956401597, -0.991758402982664, -0.992014273837656, -0.9922763778244432, -0.9925434485067613, -0.9928160278172788, -0.9930928848324314, -0.9933745453508622, -0.9936598038089305, -0.9939492211149903, -0.9942416122844322, -0.9945376212891947, -0.99483604675139, -0.995137586222924, -0.9954409716572437, -0.9957468703800638, -0.9960539887566421, -0.9963629208312305, -0.9966724592509911, -0.9969831224609051]}