{"FCI": -1.1063227418744943, "Energy": -1.08209854655366, "Loss": [-0.9088002366354747, -0.9124792609891254, -0.9161161110797993, -0.9197109340511048, -0.9232656562390223, -0.9267830525737528, -0.9302641324400033, -0.9337073166731565, -0.9371100087750622, -0.940470342768029, -0.9437881456003223, -0.9470647823182448, -0.9503020737761493, -0.953501412072286, -0.9566636233064195, -0.9597891591540725, -0.9628783021688804, -0.9659313455470506, -0.9689487365519807, -0.9719311371999618, -0.9748793573089989, -0.977794177912625, -0.9806761756736687, -0.9835256780676707, -0.9863428775871241, -0.9891280076844152, -0.9918814450978575, -0.9946036686913434, -0.9972951162445101, -0.9999560468034827, -1.0025864873958092, -1.0051862681661627, -1.0077551021959685, -1.0102926585509577, -1.0127985892991334, -1.0152724963122604, -1.0177138612500993, -1.0201219915855535, -1.0224960254160882, -1.0248349900666371, -1.0271378673600362, -1.0294036190568616, -1.0316311644735143, -1.033819342162414, -1.0359668958588477, -1.0380725004581874, -1.040134811880076, -1.042152509396804, -1.0441243080126361, -1.0460489440112148, -1.0479251590818501, -1.0497517076213438, -1.0515273884959302, -1.053251080040433, -1.0549217565140663, -1.0565384835658118, -1.0581004092085864, -1.0596067680890278, -1.0610569017396458, -1.0624502819636805, -1.0637865225867107, -1.0650653767576759, -1.0662867303454073, -1.0674506036585325, -1.068557163082847, -1.0696067332836523, -1.0705998003706725, -1.0715370056709188, -1.0724191379552879, -1.073247131049574, -1.0740220659319852, -1.0747451705928106, -1.0754178128186584, -1.0760414877498712, -1.0766178059773075, -1.0771484853241184, -1.077635343965487, -1.0780802904268183, -1.0784853090373507, -1.0788524436274156, -1.0791837829771311, -1.0794814485038067, -1.0797475817666446, -1.0799843297629563, -1.0801938287923618, -1.0803781894145164, -1.0805394839079268, -1.0806797353075241, -1.080800906336902, -1.080904887966106, -1.080993488974666, -1.0810684278497855, -1.0811313268868628, -1.081183707359798, -1.0812269851616654, -1.0812624675012827, -1.0812913515507385, -1.081314725099107, -1.0813335684140029, -1.0813487566395792, -1.081361062850099, -1.0813711622652928, -1.08137963769217, -1.0813869856407605, -1.0813936225497027, -1.0813998910773384, -1.08140606674074, -1.0814123649422296, -1.0814189480086587, -1.081425931846215, -1.0814333921713946, -1.0814413705202, -1.0814498800860728, -1.0814589111640942, -1.081468435978178, -1.081478412918925, -1.081488790370879, -1.0814995101869602, -1.0815105106903744, -1.0815217291093517, -1.0815331035245663, -1.081544574482161, -1.0815560863172355, -1.0815675881243998, -1.081579034357268, -1.0815903851547712, -1.0816016065057203, -1.0816126702688835, -1.081623554011092, -1.081634240679655, -1.0816447181911426, -1.0816549789954883, -1.0816650196053987, -1.0816748400701486, -1.0816844434238315, -1.0816938351625467, -1.0817030227660762, -1.0817120152404707, -1.0817208226734258, -1.081729455829351, -1.0817379258066107, -1.0817462437459082, -1.0817544205700347, -1.0817624667595989, -1.081770392182253, -1.081778205974182, -1.0817859164551042, -1.081793531067158, -1.081801056345509, -1.081808497923927, -1.081815860563382, -1.081823148191767, -1.081830363956318, -1.0818375102931221, -1.081844589007742, -1.0818516013560107, -1.0818585481226926, -1.0818654297015948, -1.0818722461756145, -1.0818789973899097, -1.0818856830159396, -1.0818923026098826, -1.0818988556665357, -1.0819053416647844, -1.0819117601027426, -1.0819181105251456, -1.081924392545275, -1.08193060586006, -1.0819367502575499, -1.0819428256193016, -1.0819488319201445, -1.0819547692248177, -1.0819606376808815, -1.0819664375093356, -1.081972168994953, -1.0819778324761278, -1.081983428333885, -1.0819889569811634, -1.0819944188537691, -1.0819998144024123, -1.0820051440854186, -1.0820104083623296, -1.0820156076891334, -1.082020742514609, -1.0820258132773148, -1.0820308204036022, -1.0820357643068939, -1.082040645387726, -1.0820454640340615, -1.0820502206219726, -1.0820549155167623, -1.0820595490742255, -1.0820641216418145, -1.0820686335599372, -1.0820730851634834, -1.082077476783239, -1.0820818087470347, -1.0820860813808397, -1.0820902950097728, -1.0820944499588532]}