{"FCI": -1.0527018133797261, "Energy": -0.00302831170082396, "Loss": [0.2471148047968852, 0.23825707008389058, 0.2319268519002703, 0.22671991147055776, 0.22218450792287112, 0.21810861172996146, 0.2143727819886263, 0.2109019134403686, 0.20764514836980774, 0.20456615706094886, 0.20163791579886786, 0.1988396748780948, 0.19615508932441966, 0.19357100995249082, 0.1910766702986451, 0.18866312167800903, 0.18632282966121505, 0.18404937894302537, 0.181837253007389, 0.17968166664610008, 0.17757843661265268, 0.17552388030471372, 0.17351473538935283, 0.1715480953098531, 0.16962135699795605, 0.1677321780807402, 0.16587844155547798, 0.1640582263981004, 0.16226978293018957, 0.16051151203498298, 0.15878194751148011, 0.15707974100594113, 0.15540364907479043, 0.1537525220213942, 0.15212529421799248, 0.15052097567803466, 0.14893864468679066, 0.14737744133210873, 0.14583656180433963, 0.1443152533564484, 0.14281280983309275, 0.1413285676920159, 0.13986190245300745, 0.13841222551951615, 0.13697898132616176, 0.13556164477215282, 0.13415971890633488, 0.13277273283429064, 0.13140023982199003, 0.1300418155738599, 0.12869705666603276, 0.12736557911798366, 0.12604701708790433, 0.1247410216789143, 0.12344725984482396, 0.1221654133854594, 0.12089517802272211, 0.11963626254961589, 0.118388388045271, 0.11715128714982827, 0.11592470339368612, 0.11470839057618488, 0.11350211218936307, 0.11230564088282974, 0.11111875796621704, 0.10994125294604376, 0.10877292309410137, 0.1076135730447899, 0.10646301441905054, 0.10532106547278104, 0.1041875507678061, 0.10306230086365367, 0.1019451520285525, 0.10083594596819924, 0.0997345295709804, 0.09864075466843295, 0.09755447780984958, 0.09647556005001395, 0.09540386674914682, 0.09433926738420906, 0.09328163537077493, 0.09223084789476962, 0.09118678575341684, 0.09014933320475296, 0.08911837782519402, 0.0880938103745915, 0.08707552466833834, 0.08606341745604125, 0.08505738830638358, 0.08405733949777293, 0.08306317591443929, 0.08207480494763357, 0.08109213640164135, 0.08011508240432225, 0.07914355732190255, 0.07817747767778506, 0.07721676207514787, 0.07626133112309437, 0.07531110736620615, 0.07436601521724583, 0.07342598089288926, 0.07249093235229902, 0.07156079923838439, 0.07063551282162096, 0.06971500594627006, 0.06879921297890604, 0.06788806975909713, 0.06698151355215173, 0.06607948300382425, 0.06518191809686363, 0.0642887601093443, 0.06339995157465764, 0.0625154362431053, 0.061635159045008325, 0.06075906605526398, 0.05988710445927203, 0.059019222520179083, 0.058155369547362806, 0.05729549586611769, 0.05643955278847127, 0.05558749258508477, 0.05473926845819059, 0.053894834515520004, 0.05305414574517762, 0.05221715799140968, 0.05138382793124734, 0.05055411305197085, 0.049727971629365826, 0.04890536270673398, 0.0480862460746298, 0.04727058225129454, 0.046458332463749676, 0.04564945862953486, 0.04484392333904836, 0.04404168983848295, 0.043242722013321036, 0.042446984372364646, 0.04165444203229443, 0.04086506070271726, 0.04007880667169838, 0.03929564679174692, 0.03851554846625342, 0.03773847963633648, 0.03696440876811788, 0.03619330484037205, 0.0354251373325673, 0.03465987621326115, 0.033897491928857756, 0.03313795539268832, 0.03238123797443129, 0.031627311489836205, 0.03087614819075249, 0.030127720755453488, 0.02938200227923199, 0.02863896626527508, 0.027898586615800552, 0.027160837623434464, 0.026425693962852062, 0.025693130682626325, 0.024963123197333806, 0.02423564727985371, 0.023510679053895048, 0.02278819498672205, 0.022068171882076076, 0.021350586873295635, 0.020635417416609236, 0.019922641284621928, 0.019212236559961682, 0.01850418162910232, 0.017798455176339087, 0.017095036177934356, 0.016393903896398124, 0.0156950378749324, 0.014998417932004626, 0.01430402415606602, 0.013611836900399216, 0.012921836778105059, 0.012234004657196082, 0.011548321655831223, 0.010864769137658103, 0.010183328707267333, 0.009503982205768646, 0.008826711706461765, 0.008151499510619928, 0.007478328143372473, 0.006807180349684666, 0.006138039090431535, 0.00547088753857311, 0.004805709075402356, 0.004142487286900351, 0.0034812059601623813, 0.0028218490799118007, 0.0021644008250875785, 0.0015088455655270366, 0.000855167858699657, 0.00020335244653550688, -0.00044661574769225276, -0.0010947516223945714, -0.0017410699006509822, -0.0023855851331091166]}