{"FCI": -1.2621759210848382, "Energy": -0.13377068771958855, "Loss": [0.05205218109270143, 0.05120223973893656, 0.05035096015899426, 0.04949834673876889, 0.048644403937978545, 0.047789136290544584, 0.04693254840497836, 0.04607464496474664, 0.04521543072864699, 0.04435491053116897, 0.043493089282849715, 0.042629971970626804, 0.04176556365818661, 0.040899869486299256, 0.04003289467315935, 0.03916464451470554, 0.03829512438494714, 0.03742433973627639, 0.036552296099775866, 0.03567899908552054, 0.03480445438286861, 0.03392866776075179, 0.03305164506795072, 0.032173392233369014, 0.03129391526629688, 0.03041322025666547, 0.029531313375298796, 0.02864820087414835, 0.027763889086533308, 0.02687838442735535, 0.025991693393318166, 0.025103822563136008, 0.024214778597726416, 0.023324568240402965, 0.0224331983170529, 0.021540675736307288, 0.020647007489705063, 0.019752200651839705, 0.01885626238050686, 0.017959199916831356, 0.01706102058539262, 0.016161731794335638, 0.015261341035473233, 0.014359855884378006, 0.013457284000461825, 0.01255363312705042, 0.011648911091437356, 0.010743125804939288, 0.009836285262928526, 0.008928397544864325, 0.00801947081430572, 0.0071095133189169185, 0.006198533390460337, 0.005286539444777333, 0.0043735399817585036, 0.0034595435852999845, 0.0025445589232509364, 0.0016285947473458767, 0.0007116598931268814, -0.00020623672014714878, -0.0011250860896045711, -0.002044879128873439, -0.0029656066682155896, -0.0038872594546615485, -0.004809828152167309, -0.00573330334178096, -0.006657675521820269, -0.007582935108068081, -0.008509072433974696, -0.009436077750879304, -0.010363941228242468, -0.011292652953888968, -0.012222202934270066, -0.01315258109473355, -0.014083777279812193, -0.015015781253522459, -0.01594858269967668, -0.016882171222212583, -0.017816536345533707, -0.018751667514865997, -0.019687554096622414, -0.020624185378791737, -0.021561550571329302, -0.022499638806574518, -0.02343843913967189, -0.024377940549010588, -0.025318131936679006, -0.02625900212893237, -0.027200539876674673, -0.028142733855952604, -0.02908557266846823, -0.03002904484210417, -0.030973138831458025, -0.031917843018400324, -0.03286314571263832, -0.03380903515229958, -0.03475549950452596, -0.0357025268660844, -0.03665010526399026, -0.037598222656146416, -0.038546866931995535, -0.03949602591318532, -0.04044568735424933, -0.041395838943302635, -0.04234646830274956, -0.04329756299000466, -0.044249110498232505, -0.04520109825709237, -0.04615351363350913, -0.047106343932444505, -0.04805957639769129, -0.04901319821267673, -0.049967196501282396, -0.0509215583286739, -0.05187627070214726, -0.05283132057198639, -0.05378669483233223, -0.054742380322072015, -0.055698363825729805, -0.05665463207438376, -0.05761117174658026, -0.05856796946927724, -0.05952501181878603, -0.060482285321734525, -0.06143977645603736, -0.06239747165188153, -0.06335535729272089, -0.0643134197162869, -0.0652716452156043, -0.06623002004002643, -0.06718853039627345, -0.06814716244948883, -0.06910590232430319, -0.07006473610590958, -0.07102364984114908, -0.07198262953960846, -0.07294166117472711, -0.07390073068491333, -0.07485982397467209, -0.07581892691574256, -0.07677802534824321, -0.07773710508182963, -0.0786961518968576, -0.07965515154555981, -0.08061408975322693, -0.08157295221939907, -0.08253172461906802, -0.08349039260388337, -0.08444894180336956, -0.0854073578261479, -0.08636562626117414, -0.08732373267896901, -0.08828166263286913, -0.08923940166027924, -0.09019693528393076, -0.09115424901314795, -0.09211132834511958, -0.09306815876617637, -0.09402472575307591, -0.09498101477428898, -0.0959370112912979, -0.09689270075989094, -0.09784806863146951, -0.09880310035435394, -0.0997577813750977, -0.10071209713980422, -0.10166603309544274, -0.10261957469117779, -0.10357270737969232, -0.10452541661851655, -0.10547768787136269, -0.10642950660945752, -0.10738085831288063, -0.10833172847190206, -0.10928210258832236, -0.11023196617681538, -0.11118130476626961, -0.11213010390113232, -0.11307834914275361, -0.11402602607073042, -0.11497312028425083, -0.11591961740343894, -0.11686550307069717, -0.11781076295205001, -0.11875538273848575, -0.11969934814729574, -0.12064264492341595, -0.12158525884076107, -0.12252717570356116, -0.12346838134769436, -0.1244088616420165, -0.12534860248968713, -0.12628758982949664, -0.12722580963718289, -0.12816324792675238, -0.129099890751789, -0.13003572420676707, -0.13097073442835364, -0.13190490759670753, -0.1328382299367774]}