{"FCI": -1.2735345211687557, "Energy": -1.258391718556852, "Loss": [-0.6931878754513318, -0.7013487944890732, -0.7081330953948446, -0.7139077693755052, -0.7189565986467489, -0.723495915094273, -0.7276890714733109, -0.7316587454312443, -0.7354969104429557, -0.739272658309787, -0.7430381955819586, -0.7468333607714177, -0.7506889804356887, -0.7546293333908685, -0.7586739404382536, -0.7628388497826257, -0.7671375485532345, -0.7715815988352063, -0.7761810716241064, -0.7809448330058697, -0.7858807224888981, -0.7909956527462869, -0.7962956522042811, -0.8017858662475362, -0.8074705287611567, -0.8133529128763333, -0.8194352678119351, -0.8257187473660913, -0.8322033347262437, -0.8388877676924908, -0.8457694680402276, -0.8528444785005531, -0.8601074106458743, -0.8675514067821863, -0.8751681187296652, -0.8829477060889607, -0.8908788562216736, -0.8989488277072952, -0.90714351847233, -0.9154475591257001, -0.9238444312919659, -0.9323166099331144, -0.9408457278204709, -0.949412759496828, -0.9579982212949705, -0.9665823832941868, -0.9751454885406756, -0.9836679744667245, -0.9921306912450651, -1.0005151118262992, -1.0088035286349215, -1.016979232335494, -1.025026668704791, -1.0329315704259738, -1.040681061515587, -1.0482637330552986, -1.0556696898765847, -1.0628905687887953, -1.069919529803134, -1.076751222549773, -1.083381730684481, -1.0898084975174034, -1.096030236364963, -1.10204682922978, -1.1078592173674133, -1.1134692871227692, -1.118879754138004, -1.1240940486755997, -1.1291162043916676, -1.1339507524625279, -1.1386026225335948, -1.1430770515440565, -1.147379501097437, -1.1515155837075572, -1.1554909979581203, -1.1593114723740003, -1.1629827176140612, -1.1665103864548407, -1.1699000409384177, -1.1731571260004443, -1.1762869488691337, -1.1792946635278523, -1.1821852595562539, -1.1849635547025665, -1.1876341905877656, -1.1902016309974854, -1.1926701622749476, -1.1950438953871858, -1.1973267692931875, -1.199522555296841, -1.2016348621172654, -1.203667141454277, -1.2056226938671248, -1.2075046748200426, -1.2093161007786617, -1.211059855267435, -1.2127386948201304, -1.214355254773679, -1.215912054870357, -1.2174115046453893, -1.2188559085864283, -1.2202474710587126, -1.2215883009953952, -1.2228804163564977, -1.2241257483630559, -1.2253261455150488, -1.226483377402749, -1.2275991383221372, -1.228675050705064, -1.2297126683748816, -1.2307134796379207, -1.2316789102208008, -1.2326103260630312, -1.2335090359736212, -1.2343762941600906, -1.2352133026373087, -1.2360212135233064, -1.23680113122849, -1.2375541145441076, -1.2382811786356025, -1.2389832969456565, -1.23966140301176, -1.2403163922024543, -1.2409491233762535, -1.2415604204669164, -1.2421510739984913, -1.242721842533404, -1.2432734540565116, -1.2438066072980156, -1.2443219729979451, -1.2448201951146785, -1.2453018919799832, -1.2457676574028544, -1.2462180617243357, -1.246653652825493, -1.2470749570904454, -1.2474824803264861, -1.2478767086430862, -1.2482581092915812, -1.2486271314672763, -1.248984207075544, -1.249329751463568, -1.2496641641192208, -1.2499878293384934, -1.2503011168629812, -1.2506043824886535, -1.2508979686472752, -1.2511822049616852, -1.251457408776163, -1.2517238856629438, -1.2519819299060466, -1.2522318249634634, -1.2524738439086223, -1.2527082498522097, -1.2529352963451212, -1.2531552277636069, -1.2533682796772223, -1.2535746792005518, -1.253774645329433, -1.2539683892623432, -1.2541561147077367, -1.2543380181778723, -1.254514289269932, -1.2546851109348556, -1.2548506597345872, -1.2550111060882279, -1.2551666145075897, -1.2553173438227316, -1.2554634473978468, -1.255605073338026, -1.2557423646872752, -1.2558754596182076, -1.2560044916138338, -1.2561295896417144, -1.2562508783209756, -1.256368478082358, -1.256482505321741, -1.2565930725473793, -1.2567002885211478, -1.2568042583940642, -1.256905083836362, -1.257002863162367, -1.2570976914503604, -1.2571896606577142, -1.2572788597314357, -1.2573653747144482, -1.257449288847647, -1.2575306826679813, -1.257609634102813, -1.2576862185605742, -1.2577605090179402, -1.2578325761037537, -1.257902488179678, -1.2579703114178669, -1.2580361098756594, -1.2580999455675261, -1.2581618785343172, -1.2582219669099377, -1.258280266985564, -1.258336833271517]}