{"FCI": -1.2592002079505042, "Energy": -1.2290016700462887, "Loss": [-0.49268724294786126, -0.527501916263246, -0.5617839025179343, -0.5951541257457997, -0.6272893074469782, -0.6579320305074531, -0.6868947610426622, -0.7140585188628397, -0.7393673678681401, -0.7628200810228094, -0.7844602838434571, -0.8043661823997565, -0.8226407166889022, -0.8394027070384106, -0.8547793163897617, -0.8688999529774035, -0.8818915912977138, -0.8938753916333381, -0.9049644426218483, -0.9152624283916998, -0.9248630223948956, -0.9338498259103717, -0.9422966934382689, -0.9502683147158549, -0.9578209503425669, -0.965003242857124, -0.9718570464734486, -0.9784182362063798, -0.9847174709312507, -0.9907808954160771, -0.9966307740524499, -1.0022860544230654, -1.007762862475992, -1.0130749333606237, -1.0182339832765293, -1.023250028280831, -1.0281316561145972, -1.0328862569114121, -1.037520218264258, -1.0420390896379015, -1.0464477205831941, -1.0507503766774902, -1.0549508366068738, -1.0590524733359228, -1.063058321886478, -1.0669711358708305, -1.0707934345959924, -1.0745275422713745, -1.0781756206085218, -1.0817396958942858, -1.0852216814431852, -1.0886233961868548, -1.0919465800344919, -1.0951929065341215, -1.0983639932778286, -1.1014614104215055, -1.104486687629417, -1.1074413197033695, -1.1103267711144187, -1.113144479620014, -1.115895859120184, -1.1185823018820578, -1.1212051802415073, -1.1237658478735555, -1.126265640708921, -1.1287058775618424, -1.1310878605241854, -1.1334128751723629, -1.1356821906260317, -1.1378970594916749, -1.1400587177187316, -1.1421683843915718, -1.1442272614767737, -1.1462365335419722, -1.1481973674597448, -1.1501109121075819, -1.1519782980731208, -1.153800637371925, -1.1555790231836174, -1.1573145296110667, -1.1590082114660492, -1.1606611040839223, -1.1622742231692258, -1.1638485646731036, -1.1653851047033472, -1.1668847994668554, -1.1683485852443893, -1.1697773783968222, -1.171172075402018, -1.1725335529211727, -1.1738626678932236, -1.1751602576560196, -1.1764271400925315, -1.1776641138005974, -1.17887195828444, -1.1800514341664123, -1.1812032834171127, -1.1823282296023465, -1.1834269781451818, -1.184500216601601, -1.1855486149481091, -1.186572825879845, -1.1875734851177615, -1.1885512117235286, -1.1895066084207888, -1.1904402619216667, -1.191352743257246, -1.1922446081110456, -1.193116397154465, -1.1939686363832291, -1.1948018374540363, -1.1956164980205466, -1.196413102068088, -1.1971921202463507, -1.1979540101994501, -1.1986992168929347, -1.1994281729371297, -1.2001412989064555, -1.2008390036543701, -1.2015216846235042, -1.2021897281508287, -1.2028435097674948, -1.203483394493174, -1.204109737124798, -1.2047228825194254, -1.2053231658712238, -1.205910912982433, -1.206486440528273, -1.2070500563157305, -1.2076020595362482, -1.20814274101228, -1.2086723834377457, -1.209191261612411, -1.209699642670257, -1.2101977863018745, -1.210685944970944, -1.2111643641249235, -1.2116332823999731, -1.2120929318202536, -1.2125435379916434, -1.2129853202900611, -1.2134184920443778, -1.2138432607141503, -1.2142598280622248, -1.214668390322304, -1.2150691383616656, -1.215462257839062, -1.2158479293579847, -1.216226328615386, -1.2165976265459544, -1.2169619894621122, -1.217319579189769, -1.217670553200029, -1.2180150647368995, -1.218353262941165, -1.2186852929704852, -1.2190112961158455, -1.2193314099144927, -1.2196457682593866, -1.2199545015053583, -1.22025773657201, -1.2205555970434647, -1.2208482032650776, -1.2211356724371805, -1.221418118705982, -1.22169565325165, -1.2219683843737355, -1.2222364175739586, -1.2224998556364695, -1.2227587987056914, -1.2230133443616926, -1.2232635876933713, -1.2235096213693328, -1.2237515357066306, -1.223989418737395, -1.2242233562734652, -1.2244534319690272, -1.2246797273813694, -1.2249023220297766, -1.2251212934526516, -1.2253367172629195, -1.225548667201726, -1.2257572151905274, -1.2259624313816508, -1.2261643842072452, -1.2263631404268662, -1.2265587651735628, -1.2267513219985764, -1.2269408729147844, -1.2271274784387263, -1.2273111976315034, -1.2274920881383706, -1.227670206227185, -1.2278456068257233, -1.2280183435578753, -1.2281884687787947, -1.2283560336089814, -1.2285210879673922, -1.2286836806035464, -1.228843859128737]}