{"FCI": -1.0527018133797261, "Energy": -1.0437786392552766, "Loss": [-0.0525754972245021, -0.08870903933233712, -0.11641565042510231, -0.1403811117721205, -0.16210658483019266, -0.18229123458194763, -0.2013249024850553, -0.21944978900212403, -0.23682779238231438, -0.25357311072162836, -0.2697697769834947, -0.2854818567824136, -0.30075974720877147, -0.315644254080029, -0.3301693255273094, -0.3443639262900528, -0.3582533302470621, -0.37185999461770103, -0.3852041153898325, -0.3983039300849215, -0.4111758213609195, -0.4238342771197211, -0.43629177301649513, -0.4485586522804893, -0.46064307520559256, -0.4725510901581552, -0.48428684228486896, -0.4958528974609431, -0.5072506320582558, -0.51848063194269, -0.5295430545004631, -0.5404379264880947, -0.5511653689676561, -0.5617257533981557, -0.5721197992737656, -0.5823486251531459, -0.5924137637002366, -0.6023171491857751, -0.6120610838073126, -0.6216481876309194, -0.6310813360465983, -0.640363588283747, -0.6494981105893755, -0.6584880979295122, -0.6673366983226774, -0.6760469439592853, -0.6846216929506705, -0.6930635848098686, -0.7013750116132796, -0.7095581053482669, -0.7176147404213914, -0.7255465489312907, -0.7333549453318053, -0.7410411566826975, -0.7486062548443082, -0.756051187622266, -0.7633768068094968, -0.7705838920675069, -0.7776731704351555, -0.7846453318335028, -0.7915010412311814, -0.7982409481984771, -0.8048656944976821, -0.8113759202141261, -0.8177722687854974, -0.8240553911668934, -0.8302259492828561, -0.8362846188625364, -0.8422320917210978, -0.8480690775328541, -0.8537963051329239, -0.8594145233812354, -0.8649245016228233, -0.8703270297800768, -0.8756229181150671, -0.8808129967024998, -0.8858981146559777, -0.8908791391514898, -0.8957569542923683, -0.9005324598593558, -0.9052065699873826, -0.9097802118079023, -0.9142543240917501, -0.9186298559230842, -0.9229077654301119, -0.9270890185934079, -0.9311745881478706, -0.9351654525899187, -0.9390625952979225, -0.9428670037705247, -0.9465796689850919, -0.9502015848766068, -0.9537337479361307, -0.9571771569265926, -0.9605328127140782, -0.9638017182080453, -0.9669848784232928, -0.970083300569397, -0.9730979943917281, -0.9760299617786876, -0.9788798289511236, -0.9816312680123452, -0.9841957548980709, -0.9867634881682883, -0.9892744039663631, -0.9917959125002009, -0.9941900746343549, -0.9964834883415199, -0.9986958058022141, -1.0008346697270207, -1.0029038790316132, -1.0049049982324183, -1.0068396815822018, -1.0087087497715743, -1.0105134705114172, -1.0122543136166988, -1.0139321284666174, -1.0155462171846807, -1.017095632131913, -1.0185763097013754, -1.019989146559304, -1.021343894305429, -1.0226623895309352, -1.0239431094796874, -1.025174712269735, -1.0263490403533428, -1.0274685500713379, -1.0285353453370067, -1.02955271194433, -1.0305218025602594, -1.0314444301668755, -1.0323207955505715, -1.0331519897009918, -1.0339376152397568, -1.0346796590156604, -1.0353800335720396, -1.0360457256592213, -1.0366798729977347, -1.0372845564514892, -1.0378556016029237, -1.0383921608589337, -1.0388930299373962, -1.0393599328767615, -1.0397935271398409, -1.0401956522456701, -1.0405669485552576, -1.0409091242217912, -1.0412229785207456, -1.0415110465447768, -1.0417750305352271, -1.042018356584817, -1.0422419416761641, -1.0424473404074381, -1.0426335799269022, -1.0428013744800386, -1.042950439232664, -1.043082168381179, -1.0431971139666008, -1.0432969204484932, -1.0433823705839746, -1.043455214086352, -1.0435163562685994, -1.0435677060634543, -1.0436099687741074, -1.043644467213138, -1.043670718527593, -1.0436891015991367, -1.043700643480982, -1.0437105165934333, -1.0437240190282975, -1.043740978241787, -1.0437575415488687, -1.0437706073958384, -1.0437795427021397, -1.0437847335397314, -1.0437868342539511, -1.0437864649028261, -1.0437841295178851, -1.0437803892624455, -1.0437759368002208, -1.0437716368406498, -1.0437686806434967, -1.0437677817557705, -1.043769374529613, -1.0437725188198435, -1.0437764258956088, -1.0437798063777455, -1.0437823245099058, -1.0437834760767917, -1.0437834889761093, -1.0437822974421016, -1.0437803916320625, -1.0437779176235302, -1.043775588505078, -1.0437736027936277, -1.043772677186125, -1.043772627337521, -1.043773737449709, -1.0437752572295547, -1.0437771592050518]}