{"FCI": -1.0614504690429076, "Energy": -0.9606464786831717, "Loss": [-0.789314942985707, -0.7960739368282165, -0.8026768358549182, -0.8091154259941571, -0.8153826342300111, -0.8214725335319757, -0.8273803314296976, -0.8331023437669586, -0.8386359554140006, -0.8439795698753007, -0.8491325498053206, -0.8540951504454566, -0.8588684479319435, -0.8634542643086422, -0.8678550909228848, -0.8720740116991615, -0.8761146275855325, -0.8799809832613528, -0.8836774969905953, -0.8872088943094316, -0.8905801460548775, -0.8937964110766161, -0.8968629838289724, -0.8997852469147397, -0.9025686285480017, -0.9052185648174951, -0.9077404665648531, -0.9101396906412877, -0.9124215152698449, -0.914591119216924, -0.916653564463586, -0.918613782063155, -0.9204765608745662, -0.922246538869552, -0.9239281967243287, -0.9255258534226247, -0.9270436636143976, -0.9284856164939017, -0.9298555359802708, -0.9311570820034478, -0.9323937527175042, -0.9335688874818029, -0.9346856704681561, -0.9357471347683931, -0.9367561668922365, -0.9377155115592343, -0.9386277767014847, -0.9394954386054319, -0.9403208471314151, -0.9411062309591892, -0.9418537028156879, -0.9425652646489415, -0.9432428127182564, -0.9438881425766888, -0.944502953926534, -0.9450888553329737, -0.9456473687846794, -0.9461799340932332, -0.9466879131259803, -0.9471725938691459, -0.9476351943200229, -0.9480768662084526, -0.9484986985493531, -0.9489017210288262, -0.9492869072275341, -0.9496551776854391, -0.9500074028126623, -0.9503444056515675, -0.9506669644954667, -0.9509758153694879, -0.9512716543792324, -0.951555139933008, -0.951826894843252, -0.9520875083127824, -0.9523375378113815, -0.9525775108481656, -0.9528079266449235, -0.9530292577155789, -0.953241951356602, -0.953446431053214, -0.9536430978057824, -0.9538323313809148, -0.9540144914912108, -0.9541899189078211, -0.9543589365094606, -0.9545218502714854, -0.954678950198445, -0.9548305112033846, -0.9549767939368528, -0.955118045568576, -0.9552545005245443, -0.9553863811820534, -0.9555138985251787, -0.9556372527629416, -0.9557566339124086, -0.9558722223486852, -0.9559841893238403, -0.9560926974564725, -0.9561979011936936, -0.956299947247134, -0.9563989750044952, -0.9564951169180212, -0.9565884988713174, -0.9566792405257096, -0.9567674556473696, -0.9568532524163192, -0.9569367337183561, -0.9570179974208648, -0.9570971366335402, -0.9571742399547433, -0.9572493917044647, -0.9573226721445669, -0.9573941576870616, -0.9574639210911247, -0.9575320316494769, -0.9575985553647143, -0.9576635551162036, -0.9577270908180258, -0.9577892195685064, -0.9578499957918162, -0.9579094713720246, -0.9579676957801055, -0.9580247161942348, -0.958080577613784, -0.9581353229673321, -0.9581889932150306, -0.9582416274456822, -0.9582932629687252, -0.95834393540151, -0.9583936787520407, -0.958442525497471, -0.9584905066585856, -0.9585376518704617, -0.9585839894495292, -0.9586295464572137, -0.9586743487603917, -0.9587184210887201, -0.9587617870891373, -0.9588044693776148, -0.9588464895882735, -0.9588878684200928, -0.958928625681257, -0.9589687803313047, -0.9590083505212161, -0.9590473536314421, -0.9590858063081528, -0.9591237244976176, -0.959161123478947, -0.9591980178951998, -0.9592344217829986, -0.9592703486006685, -0.95930581125504, -0.9593408221269044, -0.9593753930953028, -0.9594095355605655, -0.959443260466295, -0.9594765783202839, -0.9595094992143933, -0.9595420328435053, -0.959574188523587, -0.9596059752088462, -0.9596374015081113, -0.9596684757003981, -0.9596992057497729, -0.9597295993194818, -0.9597596637854248, -0.959789406248989, -0.9598188335493012, -0.9598479522748443, -0.9598767687746076, -0.9599052891686539, -0.9599335193582124, -0.9599614650353107, -0.9599891316919308, -0.9600165246287798, -0.9600436489636037, -0.9600705096391591, -0.9600971114307761, -0.9601234589536132, -0.9601495566695505, -0.9601754088937461, -0.9602010198009587, -0.9602263934314971, -0.9602515336969515, -0.9602764443856405, -0.9603011291678212, -0.9603255916006321, -0.9603498351328719, -0.9603738631094699, -0.9603976787758481, -0.960421285282005, -0.9604446856864807, -0.9604678829600832, -0.9604908799894979, -0.9605136795806841, -0.9605362844621724, -0.9605586972881618, -0.9605809206415129, -0.9606029570365991, -0.9606248089220145]}