{"FCI": -1.137067858273465, "Energy": -0.8962070752980774, "Loss": [-0.7856371377353661, -0.7914315185033137, -0.7954343257733332, -0.798648156556097, -0.8013927539049854, -0.803817520136221, -0.806006374094053, -0.8080119741881988, -0.8098699200989613, -0.8116056082377355, -0.8132379083414233, -0.8147812950699268, -0.8162471605794455, -0.8176446625369755, -0.818981293928471, -0.8202632786572911, -0.82149585390214, -0.8226834764907344, -0.823829976874775, -0.824938676100566, -0.8260124760947299, -0.8270539303469936, -0.8280652999527481, -0.829048598558237, -0.8300056287807112, -0.8309380119994344, -0.8318472129345698, -0.832734560086277, -0.8336012628550434, -0.8344484259785468, -0.8352770617814429, -0.8360881006296156, -0.8368823999001088, -0.8376607517163746, -0.8384238896502132, -0.8391724945543577, -0.8399071996596583, -0.8406285950472887, -0.8413372315873306, -0.84203362441989, -0.8427182560422796, -0.8433915790558928, -0.8440540186179294, -0.8447059746362358, -0.845347823739988, -0.8459799210540345, -0.8466026018008284, -0.8472161827505, -0.8478209635368938, -0.8484172278548011, -0.8490052445518524, -0.8495852686265692, -0.850157542142704, -0.8507222950687245, -0.851279746050109, -0.8518301031213139, -0.8523735643632727, -0.8529103185117498, -0.8534405455211356, -0.85396441708779, -0.8544820971365328, -0.8549937422735042, -0.855499502208279, -0.8559995201477258, -0.8564939331639476, -0.8569828725382949, -0.8574664640833414, -0.8579448284443669, -0.8584180813820121, -0.8588863340372582, -0.8593496931801279, -0.8598082614431461, -0.8602621375405886, -0.8607114164745117, -0.8611561897283719, -0.8615965454490587, -0.8620325686181299, -0.862464341212826, -0.8628919423576412, -0.8633154484669082, -0.8637349333790688, -0.8641504684830636, -0.8645621228373932, -0.8649699632822295, -0.8653740545450905, -0.8657744593403898, -0.8661712384633121, -0.8665644508782955, -0.8669541538025157, -0.8673404027846231, -0.8677232517790753, -0.8681027532162934, -0.8684789580688962, -0.868851915914346, -0.8692216749940439, -0.8695882822693137, -0.8699517834742633, -0.870312223165863, -0.8706696447713184, -0.8710240906329543, -0.8713756020507395, -0.8717242193225947, -0.8720699817826237, -0.8724129278374032, -0.8727530950004024, -0.8730905199247382, -0.8734252384342317, -0.8737572855530075, -0.8740866955335908, -0.8744135018837165, -0.8747377373918164, -0.8750594341513154, -0.8753786235838131, -0.8756953364611783, -0.8760096029266532, -0.876321452515005, -0.8766309141717529, -0.8769380162716053, -0.8772427866360336, -0.8775452525501347, -0.8778454407787574, -0.8781433775819476, -0.8784390887297702, -0.8787325995165045, -0.8790239347742822, -0.8793131188861371, -0.8796001757986176, -0.8798851290338003, -0.8801680017009421, -0.8804488165075982, -0.8807275957703863, -0.8810043614253009, -0.881279135037679, -0.8815519378117737, -0.8818227906000065, -0.8820917139118688, -0.8823587279225226, -0.8826238524810832, -0.8828871071186357, -0.8831485110559575, -0.8834080832109944, -0.883665842206075, -0.8839218063748874, -0.8841759937692381, -0.8844284221655709, -0.8846791090712891, -0.8849280717308685, -0.8851753271317978, -0.8854208920103106, -0.8856647828569226, -0.8859070159218618, -0.886147607220282, -0.886386572537307, -0.8866239274329876, -0.8868596872470433, -0.8870938671035264, -0.8873264819152868, -0.8875575463883659, -0.8877870750262271, -0.8880150821338962, -0.8882415818219556, -0.8884665880104455, -0.8886901144326603, -0.8889121746388207, -0.8891327819996844, -0.8893519497100097, -0.88956969079197, -0.8897860180984554, -0.890000944316288, -0.8902144819693651, -0.8904266434217177, -0.8906374408804738, -0.8908468863987644, -0.8910549918785643, -0.8912617690734302, -0.8914672295911953, -0.8916713848965929, -0.8918742463138178, -0.8920758250290057, -0.8922761320926856, -0.8924751784221336, -0.8926729748037228, -0.8928695318951546, -0.8930648602276914, -0.8932589702083015, -0.8934518721217799, -0.8936435761328062, -0.8938340922879481, -0.8940234305176322, -0.8942116006380716, -0.8943986123531386, -0.8945844752562093, -0.8947691988319544, -0.8949527924580913, -0.8951352654071053, -0.8953166268479448, -0.8954968858476408, -0.8956760513729254, -0.8958541322918201, -0.8960311373751536]}