{"FCI": -1.1696834518614552, "Energy": -0.6389214649147469, "Loss": [-0.4924095750469284, -0.4970111812629492, -0.5003169034138492, -0.5030469937225327, -0.5054332037461315, -0.507584255398545, -0.5095613616441763, -0.5114029943931576, -0.5131351933195935, -0.5147765523586619, -0.5163408979805756, -0.5178388437591586, -0.5192787484868928, -0.5206673356323022, -0.5220101098214738, -0.5233116461322366, -0.52457579666662, -0.5258058415905822, -0.5270046018627851, -0.5281745248983555, -0.5293177507094184, -0.5304361636998598, -0.5315314337436463, -0.5326050491383908, -0.5336583433162243, -0.5346925166995606, -0.5357086547388987, -0.5367077429177812, -0.5376906793259573, -0.53865828526602, -0.539611314256972, -0.5405504597214528, -0.5414763615845712, -0.5423896119670908, -0.5432907601204856, -0.5441803167238269, -0.5450587576406002, -0.5459265272162872, -0.5467840411835087, -0.5476316892304598, -0.5484698372791307, -0.5492988295124912, -0.550118990183666, -0.5509306252350882, -0.5517340237515572, -0.5525294592675374, -0.5533171909462133, -0.5540974646453796, -0.5548705138831542, -0.5556365607148491, -0.5563958165307386, -0.557148482783332, -0.5578947516516135, -0.5586348066488067, -0.5593688231794213, -0.5600969690506983, -0.5608194049428882, -0.5615362848424088, -0.5622477564413452, -0.562953961506474, -0.5636550362205965, -0.5643511114986834, -0.5650423132810625, -0.5657287628056662, -0.5664105768611032, -0.5670878680222512, -0.5677607448697345, -0.568429312194688, -0.5690936711899575, -0.569753919628801, -0.5704101520321367, -0.571062459825152, -0.571710931484123, -0.572355652674175, -0.572996706378665, -0.5736341730207635, -0.5742681305778639, -0.5748986546892444, -0.5755258187575519, -0.5761496940444482, -0.5767703497608878, -0.5773878531523504, -0.5780022695793755, -0.57861366259372, -0.5792220940104038, -0.5798276239759378, -0.5804303110329417, -0.581030212181404, -0.5816273829368026, -0.5822218773852296, -0.5828137482357705, -0.5834030468702482, -0.5839898233905211, -0.584574126663463, -0.5851560043637645, -0.5857355030146836, -0.5863126680268645, -0.5868875437353277, -0.5874601734347399, -0.5880305994130554, -0.588598862983612, -0.5891650045157912, -0.5897290634642869, -0.5902910783970802, -0.5908510870221715, -0.5914091262131613, -0.5919652320337198, -0.5925194397609832, -0.5930717839079938, -0.5936222982451695, -0.5941710158208799, -0.5947179689811772, -0.5952631893887143, -0.5958067080408985, -0.5963485552872976, -0.5968887608463835, -0.5974273538215812, -0.5979643627167068, -0.5984998154508053, -0.5990337393724149, -0.599566161273285, -0.6000971074016002, -0.6006266034746788, -0.6011546746912212, -0.6016813457431195, -0.6022066408268171, -0.6027305836542975, -0.6032531974636387, -0.6037745050292512, -0.6042945286717233, -0.60481329026736, -0.6053308112573732, -0.6058471126568055, -0.6063622150631185, -0.6068761386645473, -0.607388903248156, -0.6079005282076619, -0.6084110325510179, -0.6089204349077462, -0.609428753536078, -0.6099360063298771, -0.6104422108253487, -0.6109473842075901, -0.6114515433169144, -0.6119547046550602, -0.6124568843911787, -0.612958098367709, -0.6134583621060691, -0.6139576908122348, -0.6144560993821538, -0.6149536024070618, -0.6154502141786281, -0.61594594869404, -0.6164408196609295, -0.6169348405022087, -0.6174280243608072, -0.6179203841043147, -0.6184119323294973, -0.6189026813667762, -0.6193926432845721, -0.6198818298936091, -0.6203702527511076, -0.6208579231649214, -0.6213448521976033, -0.6218310506703886, -0.6223165291671281, -0.6228012980381566, -0.6232853674040943, -0.6237687471595931, -0.62425144697703, -0.6247334763101473, -0.625214844397642, -0.6256955602666997, -0.6261756327364928, -0.6266550704216156, -0.6271338817355004, -0.6276120748937599, -0.6280896579175171, -0.6285666386366731, -0.6290430246931502, -0.6295188235440837, -0.6299940424649931, -0.6304686885529108, -0.6309427687294492, -0.6314162897438844, -0.631889258176171, -0.6323616804399136, -0.6328335627853491, -0.6333049113022476, -0.6337757319228151, -0.6342460304245567, -0.6347158124330934, -0.6351850834249763, -0.6356538487304402, -0.6361221135361446, -0.6365898828878984, -0.6370571616933108, -0.6375239547244543, -0.6379902666204877, -0.6384561018902349]}