{"FCI": -1.1617635907421635, "Energy": -1.1520924646027062, "Loss": [-0.2622550406373863, -0.29044872795809196, -0.3109959711178407, -0.32827706672905177, -0.34367796913472737, -0.3578428129243846, -0.3711322379456474, -0.38377255594728843, -0.3959175059091596, -0.4076779875697969, -0.4191379311234354, -0.4303633856442763, -0.44140794233413816, -0.45231599200006145, -0.4631246027593474, -0.47386448789533697, -0.48456041050689413, -0.49523133269792274, -0.5058905835968676, -0.5165462405078403, -0.5272017883277049, -0.5378569917912726, -0.5485088406286056, -0.559152428983383, -0.5697816816614717, -0.5803898999664064, -0.5909701424122793, -0.6015154748618814, -0.6120191270481784, -0.6224745865762374, -0.6328756534068061, -0.6432164704664245, -0.6534915403526768, -0.6636957340678137, -0.6738242949492753, -0.6838728390719848, -0.69383735205551, -0.703714181203597, -0.7135000211255721, -0.7231918904415586, -0.7327870969750967, -0.7422831892191573, -0.7516778931109528, -0.7609690354748802, -0.7701544587847954, -0.7792319355063606, -0.7881990929742265, -0.7970533601127581, -0.8057919444900774, -0.8144118426882447, -0.8229098805952089, -0.8312827752281637, -0.8395272075586551, -0.8476398965899274, -0.8556176675844964, -0.8634575104917863, -0.8711566272818709, -0.8787124686392065, -0.8861227613556049, -0.893385528042795, -0.9004991007387044, -0.907462129807858, -0.9142735893402624, -0.9209327800689717, -0.927439330646821, -0.9337931979317905, -0.9399946667157073, -0.9460443490975092, -0.9519431834649893, -0.9576924328316601, -0.963293682099845, -0.9687488337007918, -0.9740601010015766, -0.9792299988590996, -0.9842613307307753, -0.9891571718053943, -0.9939208476857901, -0.9985559082342637, -1.0030660962903233, -1.0074553111044957, -1.0117275665278698, -1.0158869442810203, -1.0199375430160367, -1.0238834243781862, -1.0277285578344775, -1.0314767665948246, -1.0351316774039023, -1.0386966772122679, -1.0421748796342134, -1.045569103603123, -1.0488818657464893, -1.0521153868161401, -1.055271611195523, -1.058352237284829, -1.0613587556466264, -1.0642924913299083, -1.0671546468271451, -1.0699463425994917, -1.0726686528890703, -1.0753226354465828, -1.0779093546697163, -1.0804298983514733, -1.0828853887154475, -1.0852769886624825, -1.0876059042068842, -1.0898733839967285, -1.0920807166537267, -1.094229226484778, -1.0963202679486497, -1.0983552191217794, -1.1003354743388882, -1.102262436007914, -1.1041375057733298, -1.1059620528976135, -1.1077364479690162, -1.1094146684785724, -1.110923161044738, -1.1127235459585587, -1.11436373909693, -1.1159197847351365, -1.117427788719045, -1.11889373704965, -1.120319624790927, -1.121706401324853, -1.1230549213175003, -1.1243658332059254, -1.125639778722477, -1.1268772616458438, -1.128078780329689, -1.1292446541868733, -1.1303750670904384, -1.1314693200901385, -1.1325245429710507, -1.1335313656619734, -1.134495180309096, -1.1354536868843972, -1.13640815591782, -1.1373195466983521, -1.1381898159173174, -1.139023506138479, -1.1398232778518236, -1.1405908849750368, -1.141326359576111, -1.1420313553250991, -1.1427052630492194, -1.1433497881908794, -1.1439644201826376, -1.1445514808335926, -1.145113186885768, -1.145650480468976, -1.146162912732903, -1.1466487027980432, -1.1471074037812892, -1.1475393526848598, -1.147944975769891, -1.1483252489310296, -1.148680539133509, -1.1490119367761156, -1.1493198871834034, -1.1496058603265134, -1.1498707210160939, -1.150116183824686, -1.1503429211673903, -1.1505518793902865, -1.1507430458110501, -1.1509169948854012, -1.1510740202974303, -1.1512150415938238, -1.1513409948240276, -1.1514529628258174, -1.1515521863556257, -1.1516395417934167, -1.1517161899989876, -1.1517827635200377, -1.151840313911005, -1.1518894253111625, -1.151931046733431, -1.151965756198967, -1.151994377645947, -1.1520175292651902, -1.152035970967047, -1.152050386281945, -1.1520614676808971, -1.1520698931349085, -1.152076199360184, -1.1520809613249967, -1.1520844819846763, -1.1520871935385817, -1.152089167945521, -1.1520907251660621, -1.1520917747582655, -1.152092587041018, -1.1520929949777796, -1.1520932750121877, -1.1520932408549656, -1.1520931974222357, -1.1520929503446102, -1.1520928209266246, -1.1520925868617746, -1.1520925580800714]}