{"FCI": -1.1265571920133868, "Energy": -1.0777699515367403, "Loss": [-0.7185741696177443, -0.7259700068234606, -0.7332408175607734, -0.7403703921668104, -0.7473443732902931, -0.7541503821874667, -0.760778095786351, -0.7672192752429257, -0.7734677485754164, -0.779519351533839, -0.7853718320728778, -0.7910247246142925, -0.7964792007102952, -0.8017379027801443, -0.8068047673385894, -0.8116848436298754, -0.8163841128945081, -0.8209093126960678, -0.8252677698852481, -0.8294672449303462, -0.8335157895407593, -0.8374216187816479, -0.8411929982437305, -0.8448381463012901, -0.8483651510654066, -0.851781901313548, -0.8550960304426481, -0.8583148723389822, -0.861445427972452, -0.8644943414927451, -0.8674678846180761, -0.8703719481533749, -0.8732120395438786, -0.8759932854547933, -0.8787204384606649, -0.8813978870248612, -0.884029668045935, -0.8866194813402979, -0.8891707055185485, -0.891686414793629, -0.8941693963327948, -0.8966221678314907, -0.8990469950459284, -0.9014459090724719, -0.9038207232066099, -0.9061730492525237, -0.9085043131869592, -0.9108157701085303, -0.9131085184266059, -0.9153835132628808, -0.9176415790542624, -0.91988342135827, -0.9221096378721207, -0.9243207286844223, -0.9265171057844963, -0.9286991018586196, -0.930866978405795, -0.9330209332076379, -0.9351611071882417, -0.9372875907003871, -0.939400429274523, -0.9414996288662155, -0.943585160637295, -0.9456569653044158, -0.947714957087813, -0.9497590272912821, -0.9517890475431195, -0.9538048727259831, -0.9558063436220663, -0.9577932892983676, -0.9597655292551686, -0.9617228753593097, -0.9636651335821917, -0.9655921055611363, -0.9675035900010861, -0.9693993839324331, -0.9712792838393244, -0.9731430866717362, -0.974990590753231, -0.9768215965953795, -0.9786359076287583, -0.980433330859482, -0.9822136774592658, -0.9839767632963329, -0.9857224094135553, -0.9874504424596062, -0.9891606950782822, -0.9908530062603684, -0.9925272216621026, -0.9941831938936556, -0.9958207827806322, -0.9974398556011228, -0.999040287300607, -1.0006219606865139, -1.002184766604044, -1.0037286040945486, -1.0052533805376107, -1.0067590117775609, -1.0082454222353332, -1.0097125450059754, -1.0111603219424126, -1.0125887037256474, -1.013997649921722, -1.015387129025419, -1.0167571184910127, -1.018107604749897, -1.0194385832152915, -1.0207500582738982, -1.022042043264585, -1.0233145604441127, -1.024567640939828, -1.0258013246894864, -1.0270156603681617, -1.028210705302442, -1.0293865253718903, -1.0305431948981225, -1.0316807965215449, -1.0327994210660805, -1.0338991673921722, -1.0349801422383527, -1.0360424600517832, -1.0370862428081564, -1.0381116198214264, -1.039118727543809, -1.0401077093566609, -1.0410787153526606, -1.0420319021099977, -1.0429674324590765, -1.0438854752423872, -1.0447862050682684, -1.045669802059035, -1.0465364515943407, -1.0473863440503495, -1.0482196745353647, -1.0490366426226843, -1.049837452081311, -1.0506223106051829, -1.0513914295415996, -1.052145023619524, -1.052883310678332, -1.0536065113976447, -1.0543148490289571, -1.0550085491294012, -1.0556878392984455, -1.056352948917875, -1.0570041088956967, -1.0576415514142832, -1.058265509683352, -1.058876217698079, -1.059473910002787, -1.0600588214605464, -1.0606311870290004, -1.0611912415426783, -1.0617392195021274, -1.0622753548700035, -1.0627998808743646, -1.063313029819339, -1.063815032903256, -1.0643061200443928, -1.0647865197144342, -1.0652564587796225, -1.0657161623497102, -1.0661658536346885, -1.0666057538092444, -1.0670360818849973, -1.067457054590344, -1.067868886257918, -1.068271788719541, -1.0686659712085627, -1.069051640269443, -1.0694289996744617, -1.0697982503474082, -1.0701595902940502, -1.0705132145392762, -1.070859315070645, -1.0711980807882338, -1.0715296974605393, -1.0718543476862599, -1.0721722108617295, -1.0724834631538263, -1.0727882774780992, -1.0730868234819695, -1.0733792675327103, -1.0736657727100833, -1.0739464988032874, -1.0742216023122149, -1.0744912364525436, -1.074755551164735, -1.0750146931264424, -1.0752688057684323, -1.0755180292935527, -1.0757625006987441, -1.076002353799779, -1.076237719258632, -1.0764687246132751, -1.0766954943096538, -1.0769181497358327, -1.0771368092579539, -1.0773515882580116, -1.0775625991732058]}