{"FCI": -1.213391021347384, "Energy": -0.9076788927547684, "Loss": [-0.42051869487644317, -0.4260166320273004, -0.4319558162509953, -0.4383554966497249, -0.44523097053865235, -0.452592534752173, -0.46044442721976664, -0.4687838168332016, -0.47759991078984787, -0.4868732558711809, -0.49657531135832567, -0.5066683646195139, -0.517105844676797, -0.5278330643022101, -0.53878838895006, -0.5499047942188565, -0.5611117369518792, -0.5723372335481683, -0.5835100172870046, -0.5945616379242887, -0.6054283729284147, -0.616052839555425, -0.6263852274236889, -0.6363841077468511, -0.6460168127921742, -0.6552594127582512, -0.6640963436236516, -0.6725197567191146, -0.6805286685492027, -0.6881279887798529, -0.695327497210994, -0.7021408292113185, -0.7085845156792734, -0.714677109927944, -0.7204384212969944, -0.7258888645853648, -0.7310489259411098, -0.735938739664307, -0.7405777662736535, -0.7449845598294416, -0.7491766115223291, -0.7531702565649456, -0.7569806321396451, -0.760621675295881, -0.7641061510491725, -0.7674457023608257, -0.7706509150710074, -0.7737313921530012, -0.7766958328170335, -0.779552113003321, -0.7823073646638787, -0.7849680519491231, -0.7875400430009694, -0.7900286765237831, -0.7924388226743186, -0.7947749380966178, -0.7970411151419153, -0.799241125469642, -0.8013784583344832, -0.8034563539358823, -0.8054778322479704, -0.8074457177670435, -0.8093626606150356, -0.8112311544264841, -0.8130535514259836, -0.8148320750767883, -0.816568830650955, -0.8182658140390927, -0.8199249190849299, -0.8215479436977032, -0.8231365949638808, -0.8246924934508042, -0.8262171768670747, -0.8277121032201031, -0.8291786535882892, -0.8306181346055908, -0.8320317807381898, -0.833420756417828, -0.8347861580826871, -0.8361290161654888, -0.8374502970587114, -0.8387509050787199, -0.8400316844439483, -0.8412934212768076, -0.842536845634555, -0.8437626335709452, -0.844971409227799, -0.8461637469535142, -0.8473401734441995, -0.8485011699019562, -0.8496471742042822, -0.8507785830780991, -0.8518957542718911, -0.8529990087193522, -0.8540886326882601, -0.8551648799083803, -0.8562279736727726, -0.8572781089070148, -0.8583154542014456, -0.8593401538018416, -0.8603523295543838, -0.8613520828012087, -0.8623394962231188, -0.86331463562658, -0.864277551672268, -0.8652282815429775, -0.8661668505488183, -0.8670932736680722, -0.8680075570223209, -0.8689096992846304, -0.8697996930199356, -0.8706775259569908, -0.8715431821913955, -0.8723966433195175, -0.8732378895032744, -0.874066900465972, -0.8748836564195785, -0.8756881389240354, -0.8764803316792845, -0.877260221251014, -0.8780277977311731, -0.878783055334591, -0.8795259929329875, -0.8802566145281077, -0.8809749296655661, -0.881680953791349, -0.8823747085528697, -0.8830562220467013, -0.8837255290152015, -0.8843826709942584, -0.8850276964145972, -0.8856606606590007, -0.8862816260780116, -0.8868906619666048, -0.8874878445044071, -0.8880732566620815, -0.8886469880763836, -0.8892091348965636, -0.8897597996046244, -0.8902990908119913, -0.8908271230350145, -0.891344016451869, -0.8918498966430789, -0.8923448943181, -0.8928291450300425, -0.8933027888808394, -0.8937659702187284, -0.894218837330128, -0.8946615421276496, -0.8950942398360793, -0.8955170886778587, -0.895930249559628, -0.8963338857612655, -0.8967281626286517, -0.8971132472713896, -0.8974893082664993, -0.8978565153691349, -0.898215039231121, -0.8985650511280208, -0.8989067226955458, -0.8992402256756744, -0.899565731673127, -0.8998834119224488, -0.9001934370660811, -0.9004959769436307, -0.9007912003924581, -0.9010792750597105, -0.901360367225806, -0.90163464163935, -0.9019022613633534, -0.9021633876326917, -0.9024181797225613, -0.9026667948277753, -0.9029093879525828, -0.9031461118108218, -0.9033771167360226, -0.9036025506012109, -0.9038225587479649, -0.9040372839244918, -0.9042468662322801, -0.9044514430809556, -0.9046511491509633, -0.9048461163637288, -0.905036473858817, -0.9052223479778331, -0.9054038622545383, -0.9055811374109264, -0.905754291358785, -0.9059234392064665, -0.9060886932704352, -0.9062501630912672, -0.9064079554538272, -0.9065621744111457, -0.9067129213118434, -0.9068602948307151, -0.9070043910021599, -0.907145303256251, -0.9072831224571095, -0.9074179369433844, -0.9075498325705394]}