{"FCI": -1.116298042885828, "Energy": -1.0739840879692109, "Loss": [-0.6364623549840935, -0.6429951578980466, -0.6495534827540369, -0.6561345742335731, -0.6627355823994616, -0.6693535232487465, -0.6759852424487631, -0.6826273835991161, -0.6892763622360035, -0.6959283466210618, -0.7025792461401676, -0.7092247078854155, -0.7158601217156016, -0.7224806337978655, -0.7290811683387278, -0.7356564569293791, -0.742201074670828, -0.7487094820215402, -0.7551760711332143, -0.7615952153174134, -0.7679613202210023, -0.7742688752832267, -0.7805125040995179, -0.7866870124213253, -0.7927874326696618, -0.7988090640223582, -0.8047475073403336, -0.810598694414816, -0.8163589112340455, -0.8220248151750126, -0.8275934462141816, -0.8330622324151343, -0.838428990085831, -0.8436919191020049, -0.8488495939655792, -0.8539009512095895, -0.8588452737766727, -0.86368217299002, -0.8684115687089144, -0.8730336682187502, -0.8775489443532669, -0.8819581132877261, -0.8862621123798653, -0.8904620783735008, -0.8945593262199358, -0.898555328716528, -0.9024516971112602, -0.9062501627773923, -0.9099525600237905, -0.9135608100739917, -0.9170769062206234, -0.9205029001405276, -0.9238408893396649, -0.9270930056848333, -0.9302614049706991, -0.9333482574652987, -0.9363557393741333, -0.9392860251619056, -0.9421412806715432, -0.9449236569814135, -0.947635284944366, -0.9502782703546335, -0.9528546896922582, -0.9553665863974962, -0.957815967631479, -0.96020480148216, -0.9625350145781376, -0.964808490075433, -0.9670270659854413, -0.9691925338145022, -0.9713066374880407, -0.9733710725342193, -0.9753874855040865, -0.9773574736069118, -0.9792825845410208, -0.98116431650188, -0.9830041183505334, -0.9848033899267303, -0.9865634824921469, -0.9882856992902266, -0.9899712962099728, -0.991621482542115, -0.9932374218166796, -0.9948202327118796, -0.9963709900250013, -0.9978907256964583, -0.9993804298790575, -1.000841052044885, -1.0022735021229539, -1.0036786516611829, -1.0050573350068273, -1.0064103504999369, -1.0077384616748175, -1.009042398464991, -1.0103228584074508, -1.011580507842392, -1.0128159831049757, -1.0140298917060566, -1.0152228134989292, -1.016395301829686, -1.017547884668862, -1.018681065722333, -1.0197953255197838, -1.0208911224790638, -1.0219688939452096, -1.0230290572028462, -1.0240720104611063, -1.025098133810192, -1.0261077901488764, -1.0271013260825297, -1.0280790727911784, -1.0290413468674267, -1.0299884511239803, -1.0309206753708522, -1.0318382971621667, -1.0327415825128377, -1.0336307865852037, -1.034506154346018, -1.0353679211940925, -1.036216313559075, -1.0370515494717658, -1.0378738391065698, -1.038683385296625, -1.0394803840222293, -1.040265024873229, -1.0410374914860538, -1.0417979619560493, -1.0425466092259525, -1.043283601451175, -1.0440091023426372, -1.0447232714881238, -1.045426264652625, -1.0461182340588169, -1.0467993286482136, -1.0474696943239192, -1.0481294741757612, -1.0487788086885688, -1.0494178359344042, -1.050046691749544, -1.0506655098969255, -1.0512744222148624, -1.0518735587527877, -1.0524630478946495, -1.053043016470807, -1.053613589858992, -1.0541748920751097, -1.0547270458544695, -1.0552701727240812, -1.0558043930666572, -1.0563298261769107, -1.0568465903106299, -1.0573548027272373, -1.0578545797261576, -1.058346036677674, -1.0588292880485932, -1.0593044474232916, -1.059771627520491, -1.0602309402062269, -1.0606824965033064, -1.0611264065977641, -1.0615627798424925, -1.0619917247584683, -1.062413349033857, -1.0628277595212428, -1.0632350622333013, -1.0636353623370733, -1.0640287641471389, -1.0644153711178848, -1.0647952858349572, -1.0651686100062894, -1.065535444452583, -1.0658958890976367, -1.06625004295848, -1.0665980041355227, -1.0669398698028256, -1.067275736198482, -1.0676056986153306, -1.0679298513920052, -1.0682482879043451, -1.068561100557298, -1.0688683807773296, -1.0691702190053454, -1.0694667046902113, -1.0697579262828472, -1.0700439712309564, -1.0703249259743626, -1.0706008759410097, -1.0708719055435665, -1.0711380981767094, -1.0713995362150008, -1.0716563010114308, -1.0719084728965595, -1.072156131178286, -1.0723993541421746, -1.0726382190523884, -1.072872802153189, -1.0731031786709437, -1.073329422816678, -1.0735516077891232, -1.0737698057782443]}