{"FCI": -1.2726205517125175, "Energy": -0.34785398210401963, "Loss": [-0.03841086306100136, -0.03958171474554031, -0.04075708807694457, -0.04193698918952311, -0.043121424001743486, -0.044310398212375125, -0.045503917296613045, -0.046701986502183594, -0.047904610845421164, -0.04911179510733488, -0.0503235438296481, -0.05153986131082506, -0.0527607516020734, -0.05398621850333997, -0.055216265559278735, -0.056450896055212724, -0.05769011301308044, -0.05893391918736523, -0.06018231706101557, -0.06143530884135544, -0.06269289645597961, -0.06395508154864846, -0.06522186547516405, -0.06649324929924862, -0.06776923378841343, -0.06904981940982133, -0.07033500632614878, -0.07162479439144931, -0.07291918314700391, -0.07421817181718471, -0.07552175930531559, -0.0768299441895318, -0.07814272471865025, -0.07946009880804056, -0.08078206403550714, -0.08210861763717482, -0.0834397565033895, -0.0847754771746265, -0.08611577583741242, -0.08746064832026493, -0.08881009008963865, -0.09016409624590198, -0.0915226615193219, -0.09288578026607444, -0.09425344646427475, -0.09562565371003318, -0.09700239521353655, -0.09838366379515558, -0.09976945188157942, -0.10115975150198608, -0.10255455428423915, -0.10395385145111999, -0.10535763381660358, -0.1067658917821564, -0.10817861533308751, -0.10959579403493735, -0.11101741702990318, -0.11244347303331928, -0.11387395033017414, -0.11530883677168689, -0.11674811977192337, -0.1181917863044727, -0.11963982289917605, -0.12109221563890682, -0.122548950156417, -0.12401001163123887, -0.12547538478664813, -0.12694505388669627, -0.12841900273329815, -0.12989721466340376, -0.13137967254622548, -0.13286635878054154, -0.13435725529207454, -0.13585234353094808, -0.13735160446921865, -0.13885501859848196, -0.14036256592756943, -0.1418742259803248, -0.14338997779346563, -0.14490979991453304, -0.1464336703999282, -0.14796156681304726, -0.14949346622249915, -0.15102934520042682, -0.15256917982092466, -0.154112945658548, -0.15566061778693027, -0.15721217077750066, -0.1587675786983035, -0.16032681511292776, -0.16188985307954024, -0.1634566651500352, -0.1650272233692797, -0.1666014992744983, -0.1681794638947415, -0.16976108775049384, -0.17134634085338865, -0.17293519270604438, -0.17452761230202687, -0.17612356812592306, -0.1777230281535464, -0.179325959852271, -0.1809323301814808, -0.18254210559315479, -0.1841552520325853, -0.18577173493921587, -0.18739151924761366, -0.18901456938858557, -0.19064084929041575, -0.19227032238024044, -0.19390295158556692, -0.19553869933591728, -0.1971775275646181, -0.19881939771073054, -0.2004642707211146, -0.2021121070526331, -0.2037628666745008, -0.20541650907077585, -0.2070729932429871, -0.20873227771291394, -0.21039432052549475, -0.21205907925189582, -0.2137265109927093, -0.21539657238130827, -0.21706921958733158, -0.21874440832032804, -0.22042209383353448, -0.2221022309277993, -0.2237847739556567, -0.22546967682553903, -0.2271568930061356, -0.22884637553089301, -0.2305380770026595, -0.23223194959847665, -0.2339279450745014, -0.235626014771089, -0.2373261096179963, -0.2390281801397347, -0.2407321764610642, -0.24243804831263246, -0.2441457450367254, -0.24585521559319048, -0.2475664085654607, -0.24927927216674273, -0.25099375424631476, -0.25270980229596973, -0.25442736345658357, -0.25614638452481564, -0.25786681195992855, -0.2595885918907454, -0.2613116701227162, -0.2630359921451244, -0.26476150313839386, -0.2664881479815324, -0.26821587125967655, -0.2699446172717626, -0.27167433003829666, -0.2734049533092549, -0.27513643057206405, -0.2768687050597155, -0.27860171975895764, -0.280335417418608, -0.2820697405579503, -0.28380463147523527, -0.28554003225627056, -0.28727588478309385, -0.2890121307427516, -0.2907487116361423, -0.29248556878695425, -0.2942226433506747, -0.2959598763236814, -0.29769720855239784, -0.29943458074253, -0.3011719334683543, -0.30290920718208625, -0.30464634222329534, -0.3063832788283848, -0.3081199571401171, -0.3098563172172015, -0.31159229904391733, -0.3133278425397845, -0.31506288756927936, -0.316797373951578, -0.3185312414703402, -0.32026442988352, -0.3219968789332029, -0.32372852835546456, -0.3254593178902479, -0.32718918729126467, -0.3289180763358942, -0.3306459248351022, -0.3323726726433564, -0.33409825966855095, -0.33582262588192413, -0.3375457113279674, -0.3392674561343284, -0.34098780052170224, -0.3427066848137016, -0.34442404944670363, -0.3461398349796854]}