{"FCI": -1.1917623439771352, "Energy": -0.9470668615371435, "Loss": [-0.38462412710519045, -0.3914728024401324, -0.39887394414150257, -0.4068562450662787, -0.41544422511231033, -0.42465672652444253, -0.43450530706176055, -0.44499260196580764, -0.4561107489130067, -0.46783999072232335, -0.48014758476626956, -0.4929871517180144, -0.5062985857661324, -0.5200086213570065, -0.5340321077542941, -0.5482739850652063, -0.5626318898285895, -0.5769992532819861, -0.5912687006892646, -0.6053355245497714, -0.6191009943417728, -0.6324752826869644, -0.6453798297240181, -0.6577490271723677, -0.6695311716061179, -0.6806887028859699, -0.6911978000159568, -0.7010474472383666, -0.7102381056656857, -0.7187801309886975, -0.7266920688819519, -0.7339989409411343, -0.7407306098200664, -0.746920286630274, -0.7526032196006737, -0.7578155823634403, -0.7625935639420572, -0.7669726507076244, -0.7709870828592679, -0.7746694637084625, -0.7780504984349458, -0.7811588392851945, -0.7840210157472539, -0.7866614305289402, -0.789102404790036, -0.7913642587518104, -0.7934654163456359, -0.7954225248595271, -0.7972505825457494, -0.7989630688516092, -0.8005720733402413, -0.8020884205050854, -0.8035217885830067, -0.8048808211717252, -0.8061732309910206, -0.8074058955245466, -0.8085849445676208, -0.8097158399088552, -0.8108034475093938, -0.8118521026287572, -0.8128656683935307, -0.8138475883245743, -0.8148009333378609, -0.8157284437198493, -0.8166325665547081, -0.8175154890518808, -0.8183791681900167, -0.819225357060304, -0.8200556282587269, -0.8208713946447032, -0.82167392775294, -0.822464374116597, -0.823243769733381, -0.8240130528817868, -0.824773075472592, -0.825524613100496, -0.8262683739428858, -0.8270050066362274, -0.8277351072461959, -0.8284592254345519, -0.8291778699142196, -0.8298915132736833, -0.8306005962426504, -0.8313055314627764, -0.8320067068200364, -0.8327044883887781, -0.8333992230320809, -0.8340912406976153, -0.8347808564440649, -0.8354683722289554, -0.8361540784853708, -0.8368382555118268, -0.8375211746968134, -0.838203099597101, -0.8388842868866836, -0.8395649871913077, -0.8402454458218312, -0.8409259034181329, -0.8416065965139117, -0.8422877580315751, -0.8429696177152861, -0.8436524025093536, -0.8443363368882787, -0.845021643144004, -0.845708541635366, -0.8463972510040048, -0.8470879883606199, -0.8477809694448867, -0.8484764087620367, -0.849174519698665, -0.849875514620102, -0.8505796049512718, -0.8512870012429065, -0.8519979132245217, -0.8527125498456304, -0.8534311193062614, -0.8541538290778669, -0.8548808859155044, -0.8556124958620267, -0.8563488642450088, -0.857090195666946, -0.8578366939892721, -0.8585885623105441, -0.8593460029392946, -0.8601092173617325, -0.8608784062046677, -0.8616537691938397, -0.8624355051078333, -0.8632238117277783, -0.8640188857829615, -0.8648209228924433, -0.8656301175027743, -0.8664466628219262, -0.8672707507494324, -0.868102571802831, -0.8689423150404411, -0.8697901679804916, -0.8706463165165857, -0.871510944829613, -0.8723842352960002, -0.8732663683923968, -0.8741575225967325, -0.8750578742856984, -0.8759675976286354, -0.8768868644777934, -0.8778158442550196, -0.8787547038348557, -0.8797036074240157, -0.8806627164373284, -0.8816321893700612, -0.8826121816667356, -0.8836028455863852, -0.8846043300643043, -0.8856167805703711, -0.8866403389638627, -0.8876751433449891, -0.8887213279030133, -0.8897790227611717, -0.8908483538184121, -0.8919294425880006, -0.8930224060332072, -0.8941273564000328, -0.8952444010472564, -0.8963736422738315, -0.8975151771438163, -0.8986690973090448, -0.8998354888296806, -0.9010144319928709, -0.9022060011297239, -0.9034102644308942, -0.9046272837609177, -0.9058571144717309, -0.9070998052155673, -0.9083553977575958, -0.9096239267886297, -0.9109054197383099, -0.9121998965891198, -0.9135073696916413, -0.9148278435815209, -0.9161613147985992, -0.9175077717086298, -0.9188671943282012, -0.9202395541532935, -0.9216248139920474, -0.9230229278023554, -0.9244338405347755, -0.9258574879814865, -0.9272937966318018, -0.9287426835349432, -0.9302040561707188, -0.9316778123287268, -0.9331638399968014, -0.9346620172593552, -0.9361722122062623, -0.9376942828530634, -0.9392280770730025, -0.9407734325417118, -0.9423301766951269, -0.9438981267012634, -0.945477089446536]}