{"FCI": -0.741096446723329, "Energy": 0.6552660210296946, "Loss": [1.2687520235752463, 1.2652455900614252, 1.261729551857527, 1.2582040856726517, 1.2546693711720571, 1.2511255909508883, 1.2475729305061245, 1.244011578206995, 1.2404417252636386, 1.2368635656940783, 1.2332772962895877, 1.2296831165783644, 1.2260812287875342, 1.2224718378034836, 1.2188551511306385, 1.215231378848476, 1.2116007335669947, 1.2079634303806044, 1.2043196868203045, 1.2006697228044052, 1.1970137605876108, 1.1933520247085896, 1.1896847419360241, 1.1860121412131421, 1.182334453600804, 1.178651912219121, 1.1749647521876367, 1.1712732105641743, 1.1675775262822563, 1.1638779400872346, 1.1601746944711104, 1.1564680336060829, 1.1527582032769332, 1.1490454508121035, 1.1453300250137541, 1.1416121760866262, 1.1378921555658879, 1.1341702162439171, 1.130446612096166, 1.1267215982060017, 1.1229954306887444, 1.1192683666148238, 1.1155406639321588, 1.111812581387785, 1.1080843784487897, 1.1043563152226281, 1.1006286523768232, 1.0969016510581728, 1.0931755728114032, 1.0894506794974985, 1.0857272332115397, 1.0820054962003471, 1.078285730779759, 1.0745681992517695, 1.0708531638215022, 1.0671408865140701, 1.0634316290914554, 1.0597256529693153, 1.0560232191340009, 1.0523245880595822, 1.0486300196251486, 1.0449397730323298, 1.0412541067231398, 1.0375732782981502, 1.0338975444351306, 1.0302271608081273, 1.0265623820070857, 1.0229034614580494, 1.0192506513440263, 1.0156042025264924, 1.0119643644677043, 1.0083313851537468, 1.0047055110184904, 1.0010869868683636, 0.9974760558081744, 0.9938729591678339, 0.9902779364301784, 0.9866912251598392, 0.9831130609332875, 0.9795436772700135, 0.9759833055649498, 0.9724321750221446, 0.9688905125897147, 0.9653585428961895, 0.9618364881881408, 0.9583245682693167, 0.9548230004411595, 0.9513319994447894, 0.9478517774045365, 0.9443825437729854, 0.9409245052775755, 0.9374778658688081, 0.9340428266700419, 0.9306195859289383, 0.9272083389705861, 0.9238092781522618, 0.9204225928198955, 0.9170484692662774, 0.913687090690955, 0.9103386371618686, 0.9070032855787741, 0.9036812096383795, 0.9003725798012775, 0.8970775632606286, 0.8937963239126482, 0.8905290223288509, 0.8872758157300928, 0.8840368579623933, 0.8808122994745233, 0.8776022872973791, 0.8744069650251506, 0.8712264727982169, 0.8680609472878211, 0.8649105216825, 0.8617753256762315, 0.8586554854583395, 0.8555511237050729, 0.8524623595729254, 0.8493893086936003, 0.8463320831706701, 0.8432907915778536, 0.8402655389589749, 0.8372564268294537, 0.8342635531794524, 0.8312870124785373, 0.8283268956819131, 0.8253832902381466, 0.8224562800983997, 0.8195459457271117, 0.8166523641141343, 0.8137756087882393, 0.8109157498320676, 0.8080728538983527, 0.8052469842275269, 0.8024382006665884, 0.799646559689226, 0.796872114417175, 0.7941149146427786, 0.7913750068526804, 0.7886524342526955, 0.7859472367937108, 0.7832594511987312, 0.7805891109908578, 0.7779362465223546, 0.7753008850045963, 0.7726830505390032, 0.7700827641488277, 0.7675000438118178, 0.7649349044936871, 0.762387358182395, 0.7598574139231598, 0.7573450778541969, 0.7548503532431599, 0.7523732405241937, 0.7499137373356441, 0.7474718385583352, 0.745047536354378, 0.7426408202065351, 0.7402516769580385, 0.7378800908528655, 0.7355260435764434, 0.7331895142967304, 0.7308704797056478, 0.7285689140608685, 0.7262847892278532, 0.7240180747221907, 0.7217687377521488, 0.7195367432614377, 0.7173220539721619, 0.7151246304278963, 0.7129444310369073, 0.7107814121154497, 0.7086355279311529, 0.7065067307464108, 0.7043949708618451, 0.7023001966596979, 0.7002223546472419, 0.6981613895000996, 0.6961172441055119, 0.6940898596054866, 0.6920791754398244, 0.6900851293890151, 0.6881076576169538, 0.6861466947134852, 0.684202173736737, 0.6822740262552331, 0.6803621823897685, 0.6784665708550314, 0.67658711900094, 0.6747237528537027, 0.6728763971565682, 0.6710449754102424, 0.6692294099130114, 0.6674296218004545, 0.6656455310848683, 0.663877056694249, 0.6621241165109476, 0.6603866274098966, 0.6586645052964281, 0.6569576651437079]}