{"FCI": -1.1696834518614552, "Energy": -1.0458684563740497, "Loss": [-0.5508622334375561, -0.5514571982130491, -0.5525868879721886, -0.5541964178756298, -0.5562357518882679, -0.5586592183049317, -0.5614250621340521, -0.5644950414196876, -0.5678340694184355, -0.571409901391648, -0.5751928629622719, -0.579155616055801, -0.5832729580787104, -0.5875216499703115, -0.5918802689533064, -0.5963290821118941, -0.6008499372856764, -0.6054261681466767, -0.6100425107040031, -0.6146850288440456, -0.6193410468569145, -0.6239990872190045, -0.6286488121961481, -0.6332809681009884, -0.6378873312825709, -0.6424606551458774, -0.6469946176943764, -0.6514837692603428, -0.6559234802358836, -0.6603098887433171, -0.6646398482871398, -0.6689108755127114, -0.6731210982598741, -0.6772692041446617, -0.6813543899304796, -0.685376311963693, -0.6893350379490687, -0.6932310003302119, -0.6970649515208274, -0.7008379212064013, -0.7045511759044784, -0.7082061809370296, -0.7118045649316325, -0.7153480869314104, -0.718838606157144, -0.7222780544306214, -0.7256684112360785, -0.7290116813676515, -0.7323098750853172, -0.7355649906797225, -0.7387789993285683, -0.7419538321126666, -0.745091369049188, -0.7481934299923859, -0.7512617672478341, -0.7542980597449901, -0.7573039086139719, -0.7602808340158589, -0.7632302730808714, -0.7661535788154716, -0.7690520198470969, -0.7719267808840411, -0.7747789637770777, -0.7776095890791825, -0.7804195980094594, -0.7832098547370644, -0.7859811489106894, -0.7887341983682473, -0.7914696519704929, -0.7941880925105105, -0.7968900396590994, -0.7995759529130919, -0.8022462345204724, -0.8049012323620798, -0.807541242775088, -0.8101665133081837, -0.8127772454024397, -0.8153735969955129, -0.8179556850496171, -0.8205235880062367, -0.8230773481724227, -0.8256169740449147, -0.8281424425794426, -0.830653701412993, -0.8331506710473587, -0.8356332470019304, -0.8381013019435967, -0.8405546878009421, -0.8429932378691687, -0.8454167689112747, -0.8478250832599232, -0.8502179709232882, -0.8525952116969414, -0.8549565772825756, -0.8573018334130752, -0.8596307419822347, -0.86194306317616, -0.8642385576022176, -0.8665169884104105, -0.8687781234009616, -0.8710217371111163, -0.8732476128733295, -0.8754555448364889, -0.8776453399412144, -0.8798168198400688, -0.8819698227531801, -0.884104205249857, -0.8862198439467157, -0.8883166371131761, -0.890394506175483, -0.8924533971108852, -0.8944932817241427, -0.8965141587993211, -0.8985160551205158, -0.9004990263559599, -0.9024631578010304, -0.9044085649764266, -0.9063353940789722, -0.9082438222833079, -0.9101340578939204, -0.9120063403478474, -0.9138609400694219, -0.9156981581793168, -0.9175183260611697, -0.919321804789728, -0.9211089844254206, -0.9228802831808222, -0.9246361464652756, -0.9263770458143044, -0.928103477711065, -0.9298159623074725, -0.9315150420527518, -0.9332012802377488, -0.9348752594630081, -0.9365375800391312, -0.9381888583275727, -0.9398297250301701, -0.9414608234354371, -0.9430828076294667, -0.9446963406790959, -0.9463020927946063, -0.9479007394789496, -0.9494929596700993, -0.9510794338828167, -0.9526608423555674, -0.9542378632080911, -0.9558111706146679, -0.9573814329976315, -0.9589493112453646, -0.9605154569587235, -0.962080510729277, -0.9636451004525606, -0.9652098396792621, -0.9667753260068058, -0.9683421395137488, -0.9699108412391094, -0.971481971708501, -0.973056049508957, -0.9746335699140425, -0.976215003560893, -0.977800795180736, -0.9793913623844218, -0.9809870945044815, -0.9825883514953216, -0.9841954628931431, -0.9858087268373122, -0.9874284091549884, -0.9890547425108147, -0.9906879256238144, -0.9923281225534226, -0.9939754620570287, -0.9956300370212728, -0.9972919039695246, -0.9989610826480952, -1.0006375556936944, -1.002321268384812, -1.0040121284796357, -1.005710006143149, -1.007414733966024, -1.0091261070777988, -1.0108438833567988, -1.012567783739044, -1.0142974926282038, -1.0160326584084702, -1.0177728940619042, -1.019517777891459, -1.0212668543506012, -1.0230196349799945, -1.0247755994511987, -1.0265341967169959, -1.0282948462672643, -1.0300569394889336, -1.0318198411277526, -1.0335828908492621, -1.0353454048954498, -1.0371066778331115, -1.0388659843893102, -1.040622581368449, -1.0423757096451207, -1.0441245962260741]}