{"FCI": -1.1979356598987572, "Energy": 0.011324724533252603, "Loss": [0.28614199244787974, 0.2766504409439343, 0.26985735038797753, 0.2642648673806049, 0.2593900062042225, 0.25500595239741575, 0.2509849250520559, 0.24724658293289808, 0.24373653396620304, 0.2404159340918835, 0.23725589817952497, 0.2342342546641071, 0.23133354468930442, 0.22853972810081213, 0.22584131321822482, 0.22322875222256927, 0.22069400933970967, 0.2182302450504523, 0.2158315803613047, 0.2134929176449294, 0.21120980229399883, 0.20897831436948708, 0.20679498265851312, 0.20465671572439614, 0.20256074601433388, 0.20050458412355152, 0.19848598104706214, 0.19650289677720795, 0.19455347398964712, 0.19263601584472326, 0.19074896714370673, 0.1888908982400937, 0.18706049122898144, 0.18525652803211157, 0.18347788006985677, 0.18172349926910725, 0.179992410201691, 0.17828370318422296, 0.1765965281994184, 0.17493008952236155, 0.17328364095425589, 0.17165648158173935, 0.17004795199258194, 0.16845743088910492, 0.16688433204935885, 0.16532810159337274, 0.16378821551782102, 0.16226417746756913, 0.16075551671684557, 0.15926178633639645, 0.15778256152611753, 0.15631743809521223, 0.15486603107424352, 0.15342797344533293, 0.1520029149784299, 0.1505905211630214, 0.14919047222585763, 0.14780246222639076, 0.1464261982225243, 0.145061399500099, 0.14370779686025761, 0.14236513195946443, 0.14103315669748656, 0.13971163264914047, 0.13840033053603884, 0.13709902973494895, 0.13580751781969072, 0.13452559013382542, 0.13325304939164453, 0.13198970530518733, 0.13073537423524478, 0.129489878864489, 0.12825304789103137, 0.12702471574086863, 0.12580472229782055, 0.12459291264965769, 0.12338913684925881, 0.12219324968972095, 0.12100511049243393, 0.11982458290721265, 0.11865153472367514, 0.11748583769307236, 0.11632736735990032, 0.1151760029026196, 0.1140316269828971, 0.11289412560282919, 0.1117633879696042, 0.11063930636717051, 0.10952177603444616, 0.1084106950496755, 0.10730596422055745, 0.10620748697979505, 0.10511516928573901, 0.10402891952783305, 0.10294864843656608, 0.10187426899768577, 0.10080569637041917, 0.09974284780947132, 0.09868564259060288, 0.09763400193957539, 0.09658784896428035, 0.09554710858988844, 0.09451170749684193, 0.09348157406155405, 0.0924566382996572, 0.09143683181167572, 0.09042208773100134, 0.08941234067403415, 0.08840752669240443, 0.087407583227154, 0.08641244906477744, 0.0854220642950454, 0.08443637027050957, 0.08345530956760895, 0.08247882594931072, 0.08150686432919745, 0.08053937073694631, 0.07957629228512055, 0.07861757713722846, 0.07766317447697609, 0.07671303447867063, 0.07576710827871026, 0.07482534794812895, 0.07388770646612934, 0.07295413769457666, 0.07202459635339778, 0.07109903799685845, 0.07017741899067066, 0.06925969648990335, 0.06834582841764844, 0.06743577344443194, 0.06652949096831604, 0.06562694109568121, 0.0647280846226457, 0.06383288301711308, 0.06294129840140218, 0.062053293535455356, 0.061168831800586916, 0.06028787718376369, 0.05941039426238236, 0.058536348189529935, 0.05766570467972339, 0.05679842999508211, 0.05593449093193384, 0.05507385480784348, 0.054216489449027724, 0.05336236317816531, 0.052511444802563034, 0.05166370360269534, 0.050819109321064954, 0.04997763215141229, 0.04913924272823017, 0.048303912116595016, 0.04747161180228274, 0.04664231368218017, 0.04581599005496609, 0.04499261361205586, 0.044172157428810296, 0.04335459495598104, 0.04253990001140302, 0.04172804677191626, 0.040919009765505415, 0.04011276386366132, 0.039309284273947184, 0.03850854653276503, 0.03771052649832086, 0.036915200343772034, 0.03612254455056467, 0.0353325359019367, 0.03454515147660382, 0.03376036864259761, 0.03297816505127417, 0.03219851863147101, 0.03142140758381766, 0.03064681037518857, 0.029874705733294243, 0.029105072641422026, 0.028337890333288308, 0.027573138288038684, 0.026810796225358157, 0.026050844100711106, 0.025293262100693367, 0.024538030638498194, 0.023785130349495084, 0.0230345420869128, 0.022286246917630502, 0.02154022611806057, 0.020796461170140796, 0.020054933757413875, 0.019315625761202423, 0.01857851925687409, 0.017843596510190674, 0.0171108399737507, 0.016380232283501335, 0.015651756255343926, 0.014925394881807462, 0.014201131328807497, 0.013478948932468766, 0.012758831196029958, 0.01204076178681153]}