{"FCI": -1.137067858273465, "Energy": -1.1084313740076381, "Loss": [-0.8333149988613235, -0.8378303538235206, -0.8422146115313546, -0.8464640122671122, -0.8505795851340878, -0.8545696270230075, -0.8584481041620499, -0.8622275201179576, -0.8659144230374486, -0.8695107636123739, -0.8730164832854396, -0.8764310616016264, -0.8797542335831645, -0.8829863229659488, -0.8861284137524194, -0.8891824449724082, -0.8921512565057871, -0.895038592592224, -0.8978490628897223, -0.900588060553078, -0.903261639628987, -0.9058763584116427, -0.9084390998585083, -0.910956883425339, -0.913436683792356, -0.9158852706298892, -0.9183090802320262, -0.9207141254651953, -0.9231059460368755, -0.9254895973067008, -0.9278696730415744, -0.9302503556365758, -0.9326354862036298, -0.9350286463604796, -0.9374332433540694, -0.9398525901936323, -0.9422899726932175, -0.9447486957865007, -0.9472321023716328, -0.9497435595702655, -0.952286409930858, -0.9548638888481153, -0.9574790139673948, -0.9601344567579445, -0.9628324096129987, -0.9655744627231249, -0.9683615031424085, -0.9711936443831898, -0.9740701897176247, -0.9769896275313111, -0.9799496536227715, -0.9829472136873918, -0.9859785591759548, -0.9890393107423062, -0.9921245250000909, -0.9952287618332097, -0.9983461507800846, -1.001470455937176, -1.0045951394131607, -1.0077134236739897, -1.0108183532283013, -1.013902856081084, -1.0169598052856546, -1.0199820807864461, -1.0229626315933689, -1.02589453817612, -1.0287710748227472, -1.0315857715741719, -1.034332475228266, -1.0370054088028413, -1.0395992287578584, -1.0421090792030698, -1.0445306422589318, -1.0468601836975069, -1.0490945929672777, -1.051231416704665, -1.0532688848578993, -1.055205928599937, -1.0570421892901452, -1.0587780178628359, -1.0604144641785287, -1.061953256071895, -1.0633967680682155, -1.0647479800146307, -1.0660104261747776, -1.0671881356539197, -1.0682855653395125, -1.069307526838901, -1.0702591091495102, -1.0711455989854273, -1.071972400789011, -1.0727449584637734, -1.073468680770966, -1.0741488721413004, -1.0747906703785641, -1.075398992395317, -1.0759784887484, -1.0765335073617588, -1.0770680664617587, -1.0775858364280857, -1.0780901299956476, -1.0785839000389983, -1.0790697440310741, -1.0795499141899003, -1.0800263323019692, -1.0805006082298598, -1.080974061164388, -1.0814477427576044, -1.0819224613641782, -1.0823988067178159, -1.0828771744704946, -1.0833577901216744, -1.0838407319589114, -1.0843259527189901, -1.084813299757673, -1.085302533587093, -1.0857933447007155, -1.0862853686582512, -1.0867781994460954, -1.0872714011636728, -1.0877645181131632, -1.0882570833899101, -1.0887486260845238, -1.0892386772158846, -1.0897267745182957, -1.0902124662060788, -1.0906953138367366, -1.0911748943894173, -1.091650801669733, -1.0921226471458314, -1.0925900603136252, -1.0930526886825678, -1.0935101974663697, -1.0939622690564925, -1.0944086023497472, -1.094848911994526, -1.095282927613926, -1.0957103930567722, -1.0961310657207493, -1.096544715984396, -1.0969511267768732, -1.097350093306785, -1.0977414229629179, -1.098124935392183, -1.0985004627516886, -1.0988678501250473, -1.0992269560857395, -1.0995776533847181, -1.0999198297343957, -1.1002533886573902, -1.1005782503657413, -1.1008943526352721, -1.1012016516396002, -1.1015001227096712, -1.1017897609870444, -1.1020705819424408, -1.1023426217353702, -1.102605937395283, -1.102860606809809, -1.1031067285112415, -1.1033444212574703, -1.1035738234089543, -1.1037950921081072, -1.1040084022719763, -1.1042139454128082, -1.1044119283044702, -1.104602571515451, -1.104786107830836, -1.1049627805873357, -1.1051328419458935, -1.1052965511268615, -1.1054541726319473, -1.1056059744768587, -1.1057522264566881, -1.1058931984651434, -1.1060291588862767, -1.1061603730756293, -1.1062871019452953, -1.1064096006648765, -1.1065281174880583, -1.1066428927117888, -1.1067541577727797, -1.106862134483495, -1.1069670344076437, -1.1070690583730505, -1.1071683961178285, -1.1072652260641567, -1.1073597152125703, -1.1074520191482746, -1.1075422821504168, -1.107630637394247, -1.1077172072359551, -1.107802103569587, -1.1078854282456188, -1.1079672735408153, -1.1080477226695065, -1.1081268503266593, -1.1082047232539494, -1.108281400820351, -1.1083569356096161]}