{"FCI": -1.2704587889424521, "Energy": -1.2517450161415962, "Loss": [-0.24454139823699123, -0.25167605893695505, -0.2588005006274454, -0.26590884961345707, -0.27299521122515774, -0.2800536865273678, -0.28707839213302366, -0.2940634826645831, -0.3010031757525392, -0.307891779487761, -0.31472372223578915, -0.32149358470741896, -0.3281961341674539, -0.334826360654672, -0.34137951508203407, -0.34785114908835507, -0.35423715652201976, -0.3605338164553094, -0.36673783765602347, -0.3728464044831996, -0.37885722422873874, -0.3847685759998068, -0.3905793613336027, -0.3962891568633388, -0.40189826952239033, -0.4074077949956469, -0.41281968041862166, -0.418136792699884, -0.4233629943043219, -0.42850322885598596, -0.4335636194056697, -0.4385515824384572, -0.44347596023941965, -0.44834717236082766, -0.45317738257614243, -0.4579806696164781, -0.4627731773021271, -0.46757320315166956, -0.472401168332991, -0.47727940484415365, -0.48223171026663975, -0.48728266478464555, -0.49245677315955433, -0.4977775593729209, -0.5032667680791906, -0.5089437959688211, -0.5148254028238058, -0.5209256749420859, -0.5272561657538768, -0.5338261287245155, -0.5406427744137002, -0.5477115095359739, -0.5550361388867995, -0.5626190264055141, -0.5704612197638342, -0.5785625459049708, -0.5869216851394454, -0.5955362303086355, -0.6044027360711549, -0.6135167619935024, -0.6228729120028504, -0.6324648719130331, -0.642285446133285, -0.6523265942619401, -0.6625794680046629, -0.6730344486959459, -0.6836811856105154, -0.6945086352026943, -0.7055051013892135, -0.7166582769816193, -0.7279552863703039, -0.7393827295581925, -0.75092672763495, -0.762572969771077, -0.7743067617945231, -0.7861130763906679, -0.7979766049399887, -0.809881810976935, -0.8218129852187682, -0.8337543020752547, -0.8456898775092331, -0.8576038280749368, -0.869480330916034, -0.88130368445929, -0.8930583694933534, -0.904729110276479, -0.9163009352732291, -0.9277592370797241, -0.9390898310614518, -0.9502790121988798, -0.9613136096158079, -0.9721810382554302, -0.9828693471711714, -0.9933672639148217, -1.003664234534456, -1.0137504587393442, -1.023616919848838, -1.0332554092156823, -1.0426585448999781, -1.0518197844657782, -1.0607334318746546, -1.069394638555724, -1.0777993988358738, -1.085944540011921, -1.0938277074349014, -1.1014473450507758, -1.1088026718986674, -1.1158936551048415, -1.1227209799267386, -1.129286017396492, -1.1355907900886422, -1.141637936495041, -1.1474306744342948, -1.1529727638579186, -1.1582684693454166, -1.1633225225101949, -1.168140084472025, -1.1727267084936965, -1.177088302832042, -1.1812310938192643, -1.1851615891698775, -1.1888865415018572, -1.1924129120666072, -1.19574783469969, -1.198898580029919, -1.2018725200165876, -1.2046770929196313, -1.2073197688430928, -1.2098080160253841, -1.2121492680783092, -1.2143508923989743, -1.21642015999247, -1.2183642169483906, -1.2201900578102427, -1.2219045010631353, -1.2235141669436929, -1.2250254577461348, -1.2264445407630018, -1.2277773339578826, -1.229029494423719, -1.2302064096346514, -1.2313131914538755, -1.2323546728163526, -1.2333354069645421, -1.234259669079023, -1.235131460114928, -1.2359545126299454, -1.2367322983711102, -1.237468037375519, -1.2381647083343146, -1.2388250599699302, -1.23945162318258, -1.2400467237329456, -1.2406124952432878, -1.2411508923175791, -1.241663703602117, -1.2421525646306304, -1.2426189703208652, -1.2430642870129835, -1.2434897639623232, -1.2438965442205592, -1.2442856748586355, -1.2446581165024722, -1.2450147521679982, -1.2453563953948987, -1.245683797689741, -1.2459976552974004, -1.2462986153268405, -1.2465872812619365, -1.2468642178915148, -1.2471299556946036, -1.247384994718273, -1.2476298079850565, -1.2478648444669207, -1.2480905316617013, -1.2483072778067217, -1.2485154737632327, -1.2487154946038355, -1.2489077009337413, -1.2490924399755394, -1.24927004644569, -1.2494408432498216, -1.2496051420226368, -1.2497632435368637, -1.2499154380043194, -1.250062005290761, -1.2502032150644877, -1.250339326897039, -1.250470590332564, -1.2505972449403837, -1.2507195203634456, -1.2508376363732685, -1.2509518029399862, -1.2510622203240458, -1.2511690791944072, -1.2512725607760755, -1.2513728370284356, -1.2514700708541953, -1.2515644163377826, -1.2516560190107957]}