{"FCI": -1.1917623439771352, "Energy": -1.171765599209048, "Loss": [-0.8056432053131293, -0.8247045580999498, -0.8387311819823912, -0.850561188845715, -0.8610910236145901, -0.8707365424009754, -0.8797290328447944, -0.8882117964416745, -0.8962802276545876, -0.9040011567531174, -0.9114232195426955, -0.9185828670903501, -0.9255080652990623, -0.9322206850482804, -0.9387381088349945, -0.9450743472846614, -0.9512408374258934, -0.9572470277014298, -0.9631008161237005, -0.9688088848860387, -0.9743769604332172, -0.9798100188641032, -0.985112450550402, -0.9902881938247793, -0.9953408448060117, -1.000273748446441, -1.0050900744260283, -1.0097928803916667, -1.014385164125212, -1.0188699054345214, -1.023250097845686, -1.02752876950884, -1.0317089921274714, -1.0357938762411902, -1.039786550952115, -1.0436901263662397, -1.0475076378485262, -1.0512419728753464, -1.0548957838847373, -1.0584713938520238, -1.061970704694985, -1.0653951209580277, -1.068745501334539, -1.0720221477008127, -1.075224835707569, -1.078352884030596, -1.0814052532000464, -1.0843806612917302, -1.0872777033652723, -1.0900949638286768, -1.0928311146100766, -1.095484995801535, -1.0980556784308617, -1.1005425109001739, -1.102945151498953, -1.1052635895393532, -1.1074981573727822, -1.1096495350637454, -1.1117187489684959, -1.1137071649715682, -1.1156164767103949, -1.1174486887828194, -1.1192060946978706, -1.1208912492164524, -1.1225069347629213, -1.1240561218057552, -1.1255419235299768, -1.1269675457510222, -1.1283362337866856, -1.1296512187709236, -1.130915666455104, -1.132132631679281, -1.1333050212713918, -1.1344355671769482, -1.135526810359568, -1.1365810947795758, -1.137600569855957, -1.1385871993901104, -1.1395427749327025, -1.1404689318400616, -1.1413671666100953, -1.142238854386417, -1.1430852657337993, -1.1439075819377125, -1.14470690820963, -1.1454842843259785, -1.1462406924089599, -1.1469770617710455, -1.1476942709755327, -1.1483931474926332, -1.1490744655314526, -1.1497389427829192, -1.1503872368981378, -1.151019942535996, -1.1516375897332878, -1.1522406441804567, -1.1528295097395502, -1.153404533246849, -1.1539660113420158, -1.1545141988064103, -1.155049317716933, -1.1555715666576216, -1.1560811292826747, -1.1565781816749219, -1.1570628981548952, -1.1575354554237356, -1.1579960351253153, -1.1584448250603645, -1.1588820193641167, -1.1593078179739156, -1.1597224256787733, -1.1601260509811886, -1.160518904931622, -1.1609012000334133, -1.1612731492677106, -1.1616349652557683, -1.1619868595576237, -1.16232904209683, -1.162661720697834, -1.1629851007216074, -1.1632993847861584, -1.163604772559304, -1.1639014606121878, -1.1641896423233187, -1.1644695078239065, -1.164741243976296, -1.1650050343784346, -1.1652610593883008, -1.1655094961630854, -1.1657505187088018, -1.1659842979367663, -1.1662110017240277, -1.166430794975428, -1.166643839685504, -1.1668502949986563, -1.1670503172671602, -1.1672440601040073, -1.1674316744355206, -1.1676133084647555, -1.1677891059595114, -1.1679591477482196, -1.1681216111258854, -1.1682324995749842, -1.1683460083650077, -1.1684678732520926, -1.1686353757535337, -1.1688061088323536, -1.1689510947699044, -1.1690828645237432, -1.1692064784295353, -1.1693248974288215, -1.1694386921240048, -1.1695484580413207, -1.169653968199547, -1.1697552813098553, -1.1698513544749063, -1.1699413097631233, -1.1700221726577762, -1.1700959127861783, -1.1701665508949834, -1.1702454748801705, -1.1703249299686094, -1.1704080574917997, -1.17048507055212, -1.170558970798626, -1.1706269364033102, -1.1706915200408385, -1.1707517365529119, -1.1708090479273383, -1.1708622458479674, -1.1709121445379553, -1.1709557711314, -1.1709902052225127, -1.1710125071850073, -1.1710549360693143, -1.171108317722628, -1.171159281920542, -1.171205091463111, -1.1712475253328798, -1.1712867845497341, -1.171323179184227, -1.1713568232649387, -1.1713878616851017, -1.1714162030519466, -1.1714418646118772, -1.1714647171049504, -1.1714854203341551, -1.1715054340785933, -1.1715275113470132, -1.1715525232198365, -1.1715792891701813, -1.1716057167452114, -1.1716306576715774, -1.1716536808140812, -1.171674680564827, -1.1716937560842247, -1.1717109827865215, -1.1717264915766403, -1.1717405054912826, -1.1717533201698482]}