{"FCI": -1.1142922644325737, "Energy": 0.11045960120717561, "Loss": [0.5238295111262059, 0.5125784009224309, 0.5043657399231825, 0.4975099325468196, 0.4914660612878477, 0.48597767578078, 0.4809001363688045, 0.47614244671687356, 0.4716429824291273, 0.46735772983326784, 0.4632539605889944, 0.4593065564273506, 0.45549574216226, 0.45180561903820105, 0.4482231781284954, 0.4447376147315221, 0.4413398386390838, 0.43802211595765117, 0.4347778017206686, 0.4316011366620003, 0.42848709028492515, 0.42543123795738624, 0.422429663430537, 0.4194788806354021, 0.41657577029406556, 0.4137175280539195, 0.4109016216841826, 0.4081257554717936, 0.4053878403900498, 0.402685968935826, 0.4000183937724521, 0.39738350949766943, 0.3947798369954048, 0.3922060099375189, 0.3896607630851903, 0.387142922105172, 0.38465139466787945, 0.3821851626354761, 0.3797432751812178, 0.3773248427078282, 0.374929031454398, 0.372555058698886, 0.3702021884777333, 0.3678697277561065, 0.3655570229920783, 0.36326345704637986, 0.3609884463961311, 0.358731438616822, 0.3564919101016335, 0.3542693639913197, 0.35206332829138487, 0.34987335415623133, 0.3476990143225638, 0.3455399016764595, 0.343395627940433, 0.3412658224684665, 0.33915013113829906, 0.3370482153316038, 0.3349597509936471, 0.33288442776499094, 0.33082194817863686, 0.32877202691662905, 0.3267343901208853, 0.324708774753437, 0.3226949280018759, 0.32069260672612193, 0.31870157694307016, 0.3167216133459977, 0.31475249885591533, 0.3127940242022789, 0.31084598753078674, 0.3089081940361092, 0.30698045561768744, 0.30506259055681556, 0.3031544232134476, 0.3012557837412591, 0.2993665078196409, 0.29748643640142775, 0.2956154154752221, 0.2937532958413117, 0.29189993290023825, 0.2900551864531544, 0.28821892051317677, 0.2863910031269962, 0.284571306206092, 0.2827597053668982, 0.2809560797793741, 0.2791603120234249, 0.2773722879526965, 0.2755918965652752, 0.2738190298808728, 0.272053582824116, 0.27029545311354425, 0.26854454115601617, 0.26680074994616787, 0.2650639849706664, 0.26333415411695604, 0.2616111675862443, 0.2598949378105178, 0.2581853793733075, 0.25648240893407354, 0.254785945155926, 0.25309590863657394, 0.2514122218422817, 0.2497348090447103, 0.24806359626044674, 0.24639851119313383, 0.24473948317801847, 0.24308644312884148, 0.2414393234868978, 0.23979805817220518, 0.23816258253665118, 0.23653283331903424, 0.23490874860188374, 0.2332902677700049, 0.23167733147064748, 0.2300698815752088, 0.22846786114243284, 0.22687121438300473, 0.2252798866254891, 0.22369382428354453, 0.2221129748243787, 0.2205372867383337, 0.2189667095096238, 0.2174011935881171, 0.21584069036213793, 0.21428515213224214, 0.2127345320859301, 0.21118878427323995, 0.2096478635832003, 0.20811172572109837, 0.20658032718653047, 0.20505362525220097, 0.20353157794343762, 0.2020141440183996, 0.20050128294894765, 0.19899295490214078, 0.19748912072234362, 0.19598974191393306, 0.1944947806245339, 0.19300419962882506, 0.1915179623128479, 0.19003603265881266, 0.1885583752303889, 0.18708495515844667, 0.18561573812725293, 0.18415069036108378, 0.1826897786112507, 0.18123297014352005, 0.17978023272591973, 0.17833153461689072, 0.1768868445538228, 0.17544613174190354, 0.1740093658433115, 0.17257651696671106, 0.17114755565706685, 0.16972245288574248, 0.16830118004088576, 0.16688370891808613, 0.16547001171130118, 0.16406006100402906, 0.16265382976073856, 0.16125129131853094, 0.1598524193790258, 0.15845718800048647, 0.15706557159013887, 0.15567754489671878, 0.15429308300320307, 0.15291216131974286, 0.1515347555767839, 0.1501608418183736, 0.1487903963956317, 0.14742339596040582, 0.14605981745907676, 0.14469963812653847, 0.1433428354803236, 0.14198938731487978, 0.1406392716959921, 0.13929246695535008, 0.13794895168524476, 0.13660870473339753, 0.13527170519792775, 0.13393793242243204, 0.13260736599118753, 0.13127998572448257, 0.1299557716740407, 0.1286347041185755, 0.12731676355943733, 0.12600193071637322, 0.12469018652338262, 0.12338151212467148, 0.12207588887070359, 0.12077329831434351, 0.1194737222070851, 0.11817714249537438, 0.11688354131701205, 0.11559290099763896, 0.11430520404730422, 0.1130204331571079, 0.11173857119591919]}