{"FCI": -1.116298042885828, "Energy": -0.9418762024671761, "Loss": [-0.8076517000483131, -0.8082116401051069, -0.8092722881287315, -0.810777627290125, -0.8126749733622737, -0.8149149831321922, -0.8174515947122395, -0.820241927692871, -0.8232461618772934, -0.8264274068288509, -0.8297515699020157, -0.8331872272718859, -0.836705500326424, -0.8402799383520161, -0.8438864075190076, -0.8475029856106627, -0.851109861629995, -0.8546892392874947, -0.8582252433641686, -0.8617038280177255, -0.8651126862266023, -0.8684411597246185, -0.8716801489519416, -0.8748220227239834, -0.8778605274887754, -0.8807906961993106, -0.8836087569646226, -0.886312041759063, -0.8888988955614872, -0.8913685863638952, -0.8937212165331611, -0.8959576360306303, -0.8980793579948396, -0.9000884771745195, -0.9019875916651945, -0.9037797283562622, -0.9054682724391465, -0.9070569012642451, -0.9085495227674607, -0.9099502186190098, -0.9112631921799186, -0.9124927212871767, -0.913643115828651, -0.9147186800141445, -0.9157236792013246, -0.9166623110938561, -0.9175386810952195, -0.91835678157491, -0.9191204747835358, -0.919833479140006, -0.9204993586062129, -0.9211215148624553, -0.9217031819992354, -0.9222474234472424, -0.922757130877324, -0.9232350248142284, -0.9236836567225323, -0.9241054123388565, -0.9245025160413722, -0.92487703606499, -0.925230890387965, -0.9255658531333061, -0.9258835613449207, -0.9261855220150037, -0.9264731192544496, -0.9267476215126585, -0.9270101887666932, -0.9272618796120914, -0.9275036581991841, -0.9277364009690345, -0.9279609031523752, -0.9281778850033154, -0.928387997746775, -0.928591829225102, -0.9287899092348586, -0.9289827145495549, -0.9291706736281578, -0.9293541710126078, -0.929533551420388, -0.9297091235405606, -0.9298811635433087, -0.930049918314703, -0.9302156084291548, -0.9303784308730094, -0.9305385615330077, -0.9306961574636324, -0.9308513589474051, -0.9310042913620156, -0.9311550668679276, -0.9313037859297261, -0.9314505386840276, -0.9315954061661377, -0.9317384614072988, -0.9318797704134838, -0.9320193930362747, -0.9321573837456104, -0.932293792313647, -0.9324286644182164, -0.9325620421738836, -0.9326939645978904, -0.9328244680178025, -0.9329535864270059, -0.9330813517938048, -0.9332077943292286, -0.9333329427183262, -0.9334568243191851, -0.9335794653335613, -0.9337008909525925, -0.9338211254807125, -0.9339401924405876, -0.9340581146616062, -0.9341749143540666, -0.9342906131711405, -0.9344052322603026, -0.9345187923057886, -0.9346313135634375, -0.9347428158891038, -0.9348533187616825, -0.9349628413016671, -0.9350714022859336, -0.9351790201595713, -0.9352857130451827, -0.9353914987502583, -0.9354963947729709, -0.9356004183067547, -0.9357035862440446, -0.9358059151792483, -0.9359074214113487, -0.9360081209461425, -0.9361080294983437, -0.9362071624935873, -0.9363055350705117, -0.9364031620828311, -0.9365000581015942, -0.9365962374175656, -0.936691714043787, -0.9367865017183059, -0.9368806139071024, -0.9369740638071998, -0.9370668643498973, -0.9371590282042598, -0.9372505677806565, -0.9373414952344916, -0.9374318224700379, -0.937521561144362, -0.937610722671345, -0.9376993182257581, -0.9377873587474082, -0.9378748549452831, -0.9379618173017736, -0.9380482560768407, -0.9381341813122419, -0.9382196028356867, -0.9383045302650088, -0.9383889730122773, -0.9384729402878744, -0.938556441104544, -0.9386394842813457, -0.9387220784475871, -0.9388042320466657, -0.9388859533398503, -0.9389672504100186, -0.9390481311652658, -0.939128603342496, -0.9392086745109065, -0.9392883520754041, -0.9393676432799469, -0.9394465552108255, -0.9395250947998238, -0.9396032688273654, -0.9396810839255529, -0.9397585465811249, -0.9398356631383749, -0.9399124398019854, -0.9399888826397992, -0.9400649975854966, -0.940140790441271, -0.9402162668803713, -0.9402914324496467, -0.9403662925719809, -0.9404408525487191, -0.9405151175620019, -0.9405890926770502, -0.9406627828444301, -0.9407361929022443, -0.9408093275782466, -0.9408821914919945, -0.9409547891568631, -0.9410271249820714, -0.9410992032746541, -0.9411710282413799, -0.941242603990668, -0.9413139345344039, -0.9413850237897845, -0.9414558755810856, -0.9415264936413973, -0.9415968816143537, -0.9416670430558046, -0.9417369814354575, -0.9418067001384959]}