{"FCI": -1.1617635907421635, "Energy": 0.18050343666553048, "Loss": [0.46455115523112556, 0.45365480247210044, 0.44597156921110287, 0.4397141452145715, 0.4343081194780502, 0.42948407333342264, 0.42509029927025277, 0.4210314255048277, 0.41724287916306413, 0.4136785354212251, 0.4103040838334091, 0.40709317762915, 0.40402506015211953, 0.4010830300284896, 0.3982534090712795, 0.39552482524107163, 0.3928877005450994, 0.39033387653716733, 0.3878563347620261, 0.38544898428626184, 0.383106497631289, 0.3808241822795403, 0.378597878759777, 0.3764238788876992, 0.3742988594959061, 0.372219828212628, 0.37018407871662745, 0.36818915352058323, 0.366232812791002, 0.3643130080496768, 0.362427859853766, 0.3605756387420333, 0.35875474888048575, 0.35696371395287024, 0.3552011649289442, 0.35346582941193294, 0.3517565223209511, 0.35007213770731016, 0.3484116415384055, 0.3467740653108574, 0.34515850037739476, 0.34356409289055684, 0.34199003928161203, 0.34043558220566894, 0.3389000068944504, 0.33738263786685935, 0.33588283595472695, 0.3343999956072127, 0.3329335424423999, 0.3314829310189102, 0.3300476428039759, 0.32862718431746446, 0.32722108543393147, 0.32582889782694463, 0.32445019354187293, 0.3230845636848599, 0.3217316172170984, 0.32039097984479264, 0.31906229299607214, 0.3177452128771905, 0.3164394096009862, 0.31514456638136645, 0.31386037878814255, 0.3125865540570792, 0.311322810450551, 0.31006887666453403, 0.30882449127816014, 0.30758940224230097, 0.30636336640404394, 0.3051461490641138, 0.30393752356464365, 0.3027372709048364, 0.3015451793823318, 0.3003610442582446, 0.29918466744400696, 0.29801585720834134, 0.2968544279027774, 0.2957001997042949, 0.294552998373776, 0.29341265502905456, 0.2922790059314441, 0.29115189228473254, 0.2900311600456988, 0.28891665974525915, 0.28780824631948915, 0.28670577894973337, 0.2856091209111706, 0.28451813942915605, 0.2834327055428228, 0.28235269397535756, 0.2812779830104945, 0.2802084543747572, 0.27914399312505334, 0.2780844875412105, 0.2770298290231454, 0.2759799119922911, 0.2749346337970476, 0.27389389462193153, 0.27285759740021, 0.2718256477297881, 0.2707979537921226, 0.26977442627402193, 0.26875497829209793, 0.2677395253197661, 0.2667279851166337, 0.26572027766014256, 0.2647163250793571, 0.2637160515907969, 0.26271938343620704, 0.26172624882219947, 0.26073657786164955, 0.25975030251684067, 0.25876735654421856, 0.2577876754407583, 0.2568111963918509, 0.2558378582206917, 0.254867601339095, 0.2539003676997252, 0.25293610074968187, 0.2519747453854172, 0.25101624790894667, 0.2500605559853257, 0.24910761860136393, 0.24815738602553947, 0.2472098097691004, 0.24626484254830838, 0.2453224382478205, 0.2443825518851715, 0.24344513957632558, 0.24251015850229213, 0.24157756687677, 0.24064732391478283, 0.239719389802321, 0.23879372566692658, 0.23787029354921077, 0.23694905637529426, 0.2360299779301353, 0.23511302283171276, 0.23419815650606557, 0.23328534516314256, 0.23237455577345806, 0.23146575604551436, 0.23055891440398257, 0.2296539999686095, 0.22875098253384418, 0.22784983254913255, 0.22695052109989894, 0.22605301988916088, 0.2251573012197659, 0.2242633379772448, 0.22337110361323975, 0.22248057212949945, 0.2215917180624271, 0.22070451646814299, 0.21981894290806633, 0.21893497343499474, 0.218052584579639, 0.21717175333763816, 0.2162924571569951, 0.21541467392595642, 0.21453838196129216, 0.21366355999697112, 0.212790187173227, 0.2119182430259725, 0.21104770747659146, 0.21017856082205158, 0.2093107837253591, 0.20844435720631657, 0.20757926263259147, 0.20671548171108606, 0.20585299647956756, 0.20499178929858994, 0.20413184284366986, 0.20327314009771014, 0.2024156643436656, 0.20155939915744697, 0.2007043284010518, 0.1998504362158922, 0.1989977070163588, 0.19814612548355767, 0.19729567655925823, 0.19644634544002015, 0.19559811757149723, 0.19475097864291158, 0.19390491458170606, 0.19305991154833843, 0.19221595593124527, 0.19137303434194333, 0.19053113361027496, 0.1896902407798013, 0.18885034310331528, 0.18801142803849052, 0.1871734832436524, 0.18633649657366358, 0.18550045607593432, 0.18466534998653067, 0.18383116672640404, 0.18299789489771082, 0.18216552328024288, 0.1813340408279439]}