{"FCI": -1.0321107324634744, "Energy": -0.9501428467690566, "Loss": [-0.7695097124584124, -0.7748099972484737, -0.779947977610209, -0.7849269422603862, -0.789750541860983, -0.7944227062575355, -0.7989475700407781, -0.803329406587687, -0.8075725704881306, -0.811681448065235, -0.8156604155484064, -0.8195138043526339, -0.8232458728502334, -0.8268607839858848, -0.8303625880763724, -0.833755210147637, -0.8370424411880376, -0.8402279327343496, -0.8433151942516263, -0.8463075928170891, -0.8492083546686939, -0.8520205682297417, -0.854747188269725, -0.8573910409079575, -0.8599548292097327, -0.8624411391641977, -0.8648524458688092, -0.8671911197770233, -0.8694594328939804, -0.8716595648294029, -0.8737936086380761, -0.8758635763963922, -0.877871404478671, -0.8798189585098466, -0.8817080379815883, -0.8835403805275982, -0.8853176658607096, -0.8870415193798837, -0.8887135154592587, -0.8903351804346494, -0.8919079953049953, -0.8934333981676681, -0.89491278640745, -0.8963475186591542, -0.8977389165639381, -0.899088266338703, -0.9003968201775037, -0.9016657975028937, -0.9028963860840841, -0.9040897430379387, -0.9052469957273416, -0.906369242570598, -0.9074575537741382, -0.9085129719998505, -0.9095365129769938, -0.9105291660678552, -0.911491894795041, -0.9124256373375023, -0.9133313070014707, -0.914209792671574, -0.9150619592467323, -0.9158886480647273, -0.9166906773186636, -0.9174688424679996, -0.9182239166463658, -0.9189566510678596, -0.9196677754331202, -0.9203579983362826, -0.9210280076733276, -0.9216784710523733, -0.9223100362060962, -0.9229233314062252, -0.9235189658800439, -0.9240975302286301, -0.9246595968464024, -0.9252057203416361, -0.9257364379573411, -0.926252269992038, -0.9267537202198165, -0.9272412763090947, -0.9277154102395365, -0.9281765787164614, -0.9286252235822623, -0.9290617722242503, -0.9294866379783645, -0.9299002205283183, -0.9303029062996895, -0.9306950688484905, -0.9310770692438868, -0.9314492564446476, -0.9318119676690553, -0.9321655287579567, -0.9325102545306796, -0.9328464491336852, -0.9331744063816583, -0.9334944100909829, -0.9338067344054268, -0.934111644113954, -0.9344093949606052, -0.9347002339464004, -0.9349843996232748, -0.9352621223799986, -0.9355336247201715, -0.9357991215322872, -0.9360588203519803, -0.9363129216164482, -0.9365616189112844, -0.936805099209645, -0.9370435431040335, -0.9372771250307006, -0.9375060134868982, -0.9377303712410217, -0.9379503555358939, -0.9381661182852575, -0.9383778062636752, -0.9385855612899907, -0.9387895204045259, -0.9389898160401248, -0.9391865761872839, -0.9393799245534814, -0.9395699807168851, -0.9397568602746285, -0.939940674985754, -0.9401215329090683, -0.9402995385360071, -0.9404747929187081, -0.9406473937933937, -0.9408174356993063, -0.9409850100932462, -0.941150205459934, -0.9413131074182958, -0.9414737988238554, -0.9416323598673155, -0.9417888681694967, -0.9419433988727945, -0.9420960247291961, -0.942246816185079, -0.9423958414627926, -0.9425431666392939, -0.9426888557218093, -0.9428329707206825, -0.9429755717195417, -0.9431167169428508, -0.943256462820949, -0.943394864052695, -0.9435319736657621, -0.9436678430747536, -0.9438025221370915, -0.9439360592069299, -0.9440685011870233, -0.944199893578699, -0.9443302805300107, -0.9444597048820962, -0.9445882082138786, -0.9447158308850871, -0.944842612077744, -0.9449685898361306, -0.9450938011052895, -0.9452182817681631, -0.94534206668134, -0.9454651897095561, -0.945587683758931, -0.9457095808090066, -0.9458309119436578, -0.9459517073808531, -0.9460719965014053, -0.946191807876651, -0.9463111692951862, -0.946430107788606, -0.9465486496563638, -0.9466668204897529, -0.9467846451950075, -0.9469021480156307, -0.9470193525538959, -0.9471362817916257, -0.9472529581102125, -0.9473694033099529, -0.9474856386287062, -0.9476016847598764, -0.947717561869791, -0.9478332896144661, -0.9479488871557495, -0.9480643731769729, -0.9481797658979799, -0.9482950830896676, -0.9484103420880219, -0.9485255598076372, -0.9486407527547965, -0.9487559370400517, -0.948871128390401, -0.9489863421610097, -0.9491015933465474, -0.949216896592083, -0.9493322662036382, -0.9494477161583474, -0.9495632601142358, -0.9496789114197118, -0.9497946831226276, -0.9499105879791099, -0.9500266384620066]}