{"FCI": -1.0966577125910288, "Energy": -0.8896419454932584, "Loss": [-0.7529373183424825, -0.7592093566386662, -0.7636055239172835, -0.7671709272765106, -0.7702406645235266, -0.7729717218533909, -0.7754524253811733, -0.7777382662991802, -0.7798667949206218, -0.7818648199604417, -0.7837522735188264, -0.7855444537840556, -0.7872534069947219, -0.7888888208270728, -0.7904586250123277, -0.7919694085256936, -0.7934267174856829, -0.7948352729759551, -0.7961991336245325, -0.7975218191565862, -0.798806405794988, -0.80005560097404, -0.8012718025990163, -0.802457146588547, -0.8036135454134837, -0.8047427196330508, -0.8058462239238848, -0.8069254687340004, -0.8079817384286861, -0.8090162065991133, -0.8100299490580615, -0.8110239549361867, -0.8119991362077387, -0.8129563359092727, -0.8138963352642388, -0.8148198598864774, -0.8157275852041891, -0.8166201412209941, -0.8174981167105067, -0.8183620629247894, -0.8192124968838832, -0.820049904302859, -0.8208747422041072, -0.8216874412553296, -0.8224884078676092, -0.8232780260830956, -0.824056659277465, -0.8248246516990109, -0.825582329863073, -0.8263300038181374, -0.8270679682977856, -0.8277965037708034, -0.8285158774002933, -0.8292263439212327, -0.8299281464448167, -0.8306215171969457, -0.8313066781973024, -0.8319838418848083, -0.832653211694506, -0.8333149825904718, -0.8339693415587308, -0.8346164680638253, -0.8352565344722555, -0.8358897064456969, -0.8365161433065842, -0.8371359983784195, -0.8377494193028812, -0.8383565483356779, -0.8389575226228887, -0.8395524744592189, -0.8401415315297903, -0.840724817136574, -0.8413024504107269, -0.8418745465118543, -0.8424412168152158, -0.8430025690877163, -0.8435587076534999, -0.8441097335499204, -0.8446557446745242, -0.8451968359237144, -0.8457330993236205, -0.846264624153758, -0.8467914970639016, -0.8473138021846863, -0.8478316212322754, -0.8483450336075409, -0.848854116490082, -0.8493589449273988, -0.8498595919195276, -0.8503561284994413, -0.8508486238094416, -0.851337145173815, -0.8518217581679237, -0.8523025266840166, -0.8527795129939018, -0.8532527778086496, -0.853722380335562, -0.8541883783324694, -0.8546508281595996, -0.8551097848290811, -0.8555653020522488, -0.8560174322848604, -0.8564662267703274, -0.856911735581092, -0.8573540076581949, -0.8577930908492196, -0.8582290319445729, -0.8586618767123171, -0.859091669931503, -0.859518455424203, -0.8599422760861796, -0.8603631739163882, -0.8607811900452418, -0.8611963647617936, -0.8616087375398632, -0.8620183470631144, -0.8624252312491869, -0.8628294272729102, -0.863230971588618, -0.8636298999516361, -0.8640262474389631, -0.8644200484691811, -0.8648113368216193, -0.8652001456548474, -0.8655865075244588, -0.8659704544002321, -0.8663520176826652, -0.8667312282189195, -0.8671081163182033, -0.8674827117665836, -0.8678550438413147, -0.8682251413246184, -0.8685930325170131, -0.8689587452501727, -0.869322306899306, -0.8696837443951617, -0.8700430842355595, -0.8704003524965557, -0.8707555748431979, -0.8711087765399511, -0.8714599824606913, -0.8718092170984272, -0.8721565045746249, -0.8725018686482379, -0.8728453327244274, -0.8731869198629493, -0.8735266527862673, -0.87386455388737, -0.8742006452373234, -0.8745349485925313, -0.8748674854017553, -0.8751982768128618, -0.8755273436793414, -0.8758547065665797, -0.8761803857578739, -0.876504401260273, -0.8768267728101419, -0.8771475198785523, -0.8774666616764284, -0.8777842171595309, -0.8781002050332135, -0.8784146437569889, -0.8787275515489265, -0.8790389463898326, -0.8793488460273087, -0.8796572679795804, -0.8799642295391905, -0.8802697477765267, -0.8805738395431871, -0.8808765214751862, -0.8811778099960293, -0.8814777213196253, -0.8817762714530762, -0.8820734761993195, -0.8823693511596498, -0.882663911736108, -0.882957173133764, -0.8832491503628551, -0.8835398582408552, -0.8838293113944036, -0.8841175242611579, -0.8844045110915157, -0.8846902859502896, -0.8849748627182639, -0.8852582550937027, -0.8855404765937218, -0.8858215405556621, -0.8861014601383489, -0.8863802483233076, -0.8866579179159355, -0.8869344815465755, -0.8872099516716103, -0.8874843405744711, -0.8877576603666261, -0.8880299229885268, -0.8883011402105523, -0.888571323633899, -0.888840484691498, -0.8891086346488644, -0.8893757846050071]}