{"FCI": -1.2337193055590183, "Energy": -1.2154759436669307, "Loss": [-0.7333471465094304, -0.7537626744843944, -0.7675728353687965, -0.7784456977442705, -0.7875460705063743, -0.79541751366818, -0.8023654283904208, -0.8085818255389002, -0.8141970418172002, -0.8193046876145725, -0.8239750223908441, -0.8282627097751605, -0.832211595478574, -0.8358577981012926, -0.8392317910417132, -0.8423598541517133, -0.8452651173896136, -0.8479683326270884, -0.8504884602213424, -0.852843127366222, -0.8550489969811538, -0.8571220743054409, -0.8590779707542012, -0.8609321392938073, -0.862700091409727, -0.8643976015895164, -0.866040899932929, -0.8676468456235406, -0.8692330621693891, -0.8708179991147829, -0.8724208669118005, -0.8740613802776677, -0.8757592563019555, -0.8775334637291249, -0.8794013098641283, -0.8813775460506293, -0.8834737075708587, -0.8856978372659156, -0.8880546052019661, -0.8905457142446327, -0.8931704360663645, -0.8959261502146202, -0.8988088164083153, -0.9018133592067636, -0.9049339712398061, -0.90816435007298, -0.911497883012362, -0.9149277903582522, -0.9184472342539035, -0.9220493984711461, -0.9257275440841845, -0.9294750463414162, -0.9332854184088586, -0.93715232746671, -0.9410696076694717, -0.9450312728875698, -0.9490315303718874, -0.953064795015117, -0.9571257030464199, -0.9612091238271855, -0.9653101687289437, -0.9694241965975167, -0.9735468158140463, -0.9776738833294232, -0.9818015012445005, -0.9859260115612445, -0.9900439896872864, -0.994152237182347, -0.9982477741223201, -1.002327831345786, -1.0063898427482831, -1.0104314377056989, -1.014450433640195, -1.0184448286885182, -1.0224127943915398, -1.0263526682941566, -1.030262946324565, -1.0341422748114057, -1.0379894419959697, -1.0418033689058028, -1.0455830994757978, -1.0493277898350537, -1.053036696722605, -1.0567091650532685, -1.0603446147248097, -1.0639425268377365, -1.0675024295840507, -1.0710238841452393, -1.0745064710139147, -1.077949777207815, -1.0813533848688548, -1.084716861724868, -1.0880397538319364, -1.0913215809097936, -1.0945618344390124, -1.0977599785184267, -1.1009154533037389, -1.1040276806845444, -1.1070960717260603, -1.1101200353188534, -1.1130989874495112, -1.1160323605243077, -1.1189196122338207, -1.1217602335235874, -1.1245537553165452, -1.1272997537065448, -1.1299978534026682, -1.132647729255439, -1.1352491057482241, -1.1378017544044823, -1.1403054891582338, -1.1427601598707933, -1.1451656443504445, -1.1475218394292215, -1.14982865183953, -1.152085989768636, -1.154293756000358, -1.156451843444283, -1.1585601335953062, -1.160618498095835, -1.1626268031627776, -1.1645849162831767, -1.166492714355172, -1.1683500923949717, -1.1701569720341876, -1.1719133092452507, -1.1736191009856929, -1.175274390684395, -1.176879272663889, -1.178433895690692, -1.1799384658774557, -1.1813932491453065, -1.1827985734130266, -1.184154830629167, -1.1854624787149182, -1.186722043445768, -1.187934120270055, -1.1890993760408108, -1.1902185506246568, -1.1912924583335323, -1.192321989150464, -1.1933081095549245, -1.1942518634532242, -1.1951543674594365, -1.19601672990197, -1.196835830101578, -1.1975759532180044, -1.1982617527346335, -1.1988676936006144, -1.199673472868352, -1.2003864504223398, -1.2010242159716809, -1.2016218892026789, -1.2021900901405849, -1.202732994164438, -1.203252849150847, -1.2037514957771156, -1.2042304738073573, -1.2046911604967043, -1.205134472377011, -1.2055604524000145, -1.205966841242223, -1.2063484500411148, -1.2067055593819254, -1.2070683829920898, -1.2074538379695348, -1.20784140361841, -1.2082111240582365, -1.208564249714895, -1.2089038405930388, -1.2092326216916185, -1.2095516133929878, -1.2098612791634942, -1.210161378269826, -1.2104513058128188, -1.2107302757795213, -1.2109982403825985, -1.2112581213462263, -1.2115152856452898, -1.2117728461300894, -1.2120284773358336, -1.2122769851873783, -1.2125161994136495, -1.2127451992459315, -1.2129646331344794, -1.2131747279828176, -1.213375939955168, -1.2135682810973367, -1.2137519867475974, -1.213927328554057, -1.2140953062883169, -1.2142572647681886, -1.214414904417274, -1.2145684477300303, -1.2147177469142794, -1.214861117372874, -1.2149981865966777, -1.2151279868338936, -1.2152509356474706, -1.2153667123859266]}