{"FCI": -1.0873240054222568, "Energy": -0.9463983826936262, "Loss": [-0.4916811979193771, -0.4919957633522213, -0.49259532591247884, -0.4934548107509019, -0.49455286896939565, -0.4958712400615252, -0.4973942229549653, -0.49910823699869633, -0.5010014569819952, -0.5030635088485066, -0.5052852150716448, -0.5076583806526401, -0.5101756123942222, -0.5128301655153535, -0.5156158128389114, -0.5185267327391864, -0.521557412813171, -0.524702566868423, -0.5279570633270493, -0.5313158635518364, -0.5347739689251544, -0.5383263757686622, -0.5419680373945364, -0.5456938327363012, -0.549498541127567, -0.5533768228860491, -0.5573232054235494, -0.5613320746439651, -0.565397671414653, -0.5695140929040822, -0.5736752985737072, -0.5778751205963034, -0.5821072784488821, -0.5863653973979819, -0.5906430305602064, -0.5949336841836729, -0.5992308457581341, -0.6035280145251346, -0.6078187339258645, -0.6120966254957632, -0.6163554236922195, -0.6205890111265443, -0.6247914536648187, -0.6289570348648328, -0.6330802892287553, -0.6371560337733748, -0.6411793974517682, -0.6451458480011572, -0.6490512158410976, -0.652891714702405, -0.6566639587293491, -0.6603649758638567, -0.66399221738903, -0.6675435635786496, -0.6710173254675337, -0.6744122428231281, -0.677727478459817, -0.6809626090930894, -0.6841176129793773, -0.687192854628554, -0.6901890669090364, -0.6931073308896569, -0.695949053778428, -0.6987159453255811, -0.70140999305788, -0.7040334367032673, -0.7065887421507467, -0.7090785752703461, -0.7115057758936674, -0.7138733322271924, -0.7161843559399534, -0.7184420581346874, -0.7206497263785211, -0.7228107029362019, -0.7249283643166842, -0.7270061022131128, -0.7290473058873193, -0.7310553460234624, -0.7330335600514729, -0.7349852389197576, -0.7369136152783096, -0.7388218530178927, -0.7407130380983404, -0.7425901705890037, -0.7444561578369857, -0.7463138086736325, -0.7481658285668442, -0.7500148156256197, -0.7518632573638614, -0.753713528132476, -0.7555678871320713, -0.7574284769226705, -0.7592973223521914, -0.7611763298307596, -0.763067286884444, -0.764971861928309, -0.7668916042054426, -0.7688279438454447, -0.7707821920027118, -0.7727555410415504, -0.7747490647418409, -0.7767637185053881, -0.7788003395492491, -0.7808596470783918, -0.7829422424354823, -0.7850486092310845, -0.7871791134622979, -0.7893340036326837, -0.7915134108901557, -0.7937173492036467, -0.7959457156023426, -0.7981982905043679, -0.8004747381640857, -0.8027746072690685, -0.8050973317192938, -0.8074422316217851, -0.8098085145343837, -0.8121952769920342, -0.8146015063480655, -0.8170260829616488, -0.8194677827605277, -0.8219252802055609, -0.824397151680514, -0.8268818793267186, -0.8293778553381327, -0.8318833867274676, -0.8343967005690135, -0.836915949718093, -0.8394392190013732, -0.8419645318659695, -0.8444898574690594, -0.8470131181834463, -0.8495321974880037, -0.8520449482059098, -0.8545492010475353, -0.8570427734092775, -0.8595234783744838, -0.8619891338579841, -0.8644375718319544, -0.866866647567467, -0.8692742488239006, -0.8716583049167984, -0.8740167955942827, -0.8763477596525536, -0.8786493032223921, -0.8809196076609473, -0.8831569369864436, -0.8853596447975821, -0.8875261806245396, -0.8896550956641207, -0.8917450478581961, -0.8937948062814212, -0.8958032548117011, -0.8977693950645154, -0.8996923485800693, -0.9015713582601991, -0.9034057890595755, -0.905195127943532, -0.906938983131792, -0.9086370826544345, -0.9102892722523089, -0.9118955126600141, -0.9134558763142188, -0.9149705435343753, -0.916439798226181, -0.9178640231607964, -0.9192436948845533, -0.9205793783149402, -0.9218717210789134, -0.9231214476491296, -0.9243293533326298, -0.9254962981647482, -0.9266232007588598, -0.927711032159851, -0.9287608097461021, -0.9297735912214319, -0.9307504687347782, -0.9316925631615521, -0.9326010185768268, -0.9334769969463812, -0.9343216730578954, -0.9351362297105985, -0.9359218531780296, -0.9366797289549103, -0.9374110377959121, -0.9381169520506825, -0.9387986322968588, -0.9394572242699013, -0.9400938560862864, -0.9407096357544599, -0.9413056489659826, -0.941882957157799, -0.9424425958351303, -0.9429855731433332, -0.9435128686762969, -0.944025432508106, -0.9445241844343943, -0.9450100134093289, -0.9454837771641619, -0.9459463019932626]}