{"FCI": -1.0783377742915115, "Energy": -0.8481987024985879, "Loss": [-0.7778300122830802, -0.7802859414108825, -0.7819917340182231, -0.7833972048105868, -0.7846276546773943, -0.785737645325918, -0.7867577270727519, -0.7877072049798416, -0.7885992372492954, -0.789443283726289, -0.790246422875661, -0.791014119255936, -0.7917506987701789, -0.7924596574177961, -0.7931438698507164, -0.7938057348838538, -0.7944472798329886, -0.7950702371036075, -0.7956761015642487, -0.7962661742966657, -0.7968415964858775, -0.7974033760420086, -0.7979524087764053, -0.7984894954373103, -0.7990153555557602, -0.7995306388043518, -0.8000359343954943, -0.8005317789186839, -0.8010186629234217, -0.8014970364855903, -0.8019673139434185, -0.8024298779501806, -0.8028850829607245, -0.803333258245903, -0.8037747105108554, -0.8042097261790071, -0.80463857339232, -0.8050615037694951, -0.805478753956501, -0.80589054699806, -0.8062970935540051, -0.806698592980374, -0.8070952342922484, -0.807487197022294, -0.8078746519871666, -0.8082577619718576, -0.808636682340716, -0.8090115615825749, -0.8093825417963497, -0.8097497591227178, -0.8101133441267463, -0.8104734221357992, -0.8108301135366871, -0.8111835340356145, -0.8115337948843856, -0.8118810030760578, -0.812225261513264, -0.8125666691522683, -0.8129053211259063, -0.8132413088485136, -0.8135747201058934, -0.8139056391334422, -0.8142341466853837, -0.8145603200979828, -0.8148842333494387, -0.8152059571189119, -0.8155255588468796, -0.815843102798622, -0.8161586501323169, -0.8164722589728504, -0.8167839844919524, -0.8170938789949798, -0.8174019920142614, -0.8177083704086008, -0.8180130584682673, -0.8183160980246025, -0.8186175285631856, -0.8189173873395076, -0.8192157094959175, -0.81951252817876, -0.8198078746546594, -0.8201017784248754, -0.8203942673369518, -0.8206853676928715, -0.8209751043531293, -0.8212635008362199, -0.8215505794132457, -0.8218363611973487, -0.8221208662279351, -0.8224041135495503, -0.8226861212855776, -0.8229669067067581, -0.823246486294783, -0.8235248758011158, -0.8238020903012896, -0.8240781442449197, -0.8243530515017049, -0.824626825403671, -0.8248994787839223, -0.8251710240121676, -0.82544147302723, -0.8257108373668491, -0.8259791281949272, -0.8262463563264849, -0.8265125322504752, -0.8267776661507094, -0.8270417679249629, -0.8273048472025489, -0.8275669133603765, -0.8278279755377004, -0.8280880426496743, -0.8283471233997849, -0.8286052262913163, -0.8288623596378704, -0.8291185315730956, -0.8293737500596622, -0.829628022897523, -0.8298813577315999, -0.8301337620588696, -0.830385243234951, -0.8306358084801989, -0.8308854648854246, -0.8311342194171434, -0.8313820789225387, -0.8316290501340459, -0.8318751396736669, -0.832120354056995, -0.8323646996969899, -0.8326081829075174, -0.8328508099066896, -0.8330925868199862, -0.8333335196832128, -0.8335736144452834, -0.8338128769708524, -0.8340513130427937, -0.8342889283645828, -0.8345257285624873, -0.8347617191877201, -0.8349969057184468, -0.8352312935616979, -0.8354648880551832, -0.8356976944690535, -0.8359297180075447, -0.836160963810564, -0.8363914369552258, -0.8366211424572716, -0.8368500852724956, -0.8370782702980537, -0.8373057023737621, -0.8375323862833169, -0.8377583267554796, -0.8379835284652244, -0.8382079960348247, -0.8384317340349188, -0.8386547469855289, -0.8388770393570394, -0.8390986155711572, -0.8393194800018324, -0.839539636976134, -0.8397590907751284, -0.8399778456347066, -0.8401959057463884, -0.840413275258111, -0.8406299582749988, -0.8408459588600808, -0.8410612810350279, -0.8412759287808371, -0.8414899060385175, -0.8417032167097442, -0.8419158646575037, -0.8421278537067153, -0.8423391876448446, -0.8425498702224838, -0.8427599051539468, -0.8429692961178258, -0.8431780467575336, -0.8433861606818462, -0.8435936414654295, -0.8438004926493529, -0.8440067177415683, -0.8442123202174312, -0.8444173035201455, -0.84462167106125, -0.8448254262210768, -0.8450285723491743, -0.8452311127647731, -0.8454330507571969, -0.8456343895862778, -0.8458351324827802, -0.8460352826487858, -0.8462348432581022, -0.8464338174566469, -0.8466322083627946, -0.8468300190678005, -0.8470272526361212, -0.8472239121057829, -0.8474200004887348, -0.8476155207711852, -0.8478104759139435, -0.84800486885275]}