{"FCI": -1.2430558295908476, "Energy": -1.0127619196066688, "Loss": [-0.7625025889006791, -0.7637352318421492, -0.7649702393221874, -0.76620758609384, -0.7674472466072553, -0.7686891950117678, -0.7699334051581178, -0.7711798506006587, -0.7724285045997119, -0.773679340123945, -0.7749323298528346, -0.7761874461792082, -0.777444661211838, -0.7787039467781218, -0.7799652744268094, -0.7812286154308357, -0.782493940790172, -0.7837612212347793, -0.785030427227636, -0.786301528967789, -0.7875744963935235, -0.7888492991855387, -0.7901259067702558, -0.7914042883231287, -0.7926844127720586, -0.7939662488008438, -0.7952497648527097, -0.7965349291338929, -0.797821709617286, -0.7991100740461311, -0.800399989937794, -0.801691424587575, -0.8029843450725799, -0.804278718255661, -0.8055745107893932, -0.8068716891201156, -0.8081702194920172, -0.8094700679512931, -0.8107712003503157, -0.8120735823519007, -0.813377179433572, -0.8146819568919187, -0.8159878798469683, -0.8172949132466225, -0.8186030218711173, -0.8199121703375442, -0.8212223231044072, -0.8225334444762147, -0.823845498608103, -0.8251584495105354, -0.8264722610539783, -0.8277868969736645, -0.8291023208743528, -0.8304184962351469, -0.8317353864143401, -0.8330529546542538, -0.8343711640861631, -0.835689977735213, -0.8370093585253628, -0.8383292692843456, -0.839649672748684, -0.8409705315686878, -0.8422918083135047, -0.8436134654761538, -0.8449354654786135, -0.8462577706768882, -0.8475803433661269, -0.8489031457857164, -0.8502261401244017, -0.8515492885254399, -0.8528725530917051, -0.8541958958908691, -0.8555192789605092, -0.8568426643133055, -0.858166013942162, -0.8594892898253796, -0.8608124539318014, -0.862135468225976, -0.8634582946732856, -0.8647808952451101, -0.8661032319239481, -0.8674252667085454, -0.8687469616190163, -0.8700682787019534, -0.8713891800355031, -0.8727096277344636, -0.8740295839553347, -0.8753490109013742, -0.8766678708276191, -0.8779861260458853, -0.8793037389297783, -0.8806206719196278, -0.8819368875274571, -0.8832523483418686, -0.8845670170329539, -0.8858808563571481, -0.8871938291620562, -0.8885058983912529, -0.8898170270890585, -0.8911271784052739, -0.8924363155998791, -0.8937444020476986, -0.8950514012430273, -0.8963572768042265, -0.8976619924782911, -0.8989655121453237, -0.9002677998230528, -0.9015688196712172, -0.9028685359959923, -0.9041669132542902, -0.9054639160580907, -0.9067595091786761, -0.9080536575508212, -0.9093463262769649, -0.9106374806313022, -0.9119270860638372, -0.9132151082044013, -0.9145015128665704, -0.9157862660516054, -0.91706933395224, -0.9183506829565373, -0.919630279651558, -0.9209080908270787, -0.922184083479192, -0.9234582248138897, -0.9247304822505439, -0.9260008234253632, -0.9272692161947851, -0.928535628638799, -0.929800029064205, -0.9310623860078283, -0.9323226682396579, -0.9335808447659312, -0.9348368848321497, -0.9360907579260325, -0.9373424337804199, -0.9385918823760808, -0.9398390739445057, -0.9410839789705796, -0.9423265681952442, -0.9435668126180397, -0.9448046834996309, -0.9460401523642388, -0.9472731910020251, -0.94850377147138, -0.9497318661011831, -0.950957447492973, -0.9521804885230561, -0.9534009623445517, -0.9546188423893777, -0.9558341023701389, -0.9570467162819977, -0.9582566584044465, -0.959463903303007, -0.9606684258308954, -0.961870201130575, -0.9630692046353058, -0.9642654120705689, -0.9654587994554537, -0.966649343103986, -0.9678370196263587, -0.9690218059301433, -0.9702036792213976, -0.9713826170057276, -0.9725585970892792, -0.9737315975796712, -0.9749015968868548, -0.9760685737239352, -0.9772325071078857, -0.9783933763602408, -0.9795511611077188, -0.9807058412827563, -0.9818573971240145, -0.983005809176809, -0.9841510582934875, -0.9852931256337285, -0.9864319926648017, -0.9875676411617614, -0.9887000532075915, -0.9898292111932603, -0.9909550978177675, -0.9920776960880945, -0.9931969893191147, -0.9943129611334514, -0.9954255954612631, -0.9965348765400085, -0.9976407889141186, -0.9987433174346384, -0.9998424472588276, -1.000938163849676, -1.002030452975388, -1.0031193007088264, -1.0042046934268913, -1.0052866178098523, -1.0063650608406292, -1.0074400098040526, -1.0085114522860255, -1.009579376172696, -1.0106437696495438, -1.0117046212004404]}