{"FCI": -0.9733715837423598, "Energy": 0.010094617443474244, "Loss": [0.34533548785723983, 0.3330926834557371, 0.32453128759581296, 0.3175799263552799, 0.3115856369574589, 0.30624176347127663, 0.30137516455067703, 0.2968765420390487, 0.29267149270369724, 0.2887065591568263, 0.2849417968723137, 0.28134651285803647, 0.2778966697830796, 0.2745732041823078, 0.2713608605268627, 0.2682473299907808, 0.2652225873279649, 0.2622783736450795, 0.2594077960321654, 0.256605022383271, 0.2538650519014594, 0.25118354369815893, 0.24855668865964065, 0.24598111291174904, 0.24345380416332196, 0.24097205462787072, 0.2385334160537371, 0.23613566371154823, 0.2337767671120008, 0.23145486586612063, 0.22916824954113363, 0.2269153406707698, 0.22469468029273898, 0.22250491553785756, 0.22034478890450698, 0.21821312893195455, 0.21610884204545638, 0.21403090539085123, 0.21197836051069507, 0.20995030774066442, 0.20794590122591253, 0.20596434447379317, 0.20400488637275938, 0.20206681761817333, 0.20014946749463008, 0.1982522009718284, 0.19637441607705744, 0.19451554151251904, 0.1926750344899549, 0.1908523787587147, 0.18904708280642551, 0.18725867821407488, 0.18548671814955836, 0.18373077598563983, 0.18199044402997105, 0.18026533235622333, 0.17855506772663732, 0.17685929259739752, 0.17517766419913536, 0.17350985368575905, 0.1718555453454768, 0.17021443586853502, 0.16858623366678122, 0.16697065824060486, 0.16536743958929825, 0.16377631766124473, 0.16219704184068437, 0.16062937046812775, 0.15907307039175844, 0.15752791654739834, 0.1559936915648631, 0.15447018539867308, 0.15295719498134347, 0.1514545238975374, 0.14996198207762246, 0.14847938550917916, 0.14700655596522783, 0.14554332074799464, 0.14408951244713974, 0.14264496871145577, 0.14120953203314301, 0.13978304954381662, 0.1383653728214688, 0.13695635770768336, 0.13555586413444048, 0.13416375595990293, 0.13277990081261612, 0.13140416994361265, 0.13003643808591883, 0.12867658332102855, 0.127324486951918, 0.12598003338222136, 0.124643110001191, 0.12331360707412994, 0.12199141763795308, 0.12067643740161113, 0.11936856465108636, 0.11806770015871415, 0.11677374709659159, 0.11548661095384372, 0.1142061994575447, 0.11293242249709554, 0.11166519205187966, 0.11040442212201462, 0.10915002866205004, 0.10790192951745235, 0.10666004436373487, 0.1054242946481049, 0.10419460353350006, 0.10297089584488181, 0.10175309801770159, 0.10054113804840804, 0.09933494544690863, 0.09813445119089653, 0.09693958768194358, 0.09575028870327817, 0.09456648937918066, 0.09338812613590378, 0.09221513666406311, 0.09104745988242507, 0.0898850359030248, 0.0887278059975606, 0.08757571256501168, 0.08642869910041093, 0.08528671016474082, 0.08414969135588138, 0.08301758928059916, 0.08189035152748639, 0.08076792664085632, 0.07965026409552171, 0.07853731427243377, 0.07742902843515381, 0.07632535870709073, 0.07522625804952117, 0.07413168024032285, 0.0730415798533984, 0.07195591223878793, 0.07087463350340445, 0.0697977004923977, 0.06872507077110765, 0.06765670260759495, 0.06659255495570601, 0.06553258743868279, 0.0644767603332665, 0.06342503455429768, 0.06237737163978056, 0.06133373373640728, 0.06029408358551575, 0.05925838450946183, 0.058226600398401177, 0.057198695697465975, 0.056174635394307226, 0.05515438500701127, 0.05413791057235536, 0.0531251786344061, 0.05211615623345074, 0.051110810895223825, 0.050109110620462985, 0.049111023874732436, 0.0481165195785475, 0.04712556709776919, 0.04613813623425424, 0.045154197216772725, 0.04417372069216342, 0.0431966777167369, 0.0422230397478974, 0.04125277863600295, 0.040285866616428585, 0.03932227630184945, 0.038361980674716224, 0.03740495307993609, 0.03645116721773601, 0.03550059713671485, 0.034553217227071345, 0.03360900221400708, 0.032667927151291194, 0.031729967414995126, 0.030795098697371584, 0.02986329700090668, 0.028934538632497904, 0.02800880019778841, 0.02708605859563417, 0.026166291012710133, 0.025249474918246362, 0.02433558805888763, 0.023424608453679704, 0.022516514389175166, 0.02161128441465368, 0.02070889733745547, 0.01980933221842579, 0.01891256836746441, 0.018018585339176746, 0.017127362928633066, 0.01623888116721353, 0.015353120318556915, 0.014470060874604243, 0.013589683551717163, 0.012711969286904476, 0.011836899234111992, 0.010964454760614709]}