{"FCI": -1.2592002079505042, "Energy": -0.6198347768643047, "Loss": [-0.4286578626410863, -0.4293252399603983, -0.42999553359135023, -0.4306687503017039, -0.43134489676519605, -0.43202397956010263, -0.4327060051678303, -0.43339097997146775, -0.4340789102543674, -0.43476980219870204, -0.4354636618840312, -0.43616049528585654, -0.4368603082741864, -0.4375631066120869, -0.4382688959542372, -0.4389776818454874, -0.4396894697194047, -0.44040426489683515, -0.4411220725844437, -0.4418428978732806, -0.4425667457373204, -0.44329362103202435, -0.4440235284928927, -0.44475647273401964, -0.44549245824664585, -0.4462314893977287, -0.44697357042848773, -0.44771870545298786, -0.44846689845669035, -0.44921815329503, -0.44997247369198917, -0.4507298632386755, -0.4514903253919006, -0.45225386347277186, -0.4530204806652842, -0.4537901800149113, -0.45456296442721816, -0.4553388366664625, -0.4561177993542193, -0.4568998549679937, -0.4576850058398589, -0.45847325415509277, -0.45926460195082663, -0.4600590511146891, -0.46085660338348156, -0.4616572603418502, -0.46246102342096623, -0.46326789389721085, -0.46407787289088936, -0.46489096136495067, -0.4657071601236938, -0.4665264698115208, -0.4673488909116816, -0.46817442374503804, -0.46900306846883516, -0.4698348250754927, -0.47066969339141285, -0.4715076730757867, -0.47234876361943184, -0.47319296434364244, -0.47404027439904683, -0.4748906927644853, -0.4757442182459104, -0.476600849475295, -0.4774605849095617, -0.47832342282953505, -0.4791893613388939, -0.4800583983631688, -0.4809305316487406, -0.48180575876186094, -0.482684077087693, -0.48356548382938014, -0.4844499760071247, -0.4853375504572936, -0.4862282038315403, -0.48712193259596787, -0.48801873303028054, -0.4889186012269906, -0.48982153309062415, -0.49072752433697914, -0.4916365704923701, -0.49254866689293386, -0.49346380868393036, -0.49438199081909656, -0.4953032080599957, -0.49622745497542536, -0.4971547259408223, -0.49808501513771547, -0.49901831655319306, -0.4999546239794057, -0.5008939310131012, -0.5018362310551584, -0.5027815173102046, -0.503729782786205, -0.5046810202941124, -0.5056352224475547, -0.5065923816625152, -0.5075524901570895, -0.5085155399512378, -0.5094815228665841, -0.5104504305262522, -0.5114222543547122, -0.5123969855776822, -0.5133746152220475, -0.5143551341158256, -0.5153385328881454, -0.5163248019692825, -0.5173139315907055, -0.5183059117851704, -0.5193007323868469, -0.5202983830314751, -0.5212988531565649, -0.5223021320016089, -0.5233082086083622, -0.5243170718211345, -0.5253287102871141, -0.5263431124567496, -0.5273602665841518, -0.5283801607275211, -0.5294027827496388, -0.5304281203183717, -0.5314561609072215, -0.5324868917959098, -0.5335203000709933, -0.5345563726265284, -0.5355950961647626, -0.536636457196862, -0.5376804420436812, -0.5387270368365651, -0.5397762275181907, -0.5408279998434448, -0.5418823393803337, -0.5429392315109405, -0.5439986614324052, -0.5450606141579543, -0.5461250745179648, -0.547192027161048, -0.5482614565551969, -0.5493333469889522, -0.5504076825726096, -0.5514844472394619, -0.5525636247470711, -0.5536451986786066, -0.5547291524441658, -0.555815469282182, -0.5569041322608418, -0.5579951242795388, -0.559088428070377, -0.5601840261996752, -0.5612819010695598, -0.562382034919542, -0.5634844098281493, -0.5645890077146081, -0.5656958103405149, -0.5668047993115886, -0.5679159560794353, -0.5690292619433364, -0.5701446980520851, -0.5712622454058492, -0.5723818848580606, -0.5735035971173478, -0.57462736274949, -0.5757531621793999, -0.5768809756931403, -0.5780107834399922, -0.5791425654344939, -0.5802763015585812, -0.5814119715636971, -0.5825495550729688, -0.5836890315833915, -0.5848303804680443, -0.5859735809783301, -0.5871186122462507, -0.5882654532866949, -0.5894140829997636, -0.5905644801731059, -0.5917166234842919, -0.5928704915032057, -0.5940260626944491, -0.595183315419788, -0.5963422279406007, -0.5975027784203627, -0.598664944927138, -0.5998287054361001, -0.6009940378320756, -0.6021609199120868, -0.6033293293879325, -0.604499243888783, -0.6056706409637711, -0.6068434980846344, -0.6080177926483367, -0.609193501979731, -0.6103706033342199, -0.6115490739004324, -0.6127288908029279, -0.6139100311048796, -0.6150924718108091, -0.6162761898692908, -0.6174611621757105, -0.6186473655749781]}