{"FCI": -1.2621759210848382, "Energy": -1.2495995199070806, "Loss": [-0.05378117140016164, -0.07043364699656535, -0.08730180084181721, -0.10437479903480082, -0.12164132018140811, -0.13908951243710868, -0.15670695973876192, -0.1744806575389159, -0.1923969984148698, -0.2104417680054292, -0.2286001519203516, -0.2468567545541782, -0.26519563113570765, -0.283600334898249, -0.3020539820079671, -0.32053933783944477, -0.3390389291878865, -0.357535187500973, -0.3760106267625127, -0.3944480532934702, -0.41283078888756575, -0.43114286018479075, -0.44936907380043084, -0.46749488968419717, -0.4855060681421348, -0.5033881941279932, -0.5211262764927309, -0.5387045787606878, -0.556106700033266, -0.5733158185228808, -0.5903149944172623, -0.6070874661917223, -0.623616914530667, -0.6398876910456205, -0.6558850173156426, -0.6715951605694523, -0.6870055904683927, -0.7021051191489996, -0.7168840246484034, -0.7313341561669365, -0.7454490182722193, -0.7592238301048466, -0.7726555549953359, -0.7857428958373286, -0.7984862523398248, -0.8108876381228298, -0.8229505585715996, -0.834679854144193, -0.8460815177643703, -0.8571624980754712, -0.8679305017500837, -0.8783938072246725, -0.8885610993143236, -0.898441329963726, -0.9080436060293748, -0.9173771014664396, -0.9264509891720839, -0.9352743870618018, -0.9438563134013019, -0.9522056475083123, -0.9603310932389324, -0.9682411438775171, -0.9759440480011101, -0.9834477765471317, -0.9907599917033547, -0.9978880184193171, -1.0048388193689475, -1.0116189741276196, -1.018234663202531, -1.0246916573988685, -1.030995312832916, -1.0371505717261764, -1.0431619689389209, -1.049033644030786, -1.054769358476124, -1.06037251751686, -1.0658461960112633, -1.0711931675385125, -1.0764159359504122, -1.0815167685251734, -1.0864977298752205, -1.091360715789179, -1.0961074862446654, -1.1007396969081393, -1.105258928535063, -1.1096667137921896, -1.1139645611377518, -1.118153975509574, -1.1222364756811656, -1.1262136082483256, -1.1300869583008963, -1.1338581569144226, -1.1375288856638854, -1.1411008784155263, -1.1445759206938075, -1.1479558469486295, -1.1512425360645202, -1.154437905458933, -1.1575439041126006, -1.1605625048622188, -1.1634956962657952, -1.1663454743249753, -1.1691138343182637, -1.1718027629649779, -1.174414231103879, -1.1769501870332661, -1.1794125506225437, -1.1818032082693408, -1.1841240087425098, -1.1863767599201684, -1.18856322640402, -1.1906851279672575, -1.1927441387732454, -1.1947418872864886, -1.1966799567859907, -1.1985598863838671, -1.2003831724489138, -1.202151270335201, -1.2038655963195868, -1.205527529658542, -1.2071384146833057, -1.2086995628631045, -1.2102122547774876, -1.2116777419512121, -1.2130972485171434, -1.2144719726846518, -1.215803088001922, -1.217091744410488, -1.2183390690989364, -1.2195461671698058, -1.220714122138922, -1.2218439962906245, -1.222936830914214, -1.223993646448195, -1.2250154425582607, -1.226003198173568, -1.2269578715035452, -1.227880400054564, -1.2287717006623162, -1.2296326695523767, -1.2304641824375557, -1.2312670946576327, -1.2320422413635108, -1.2327904377454333, -1.2335124793022785, -1.2342091421476318, -1.2348811833465583, -1.2355293412765853, -1.2361543360060145, -1.2367568696826745, -1.2373376269267486, -1.2378972752221307, -1.2384364653013344, -1.2389558315203053, -1.2394559922204313, -1.2399375500759102, -1.240401092425891, -1.2408471915913668, -1.241276405177659, -1.2416892763638023, -1.2420863341805521, -1.2424680937789043, -1.2428350566910904, -1.243187711085946, -1.243526532020392, -1.2438519816884437, -1.244164509668992, -1.244464553173034, -1.2447525372909796, -1.2450288752401286, -1.2452939686122617, -1.245548207620909, -1.2457919713479781, -1.2460256279889874, -1.246249535096263, -1.2464640398195603, -1.2466694791433366, -1.2468661801203262, -1.2470544601008584, -1.2472346269577952, -1.2474069793068114, -1.2475718067220998, -1.2477293899475148, -1.2478800011034248, -1.2480239038894434, -1.2481613537834073, -1.2482925982369104, -1.2484178768676446, -1.2485374216489262, -1.2486514570965794, -1.2487602004533938, -1.2488638618712413, -1.2489626445909816, -1.2490567451200438, -1.24914635340775, -1.249231653018151, -1.2493128213003546, -1.249390029556055, -1.2494634432042493, -1.249533221942842]}