{"FCI": -1.0783377742915115, "Energy": -1.050167292631431, "Loss": [-0.702850595606611, -0.7107878908031608, -0.7186803730125965, -0.7265215626576859, -0.7343060110818047, -0.7420291876360473, -0.7496873485970031, -0.7572773941795266, -0.764796719823289, -0.7722430676235722, -0.7796143832892974, -0.7869086833863066, -0.7941239368995534, -0.801257964357483, -0.8083083569335128, -0.8152724170980852, -0.8221471215613373, -0.8289291064408614, -0.8356146738306155, -0.8421998182537613, -0.8486802708729708, -0.8550515588232586, -0.8613090766402264, -0.8674481664924295, -0.8734642037980599, -0.879352684814868, -0.8851093129337763, -0.8907300806696719, -0.8962113447103184, -0.9015498918338694, -0.9067429940109784, -0.9117884515417106, -0.9166846236120115, -0.9214304461647386, -0.9260254374434269, -0.9304696919661386, -0.9347638640101188, -0.9389091419291138, -0.9429072147836484, -0.9467602328436321, -0.9504707635304, -0.9540417443116566, -0.9574764339599473, -0.9607783634454918, -0.9639512875699738, -0.9669991382700793, -0.9699259803386492, -0.9727359701347229, -0.9754333176882806, -0.9780222524555645, -0.9805069928489863, -0.9828917195539716, -0.9851805525529336, -0.9873775317041744, -0.9894866006688339, -0.9915115939405863, -0.9934562267083903, -0.9953240872702924, -0.9971186317136388, -0.9988431805822651, -1.000500917262463, -1.0020948878350249, -1.0036280021591601, -1.0051030359742519, -1.006522633826536, -1.0078893126488937, -1.0092054658424385, -1.0104733677282625, -1.0116951782561938, -1.0128729478740797, -1.014008622476847, -1.0151040483682416, -1.0161609771804843, -1.0171810707079394, -1.0181659056202552, -1.01911697802858, -1.020035707885366, -1.020923443204039, -1.0217814640898542, -1.0226109865771091, -1.0234131662713186, -1.0241891017974998, -1.0249398380578667, -1.0256663693038435, -1.0263696420284236, -1.0270505576860076, -1.0277099752471228, -1.028348713596201, -1.0289675537803586, -1.0295672411175556, -1.030148487172104, -1.0307119716055675, -1.0312583439107266, -1.0317882250360007, -1.0323022089075227, -1.0328008638554738, -1.0332847339512274, -1.0337543402612326, -1.0342101820233336, -1.0346527377508683, -1.0350824662694942, -1.0354998076913606, -1.0359051843310245, -1.0362990015670164, -1.0366816486529156, -1.0370534994812644, -1.0374149133036985, -1.03776623541008, -1.038107797769576, -1.038439919636097, -1.0387629081205145, -1.0390770587318863, -1.0393826558896102, -1.039679973408492, -1.0399692749583753, -1.040250814500006, -1.0405248366985795, -1.040791577316382, -1.0410512635857305, -1.0413041145636008, -1.0415503414687122, -1.0417901480024412, -1.0420237306543272, -1.0422512789930347, -1.0424729759437468, -1.0426889980525993, -1.0428995157389753, -1.0431046935362993, -1.0433046903219345, -1.043499659536809, -1.0436897493952857, -1.0438751030857878, -1.0440558589626867, -1.0442321507298673, -1.0444041076164086, -1.0445718545448117, -1.044735512292032, -1.0448951976438314, -1.045051023542635, -1.0452030992292791, -1.0453515303789356, -1.0454964192314344, -1.045637864716348, -1.045775962572968, -1.045910805465476, -1.0460424830935513, -1.0461710822985186, -1.0462966871653476, -1.0464193791206076, -1.046539237026656, -1.046656337272053, -1.0467707538585713, -1.046882558484791, -1.0469918206265227, -1.0470986076141116, -1.047202984706829, -1.0473050151644527, -1.0474047603161003, -1.0475022796265117, -1.0475976307598365, -1.0476908696410328, -1.0477820505149809, -1.0478712260033989, -1.0479584471597023, -1.0480437635217479, -1.0481272231627514, -1.0482088727402463, -1.048288757543323, -1.0483669215381144, -1.0484434074116458, -1.0485182566140745, -1.048591509399464, -1.0486632048650253, -1.04873338098897, -1.048802074667071, -1.0488693217478051, -1.0489351570663445, -1.0489996144772922, -1.049062726886287, -1.049124526280466, -1.0491850437578607, -1.0492443095557755, -1.0493023530781664, -1.04935920292205, -1.0494148869029958, -1.049469432079757, -1.0495228647779982, -1.0495752106132592, -1.0496264945130571, -1.0496767407382963, -1.049725972903912, -1.0497742139987751, -1.0498214864049724, -1.0498678119163898, -1.0499132117566896, -1.0499577065966352, -1.0500013165708735, -1.0500440612941362, -1.0500859598768695, -1.0501270309403836]}