{"FCI": -1.180735010486406, "Energy": -0.6144022041896937, "Loss": [-0.558696855399083, -0.5589707559206997, -0.5592446859346724, -0.5595186458328725, -0.5597926360052516, -0.560066656839802, -0.5603407087225519, -0.5606147920375213, -0.560888907166705, -0.5611630544900473, -0.5614372343854239, -0.5617114472286006, -0.5619856933932234, -0.562259973250792, -0.5625342871706278, -0.5628086355198633, -0.5630830186634025, -0.5633574369639102, -0.5636318907817819, -0.5639063804751199, -0.5641809063997162, -0.5644554689090222, -0.5647300683541293, -0.5650047050837477, -0.5652793794441772, -0.5655540917792958, -0.5658288424305232, -0.5661036317368129, -0.5663784600346171, -0.5666533276578753, -0.5669282349379876, -0.5672031822037922, -0.5674781697815479, -0.5677531979949064, -0.5680282671649004, -0.5683033776099149, -0.5685785296456681, -0.5688537235851956, -0.5691289597388185, -0.5694042384141363, -0.569679559915999, -0.5699549245464912, -0.5702303326049037, -0.5705057843877315, -0.5707812801886308, -0.5710568202984161, -0.5713324050050346, -0.5716080345935542, -0.5718837093461364, -0.5721594295420178, -0.5724351954574975, -0.5727110073659143, -0.5729868655376276, -0.5732627702400052, -0.5735387217373941, -0.5738147202911221, -0.5740907661594543, -0.5743668595975975, -0.5746430008576727, -0.5749191901887017, -0.5751954278365827, -0.5754717140440864, -0.5757480490508269, -0.5760244330932542, -0.5763008664046299, -0.5765773492150222, -0.5768538817512744, -0.5771304642370001, -0.5774070968925732, -0.577683779935097, -0.5779605135783932, -0.5782372980329976, -0.5785141335061346, -0.5787910202017046, -0.5790679583202675, -0.5793449480590345, -0.5796219896118524, -0.5798990831691779, -0.5801762289180826, -0.5804534270422255, -0.5807306777218364, -0.5810079811337268, -0.5812853374512399, -0.581562746844271, -0.581840209479229, -0.5821177255190448, -0.5823952951231464, -0.5826729184474407, -0.5829505956443224, -0.5832283268626417, -0.5835061122477017, -0.5837839519412412, -0.5840618460814325, -0.5843397948028585, -0.5846177982365155, -0.5848958565097795, -0.5851739697464236, -0.5854521380665917, -0.5857303615867808, -0.5860086404198459, -0.586286974674986, -0.5865653644577246, -0.586843809869912, -0.5871223110097064, -0.5874008679715742, -0.5876794808462751, -0.5879581497208417, -0.5882368746785942, -0.5885156557991156, -0.5887944931582464, -0.5890733868280724, -0.5893523368769313, -0.5896313433693797, -0.5899104063662092, -0.590189525924432, -0.5904687020972565, -0.5907479349341066, -0.591027224480599, -0.5913065707785334, -0.5915859738658951, -0.5918654337768469, -0.5921449505417153, -0.5924245241869915, -0.5927041547353249, -0.5929838422055085, -0.593263586612486, -0.5935433879673369, -0.5938232462772779, -0.594103161545647, -0.5943831337719115, -0.5946631629516554, -0.5949432490765797, -0.595223392134483, -0.595503592109281, -0.5957838489809885, -0.5960641627257063, -0.5963445333156424, -0.5966249607190834, -0.5969054449004098, -0.5971859858200768, -0.5974665834346226, -0.5977472376966669, -0.5980279485548937, -0.5983087159540627, -0.5985895398350051, -0.5988704201346179, -0.5991513567858624, -0.5994323497177558, -0.5997133988553887, -0.5999945041199037, -0.6002756654285023, -0.600556882694446, -0.6008381558270515, -0.6011194847316919, -0.6014008693097947, -0.6016823094588406, -0.6019638050723706, -0.6022453560399702, -0.6025269622472913, -0.6028086235760295, -0.6030903399039433, -0.6033721111048456, -0.6036539370486063, -0.6039358176011533, -0.6042177526244724, -0.6044997419766088, -0.6047817855116749, -0.6050638830798452, -0.6053460345273575, -0.6056282396965151, -0.6059104984257038, -0.6061928105493678, -0.6064751758980366, -0.6067575942983128, -0.6070400655728815, -0.6073225895405121, -0.6076051660160648, -0.6078877948104826, -0.6081704757308171, -0.608453208580208, -0.6087359931578975, -0.6090188292592431, -0.6093017166757075, -0.6095846551948719, -0.6098676446004383, -0.6101506846722337, -0.6104337751862191, -0.6107169159144865, -0.6110001066252774, -0.6112833470829737, -0.6115666370481154, -0.6118499762774002, -0.6121333645236925, -0.6124168015360228, -0.6127002870596109, -0.6129838208358518, -0.61326740260234, -0.6135510320928641, -0.6138347090374212, -0.614118433162218]}