{"FCI": -1.2744115559212819, "Energy": -0.7438240791989057, "Loss": [-0.46717069427267827, -0.4901076817063162, -0.5052705676880842, -0.517102190158776, -0.5269843330328325, -0.535554825418024, -0.543169483780366, -0.5500508242899733, -0.5563491323326554, -0.562171625818311, -0.5675978808003596, -0.5726886188424457, -0.5774910326361463, -0.5820422323803174, -0.5863716563000831, -0.5905028918694644, -0.5944551211863434, -0.5982442770745066, -0.6018839462885104, -0.605386049821441, -0.6087613373294469, -0.6120197361107487, -0.6151705913852175, -0.6182228267401869, -0.6211850450905407, -0.6240655833882551, -0.6268725292662692, -0.6296137047705308, -0.6322966210711493, -0.6349284082751682, -0.6375157258834305, -0.6400646616061827, -0.6425806285417137, -0.6450682723370873, -0.6475314001329283, -0.6499729414068894, -0.6523949473704744, -0.6547986309709141, -0.6571844447198584, -0.659552189383555, -0.6619011436256811, -0.6642302032763576, -0.6665380190162484, -0.6688231226893261, -0.6710840347787763, -0.6733193482853345, -0.6755277868667273, -0.6777082373305519, -0.6798597583403575, -0.6819815685781465, -0.6840730187364854, -0.6861335526418963, -0.6881626634390211, -0.6901598508665366, -0.6921245850018205, -0.694056280391907, -0.695954282464561, -0.6978178660144194, -0.6996462439057958, -0.7014385832380956, -0.7031940260760884, -0.7049117122117843, -0.7065908019951026, -0.7082304978260623, -0.7098300633488104, -0.7113888397225835, -0.7129062585997895, -0.7143818516472796, -0.7158152566210969, -0.7172062201531367, -0.7185545975298385, -0.7198603498372345, -0.7211235389123559, -0.7223443205794492, -0.7235229366622365, -0.7246597062532836, -0.725755016691288, -0.7268093146499254, -0.7278230976809043, -0.728796906482559, -0.7297313180875508, -0.7306269400831534, -0.7314844059003799, -0.7323043711388479, -0.7330875108377228, -0.7338345175632195, -0.7345461001617366, -0.7352229830242076, -0.7358659057187281, -0.7364756228702872, -0.7370529041928989, -0.7375985346059193, -0.7381133143889353, -0.7385980593465117, -0.7390536009649536, -0.7394807865486551, -0.7398804793250453, -0.7402535585058919, -0.7406009192896424, -0.740923472785703, -0.7412221458371371, -0.7414978807136665, -0.7417516346420745, -0.7419843791362024, -0.7421970990840485, -0.7423907915450391, -0.7425664642066734, -0.7427251334482932, -0.7428678219548426, -0.7429955558456021, -0.7431093611794852, -0.7432102596501284, -0.7432992406339268, -0.7433763528896917, -0.7434096295183575, -0.7434187120152481, -0.7434911143232471, -0.7435378978986574, -0.743608798966553, -0.7436580047848369, -0.7436917824893807, -0.7437174461627665, -0.74373815250464, -0.7437552534489038, -0.7437694576230257, -0.743781180445725, -0.743790532941812, -0.7437972291943545, -0.7438002691764938, -0.743797899746158, -0.7437904531879814, -0.7437852740019671, -0.743792681380536, -0.7438063522450168, -0.7438195047884937, -0.7438282381645444, -0.7438340585126553, -0.7438375821805553, -0.74383971977703, -0.7438405531448661, -0.7438402575520867, -0.743838468529033, -0.7438352330365461, -0.7438304490766905, -0.7438259367322406, -0.7438231186120952, -0.7438242641985593, -0.7438273731827524, -0.743831672224808, -0.7438349513284132, -0.7438374595112669, -0.7438386503925419, -0.7438390532455792, -0.7438383836179148, -0.743837027986609, -0.7438346925565295, -0.7438319858633368, -0.7438288738292632, -0.7438265847398525, -0.7438250371258736, -0.7438251716420279, -0.7438259216015347, -0.7438275100316947, -0.7438287197244393, -0.7438298577836603, -0.743830161578671, -0.743830125938985, -0.743829235547583, -0.743828127869532, -0.7438263909554118, -0.7438249163011688, -0.7438232910018965, -0.7438225945811532, -0.7438220870089599, -0.7438226999604478, -0.743823243839282, -0.7438244815516729, -0.7438251643764066, -0.7438260972481762, -0.7438262281554522, -0.7438264625787656, -0.7438259055256962, -0.7438255751752274, -0.7438246304411973, -0.7438242147764322, -0.743823421571624, -0.7438234380397747, -0.7438231755102046, -0.7438237422720214, -0.7438239005929896, -0.7438246761465642, -0.7438248459261373, -0.7438254238695176, -0.7438252961888299, -0.7438255114522399, -0.7438250469989603, -0.7438250074329302, -0.7438243962109352, -0.7438243667114403, -0.7438238758816728]}