{"FCI": -1.0966577125910288, "Energy": -1.0110637860110754, "Loss": [-0.9163993661142754, -0.916474849280544, -0.9166180542460088, -0.9168218210579019, -0.9170795651329212, -0.9173852479085662, -0.9177333456677804, -0.9181188176137949, -0.9185370739722686, -0.9189839446727248, -0.9194556489934729, -0.9199487664283749, -0.9204602089405817, -0.9209871946988616, -0.921527223341183, -0.9220780527727391, -0.9226376774785966, -0.923204308312036, -0.9237763537061174, -0.924352402247444, -0.9249312065452818, -0.9255116683263773, -0.9260928246845767, -0.9266738354145944, -0.9272539713604852, -0.9278326037114306, -0.9284091941798316, -0.9289832859995102, -0.9295544956849038, -0.9301225054952557, -0.9306870565508751, -0.9312479425518925, -0.9318050040528754, -0.9323581232497379, -0.9329072192383775, -0.9334522437071028, -0.9339931770276962, -0.9345300247124516, -0.9350628142069087, -0.9355915919901802, -0.9361164209570129, -0.9366373780575563, -0.937154552172802, -0.9376680422051986, -0.9381779553657211, -0.9386844056400755, -0.9391875124181362, -0.939687399271934, -0.9401841928687963, -0.9406780220072988, -0.9411690167646598, -0.9416573077452457, -0.9421430254206163, -0.9426262995524604, -0.943107258690365, -0.9435860297372061, -0.944062737575417, -0.9445375047480923, -0.9450104511893797, -0.945481693998987, -0.9459513472563155, -0.9464195218699246, -0.946886325458508, -0.9473518622599177, -0.947816233065042, -0.9482795351736769, -0.9487418623698134, -0.9492033049139149, -0.9496639495501235, -0.9501238795263942, -0.9505831746259112, -0.9510419112080943, -0.951500162257907, -0.9519579974421117, -0.9524154831713777, -0.9528726826672257, -0.9533296560328526, -0.9537864603271404, -0.9542431496409859, -0.9546997751754097, -0.9551563853208747, -0.9556130257372991, -0.9560697394343074, -0.9565265668514129, -0.9569835459377236, -0.957440712230946, -0.9578980989354127, -0.9583557369989312, -0.9588136551883049, -0.9592718801633369, -0.9597304365492472, -0.9601893470073602, -0.9606486323040454, -0.9611083113777799, -0.9615684014043714, -0.9620289178602546, -0.9624898745839001, -0.9629512838352565, -0.9634131563533413, -0.9638755014118897, -0.9643383268731727, -0.9648016392399034, -0.9652654437054129, -0.9657297442019922, -0.966194543447507, -0.9666598429903662, -0.9671256432527765, -0.9675919435724363, -0.9680587422426921, -0.968526036551151, -0.968993822816874, -0.9694620964261531, -0.9699308518669209, -0.9704000827618775, -0.9708697819003493, -0.971339941268907, -0.9718105520808786, -0.972281604804675, -0.9727530891910922, -0.9732249942995433, -0.973697308523332, -0.9741700196139321, -0.9746431147043992, -0.9751165803318741, -0.9755904024592776, -0.9760645664961664, -0.9765390573188696, -0.9770138592898369, -0.9774889562763249, -0.9779643316683954, -0.9784399683962636, -0.9789158489470577, -0.9793919553809527, -0.9798682693467784, -0.9803447720970784, -0.9808214445026614, -0.9812982670666701, -0.9817752199381786, -0.9822522829253508, -0.982729435508197, -0.9832066568509099, -0.9836839258138498, -0.9841612209651138, -0.9846385205918619, -0.9851158027112418, -0.9855930450810175, -0.9860702252099737, -0.9865473203679984, -0.9870243075958964, -0.9875011637150608, -0.9879778653367887, -0.9884543888715385, -0.9889307105378674, -0.9894068063712704, -0.9898826522328337, -0.9903582238177717, -0.9908334966637383, -0.9913084461591377, -0.9917830475512119, -0.9922572759541224, -0.9927311063568657, -0.9932045136311887, -0.9936774725393449, -0.9941499577419075, -0.9946219438054278, -0.9950934052101368, -0.9955643163575724, -0.9960346515782079, -0.9965043851390598, -0.9969734912512991, -0.9974419440778679, -0.9979097177410726, -0.9983767863302493, -0.9988431239094047, -0.9993087045248775, -0.999773502213088, -1.0002374910082534, -1.0007006449501747, -1.001162938092063, -1.001624344508414, -1.0020848383028984, -1.002544393616328, -1.0030029846346689, -1.0034605855970828, -1.0039171708040262, -1.0043727146253945, -1.0048271915087261, -1.0052805759874235, -1.0057328426890333, -1.0061839663435652, -1.0066339217918627, -1.00708268399396, -1.007530228037512, -1.0079765291462368, -1.0084215626883746, -1.008865304185161, -1.00930772931932, -1.0097488139435358, -1.0101885340889503, -1.0106268659736375]}