{"FCI": -1.2592002079505042, "Energy": -0.6924544210406973, "Loss": [-0.4245959421388874, -0.4319147954630432, -0.4372633055973141, -0.4417312231089557, -0.4456719853823015, -0.4492519744020675, -0.4525650434059943, -0.4556702423776515, -0.45860756310562895, -0.46140556979792335, -0.46408550331808895, -0.46666366602327736, -0.4691528928512388, -0.4715635030849195, -0.47390394060904334, -0.47618121884100734, -0.47840123855196287, -0.4805690203158228, -0.4826888780379572, -0.4847645508448836, -0.4867993049289956, -0.48879601331071565, -0.4907572191011415, -0.4926851862533559, -0.4945819406991907, -0.49644930400762205, -0.49828892116181916, -0.5001022836638981, -0.5018907488932334, -0.5036555564349987, -0.5053978419389041, -0.5071186489498718, -0.5088189390619376, -0.5104996006769134, -0.5121614565951945, -0.5138052706235113, -0.5154317533508995, -0.5170415672173071, -0.518635330977968, -0.5202136236492341, -0.5217769880076815, -0.523325933702714, -0.5248609400336617, -0.5263824584344616, -0.5278909147027613, -0.5293867110047874, -0.5308702276830124, -0.53234182488972, -0.533801844066682, -0.5352506092881173, -0.5366884284822228, -0.5381155945443286, -0.5395323863532463, -0.540939069700889, -0.5423358981440448, -0.5437231137861263, -0.5451009479958009, -0.5464696220686166, -0.547829347837083, -0.5491803282339706, -0.5505227578132338, -0.5518568232322721, -0.5531827036990946, -0.5545005713873713, -0.5558105918222134, -0.5571129242390909, -0.5584077219182464, -0.5596951324965003, -0.560975298258356, -0.562248356408085, -0.5635144393242031, -0.5647736747977969, -0.566026186255871, -0.5672720929709186, -0.5685115102576578, -0.5697445496579537, -0.5709713191147457, -0.5721919231357769, -0.5734064629478443, -0.5746150366422447, -0.5758177393120029, -0.5770146631814459, -0.5782058977286713, -0.5793915298013392, -0.5805716437262359, -0.5817463214130356, -0.5829156424526184, -0.5840796842102643, -0.5852385219141102, -0.5863922287390894, -0.5875408758866789, -0.5886845326606799, -0.589823266539305, -0.5909571432437524, -0.5920862268034911, -0.5932105796184572, -0.594330262518313, -0.5954453348189674, -0.5965558543764841, -0.5976618776385371, -0.5987634596935568, -0.5998606543176613, -0.6009535140195373, -0.6020420900833423, -0.6031264326097464, -0.6042065905552216, -0.6052826117696571, -0.6063545430323816, -0.6074224300867028, -0.6084863176729957, -0.6095462495604571, -0.6106022685775473, -0.6116544166412321, -0.6127027347850452, -0.6137472631860481, -0.6147880411907185, -0.615825107339864, -0.6168584993925357, -0.6178882543490841, -0.6189144084732794, -0.6199369973136489, -0.6209560557240071, -0.621971617883217, -0.6229837173142431, -0.6239923869025067, -0.6249976589135854, -0.6259995650102582, -0.6269981362689889, -0.6279934031957892, -0.6289853957415438, -0.629974143316817, -0.6309596748061341, -0.6319420185817767, -0.6329212025171265, -0.6338972539995456, -0.6348701999428317, -0.6358400667992749, -0.6368068805712931, -0.6377706668227069, -0.6387314506896532, -0.6396892568911338, -0.640644109739229, -0.64159603314901, -0.6425450506481075, -0.6434911853860076, -0.6444344601430414, -0.645374897339117, -0.6463125190421657, -0.6472473469763333, -0.6481794025299548, -0.6491087067632404, -0.6500352804157771, -0.650959143913782, -0.6518803173771537, -0.652798820626317, -0.6537146731888683, -0.6546278943060277, -0.6555385029389157, -0.6564465177746346, -0.6573519572321903, -0.6582548394682654, -0.6591551823827739, -0.6600530036243404, -0.6609483205955625, -0.6618411504581685, -0.6627315101380151, -0.6636194163299568, -0.6645048855025864, -0.6653879339028537, -0.6662685775605378, -0.6671468322926436, -0.6680227137076302, -0.6688962372095786, -0.6697674180022227, -0.6706362710928825, -0.6715028112963014, -0.6723670532383766, -0.6732290113598083, -0.6740886999196438, -0.6749461329987493, -0.6758013245031612, -0.6766542881674111, -0.6775050375577083, -0.678353586075088, -0.6791999469584582, -0.6800441332875934, -0.6808861579860328, -0.6817260338239233, -0.6825637734208028, -0.6833993892482949, -0.6842328936327661, -0.6850642987578883, -0.6858936166671826, -0.6867208592664712, -0.6875460383262801, -0.688369165484206, -0.6891902522471895, -0.690009309993796, -0.6908263499763758, -0.6916413833232261]}