{"FCI": -1.137067858273465, "Energy": -0.7335353964869665, "Loss": [-0.5812137363976748, -0.5819183051109891, -0.5826244517424208, -0.5833321667151761, -0.5840414402998455, -0.5847522626145352, -0.5854646236250373, -0.5861785131450137, -0.586893920836208, -0.5876108362086809, -0.5883292486210964, -0.5890491472809891, -0.5897705212451136, -0.5904933594197723, -0.5912176505612026, -0.5919433832759791, -0.5926705460214365, -0.5933991271061461, -0.5941291146903861, -0.5948604967866632, -0.59559326126026, -0.5963273958297945, -0.5970628880678401, -0.5977997254015197, -0.5985378951131968, -0.5992773843411366, -0.6000181800802292, -0.6007602691827225, -0.6015036383589999, -0.6022482741783728, -0.6029941630699013, -0.6037412913232585, -0.6044896450896099, -0.6052392103825173, -0.6059899730788917, -0.6067419189199419, -0.6074950335121918, -0.6082493023284793, -0.6090047107090333, -0.6097612438625378, -0.6105188868672374, -0.6112776246720845, -0.6120374420978881, -0.612798323838521, -0.6135602544621169, -0.6143232184123342, -0.6150872000096105, -0.6158521834524809, -0.6166181528188884, -0.6173850920675353, -0.6181529850392687, -0.6189218154584955, -0.6196915669345812, -0.6204622229633415, -0.6212337669284969, -0.6220061821031977, -0.6227794516515477, -0.623553558630158, -0.6243284859897384, -0.6251042165766901, -0.625880733134753, -0.626658018306632, -0.6274360546357047, -0.628214824567693, -0.6289943104524044, -0.629774494545462, -0.6305553590100894, -0.6313368859188737, -0.6321190572555967, -0.6329018549170556, -0.6336852607149132, -0.6344692563775687, -0.6352538235520614, -0.6360389438059609, -0.636824598629313, -0.6376107694365758, -0.638397437568587, -0.6391845842945671, -0.6399721908140931, -0.6407602382591328, -0.6415487076960699, -0.6423375801277716, -0.6431268364956378, -0.6439164576816838, -0.6447064245106441, -0.645496717752079, -0.646287318122496, -0.6470782062874882, -0.64786936286388, -0.6486607684218948, -0.6494524034873262, -0.6502442485437088, -0.6510362840345437, -0.651828490365468, -0.6526208479064899, -0.6534133369942116, -0.6542059379340509, -0.6549986310024855, -0.6557913964493135, -0.6565842144998815, -0.6573770653573648, -0.6581699292050334, -0.6589627862085038, -0.659755616518047, -0.6605484002708331, -0.6613411175932469, -0.6621337486031557, -0.6629262734122056, -0.6637186721280997, -0.6645109248569223, -0.6653030117053937, -0.6660949127831912, -0.6668866082052264, -0.667678078093949, -0.668469302581628, -0.66926026181265, -0.6700509359457917, -0.6708413051565232, -0.6716313496392623, -0.6724210496096742, -0.6732103853069181, -0.6739993369959331, -0.6747878849696871, -0.6755760095514249, -0.6763636910969208, -0.6771509099967238, -0.6779376466783564, -0.6787238816085839, -0.6795095952955791, -0.6802947682911523, -0.6810793811929355, -0.6818634146465726, -0.6826468493478672, -0.6834296660449654, -0.6842118455404881, -0.6849933686936723, -0.6857742164224748, -0.686554369705705, -0.6873338095850915, -0.6881125171673756, -0.688890473626363, -0.6896676602049834, -0.6904440582173063, -0.6912196490505622, -0.6919944141671367, -0.6927683351065561, -0.6935413934874389, -0.6943135710094507, -0.695084849455217, -0.6958552106922297, -0.6966246366747468, -0.6973931094456388, -0.6981606111382486, -0.6989271239782123, -0.6996926302852502, -0.7004571124749709, -0.7012205530606187, -0.7019829346548125, -0.7027442399712596, -0.7035044518264549, -0.7042635531413516, -0.705021526942997, -0.7057783563661608, -0.7065340246549421, -0.7072885151643249, -0.7080418113617482, -0.7087938968286138, -0.7095447552618036, -0.7102943704751266, -0.7110427264008006, -0.7117898070908442, -0.7125355967185018, -0.7132800795795897, -0.7140232400938463, -0.7147650628062702, -0.7155055323883766, -0.7162446336394895, -0.7169823514879509, -0.7177186709923619, -0.7184535773427367, -0.7191870558616741, -0.7199190920054626, -0.7206496713652072, -0.7213787796678759, -0.7221064027773535, -0.7228325266954496, -0.7235571375628912, -0.7242802216602743, -0.7250017654089974, -0.7257217553721561, -0.7264401782554345, -0.7271570209079102, -0.7278722703229128, -0.7285859136387888, -0.7292979381396592, -0.7300083312561607, -0.7307170805661363, -0.7314241737953184, -0.7321295988179584, -0.7328333436574614]}