{"FCI": -1.180735010486406, "Energy": -1.160224473836439, "Loss": [-0.5266471801706548, -0.5441167982658083, -0.5576155535555235, -0.5693627347459658, -0.5800759985833973, -0.5900904351643905, -0.599592944049246, -0.6086995228897629, -0.617487525603128, -0.6260112930805736, -0.6343105618968469, -0.642415355550033, -0.6503490092048337, -0.658130135389953, -0.6657739550496408, -0.6732932297488302, -0.6806989312436404, -0.688000728407177, -0.6952073374989015, -0.7023267599301805, -0.7093664177673794, -0.7163331906628706, -0.7232333604066271, -0.7300724822971304, -0.7368552230237263, -0.743585221939934, -0.7502650315141299, -0.756896166579728, -0.7634792521921588, -0.7700142290776192, -0.7765005684082702, -0.7829374605385803, -0.7893239618796276, -0.7956590994127777, -0.8019419401092591, -0.8081716344038699, -0.8143474417390814, -0.8204687441469547, -0.8265350519075749, -0.8325460038468251, -0.838501363817445, -0.8444010142454788, -0.8502449472147, -0.856033253325341, -0.8617661084502108, -0.8674437584927828, -0.8730665023133086, -0.8786346731227835, -0.8841486188416946, -0.8896086821663344, -0.8950151813526437, -0.9003683929762257, -0.9056685381033631, -0.910915773354239, -0.9161101882056465, -0.9212518095396369, -0.9263406139063588, -0.9313765472831519, -0.9363595513594906, -0.9412895946505635, -0.9461667061230459, -0.9509910085535807, -0.9557627485503775, -0.960482320040634, -0.9651502780527791, -0.9697673398210717, -0.9743343706809158, -0.9788523530336909, -0.9833223379926377, -0.9877453812817168, -0.9921224674808287, -0.9964544294358955, -1.0007418718935543, -1.0049851093086042, -1.009184126612238, -1.0133385684228153, -1.017447757444918, -1.0215107379651702, -1.0255263367809229, -1.029493232400851, -1.0334100239242991, -1.0372752929834475, -1.0410876546372725, -1.044845795414968, -1.0485484984317597, -1.0521946565718667, -1.0557832752790968, -1.0593134667103772, -1.0627844370686343, -1.0661954689580826, -1.0695459006499282, -1.0728351042068534, -1.0760624644462125, -1.0792273606609726, -1.082329152803109, -1.0853671734304875, -1.0883407261365596, -1.0912490904838872, -1.0940915327539698, -1.0968673212285682, -1.0995757443349559, -1.1022161298743356, -1.1047878636995097, -1.1072904065520957, -1.109723308215108, -1.1120862185867997, -1.1143788956620058, -1.1166012106767442, -1.1187531508238708, -1.1208348199985965, -1.1228464380143217, -1.1247883386601325, -1.1266609669352678, -1.1284648755091937, -1.1302007210807579, -1.131869240018133, -1.1334705596983563, -1.1349787581676412, -1.1364136254524249, -1.1378510426829376, -1.1392240386935957, -1.1405150938068438, -1.1417420184622926, -1.1429093693852355, -1.1440197332333446, -1.1450746510005168, -1.1460758483019409, -1.1470248033707178, -1.1479232225160705, -1.1487726092819115, -1.14957468376374, -1.1503307863254255, -1.1510423790674826, -1.1517093938258003, -1.1523326337871345, -1.1529111079225391, -1.1534626283438496, -1.1539824061225505, -1.1544728765053782, -1.1549282662127673, -1.1553521511130442, -1.1557458873887003, -1.1561120794549733, -1.1564522259323147, -1.1567681320302565, -1.1570610063428457, -1.1573322197393123, -1.1575826598969352, -1.1578135426674339, -1.1580261715463975, -1.158222669948526, -1.158405994036563, -1.158577130375062, -1.158737591151089, -1.15888583384965, -1.159023042606676, -1.1591486270377878, -1.1592641384406899, -1.159369452534585, -1.1594658917352199, -1.1595532105331292, -1.1596326204487206, -1.159703693530745, -1.1597680144518403, -1.1598251936088486, -1.159877538368438, -1.1599245022120415, -1.159968054101136, -1.1600069782184494, -1.1600423671900475, -1.1600731924088943, -1.160100350771152, -1.1601233509898765, -1.160143025660811, -1.1601591461428347, -1.1601724880812112, -1.1601829926618707, -1.1601914914650524, -1.1601981448918397, -1.1602037693202796, -1.1602085527477515, -1.1602129023083632, -1.1602167793501108, -1.160220147820802, -1.1602229207462949, -1.1602249631752606, -1.1602263307484488, -1.1602269475291669, -1.1602270150474565, -1.160226528551589, -1.1602258071362384, -1.1602248942152529, -1.1602241485415343, -1.160223556716968, -1.1602233583727022, -1.1602233793621182, -1.1602236836227025, -1.1602240042135543, -1.1602243445555374, -1.1602244842950507]}