{"FCI": -2.166386984981435, "Energy": -2.078022552995178, "Loss": [-1.0150956832015403, -1.0342895880842935, -1.0530868416858705, -1.0714581264203238, -1.0893761088168068, -1.106815803913237, -1.1237549639428879, -1.14017448457184, -1.1560588208144953, -1.171396401611116, -1.1861800275461467, -1.2004072302605804, -1.2140805649537656, -1.2272077998087703, -1.2398019600615153, -1.251881182823034, -1.2634683455109899, -1.2745904491062412, -1.2852777677335072, -1.2955628134466635, -1.3054791995353001, -1.3150605053815925, -1.3243392432986285, -1.3333460039920926, -1.3421088216297739, -1.3506527642154502, -1.3589997290891023, -1.367168409847464, -1.3751743976537196, -1.3830303825455517, -1.3907464251735668, -1.3983302741731778, -1.4057877083208257, -1.413122885827961, -1.4203386859521747, -1.4274370308541342, -1.4344191784224312, -1.4412859795779296, -1.448038096214107, -1.4546761782757165, -1.461201000411453, -1.4676135601123463, -1.47391514028829, -1.4801073399132532, -1.4861920767799226, -1.4921715666387052, -1.4980482831245414, -1.5038249029384818, -1.5095042407616597, -1.5150891783247513, -1.5205825919167764, -1.5259872823666665, -1.5313059111540914, -1.5365409457949382, -1.5416946170109829, -1.5467688894547489, -1.5517654469538908, -1.5566856924086327, -1.5615307616688854, -1.5663015499819104, -1.5709987489799162, -1.5756228917010269, -1.580174402831092, -1.5846536512233556, -1.5890610017992248, -1.5933968641382728, -1.5976617354144733, -1.601856235793925, -1.6059811349538737, -1.6100373689740213, -1.6140260474585655, -1.6179484513346973, -1.6218060223049746, -1.6256003453788874, -1.6293331262413537, -1.6330061654155412, -1.6366213312317894, -1.6401805335222714, -1.6436856997352416, -1.6471387548256002, -1.6505416058616726, -1.6538961318320295, -1.6572041786800906, -1.6604675591789952, -1.6636880569177603, -1.6668674334259896, -1.6700074373342757, -1.673109814451645, -1.6761763177330116, -1.6792087162919245, -1.6822088028609998, -1.68517839938834, -1.6881193607513023, -1.6910335768419964, -1.693922973507287, -1.69678951299122, -1.699635194619494, -1.7024620564795994, -1.7052721787935463, -1.7080676895614921, -1.7108507728929192, -1.713623680253501, -1.716388744660444, -1.7191483976704167, -1.7219051888345662, -1.7246618071473547, -1.7274211038887195, -1.7301861161460768, -1.7329600901914552, -1.7357465037694109, -1.738549086215748, -1.741371835172239, -1.7442190285009065, -1.7470952298542537, -1.7500052862615103, -1.7529543160935825, -1.7559476859182086, -1.7589909750930144, -1.762089927482444, -1.7652503904071035, -1.768478241773201, -1.7717793071872794, -1.77515926961082, -1.7786235746364203, -1.782177334692606, -1.7858252353894728, -1.7895714468465054, -1.7934195422912902, -1.7973724255977483, -1.8014322688514934, -1.8056004605619904, -1.809877564818951, -1.8142632915114896, -1.8187564776631788, -1.8233550799442881, -1.8280561784622797, -1.832855991968807, -1.8377499046262993, -1.842732504432649, -1.8477976332929562, -1.8529384485476976, -1.858147495512951, -1.8634167902653935, -1.8687379115238196, -1.8741021000545386, -1.879500363588265, -1.8849235848110044, -1.8903626296169673, -1.8958084525307894, -1.9012521960551356, -1.9066852807182426, -1.9120994828084479, -1.917486997206778, -1.9228404833606612, -1.9281530932614586, -1.933418481250439, -1.9386307965199676, -1.9437846602155902, -1.948875129990582, -1.9538976556251786, -1.9588480298167366, -1.9637223384177338, -1.9685169142180354, -1.9732282978466833, -1.9778532085574532, -1.9823885266386205, -1.9868312880567158, -1.9911786908167044, -1.9954281115038808, -1.999577129656605, -2.0036235570657963, -2.007565468840747, -2.011401233122696, -2.0151295366392334, -2.018749403827715, -2.0222602079470002, -2.0256616733717774, -2.028953869048795, -2.032137193818399, -2.0352123549093175, -2.038180341354197, -2.0410423943202978, -2.043799976397207, -2.0464547417391654, -2.0490085086564607, -2.0514632358262683, -2.0538210028022594, -2.056083994998059, -2.0582544928519604, -2.0603348644951374, -2.0623275609725926, -2.064235112921162, -2.0660601275959167, -2.0678052852415822, -2.0694733340054423, -2.0710670828534306, -2.072589392245916, -2.07404316261984, -2.075431320980713, -2.076756806106877]}