{"FCI": -2.180410213096908, "Energy": -2.079982820437451, "Loss": [0.030454497000088107, 0.014003778799151573, -0.002760039148882046, -0.01982642620255703, -0.03718423792861783, -0.05482210424549882, -0.07272843137893822, -0.09089140884482959, -0.10929900954508087, -0.12793894514555323, -0.1467985683705326, -0.16586478473360444, -0.18512407799436392, -0.20456269893220386, -0.2241669575571168, -0.2439234975867338, -0.26381945879672614, -0.2838425069656399, -0.3039807650615085, -0.3242226717427102, -0.34455674839816886, -0.3649712441730713, -0.38545368648216605, -0.40599044962997044, -0.42656648890204024, -0.4471653390290465, -0.4677693814500486, -0.48836030655479945, -0.5089196679626686, -0.5294294383885605, -0.5498725060639199, -0.5702330776560027, -0.5904969708336546, -0.6106517883828616, -0.6306869708949268, -0.6505937311235608, -0.6703648822086765, -0.6899945827629709, -0.7094780306016134, -0.7288111402294773, -0.7479902363208176, -0.7670117883589254, -0.7858722031700361, -0.8045676840025711, -0.8230941574914572, -0.841447263441755, -0.8596223974012613, -0.877614793176282, -0.8954196320436768, -0.9130321669718332, -0.930447852748484, -0.9476624755534255, -0.9646722775332597, -0.9814740730470546, -0.9980653534784792, -1.0144443770674418, -1.030610239413214, -1.0465629195267814, -1.0623032960071157, -1.0778331285672182, -1.0931550021549263, -1.1082722344522513, -1.1231887522635668, -1.137908947289545, -1.152437525667492, -1.166779367117754, -1.1809394078919904, -1.1949225573088775, -1.2087336517318696, -1.222377443973995, -1.235858621587292, -1.2491818448938277, -1.262351794851809, -1.275373221440429, -1.2882509846304266, -1.300990081757795, -1.3135956569896856, -1.326072990457909, -1.3384274664870863, -1.3506645221034637, -1.3627895785850792, -1.374807960086218, -1.3867248042293996, -1.398544969939517, -1.410272947698933, -1.421912776899805, -1.4334679741813638, -1.44494147570568, -1.4563355953739325, -1.4676520001132733, -1.4788917026166821, -1.4900550712921634, -1.5011418566237442, -1.5121512325935025, -1.5230818511984443, -1.5339319074074265, -1.5446992112014213, -1.5553812627678143, -1.5659753266545, -1.576478500899702, -1.5868877779091624, -1.5972000950956493, -1.607412374818032, -1.617521554656123, -1.6275246102120982, -1.6374185732055198, -1.6472005475459448, -1.6568677254293194, -1.6664174045496714, -1.6758470065447544, -1.6851540960504086, -1.6943363993557947, -1.703391821615787, -1.7123184617636895, -1.7211146245132687, -1.7297788290189422, -1.7383098138440907, -1.7467065379279731, -1.7549681773486028, -1.7630941179385493, -1.7710839442207642, -1.7789374256051258, -1.7866545011601485, -1.7942352644073056, -1.801679949403104, -1.8089889189270787, -1.8161626550209042, -1.823201751611012, -1.8301069086324495, -1.836878927011694, -1.8435187040086274, -1.8500272286524784, -1.8564055772155332, -1.8626549087846542, -1.8687764610152016, -1.874771546133406, -1.8806415472489793, -1.8863879150724434, -1.8920121651799127, -1.897515875978713, -1.9029006874608767, -1.9081683006837524, -1.9133204777319737, -1.9183590417665135, -1.9232858767111287, -1.9281029261863587, -1.9328121914447316, -1.9374157282280147, -1.9419156425994408, -1.9463140858713426, -1.9506132487587147, -1.9548153548738085, -1.9589226536663178, -1.9629374129222597, -1.966861910949038, -1.9706984285786635, -1.9744492411018302, -1.978116610209855, -1.9817027759901737, -1.9852099490149104, -1.9886403025880472, -1.9919959652612589, -1.9952790137695002, -1.9984914665521538, -2.0016352780072624, -2.0047123335858457, -2.0077244457866135, -2.010673351074433, -2.013560707722835, -2.016388094564991, -2.019157010624023, -2.021868875575215, -2.0245250309762914, -2.0271267421926873, -2.029675200944748, -2.0321715284122663, -2.0346167788377123, -2.0370119435692566, -2.0393579554728056, -2.0416556936279955, -2.0439059882110895, -2.0461096254642994, -2.048267352657476, -2.050379882957996, -2.0524479001362557, -2.0544720630428346, -2.056453009802895, -2.0583913616838787, -2.0602877266048276, -2.0621427022690795, -2.0639568789120317, -2.0657308416619227, -2.067465172515687, -2.0691604519351308, -2.0708172600749353, -2.0724361776621563, -2.0740177865544256, -2.0755626700117733, -2.077071412718682, -2.0785446005955683]}