{"FCI": -1.9149681884122132, "Energy": 0.46749186716155, "Loss": [1.2360700948458179, 1.2016243766434354, 1.1774901585573165, 1.157911810193426, 1.1410493363438836, 1.1260416056331504, 1.1124043154445333, 1.0998332924247185, 1.0881227594354352, 1.077125838981721, 1.06673335314775, 1.0568615239057824, 1.0474443950503147, 1.0384289338958168, 1.0297717385956155, 1.0214367513195943, 1.0133936255107874, 1.0056165321727635, 0.9980832690002784, 0.9907745834353374, 0.9836736500267038, 0.976765661165079, 0.9700375025079929, 0.9634774926102359, 0.9570751718857778, 0.9508211299352446, 0.9447068630430205, 0.9387246556400088, 0.9328674809820406, 0.9271289173683126, 0.9215030770272137, 0.9159845454045978, 0.9105683290533377, 0.9052498106803692, 0.9000247101857612, 0.8948890507463302, 0.8898391291686832, 0.8848714898736568, 0.8799829019840016, 0.8751703390759289, 0.8704309612268887, 0.8657620990505462, 0.8611612394584447, 0.8566260129267843, 0.852154182080463, 0.8477436314330908, 0.8433923581450984, 0.8390984636808636, 0.8348601462620129, 0.830675694027786, 0.8265434788247672, 0.8224619505580645, 0.8184296320446004, 0.8144451143160616, 0.8105070523254428, 0.8066141610162858, 0.8027652117182525, 0.798959028836875, 0.7951944868084123, 0.7914705072941928, 0.7877860565912251, 0.7841401432382997, 0.7805318157988809, 0.7769601608041092, 0.7734243008406083, 0.7699233927695511, 0.7664566260646739, 0.7630232212580258, 0.7596224284836669, 0.7562535261099823, 0.7529158194527408, 0.7496086395615272, 0.7463313420728739, 0.743083306124402, 0.7398639333246679, 0.7366726467740833, 0.7335088901328162, 0.7303721267321043, 0.7272618387257271, 0.724177526278968, 0.7211187067926408, 0.718084914159997, 0.7150756980548626, 0.7120906232492842, 0.7091292689594655, 0.7061912282185863, 0.7032761072757424, 0.7003835250197497, 0.6975131124272329, 0.6946645120340771, 0.6918373774294769, 0.6890313727720754, 0.6862461723273451, 0.6834814600256737, 0.6807369290403954, 0.6780122813853495, 0.6753072275310897, 0.6726214860392401, 0.6699547832143183, 0.6673068527724424, 0.6646774355261627, 0.6620662790848668, 0.6594731375701272, 0.656897771345237, 0.6543399467584693, 0.6517994358992738, 0.6492760163669495, 0.6467694710510379, 0.644279587923054, 0.641806159838727, 0.6393489843504686, 0.6369078635293828, 0.6344826037962531, 0.6320730157612461, 0.6296789140715661, 0.6273001172668955, 0.6249364476419063, 0.6225877311157589, 0.6202537971078199, 0.6179344784196202, 0.6156296111224334, 0.6133390344502017, 0.6110625906975851, 0.6088001251227932, 0.6065514858548738, 0.6043165238052401, 0.6020950925832576, 0.599887048415512, 0.5976922500687264, 0.595510558775945, 0.5933418381659328, 0.5911859541955493, 0.5890427750849871, 0.5869121712555632, 0.5847940152702016, 0.5826881817761732, 0.5805945474501464, 0.5785129909453917, 0.5764433928410009, 0.5743856355930476, 0.5723396034875491, 0.570305182595217, 0.5682822607278099, 0.5662707273961021, 0.5642704737692995, 0.5622813926359279, 0.5603033783660601, 0.5583363268748028, 0.5563801355870759, 0.5544347034035553, 0.5524999306676807, 0.5505757191338339, 0.5486619719364805, 0.5467585935602816, 0.5448654898112196, 0.542982567788548, 0.5411097358576499, 0.539246903623694, 0.5373939819060976, 0.5355508827137574, 0.5337175192209763, 0.5318938057441381, 0.5300796577190017, 0.5282749916786765, 0.5264797252321833, 0.524693777043673, 0.5229170668121366, 0.5211495152517357, 0.5193910440725953, 0.5176415759622045, 0.5159010345672014, 0.5141693444756873, 0.5124464312000089, 0.5107322211599442, 0.5090266416663513, 0.5073296209051794, 0.5056410879219463, 0.5039609726064939, 0.5022892056782466, 0.5006257186716845, 0.4989704439223087, 0.49732331455279655, 0.4956842644596028, 0.49405322829978837, 0.4924301414782004, 0.49081494013493326, 0.4892075611330802, 0.48760794204674873, 0.48601602114935594, 0.48443173740219, 0.4828550304432122, 0.4812858405761049, 0.4797241087595789, 0.4781697765968914, 0.47662278632561994, 0.47508308080760364, 0.4735506035191518, 0.4720252985414523, 0.47050711055113503, 0.46899598481111643]}