{"FCI": -2.161571884135796, "Energy": -0.7677475400305697, "Loss": [-0.3342936272144511, -0.34646629837094306, -0.3553099447563808, -0.3626674862286377, -0.3691351907897906, -0.3749935280512256, -0.38040066942812056, -0.3854561388738833, -0.3902273567104332, -0.39476249735245117, -0.399097402842786, -0.4032595991447725, -0.4072707730062058, -0.41114837397377285, -0.4149066917020222, -0.41855760435795303, -0.42211111313092053, -0.42557573323754166, -0.4289587860177328, -0.4322666212154802, -0.4355047889085835, -0.43867817440694334, -0.4417911054286395, -0.44484743819360295, -0.4478506272623257, -0.45080378269161614, -0.4537097171911951, -0.45657098532394, -0.4593899163219877, -0.4621686417400224, -0.46490911890263137, -0.467613150901051, -0.4702824037400433, -0.4729184211158236, -0.4755226372128341, -0.4780963878339248, -0.480640920120767, -0.48315740107543975, -0.48564692505737417, -0.4881105204004119, -0.4905491552706435, -0.4929637428664841, -0.4953551460463793, -0.497724181456531, -0.5000716232202808, -0.5023982062418847, -0.5047046291699329, -0.5069915570595888, -0.5092596237676422, -0.5115094341100226, -0.5137415658078464, -0.5159565712450638, -0.5181549790580647, -0.5203372955755918, -0.5225040061253743, -0.5246555762222396, -0.5267924526512052, -0.5289150644576472, -0.5310238238557277, -0.533119127065072, -0.5352013550847886, -0.5372708744132134, -0.5393280377204804, -0.5413731844806484, -0.5434066415689711, -0.5454287238292664, -0.5474397346154053, -0.5494399663104752, -0.5514297008260911, -0.5534092100840478, -0.5553787564815956, -0.5573385933412023, -0.559288965345201, -0.5612301089552628, -0.5631622528161824, -0.5650856181435008, -0.5670004190938227, -0.5689068631169869, -0.5708051512889253, -0.5726954786240713, -0.5745780343662126, -0.5764530022569083, -0.5783205607804581, -0.5801808833848201, -0.5820341386780411, -0.5838804905998131, -0.5857200985683311, -0.5875531176026971, -0.589379698421514, -0.5911999875186205, -0.5930141272172075, -0.594822255704011, -0.5966245070453751, -0.5984210111875157, -0.6002118939433501, -0.6019972769687273, -0.603777277730816, -0.6055520094717725, -0.6073215811706535, -0.6090860975066404, -0.6108456588265336, -0.6126003611192746, -0.6143502959999602, -0.6160955507056897, -0.6178362081049507, -0.6195723467221183, -0.6213040407779687, -0.6230313602468686, -0.624754370930656, -0.6264731345490178, -0.6281877088455451, -0.6298981477085006, -0.6316045013049116, -0.6333068162264082, -0.635005135645065, -0.6366994994773366, -0.6383899445541904, -0.6400765047955514, -0.6417592113870896, -0.6434380929577118, -0.6451131757560017, -0.6467844838242305, -0.648452039168483, -0.6501158619239262, -0.6517759705141367, -0.6534323818037722, -0.6550851112440118, -0.6567341730102829, -0.6583795801320161, -0.6600213446142728, -0.6616594775512048, -0.6632939892314756, -0.6649248892356462, -0.6665521865259174, -0.6681758895284194, -0.6697960062083956, -0.6714125441385824, -0.6730255105612343, -0.6746349124441912, -0.6762407565312286, -0.6778430493872751, -0.6794417974387794, -0.6810370070095775, -0.6826286843526921, -0.6842168356783538, -0.6858014671785924, -0.6873825850486963, -0.6889601955058413, -0.6905343048051266, -0.6921049192533247, -0.6936720452205141, -0.695235689149847, -0.696795857565641, -0.6983525570799688, -0.6999057943979131, -0.7014555763216132, -0.7030019097533294, -0.7045448016974831, -0.7060842592619823, -0.7076202896587316, -0.7091529002036346, -0.7106820983159474, -0.7122078915172204, -0.7137302874298515, -0.7152492937752197, -0.7167649183716381, -0.7182771691319694, -0.7197860540610725, -0.7212915812531037, -0.7227937588886443, -0.7242925952317383, -0.725788098626892, -0.7272802774959423, -0.7287691403349301, -0.7302546957109715, -0.7317369522590982, -0.7332159186790747, -0.7346916037323177, -0.7361640162387667, -0.7376331650738092, -0.7390990591653018, -0.7405617074905363, -0.7420211190733957, -0.7434773029814301, -0.7449302683231056, -0.7463800242450376, -0.747826579929345, -0.7492699445910425, -0.7507101274755117, -0.7521471378560272, -0.7535809850313935, -0.755011678323588, -0.7564392270755235, -0.7578636406488668, -0.7592849284219142, -0.7607030997875319, -0.7621181641511867, -0.7635301309290203, -0.7649390095459909, -0.766344809434085]}