{"FCI": -2.161571884135796, "Energy": -1.7417545500530252, "Loss": [-0.7654986001143795, -0.77814456293225, -0.7905770252593783, -0.8028314007619414, -0.8149089110475558, -0.826809194039544, -0.8385403661886492, -0.8501208212388706, -0.8615753552121025, -0.8729285628225005, -0.8842019504049684, -0.8954153419042984, -0.9065889603917813, -0.9177441238239971, -0.9289024187996632, -0.9400840128290073, -0.9513059026809846, -0.9625806375881746, -0.9739157097098177, -0.9853135469570625, -0.9967719098713187, -1.0082844815767165, -1.0198415008969144, -1.0314303627945538, -1.043036164241558, -1.054642202892175, -1.0662304471259272, -1.0777819962683235, -1.0892775440151339, -1.1006978491879005, -1.1120242076109534, -1.123238908609253, -1.1343256515991096, -1.1452698956656264, -1.1560591209426554, -1.166682995457265, -1.177133460332754, -1.1874047610639586, -1.1974934549276728, -1.207398413188033, -1.2171208184101625, -1.2266641418001591, -1.236034079427573, -1.2452384296971748, -1.25428690360106, -1.2631908694744811, -1.2719630420276156, -1.2806171300897125, -1.2891674590099784, -1.2976285830349759, -1.306014901401403, -1.3143402902421952, -1.3226177611250898, -1.3308591561178782, -1.3390748884115757, -1.3472737363420435, -1.3554626968261165, -1.3636469016699462, -1.371829597069863, -1.3800121832768317, -1.388194308294284, -1.396374007036166, -1.4045478758494891, -1.4127112717591885, -1.4208585261055282, -1.4289831631787036, -1.4370781157413879, -1.4451359307215803, -1.4531489596803966, -1.4611095298199313, -1.4690100922804432, -1.476843345329259, -1.4846023308473635, -1.4922805033591475, -1.4998717717975827, -1.507370515279538, -1.514771575358519, -1.522070228441176, -1.5292621431637485, -1.536343328366521, -1.5433100777216961, -1.5501589169548433, -1.5568865589144834, -1.5634898705441822, -1.5699658542328052, -1.5763116442589546, -1.582524517323925, -1.588601914684245, -1.5945414723055855, -1.6003410548534442, -1.6059987892365226, -1.6115130937911746, -1.6168826999583068, -1.62210666434918, -1.6271843702919413, -1.6321155191642762, -1.636900112914016, -1.6415384300360283, -1.646030997819627, -1.650378563856524, -1.6545820696049394, -1.658642628284419, -1.6625615086176748, -1.6663401250554135, -1.6699800342416737, -1.6734829367122277, -1.676850682255933, -1.6800852770549173, -1.6831888906685757, -1.6861638611113228, -1.689012696647175, -1.6917380734167915, -1.694342828552237, -1.6968299489509493, -1.6992025563152386, -1.7014638893737963, -1.703617284366807, -1.7056661548922047, -1.7076139720998544, -1.7094642460101759, -1.7112205084716865, -1.712886297995142, -1.7144651464555483, -1.7159605674608474, -1.7173760460679144, -1.7187150294842324, -1.719980918418959, -1.7211770588240427, -1.7223067338727804, -1.7233731561380583, -1.7243794600359688, -1.7253286946781659, -1.7262238173208106, -1.7270676876066822, -1.7278630627745344, -1.7286125939640349, -1.7293188236838954, -1.729984184447261, -1.7306109985187288, -1.7312014786691758, -1.731757729800633, -1.7322817512856257, -1.7327754398620536, -1.7332405929333425, -1.7336789121415683, -1.7340920071038726, -1.7344813992281543, -1.7348485255479877, -1.7351947425384393, -1.7355213298923409, -1.735829494247756, -1.7361203728652437, -1.7363950372547192, -1.7366544967489053, -1.7368997020155927, -1.7371315484929977, -1.7373508797257955, -1.7375584905747758, -1.7377551302702814, -1.7379415052818517, -1.7381182819819658, -1.7382860890909861, -1.7384455199013034, -1.7385971342903725, -1.738741460542208, -1.7388789970049814, -1.7390102136146826, -1.7391355533158241, -1.7392554334045303, -1.739370246812936, -1.7394803633462002, -1.7395861308748881, -1.739687876480422, -1.7397859075476538, -1.7398805127983954, -1.7399719632621085, -1.7400605131837505, -1.7401464008732168, -1.7402298495052022, -1.740311067879611, -1.7403902511543952, -1.740467581559854, -1.7405432291011993, -1.7406173522517734, -1.7406900986359377, -1.74076160569728, -1.7408320013466034, -1.7409014045840674, -1.7409699260907807, -1.7410376687876556, -1.741104728361516, -1.7411711937604089, -1.7412371476612925, -1.7413026669140321, -1.741367822964476, -1.7414326822587711, -1.741497306629561, -1.7415617536632775, -1.7416260770475043, -1.7416903268963364]}