{"FCI": -2.086219804606912, "Energy": -0.8674419012513228, "Loss": [0.16163821413156737, 0.12044279627901731, 0.09115084279999879, 0.06715857656539817, 0.04633765873350416, 0.0276884885014031, 0.010647731181974575, -0.005138964615926443, -0.019911625917562008, -0.03384176878690519, -0.04705701770970404, -0.05965540251812597, -0.07171417390901312, -0.08329550541795744, -0.0944503285235514, -0.10522099747297527, -0.11564319265407011, -0.12574731257306337, -0.13555951287922127, -0.14510249593722518, -0.15439612038657613, -0.16345787838643022, -0.17230327400548312, -0.18094612667474974, -0.189398817092595, -0.19767248841934784, -0.20577721236819757, -0.21372212746854935, -0.22151555507107518, -0.22916509739594326, -0.23667772097338546, -0.24405982810276744, -0.25131731840430366, -0.25845564211310273, -0.26547984643827954, -0.2723946160566088, -0.27920430861373347, -0.2859129859519843, -0.292524441662852, -0.299042225465441, -0.305469664834493, -0.3118098842379397, -0.31806582229137437, -0.3242402470930887, -0.3303357699661798, -0.33635485780309127, -0.3422998441812134, -0.34817293939528593, -0.35397623953303625, -0.35971173470360335, -0.36538131651402306, -0.3709867848766867, -0.3765298542202587, -0.3820121591671815, -0.3874352597333222, -0.39280064609840654, -0.3981097429900805, -0.4033639137195359, -0.40856446390201523, -0.4137126448920315, -0.4188096569595554, -0.42385665223080393, -0.42885473741454383, -0.4338049763327497, -0.438708392272464, -0.4435659701740888, -0.44837865866969207, -0.45314737198368643, -0.4578729917070454, -0.4625563684551591, -0.46719832341846856, -0.47179964981417377, -0.47636111424669747, -0.480883457983679, -0.48536739815386853, -0.4898136288726706, -0.49422282230057063, -0.49859562963926185, -0.5029326820699744, -0.5072345916379021, -0.5115019520866256, -0.5157353396458044, -0.5199353137754301, -0.5241024178694236, -0.5282371799213468, -0.5323401131546461, -0.5364117166197592, -0.5404524757601645, -0.5444628629493347, -0.5484433380004206, -0.5523943486503768, -0.5563163310199901, -0.5602097100513849, -0.5640748999242589, -0.5679123044521468, -0.5717223174598686, -0.5755053231432412, -0.5792616964120698, -0.5829918032173973, -0.5866960008638167, -0.5903746383077603, -0.5940280564424713, -0.5976565883704172, -0.6012605596638059, -0.6048402886138076, -0.6083960864691753, -0.6119282576646762, -0.6154371000399623, -0.6189229050493791, -0.6223859579630621, -0.6258265380598589, -0.6292449188125244, -0.6326413680653487, -0.6360161482048996, -0.6393695163239228, -0.6427017243789447, -0.6460130193417651, -0.6493036433451026, -0.6525738338228069, -0.6558238236446905, -0.6590538412464566, -0.6622641107546793, -0.6654548521073669, -0.6686262811699726, -0.671778609847387, -0.6749120461917909, -0.6780267945067795, -0.6811230554477722, -0.6842010261189411, -0.6872609001667946, -0.6903028678705231, -0.6933271162292759, -0.6963338290465253, -0.6993231870115338, -0.702295367778177, -0.705250546041126, -0.7081888936095521, -0.711110579478405, -0.7140157698974379, -0.716904628437992, -0.7197773160576353, -0.7226339911628055, -0.7254748096695003, -0.7282999250619645, -0.7311094884497531, -0.7339036486228441, -0.7366825521052393, -0.7394463432068105, -0.7421951640737199, -0.7449291547371688, -0.747648453160892, -0.7503531952871192, -0.7530435150812113, -0.7557195445750478, -0.7583814139091399, -0.7610292513735248, -0.7636631834475036, -0.7662833348382283, -0.7688898285182811, -0.7714827857621144, -0.774062326181528, -0.7766285677601487, -0.779181626886974, -0.7817216183890273, -0.7842486555630416, -0.7867628502063987, -0.7892643126471838, -0.7917531517733951, -0.7942294750615363, -0.7966933886042312, -0.7991449971373437, -0.8015844040662119, -0.8040117114913218, -0.8064270202332544, -0.8088304298570513, -0.8112220386958938, -0.8136019438742415, -0.8159702413303457, -0.8183270258382634, -0.8206723910292214, -0.8230064294125609, -0.825329232396099, -0.8276408903060032, -0.8299414924061952, -0.8322311269172926, -0.8345098810350619, -0.8367778409484403, -0.8390350918571681, -0.8412817179889275, -0.8435178026161388, -0.8457434280723606, -0.847958675768247, -0.8501636262071891, -0.8523583590005888, -0.8545429528827708, -0.8567174857255122, -0.8588820345523459, -0.8610366755523982, -0.8631814840940686, -0.8653165347382394]}