{"FCI": -2.180316558115521, "Energy": -2.130251221622968, "Loss": [-0.8573719824120253, -0.8821159427527716, -0.9067061643516128, -0.9311264151404948, -0.9553608870777248, -0.9793943270299139, -1.0032122206651468, -1.0268010314147111, -1.0501484763853925, -1.0732437916598108, -1.0960778765933135, -1.1186431937441679, -1.1409334399563722, -1.1629432100321633, -1.1846678784688518, -1.2061037160738532, -1.2272481105028556, -1.2480997721240594, -1.2686588723245766, -1.2889271028119196, -1.3089076586665847, -1.3286051514829573, -1.3480254615341032, -1.3671755416407831, -1.38606318899396, -1.4046968025981657, -1.4230851421878854, -1.4412370998477746, -1.4591614897738063, -1.4768668565642538, -1.4943612994307869, -1.5116523090619, -1.5287466150099847, -1.5456500435029854, -1.5623673876540924, -1.5789022935969639, -1.5952571668590743, -1.6114331032915763, -1.627429848225214, -1.6432457864040122, -1.6588779638521913, -1.674322141330694, -1.6895728775848795, -1.7046236392899103, -1.7194669335539337, -1.7340944580968247, -1.748497263817725, -1.7626659243981224, -1.7765907078372711, -1.7902617453345104, -1.8036691936436515, -1.8168033878404903, -1.829654982268048, -1.8422150781683446, -1.8544753371117186, -1.8664280797684867, -1.8780663698465674, -1.8893840831929747, -1.9003759621877778, -1.9110376557113329, -1.9213657451717867, -1.931357757347022, -1.9410121650855683, -1.9503283771755082, -1.9593067188669782, -1.967948404585335, -1.9762555042909233, -1.9842309047539235, -1.9918782667762853, -1.9992019791658522, -2.006207110104118, -2.0128993564679765, -2.019284991657114, -2.0253708125053134, -2.031164085866453, -2.036672495429612, -2.0419040892184595, -2.046867228089438, -2.0515705353981573, -2.056022847902734, -2.060233167937622, -2.0642106169319088, -2.067964390424113, -2.0715037148113398, -2.0748378061179364, -2.077975831062571, -2.080926870649945, -2.083699886437175, -2.086303689559799, -2.0887469125692717, -2.091037984134528, -2.093185106681952, -2.0951962370605854, -2.097079070306066, -2.0988410265261273, -2.1004892408562297, -2.1020305563531116, -2.1034715196340437, -2.1048183790357218, -2.1060770850618487, -2.1072532928971146, -2.108352366770589, -2.1093793859470082, -2.1103391521064876, -2.1112361978555843, -2.1120747961040127, -2.112858970053699, -2.113592503575813, -2.1142789517921723, -2.1149216517160467, -2.1155237328372807, -2.116088127555165, -2.116617581373125, -2.1171146627815354, -2.117581772770533, -2.118021153937475, -2.1184348991759085, -2.1188249599527644, -2.119193154189135, -2.1195411737629213, -2.119870591647185, -2.1201828686960114, -2.120479360088958, -2.120761321450057, -2.1210299146614107, -2.1212862133950634, -2.1215312083846194, -2.121765812455121, -2.121990865323353, -2.1222071381781222, -2.122415338049575, -2.1226161119783753, -2.122810050997006, -2.1229976939364272, -2.1231795310681916, -2.123356007590088, -2.1235275269594056, -2.123694454077631, -2.123857118329693, -2.124015816481842, -2.124170815442686, -2.124322354889853, -2.1244706497636803, -2.124615892626975, -2.124758255889146, -2.12489789389363, -2.125034944868078, -2.125169532738037, -2.125301768805108, -2.125431753291034, -2.125559576748383, -2.12568532134031, -2.125809061992143, -2.1259308674195143, -2.126050801039412, -2.126168921770509, -2.126285284730256, -2.1263999418360346, -2.1265129423179516, -2.126624333151072, -2.126734159415923, -2.1268424645950805, -2.1269492908146237, -2.1270546790373768, -2.127158669215113, -2.1272613004057064, -2.1273626108610912, -2.127462638091433, -2.1275614189101786, -2.1276589894641447, -2.12775538525229, -2.1278506411355043, -2.127944791340411, -2.1280378694586375, -2.1281299084437615, -2.1282209406073447, -2.128310997614728, -2.1284001104819907, -2.1284883095742786, -2.1285756246056375, -2.1286620846413635, -2.1287477181023973, -2.1288325527723444, -2.1289166158066704, -2.128999933744229, -2.129082532520756, -2.12916443748416, -2.1292456734116048, -2.1293262645279287, -2.1294062345256615, -2.1294856065858645, -2.1295644034002885, -2.12964264719426, -2.129720359750509, -2.1297975624339136, -2.1298742762170098, -2.129950521706604, -2.1300263191710824, -2.1301016885686836, -2.1301766495769363]}