{"FCI": -2.1791824827206256, "Energy": -2.117241534562816, "Loss": [-0.6980243185010502, -0.7069979907774869, -0.7158166638480993, -0.724476426829396, -0.7329773854670688, -0.7413258263417384, -0.7495370838759927, -0.757638494152878, -0.7656705163039306, -0.7736831173601099, -0.7817269965924616, -0.7898445781068882, -0.7980659782028443, -0.8064101837305483, -0.8148886196226722, -0.8235087210821478, -0.8322765471516433, -0.8411983410196346, -0.8502812375164864, -0.8595333675361878, -0.8689636013032924, -0.8785811499242077, -0.8883951667953827, -0.8984143625613689, -0.908646676740397, -0.9190991302015545, -0.9297777902730552, -0.9406876947310818, -0.9518327420831277, -0.963215622858234, -0.9748377769873011, -0.9866993265186352, -0.9987989615342305, -1.0111337803263418, -1.0236990981566365, -1.0364882517781653, -1.0494924375922867, -1.0627006237179455, -1.0760995685378143, -1.089673965082224, -1.1034067183076928, -1.1172793530481377, -1.1312725399649528, -1.1453667069841498, -1.1595426679291663, -1.173782153793888, -1.1880681053327147, -1.2023846281255337, -1.2167166439935384, -1.2310494258912934, -1.24536825001862, -1.2596582954282662, -1.273904766098351, -1.2880931235989055, -1.3022093267222181, -1.3162400301002446, -1.330172745621443, -1.3439959945018454, -1.357699473547551, -1.3712742381214156, -1.384712881324175, -1.3980096747421233, -1.4111606345920646, -1.424163486206719, -1.4370175151319489, -1.449723310729697, -1.462282425588824, -1.474696988906959, -1.486969320741545, -1.499101592728056, -1.511095568487583, -1.522952437399268, -1.5346727358269938, -1.546256336451883, -1.5577024814630174, -1.569009837919423, -1.5801765610791245, -1.5912003611821766, -1.6020785782153342, -1.6128082745074075, -1.6233863542802227, -1.6338097124374098, -1.6440754046636197, -1.654180821701946, -1.6641238462992383, -1.6739029733978594, -1.6835173817836706, -1.6929669557017348, -1.702252264251531, -1.7113745116139591, -1.72033547113377, -1.729137412037493, -1.737783021720963, -1.7462753219232858, -1.7546175756081968, -1.7628131834225926, -1.7708655731341956, -1.7787780903233306, -1.786553901392357, -1.7941959191069041, -1.801706756567338, -1.8090887095722512, -1.8163437622394445, -1.823473608276784, -1.8304796808213082, -1.83736318635568, -1.8441251412627673, -1.8507664115941558, -1.8572877568295545, -1.8636898769938464, -1.8699734604651355, -1.8761392283647456, -1.8821879713931327, -1.8881205764158824, -1.8939380423387717, -1.8996414868402516, -1.905232146554864, -1.9107113730962457, -1.916080626267841, -1.921341464657986, -1.9264955332077405, -1.9315445475279966, -1.9364902755274391, -1.9413345177885544, -1.9460790885927846, -1.950725799298363, -1.955276445030193, -1.9597327947353989, -1.9640965840066942, -1.9683695099147007, -1.9725532273610922, -1.9766493468958541, -1.9806594342228927, -1.9845850115761954, -1.9884275608312592, -1.9921885278268048, -1.9958693271434336, -1.9994713466303724, -2.0029959512494866, -2.006444486150538, -2.009818279129979, -2.013118642670998, -2.0163468756466596, -2.0195042646126398, -2.022592084540214, -2.0256115988969774, -2.0285640591316443, -2.031450703766636, -2.0342727573640325, -2.037031429581607, -2.0397279144176483, -2.042363389632073, -2.044939016282827, -2.047455938342831, -2.049915282425867, -2.0523181576954324, -2.0546656560265593, -2.056958852435477, -2.0591988057241286, -2.061386559240834, -2.0635231416593705, -2.0656095677121056, -2.0676468388565565, -2.0696359438749843, -2.071577859403159, -2.0734735503618427, -2.075323970249423, -2.0771300612599397, -2.0788927542155915, -2.080612968336015, -2.08229161088731, -2.0839295767589228, -2.085527748003503, -2.08708699336137, -2.0886081677835016, -2.0900921119700078, -2.0915396519479006, -2.0929515987153446, -2.0943287479730603, -2.0956718799507654, -2.096981759322028, -2.0982591351938824, -2.099504741157023, -2.100719295387506, -2.1019035007958617, -2.103058045219426, -2.104183601651277, -2.105280828495004, -2.1063503698347534, -2.107392855711773, -2.108408902405051, -2.1093991127156473, -2.1103640762562597, -2.1113043697453007, -2.112220557302189, -2.113113190741154, -2.1139828098607607, -2.1148299427303376, -2.115655105974451, -2.116458805056659]}