{"FCI": -2.17308140531179, "Energy": -2.1460315119228848, "Loss": [-0.26635633477074433, -0.29021041403689396, -0.31375470453853144, -0.3369549025829312, -0.3597796114646483, -0.3822020556764878, -0.40420194363513134, -0.4257663116219544, -0.44688828874764225, -0.46756502937028077, -0.4877973288439952, -0.507590960097038, -0.5269576919962295, -0.5459146663494091, -0.5644823686496941, -0.5826823011684976, -0.6005353440019723, -0.6180610967693796, -0.6352779163312344, -0.6522031896918664, -0.6688534802057414, -0.6852443919176853, -0.7013902144195335, -0.7173035403766975, -0.7329950265464972, -0.7484733565439018, -0.7637453755810023, -0.7788163425272918, -0.793690242732979, -0.8083700922044313, -0.8228581508415043, -0.8371559811102319, -0.8512643519206163, -0.8651830701324265, -0.8789108731651126, -0.8924454991515484, -0.9057839735709702, -0.9189230551341293, -0.9318597127446052, -0.9445914885094862, -0.9571166527118443, -0.9694341622258349, -0.9815435370230164, -0.9934447987549805, -1.0051385562408741, -1.0166262335260154, -1.027910380985984, -1.0389950029920307, -1.0498858547377117, -1.0605906832732288, -1.071119404725606, -1.0814842212938736, -1.0916996895745872, -1.1017827558088877, -1.1117527720928506, -1.1216314998626702, -1.131443095361126, -1.1412140611194632, -1.1509731426168786, -1.1607511524094003, -1.1705807135170003, -1.180495925307454, -1.1905319638851137, -1.2007246326726293, -1.2111098780779797, -1.2217232823742192, -1.2325995436674562, -1.243771952282014, -1.255271873858949, -1.2671282509982544, -1.27936713636234, -1.2920112700936317, -1.3050797128907679, -1.3185875432105203, -1.3325456232029178, -1.3469604337873888, -1.3618339755334812, -1.3771637294658527, -1.3929426710055988, -1.409159330911977, -1.4257978987109987, -1.442838365817828, -1.460256706584279, -1.4780250954508094, -1.4961121574325826, -1.5144832479554355, -1.5331007573483224, -1.5519244355854358, -1.5709117340625265, -1.5900181626091872, -1.6091976607123366, -1.6284029815742727, -1.6475860864497849, -1.6666985456082908, -1.6856919421335852, -1.704518275804278, -1.72313036582587, -1.7414822520961668, -1.7595295941689333, -1.7772300651640123, -1.7945437354196931, -1.811433438792258, -1.8278651138044477, -1.8438081121391987, -1.8592354675740284, -1.8741241188271949, -1.8884550800157518, -1.902213553047173, -1.9153889777300486, -1.9279750176082018, -1.9399694819261608, -1.951374186097153, -1.9621947543529439, -1.9724403691822432, -1.9821234731731843, -1.991259430192615, -1.9998661542700065, -2.007963715674628, -2.0155739341687133, -2.0227199692896747, -2.029425917019069, -2.035716421577779, -2.0416163103918805, -2.0471502593550484, -2.052342494225223, -2.0572165323649987, -2.061794967288903, -2.066099296877085, -2.0701497947736835, -2.073965423345255, -2.077563785506964, -2.080961111712996, -2.08417227756463, -2.087210846976248, -2.0900891356995484, -2.0928182901443626, -2.09540837670731, -2.0978684771527667, -2.1002067860270905, -2.1024307066789354, -2.1045469431886445, -2.1065615862578975, -2.1084801917674394, -2.110307851241096, -2.1120492539089715, -2.1137087404845576, -2.1152903491395363, -2.116797854415128, -2.1182347999188686, -2.119604525658308, -2.120910190827054, -2.12215479281654, -2.1233411831656266, -2.124472081051889, -2.125550084784721, -2.126577681625295, -2.1275572561652187, -2.1284910974425433, -2.129381404928959, -2.1302302934770307, -2.131039797280003, -2.131811872892266, -2.1325484013839002, -2.133251189733234, -2.1339219715805284, -2.1345624074764564, -2.135174084772442, -2.1357585173210567, -2.1363171451685568, -2.136851334416508, -2.137362377405203, -2.1378514933414743, -2.1383198294648094, -2.1387684628129326, -2.1391984026079407, -2.139610593237606, -2.1400059177661097, -2.140385201879488, -2.1407492181517886, -2.1410986905032448, -2.1414342987118093, -2.141756682839434, -2.142066447446805, -2.142364165490309, -2.1426503818181293, -2.1429256162063317, -2.143190365902196, -2.1434451076718655, -2.143690299376373, -2.1439263811220686, -2.1441537760471485, -2.1443728908162676, -2.144584115902934, -2.14478782574003, -2.1449843788131093, -2.1451741177602086, -2.145357369528969, -2.145534445627769, -2.1457056424918908, -2.145871241970049]}