{"FCI": -2.1507101269745452, "Energy": -0.33228319496223435, "Loss": [0.48814184138116096, 0.45699906740391455, 0.43500625770186835, 0.41706991551477496, 0.40155354934690424, 0.38768978873899423, 0.37504663084717726, 0.36335254049145577, 0.35242368823515263, 0.3421287650913452, 0.3323700891307099, 0.3230726427032028, 0.31417731943492166, 0.305636561765213, 0.29741143113880975, 0.2894695752108288, 0.28178377723748393, 0.274330894828239, 0.2670910659647388, 0.2600471029292537, 0.25318402146193764, 0.24648866948657305, 0.23994943074458655, 0.23355598585809817, 0.2272991180983772, 0.22117055436138394, 0.21516283411111434, 0.20926920068917265, 0.20348351061304473, 0.19780015741977341, 0.192214007334511, 0.18672034460610232, 0.18131482479135258, 0.1759934346140834, 0.1707524572944683, 0.165588442456506, 0.1604981798889493, 0.15547867656700656, 0.15052713644824495, 0.14564094263993918, 0.14081764160338153, 0.13605492911535805, 0.1313506377518728, 0.12670272569564245, 0.1221092666991922, 0.11756844105999559, 0.11307852748523611, 0.10863789574058319, 0.10424499999233755, 0.09989837276428995, 0.09559661944107664, 0.09133841325865132, 0.08712249072996242, 0.08294764746037384, 0.07881273431291352, 0.07471665388818133, 0.0706583572878687, 0.06663684113430321, 0.06265114482184334, 0.058700347978194276, 0.05478356811652458, 0.05089995846100123, 0.04704870593038085, 0.04322902926581283, 0.03944017729037126, 0.03568142728925362, 0.031952083500459, 0.028251475706920465, 0.024578957921870086, 0.020933907159955092, 0.017315722287407773, 0.013723822945095492, 0.010157648538892127, 0.006616657292300619, 0.0031003253567020057, -0.0003918540250626712, -0.0038603713054871716, -0.007305701373348503, -0.010728304251817845, -0.01412862575683332, -0.017507098118457864, -0.020864140567746076, -0.02420015989134565, -0.02751555095610805, -0.030810697205512484, -0.03408597112990183, -0.03734173471205267, -0.040578339849716163, -0.043796128756525214, -0.046995434342636214, -0.050176580576347544, -0.05333988282780442, -0.05648564819583248, -0.05961417581901117, -0.06272575717179334, -0.06582067634654727, -0.06889921032239757, -0.07196162922151644, -0.07500819655362187, -0.07803916944932549, -0.0810547988829052, -0.08405532988515954, -0.08704100174672248, -0.09001204821253248, -0.09296869766774299, -0.0959111733156475, -0.09883969334793505, -0.10175447110777511, -0.10465571524589012, -0.107543629870273, -0.11041841468952998, -0.11328026515039838, -0.11612937256960326, -0.11896592426037346, -0.12179010365384507, -0.12460209041555485, -0.12740206055737435, -0.13019018654492323, -0.13296663740081585, -0.13573157880383174, -0.1384851731842404, -0.14122757981542539, -0.14395895490197544, -0.14667945166440924, -0.14938922042066816, -0.15208840866449194, -0.15477716114082313, -0.15745561991841855, -0.1601239244596621, -0.1627822116878447, -0.16543061605183426, -0.16806926958843915, -0.1706983019824225, -0.17331784062425354, -0.17592801066580097, -0.17852893507394482, -0.18112073468219952, -0.1837035282405003, -0.18627743246313164, -0.18884256207492006, -0.19139902985574425, -0.19394694668345325, -0.1964864215751852, -0.19901756172726828, -0.2015404725535935, -0.20405525772269334, -0.20656201919343573, -0.20906085724949267, -0.21155187053252159, -0.21403515607423165, -0.2165108093272872, -0.21897892419514273, -0.2214395930607868, -0.223892906814589, -0.22633895488105926, -0.22877782524480322, -0.23120960447551542, -0.23363437775217327, -0.2360522288864208, -0.23846324034515098, -0.24086749327237925, -0.2432650675104272, -0.24565604162038057, -0.24804049290195337, -0.2504184974127237, -0.2527901299868318, -0.25515546425303093, -0.2575145726523236, -0.25986752645503075, -0.2622143957774138, -0.26455524959790705, -0.266890155772796, -0.2692191810516651, -0.2715423910923561, -0.2738598504756341, -0.2761716227195107, -0.2784777702932576, -0.2807783546311466, -0.2830734361459141, -0.2853630742419974, -0.28764732732850246, -0.28992625283200196, -0.2921999072091009, -0.2944683459588523, -0.29673162363498623, -0.2989897938579947, -0.30124290932706227, -0.30349102183189336, -0.30573418226440824, -0.30797244063033385, -0.3102058460606943, -0.3124344468232318, -0.3146582903337457, -0.3168774231673311, -0.31909189106960956, -0.32130173896785247, -0.32350701098206314, -0.32570775043604416, -0.3279039998683894, -0.3300958010434452]}