{"FCI": -1.862721012958004, "Energy": -1.7182008363370924, "Loss": [4.358330456813654, 4.326086569509643, 4.29311670572807, 4.259438249779255, 4.225059189421389, 4.189978727983411, 4.15418972310846, 4.117677042673201, 4.080426100067978, 4.042430127769495, 4.003687824764906, 3.9641989732575253, 3.9239624260268027, 3.882976515053956, 3.841240707838336, 3.7987570380995956, 3.7555305536878247, 3.7115690141818347, 3.666882362923371, 3.621482272776105, 3.575381829522198, 3.5285953209151546, 3.4811380878479357, 3.433026408552749, 3.38427740340652, 3.334908961175371, 3.2849396965640687, 3.234388952497545, 3.1832768565615277, 3.131624428850968, 3.0794537219752085, 3.0267879613827073, 2.973651652852918, 2.92007063403628, 2.866072060735768, 2.8116843274085688, 2.7569369213998787, 2.7018602043420277, 2.6464851092058903, 2.5908427488545818, 2.534963965893337, 2.478878920269406, 2.4226168761082354, 2.366206318596593, 2.30967534631115, 2.253052085192519, 2.1963648881303417, 2.1396422912656345, 2.082912853546028, 2.026205008555122, 1.9695469877543188, 1.9129668155886617, 1.8564923500583814, 1.8001513378050256, 1.7439714591013504, 1.6879803481558595, 1.6322055836097453, 1.576674650765655, 1.5214148803675633, 1.4664533692994066, 1.4118168875663686, 1.3575317744649917, 1.303623825649586, 1.250118172165867, 1.1970391524658124, 1.14441017880528, 1.092253600076685, 1.0405905638661612, 0.9894408812001693, 0.9388228979451871, 0.8887533770663348, 0.8392473958875876, 0.7903182621164391, 0.7419774517225441, 0.6942345708542147, 0.6470973429334476, 0.600571621007097, 0.5546614244739575, 0.5093689985661931, 0.4646948945119084, 0.4206380681639798, 0.3771959950053622, 0.33436479973702116, 0.292139398987537, 0.25051365591654534, 0.20948054550373674, 0.16903232905910626, 0.12916073595905286, 0.0898571498726276, 0.051112795904404526, 0.012918924289933222, -0.024733014322194498, -0.061851207255485416, -0.09844333700396067, -0.13451646185366894, -0.1700769235949667, -0.20513028471870504, -0.2396812959973612, -0.27373389378424967, -0.3072912248721218, -0.3403556954806246, -0.3729290400064643, -0.4050124046478507, -0.43660644092777773, -0.46771140445815956, -0.4983272549232245, -0.528453754094869, -0.5580905595837751, -0.5872373128442147, -0.6158937205844024, -0.6440596291308232, -0.6717350914535455, -0.6989204265270266, -0.7256162705604621, -0.7518236194775805, -0.77754386194318, -0.8027788022817629, -0.82753067283423, -0.8518021356397483, -0.8755962737686238, -0.8989165731115841, -0.9217668958872194, -0.9441514475090301, -0.9660747387148344, -0.9875415449831829, -1.0085568652410413, -1.0291258817157292, -1.0492539225285122, -1.0689464282966523, -1.0882089236398786, -1.107046994107487, -1.12546626868094, -1.1434724076855203, -1.1610710956773957, -1.1782680386682194, -1.1950689649092623, -1.2114796283800129, -1.2275058141050847, -1.2431533444507, -1.2584280856187549, -1.273335953652118, -1.2878829193814592, -1.3020750118709974, -1.3159183200531357, -1.3294189923708748, -1.342583234369417, -1.3554173042880358, -1.3679275067985166, -1.3801201851145752, -1.3920017117549757, -1.4035784782833756, -1.4148568843680138, -1.4258433265066737, -1.436544186747755, -1.4469658217094075, -1.4571145521577131, -1.466996653355002, -1.4766183463342863, -1.4859857901979918, -1.4951050754826911, -1.5039822185784555, -1.5126231571455129, -1.5210337464327734, -1.5292197563748375, -1.5371868693268138, -1.5449406782892752, -1.5524866854789323, -1.559830301112819, -1.5669768422924606, -1.573931531899543, -1.5806994974416249, -1.587285769815407, -1.593695281982059, -1.599932867574477, -1.6060032594762574, -1.6119110884275918, -1.6176608817228877, -1.6232570620680074, -1.6287039466628863, -1.6340057465680555, -1.6391665664017743, -1.6441904044003308, -1.649081152857635, -1.6538425989438155, -1.658478425886132, -1.6629922144821923, -1.6673874449031432, -1.6716674987371467, -1.6758356612180698, -1.6798951235836272, -1.6838489855091767, -1.6877002575682702, -1.6914518636783369, -1.6951066434982176, -1.698667354753613, -1.7021366754757266, -1.7055172061463586, -1.7088114717505651, -1.7120219237429926, -1.715150941938173]}