{"FCI": -2.1791824827206256, "Energy": -0.3985515658443405, "Loss": [0.6370245168613542, 0.6332121248195637, 0.6293636702011113, 0.6254790735812564, 0.6215582646266539, 0.6176011823284591, 0.613607775233806, 0.6095780016751307, 0.6055118299971216, 0.6014092387809037, 0.5972702170650742, 0.593094764563327, 0.5888828918781248, 0.5846346207102673, 0.5803499840637006, 0.576029026445475, 0.5716718040601958, 0.5672783849987314, 0.5628488494207543, 0.5583832897306281, 0.553881810746352, 0.5493445298610578, 0.5447715771967467, 0.5401630957497515, 0.5355192415276481, 0.5308401836770914, 0.5261261046022833, 0.5213772000735905, 0.516593679326005, 0.511775765147014, 0.5069236939535481, 0.5020377158575587, 0.4971180947200247, 0.49216510819289744, 0.4871790477487069, 0.482160218697567, 0.4771089401911856, 0.47202554521364115, 0.4669103805587047, 0.4617638067933152, 0.4565861982071382, 0.4513779427479059, 0.44613944194230043, 0.44087111080236185, 0.4355733777171206, 0.430246684329399, 0.42489148539770766, 0.4195082486430824, 0.41409745458091957, 0.408659596337682, 0.4031951794525881, 0.397704721664222, 0.3921887526822022, 0.38664781394396636, 0.3810824583568344, 0.3754932500254005, 0.36988076396460756, 0.36424558579856214, 0.3585883114453987, 0.3529095467884763, 0.3472099073341984, 0.34149001785678906, 0.3357505120303648, 0.3299920320487561, 0.32421522823343024, 0.3184207586300112, 0.31260928859385034, 0.30678149036514774, 0.30093804263418306, 0.29507963009713684, 0.28920694300315414, 0.28332067669322203, 0.27742153113142565, 0.2715102104293068, 0.2655874223639131, 0.25965387789024197, 0.25371029064874345, 0.2477573764685971, 0.24179585286747313, 0.23582643854849794, 0.22984985289513113, 0.22386681546473047, 0.2178780454815203, 0.21188426132969715, 0.2058861800474522, 0.199884516822626, 0.19387998449071092, 0.18787329303604713, 0.18186514909677348, 0.1758562554744471, 0.16984731064884712, 0.16383900829884798, 0.15783203682989838, 0.15182707890889977, 0.1458248110070511, 0.13982590295133093, 0.13383101748526985, 0.12784080983952611, 0.12185592731294281, 0.11587700886455252, 0.109904684717096, 0.10393957597255987, 0.09798229424017264, 0.09203344127736961, 0.08609360864404318, 0.08016337737059827, 0.07424331764002419, 0.06833398848445159, 0.06243593749637712, 0.05654970055489846, 0.050675801567149514, 0.04481475222515258, 0.038967051778281775, 0.0331331868214083, 0.027313631098935576, 0.021508845324700328, 0.015719277017870466, 0.009945360354781, 0.004187516036756311, -0.0015538488261591108, -0.007278340815637, -0.012985580289736433, -0.018675201451976042, -0.02434685240494152, -0.03000019518858995, -0.035634905803496306, -0.041250674219240516, -0.04684720436816593, -0.05242421412483105, -0.057981435271393336, -0.0635186134492727, -0.06903550809738644, -0.07453189237733746, -0.08000755308586883, -0.08546229055501034, -0.09089591854025611, -0.09630826409719756, -0.10169916744700382, -0.10706848183119458, -0.11241607335609212, -0.11774182082740983, -0.12304561557542162, -0.12832736127112637, -0.13358697373388606, -0.13882438073096343, -0.14403952176942086, -0.14923234788083029, -0.15440282139923853, -0.1595509157328469, -0.16467661512983744, -0.16977991443880527, -0.17486081886422378, -0.17991934371738041, -0.18495551416321135, -0.18996936496346079, -0.1949609402165741, -0.19993029309474372, -0.20487748557848087, -0.20980258818914532, -0.21470567971978055, -0.21958684696462918, -0.22444618444772801, -0.22928379415087868, -0.23409978524137331, -0.23889427379981262, -0.24366738254828946, -0.24841924057930903, -0.2531499830856845, -0.2578597510917389, -0.26254869118604957, -0.2672169552560433, -0.2718647002246226, -0.27649208778915496, -0.28109928416295704, -0.28568645981956076, -0.29025378923992995, -0.2948014506628239, -0.29932962583850087, -0.3038384997859267, -0.30832826055363577, -0.312799098984409, -0.3172512084839031, -0.32168478479335, -0.32610002576645813, -0.33049713115060453, -0.33487630237242866, -0.3392377423279318, -0.3435816551771085, -0.34790824614325633, -0.3522177213169405, -0.35651028746476365, -0.36078615184287904, -0.3650455220153858, -0.3692886056775733, -0.3735156104840326, -0.3777267438817446, -0.3819222129479901, -0.38610222423326335, -0.39026698360905937, -0.39441669612057856]}