{"FCI": -2.180410213096908, "Energy": -1.1345007297633265, "Loss": [0.005390081160686913, 0.0012917389783902167, -0.002804746819635398, -0.0068994292073628755, -0.010992366838688511, -0.015083624087588121, -0.019173271086859546, -0.023261383765438563, -0.027348043884304805, -0.03143333907096089, -0.03551736285249275, -0.03960021468722305, -0.04368199999493471, -0.04776283018568201, -0.05184282268719362, -0.055922100970852796, -0.06000079457626841, -0.06407903913443441, -0.06815697638947901, -0.07223475421899464, -0.07631252665296534, -0.08039045389127066, -0.08446870231978779, -0.08854744452506225, -0.092626859307569, -0.096707131693546, -0.10078845294539795, -0.104871020570668, -0.10895503832956879, -0.11304071624104917, -0.1171282705874307, -0.12121792391754177, -0.1253099050483838, -0.1294044490652989, -0.13350179732062126, -0.13760219743079355, -0.14170590327193475, -0.14581317497383278, -0.14992427891233903, -0.1540394877001337, -0.15815908017584218, -0.1622833413914653, -0.16641256259808473, -0.17054704122981318, -0.17468708088596024, -0.17883299131133876, -0.18298508837470068, -0.18714369404523806, -0.1913091363670847, -0.19548174943180155, -0.1996618733487343, -0.20384985421321797, -0.2080460440725574, -0.21225080088969164, -0.21646448850449643, -0.2206874765926204, -0.2249201406217909, -0.22916286180548917, -0.23341602705391576, -0.23768002892213552, -0.24195526555530728, -0.2462421406309099, -0.25054106329781434, -0.2548524481121312, -0.2591767149696795, -0.2635142890349755, -0.26786560066658105, -0.2722310853387242, -0.2766111835589957, -0.2810063407820137, -0.2854170073188879, -0.28984363824234405, -0.2942866932873144, -0.29874663674686186, -0.3032239373632415, -0.30771906821392936, -0.31223250659245555, -0.31676473388378973, -0.3213162354341714, -0.32588750041512726, -0.3304790216814725, -0.33509129562314044, -0.33972482201053983, -0.3443801038333388, -0.34905764713231596, -0.3537579608241846, -0.35848155651907854, -0.3632289483304817, -0.3680006526773959, -0.37279718807847884, -0.37761907493790914, -0.38246683532278614, -0.3873409927317345, -0.39224207185456456, -0.3971705983226614, -0.40212709844994393, -0.40711209896403344, -0.4121261267275492, -0.4171697084491378, -0.42224337038409054, -0.4273476380243155, -0.43248303577740166, -0.43765008663458904, -0.4428493118274169, -0.44808123047283743, -0.45334635920665517, -0.4586452118050407, -0.46397829879396946, -0.46934612704647527, -0.4747491993674937, -0.48018801406626344, -0.485663064516068, -0.49117483870134826, -0.4967238187520331, -0.5023104804650507, -0.50793529281304, -0.5135987174402502, -0.5193012081456181, -0.5250432103531757, -0.5308251605697721, -0.5366474858303334, -0.5425106031307905, -0.548414918848808, -0.5543608281526978, -0.5603487143986439, -0.5663789485166592, -0.5724518883856469, -0.5785678781978576, -0.5847272478134289, -0.5909303121052585, -0.5971773702950067, -0.6034687052807014, -0.6098045829566887, -0.616185251526627, -0.6226109408103434, -0.6290818615454025, -0.6355982046842397, -0.6421601406878936, -0.648767818817368, -0.655421366423663, -0.662120888237665, -0.6688664656611509, -0.6756581560600886, -0.6824959920616924, -0.6893799808565338, -0.6963101035072552, -0.7032863142653363, -0.71030853989752, -0.7173766790235436, -0.7244906014668309, -0.7316501476199166, -0.7388551278262918, -0.7461053217806114, -0.7534004779490293, -0.7607403130115782, -0.7681245113285655, -0.7755527244327995, -0.7830245705497991, -0.7905396341477492, -0.7980974655193729, -0.8056975803975833, -0.8133394596068726, -0.8210225487525878, -0.8287462579496907, -0.836509961593245, -0.844312998172309, -0.8521546701290358, -0.8600342437649047, -0.8679509491955413, -0.8759039803560065, -0.883892495057858, -0.8919156150996147, -0.8999724264318751, -0.9080619793783224, -0.9161832889137911, -0.9243353350003548, -0.9325170629822576, -0.9407273840405332, -0.9489651757076317, -0.9572292824427754, -0.9655185162680269, -0.9738316574652001, -0.9821674553336628, -0.9905246290084951, -0.9989018683387698, -1.0072978348250796, -1.0157111626156907, -1.0241404595600143, -1.0325843083184534, -1.041041267526905, -1.0495098730145427, -1.057988639072868, -1.0664760597742062, -1.0749706103372747, -1.0834707485376411, -1.0919749161604875, -1.1004815404927784, -1.1089890358523562, -1.117495805150607, -1.126000241485748]}