{"FCI": -1.960196231318309, "Energy": -0.7790424597405337, "Loss": [0.10803470242825539, 0.09190172631384505, 0.07625752107768505, 0.06108697178929563, 0.04637508743948113, 0.032107036626486646, 0.018268179328815526, 0.0048440949715591874, -0.008179393000521923, -0.020816195826705672, -0.03307994119379325, -0.044983957844049544, -0.056541262815938395, -0.06776455111135846, -0.07866618758954556, -0.0892582008955101, -0.0995522792392354, -0.10955976785084075, -0.11929166794626747, -0.1287586370476108, -0.1379709905119072, -0.1469387041317105, -0.15567141768042103, -0.16417843928442233, -0.1724687505132394, -0.1805510120873851, -0.18843357011212591, -0.19612446275294698, -0.20363142727633335, -0.21096190738622386, -0.2181230607933316, -0.22512176696070585, -0.231964634974521, -0.23865801149470542, -0.24520798874481753, -0.2516204125052732, -0.2579008900781219, -0.26405479819572747, -0.27008729084891053, -0.2760033070136686, -0.2818075782583344, -0.28750463621583006, -0.2930988199080776, -0.2985942829117688, -0.30399500035674076, -0.30930477574995363, -0.3145272476195919, -0.31966589597535633, -0.3247240485820979, -0.3297048870452182, -0.33461145270711723, -0.33944665235493626, -0.344213263740489, -0.3489139409139943, -0.3535512193738247, -0.35812752103481593, -0.3626451590182923, -0.3671063422671603, -0.3715131799897377, -0.3758676859363091, -0.3801717825124479, -0.38442730473338327, -0.38863600402380405, -0.39279955186750726, -0.3969195433113527, -0.40099750032814496, -0.4050348750427963, -0.4090330528264031, -0.41299335526258857, -0.41691704299061316, -0.42080531842951074, -0.42465932838756504, -0.42848016656133603, -0.4322688759282912, -0.4360264510371217, -0.4397538401995521, -0.443451947587589, -0.4471216352397889, -0.4507637249802129, -0.4543790002535477, -0.45796820787976267, -0.46153205973159794, -0.46507123433801933, -0.46858637841673556, -0.4720781083387069, -0.47554701152748835, -0.4789936477962058, -0.4824185506247257, -0.4858222283796475, -0.4892051654795191, -0.492567823507667, -0.49591064227488624, -0.4992340408341413, -0.5025384184494704, -0.5058241555209811, -0.5090916144679005, -0.5123411405716269, -0.5155730627803518, -0.5187876944772172, -0.5219853342133381, -0.5251662664075314, -0.528330762014069, -0.5314790791599049, -0.5346114637528595, -0.5377281500619173, -0.5408293612710141, -0.5439153100074435, -0.5469861988460838, -0.5500422207904809, -0.5530835597319221, -0.5561103908874147, -0.5591228812175988, -0.5621211898254743, -0.5651054683368284, -0.5680758612632242, -0.5710325063482917, -0.5739755348981751, -0.5769050720967512, -0.579821237306462, -0.5827241443552633, -0.585613901810456, -0.5884906132399572, -0.5913543774615644, -0.5942052887808194, -0.5970434372179492, -0.5998689087244428, -0.6026817853896639, -0.605482145638047, -0.6082700644172497, -0.6110456133776925, -0.6138088610439412, -0.6165598729781687, -0.6192987119362364, -0.6220254380166107, -0.6247401088024767, -0.6274427794974182, -0.6301335030548278, -0.6328123303015293, -0.6354793100556595, -0.6381344892392676, -0.6407779129857444, -0.643409624742375, -0.6460296663682354, -0.6486380782276101, -0.6512348992791864, -0.6538201671611878, -0.6563939182726078, -0.6589561878508008, -0.6615070100454774, -0.6640464179893867, -0.6665744438657193, -0.6690911189725153, -0.671596473784048, -0.6740905380094504, -0.6765733406486665, -0.6790449100457894, -0.681505273940013, -0.6839544595141781, -0.6863924934411294, -0.688819401927901, -0.6912352107578543, -0.6936399453308556, -0.6960336307016, -0.6984162916160818, -0.7007879525464296, -0.7031486377240033, -0.7054983711709839, -0.7078371767304164, -0.7101650780948053, -0.7124820988333456, -0.7147882624177939, -0.7170835922470808, -0.7193681116707206, -0.7216418440109678, -0.7239048125839714, -0.7261570407197122, -0.7283985517810135, -0.7306293691815074, -0.7328495164026239, -0.735059017009698, -0.7372578946671924, -0.7394461731530212, -0.7416238763721456, -0.743791028369269, -0.7459476533408916, -0.7480937756465704, -0.7502294198195029, -0.7523546105764107, -0.754469372826848, -0.7565737316817704, -0.7586677124616402, -0.7607513407038342, -0.7628246421695962, -0.7648876428503575, -0.7669403689736012, -0.7689828470082622, -0.7710151036695445, -0.7730371659233719, -0.7750490609903522, -0.7770508163493427]}