{"FCI": -2.0328647904561175, "Energy": -0.7291224318289778, "Loss": [1.0265994707272537, 1.0197280287161492, 1.0128324431466695, 1.0059125551494255, 0.9989682105181193, 0.9919992598773726, 0.9850055588485852, 0.9779869682137231, 0.9709433540766725, 0.963874588021979, 0.9567805472708412, 0.9496611148338904, 0.9425161796608295, 0.9353456367864231, 0.9281493874727063, 0.9209273393473089, 0.9136794065373425, 0.9064055097989959, 0.8991055766422441, 0.8917795414507541, 0.8844273455964764, 0.8770489375488888, 0.8696442729785814, 0.8622133148549617, 0.8547560335378626, 0.8472724068628352, 0.8397624202199765, 0.8322260666258721, 0.8246633467887724, 0.8170742691665092, 0.8094588500171361, 0.8018171134420089, 0.7941490914212288, 0.7864548238411766, 0.7787343585140099, 0.7709877511890163, 0.7632150655556066, 0.7554163732378815, 0.7475917537805644, 0.7397412946262659, 0.7318650910839617, 0.7239632462885173, 0.7160358711512875, 0.7080830843016762, 0.700105012019566, 0.6921017881586271, 0.6840735540604569, 0.6760204584595704, 0.6679426573791628, 0.6598403140177246, 0.6517135986265336, 0.6435626883780577, 0.6353877672253007, 0.6271890257522069, 0.6189666610152036, 0.6107208763759763, 0.6024518813256013, 0.5941598913002054, 0.5858451274882237, 0.5775078166295614, 0.5691481908066829, 0.5607664872279738, 0.5523629480035214, 0.5439378199135482, 0.5354913541697356, 0.5270238061698129, 0.5185354352454921, 0.5100265044042848, 0.5014972800652433, 0.4929480317892307, 0.48437903200382426, 0.4757905557233496, 0.46718288026434834, 0.45855628495687323, 0.44991105085201455, 0.4412474604260168, 0.43256579728150535, 0.42386634584609023, 0.4151493910689313, 0.4064152181156274, 0.39766411206192803, 0.38889635758667385, 0.38011223866454996, 0.37131203825895936, 0.3624960380156944, 0.35366451795775067, 0.34481775618188076, 0.3359560285572595, 0.32707960842698885, 0.3181887663126634, 0.30928376962277154, 0.30036488236527625, 0.29143236486496266, 0.2824864734860224, 0.2735274603604309, 0.2645555731226226, 0.2555710546509114, 0.24657414281623485, 0.23756507023871992, 0.22854406405247749, 0.21951134567926606, 0.21046713061135822, 0.20141162820419595, 0.19234504147924916, 0.183267566937583, 0.17417939438452826, 0.16508070676597497, 0.15597168001666806, 0.1468524829209209, 0.13772327698622888, 0.12858421633010406, 0.11943544758055147, 0.11027710979056973, 0.1011093343670296, 0.09193224501423175, 0.08274595769255977, 0.07355058059245627, 0.0643462141240532, 0.055132950922775474, 0.04591087587106514, 0.036680066136643624, 0.027440591227327914, 0.018192513062810188, 0.00893588606342615, -0.00032924274381308793, -0.009602833601875874, -0.018884853882819762, -0.02817527792936384, -0.03747408687878295, -0.04678126846907206, -0.05609681682738042, -0.06542073224068015, -0.07475302090870195, -0.08409369467915584, -0.09344277076537891, -0.1028002714463912, -0.1121662237495881, -0.12154065911616327, -0.13092361304945516, -0.1403151247464153, -0.14971523671245765, -0.15912399435992775, -0.16854144559049794, -0.1779676403618373, -0.18740263023885398, -0.19684646792999888, -0.2062992068089344, -0.21576090042213975, -0.22523160198283435, -0.23471136385184044, -0.24420023700586352, -0.2536982704938245, -0.26320551088185656, -0.2727220016876316, -0.2822477828047013, -0.2917828899175941, -0.3013273539084226, -0.31088120025586335, -0.32044444842721775, -0.33001711126457633, -0.33959919436587194, -0.34919069546188664, -0.3587916037900475, -0.3684018994661516, -0.3780215528549947, -0.38765052394099464, -0.39728876169994143, -0.406936203472968, -0.4165927743439767, -0.4262583865216376, -0.4359329387272747, -0.4456163155898119, -0.45530838704909304, -0.46500900776884746, -0.4747180165606578, -0.4844352358202029, -0.49416047097713045, -0.5038935099600012, -0.5136341226775117, -0.5233820605175515, -0.533137055865271, -0.5428988216417344, -0.552667050864379, -0.562441416230699, -0.5722215697264845, -0.5820071422600201, -0.5917977433234304, -0.6015929606825621, -0.6113923600966813, -0.6211954850690695, -0.6310018566299089, -0.6408109731524443, -0.6506223102036366, -0.6604353204302351, -0.6702494334814496, -0.6800640559689386, -0.6898785714651469, -0.6996923405407245, -0.7095047008417791, -0.7193149672075128]}