{"FCI": -2.1601805300077888, "Energy": -1.167047181558492, "Loss": [-0.3027334666248718, -0.30742557451471436, -0.3121263509629585, -0.31683568226831077, -0.3215534502556138, -0.32627953233926443, -0.3310138015880096, -0.3357561267909897, -0.34050637252510546, -0.34526439922359864, -0.3500300632459375, -0.35480321694887607, -0.35958370875870793, -0.36437138324473023, -0.36916608119381783, -0.3739676396861517, -0.37877589217199564, -0.3835906685495869, -0.38841179524402425, -0.39323909528718204, -0.39807238839855186, -0.40291149106709867, -0.40775621663390893, -0.41260637537580697, -0.4174617745897238, -0.42232221867788716, -0.42718750923375987, -0.4320574451286737, -0.43693182259913194, -0.44181043533476194, -0.4466930745667956, -0.4515795291571611, -0.45646958568799795, -0.461363028551662, -0.466259640041102, -0.47115920044064874, -0.47606148811703153, -0.4809662796107093, -0.4858733497274009, -0.4907824716297734, -0.4956934169292369, -0.5006059557778427, -0.5055198569601072, -0.5104348879849099, -0.5153508151772365, -0.5202674037697856, -0.5251844179944322, -0.5301016211733967, -0.535018775810189, -0.5399356436801462, -0.5448519859206655, -0.5497675631209002, -0.5546821354110942, -0.5595954625512481, -0.5645073040193034, -0.5694174190986563, -0.5743255669649872, -0.5792315067723672, -0.5841349977386305, -0.589035799229866, -0.5939336708441066, -0.5988283724940562, -0.603719664488937, -0.6086073076152648, -0.6134910632166943, -0.618370693272667, -0.6232459604760805, -0.628116628309688, -0.6329824611214114, -0.6378432241983725, -0.6426986838396833, -0.6475486074279517, -0.6523927634994888, -0.6572309218131092, -0.6620628534175901, -0.6668883307177418, -0.6717071275389879, -0.6765190191905278, -0.6813237825270047, -0.6861211960086662, -0.6909110397599866, -0.6956930956267803, -0.7004671472317276, -0.7052329800282939, -0.7099903813531054, -0.7147391404767275, -0.7194790486527487, -0.7242098991653019, -0.7289314873749417, -0.7336436107628698, -0.738346068973497, -0.7430386638553658, -0.7477211995004531, -0.7523934822817299, -0.7570553208891778, -0.7617065263640409, -0.7663469121315479, -0.7709762940318355, -0.7755944903494084, -0.7802013218408455, -0.784796611760916, -0.7893801858871041, -0.7939518725425191, -0.7985115026172154, -0.8030589095879767, -0.8075939295364489, -0.8121164011658676, -0.816626165816145, -0.8211230674775445, -0.8256069528027672, -0.830077671117685, -0.8345350744305595, -0.838979017439865, -0.8434093575407285, -0.8478259548299493, -0.8522286721097686, -0.8566173748901973, -0.8609919313901472, -0.8653522125372325, -0.8696980919664026, -0.8740294460172928, -0.8783461537304059, -0.8826480968422136, -0.8869351597790336, -0.8912072296499182, -0.8954641962383632, -0.8997059519931232, -0.9039323920179057, -0.9081434140601851, -0.912338918499021, -0.9165188083320424, -0.9206829891614698, -0.9248313691793999, -0.928963859152152, -0.9330803724040185, -0.9371808248000725, -0.941265134728411, -0.9453332230816515, -0.9493850132378003, -0.9534204310404542, -0.9574394047785182, -0.9614418651652643, -0.9654277453168812, -0.9693969807306041, -0.9733495092622649, -0.9772852711034904, -0.9812042087584522, -0.9851062670202532, -0.9889913929469556, -0.9928595358372299, -0.9967106472058211, -1.0005446807586615, -1.004361592367711, -1.0081613400456553, -1.0119438839203605, -1.0157091862091465, -1.0194572111929483, -1.0231879251902916, -1.0269012965312594, -1.0305972955312412, -1.0342758944647497, -1.0379370675391342, -1.0415807908682344, -1.0452070424461317, -1.0488158021207945, -1.0524070515678685, -1.0559807742644245, -1.0595369554628213, -1.0630755821646536, -1.0665966430947273, -1.0701001286752578, -1.0735860310000649, -1.0770543438090123, -1.0805050624624903, -1.0839381839161957, -1.0873537066959125, -1.0907516308725982, -1.0941319580376294, -1.0974946912782142, -1.1008398351530255, -1.1041673956680984, -1.1074773802528481, -1.1107697977364537, -1.114044658324315, -1.1173019735748742, -1.1205417563766837, -1.1237640209255924, -1.1269687827023376, -1.1301560584503294, -1.133325866153689, -1.1364782250155239, -1.1396131554365865, -1.1427306789940586, -1.145830818420662, -1.148913597584067, -1.1519790414665494, -1.1550271761448816, -1.1580580287705218, -1.161071627550162, -1.164068001726334]}