{"FCI": -1.862721012958004, "Energy": -1.3878952472205044, "Loss": [1.8560563526373843, 1.8091287178435527, 1.762068977117096, 1.714907490604003, 1.667675398342173, 1.6204045110181988, 1.573127193903215, 1.525876244928781, 1.478684767953835, 1.4315860423503886, 1.3846133900915327, 1.337800041566475, 1.2911790013658981, 1.2447829152810637, 1.1986439397404602, 1.1527936148678104, 1.1072627422883656, 1.0620812687354595, 1.0172781764204135, 0.9728813810259687, 0.9289176380711271, 0.885412458274087, 0.8423900324138222, 0.7998731660618191, 0.7578832244262917, 0.7164400874241438, 0.6755621149736918, 0.635266122384619, 0.5955673656145087, 0.5564795360625754, 0.5180147644841105, 0.48018363353320015, 0.44299519837758145, 0.4064570147777501, 0.3705751739831257, 0.33535434377030077, 0.30079781493203617, 0.2669075525198695, 0.23368425114662894, 0.20112739366811688, 0.1692353125826699, 0.13800525351449167, 0.10743344017846722, 0.07751514026082856, 0.04824473168979958, 0.0196157688129822, -0.00837895195829158, -0.03574732743253073, -0.06249788420014664, -0.08863971678061933, -0.11418242761870025, -0.1391360691527177, -0.16351108813882198, -0.1873182723785639, -0.21056869996280392, -0.23327369111366644, -0.255444762677181, -0.2770935852933968, -0.2982319432474172, -0.31887169698396733, -0.339024748250331, -0.35870300781659326, -0.3779183657089715, -0.3966826638808937, -0.41500767123734283, -0.43290506092075887, -0.4503863897611399, -0.46746307978907664, -0.484146401707655, -0.5004474602176426, -0.516377181090162, -0.5319462998812516, -0.5471653521841761, -0.5620446653174587, -0.5765943513486465, -0.5908243013573695, -0.6047441808441607, -0.618363426195295, -0.6316912421178751, -0.6447365999631263, -0.6575082368600793, -0.6700146555860289, -0.682264125104125, -0.6942646817026366, -0.7060241306744766, -0.7175500484794406, -0.7288497853355393, -0.7399304681894479, -0.7507990040196597, -0.7614620834294236, -0.7719261844897773, -0.7821975767959658, -0.7922823257038232, -0.802186296715077, -0.8119151599834757, -0.8214743949159244, -0.8308692948453253, -0.8401049717537046, -0.8491863610265915, -0.8581182262211582, -0.8669051638326846, -0.875551608045303, -0.8840618354546108, -0.8924399697511819, -0.9006899863550839, -0.9088157169929312, -0.9168208542100058, -0.9247089558108089, -0.9324834492226494, -0.9401476357773484, -0.9477046949072641, -0.9551576882521058, -0.9625095636740907, -0.9697631591792184, -0.9769212067430608, -0.9839863360400456, -0.9909610780753559, -0.9978478687193186, -1.0046490521440359, -1.0113668841628038, -1.0180035354725918, -1.0245610948006303, -1.031041571955935, -1.0374469007869376, -1.0437789420466492, -1.0500394861666698, -1.0562302559418297, -1.062352909126791, -1.068409040946733, -1.0744001865236783, -1.0803278232204387, -1.0861933729040592, -1.0919982041307568, -1.097743634254162, -1.1034309314591522, -1.1090613167228587, -1.1146359657051845, -1.120156010570623, -1.1256225417434316, -1.1310366095979831, -1.136399226086413, -1.1417113663053504, -1.1469739700036359, -1.1521879430328146, -1.1573541587424256, -1.1624734593216273, -1.1675466570890316, -1.1725745357325057, -1.1775578515005025, -1.1824973343466614, -1.1873936890292156, -1.1922475961667607, -1.1970597132519512, -1.2018306756246355, -1.2065610974057308, -1.2112515723933472, -1.2159026749225572, -1.2205149606900298, -1.225088967544886, -1.2296252162469423, -1.2341242111937116, -1.238586441117113, -1.24301237975125, -1.2474024864721505, -1.25175720691067, -1.256076973539587, -1.2603622062357405, -1.2646133128184025, -1.2688306895645753, -1.2730147217023486, -1.277165783882942, -1.2812842406324796, -1.2853704467842066, -1.289424747891905, -1.2934474806253884, -1.297438973148581, -1.3013995454812117, -1.3053295098443818, -1.309229170991051, -1.3130988265218368, -1.316938767186825, -1.3207492771738407, -1.3245306343839955, -1.3282831106947972, -1.3320069722114538, -1.3357024795068497, -1.3393698878507534, -1.343009447428527, -1.3466214035500168, -1.350205996848852, -1.3537634634727242, -1.357294035264852, -1.3607979399372128, -1.3642754012357612, -1.3677266390981082, -1.371151869803791, -1.3745513061176815, -1.377925157426712, -1.3812736298702524, -1.3845969264644011]}