{"FCI": -1.960196231318309, "Energy": -1.943200937455887, "Loss": [0.20221249306502934, 0.1978500660606038, 0.18951245308013648, 0.17750294988988183, 0.16204883202355264, 0.14330536173533714, 0.12135777445708837, 0.09622270206896336, 0.06785017191313827, 0.0361271024134861, 0.0008830743530123253, -0.03810093359258877, -0.08108022273380393, -0.12832991722795692, -0.1801239434232284, -0.2367092283364824, -0.298275251305087, -0.3649196195916999, -0.43661108795039416, -0.5131523922818756, -0.5941463427864381, -0.678969659077672, -0.7667597678160111, -0.856419885111831, -0.9466468235370185, -1.035983855573363, -1.1228976426403365, -1.2058740888439379, -1.2835237923598535, -1.3546846060412192, -1.4185077126103585, -1.4745151849825073, -1.5226211385810928, -1.5631144140321325, -1.596606853907588, -1.6239561990433395, -1.6461753984644103, -1.6643403856170595, -1.679506509902565, -1.6926406643148078, -1.704572657917321, -1.7159663010854231, -1.7273084280664233, -1.738912775098023, -1.7509351309846726, -1.7633962389010513, -1.7762093038135276, -1.7892094536358352, -1.802182994135207, -1.8148947372291406, -1.8271120677865538, -1.838624767423233, -1.8492599597837955, -1.858891893705768, -1.8674466344273664, -1.8749020688586011, -1.8812839201522562, -1.8866586806905365, -1.8911244907147946, -1.8948010052261188, -1.8978192122324693, -1.9003120108979854, -1.9024061559858054, -1.9042159542218695, -1.9058388847484884, -1.907353129268202, -1.9088168498116231, -1.910268948121248, -1.911730979508902, -1.9132098709087149, -1.9147011008026382, -1.9161920301296633, -1.9176651208210926, -1.9191008355929704, -1.920480073369612, -1.9217860544927037, -1.9230056249136456, -1.924129996023771, -1.925154974699, -1.926080765460042, -1.92691144318111, -1.9276542010997924, -1.9283184762345686, -1.9289150444351004, -1.9294551621929241, -1.9299498141188849, -1.9304091056360582, -1.9308418216647945, -1.9312551552490287, -1.9316545961400515, -1.932043958850631, -1.932425522776878, -1.9328002535037634, -1.9331680739678208, -1.933528156195862, -1.933879208236318, -1.934219735995718, -1.934548265372057, -1.9348635157931267, -1.935164521585458, -1.9354507021853316, -1.9357218858543763, -1.9359782941730408, -1.9362204961584137, -1.9364493414617008, -1.9366658818826628, -1.9368712895643108, -1.9370667788910676, -1.937253537497098, -1.9374326700715159, -1.93760515697535, -1.937771828174793, -1.9379333517344355, -1.93809023514662, -1.9382428371184424, -1.9383913870869014, -1.938536009652196, -1.9386767512663516, -1.9388136068360002, -1.9389465443329341, -1.9390755260069121, -1.9392005253054725, -1.9393215390894487, -1.939438595157862, -1.9395517554397492, -1.939661115464916, -1.9397668008861242, -1.9398689618983675, -1.9399677663977057, -1.9400633926555033, -1.9401560221738672, -1.9402458332462822, -1.94033299559584, -1.9404176663106445, -1.9404999871561257, -1.940580083225423, -1.9406580627939416, -1.9407340181789898, -1.9408080273661836, -1.9408801561512554, -1.9409504605535057, -1.9410189892823246, -1.9410857860744042, -1.9411508917629143, -1.9412143459855633, -1.94127618848198, -1.941336459970801, -1.9413952026295602, -1.9414524602248289, -1.9415082779569381, -1.9415627020926436, -1.941615779459597, -1.9416675568736372, -1.9417180805598346, -1.941767395617479, -1.941815545565794, -1.941862571993663, -1.9419085143243087, -1.9419534096946713, -1.9419972929410276, -1.9420401966747043, -1.9420821514291902, -1.9421231858570356, -1.9421633269554575, -1.9422026003014752, -1.9422410302799125, -1.9422786402913292, -1.9423154529309978, -1.9423514901333236, -1.9423867732802362, -1.942421323274532, -1.9424551605817078, -1.942488305245388, -1.9425207768822368, -1.9425525946628266, -1.9425837772843177, -1.9426143429405327, -1.9426443092938448, -1.9426736934522082, -1.9427025119537942, -1.942730780760247, -1.9427585152589304, -1.9427857302735771, -1.9428124400820417, -1.9428386584400188, -1.942864398608527, -1.9428896733838155, -1.9429144951277202, -1.9429388757973836, -1.9429628269730468, -1.9429863598830421, -1.943009485425631, -1.9430322141876513, -1.9430545564596113, -1.943076522248031, -1.9430981212849179, -1.9431193630355574, -1.9431402567044196, -1.9431608112402183, -1.9431810353404926]}