{"FCI": -2.161571884135796, "Energy": -2.0948085918488295, "Loss": [-0.6367871093009985, -0.641675520554476, -0.6509480966930007, -0.6641348210661472, -0.6807937147796276, -0.7005046378499605, -0.7228641305231712, -0.7474818627894724, -0.7739789307378699, -0.8019880030896117, -0.831155145051238, -0.8611430113000278, -0.8916349992785629, -0.9223398891642611, -0.9529964719003391, -0.9833776846258855, -1.013293833157562, -1.0425945782067765, -1.071169485109668, -1.0989470717473049, -1.1258924205047862, -1.1520035333445848, -1.177306693689661, -1.201851149099504, -1.2257034441853936, -1.2489417178912448, -1.2716502403490673, -1.2939144106502802, -1.315816376600011, -1.3374313780923768, -1.358824862434123, -1.3800503758610425, -1.4011482017697336, -1.4221446924176497, -1.4430522256040539, -1.4638697092077702, -1.4845835524226063, -1.505169021336599, -1.5255918968018773, -1.5458103535074652, -1.5657769804502724, -1.58544086467857, -1.6047496626271198, -1.623651587095509, -1.6420972434644856, -1.6600412564848235, -1.6774436390584333, -1.6942708667055084, -1.7104966354104876, -1.7261022955241494, -1.7410769694497619, -1.755417374958707, -1.7691273882245984, -1.7822173902530702, -1.7947034467908038, -1.806606374794461, -1.8179507482065054, -1.8287638924714886, -1.8390749114945326, -1.8489137832815732, -1.858310552044326, -1.8672946358039602, -1.8758942600990418, -1.8841360207799394, -1.8920445723864086, -1.8996424334500723, -1.9069498962952443, -1.9139850264800151, -1.920763735797844, -1.927299912567412, -1.9336055935695065, -1.9396911632381213, -1.9455655673751702, -1.951236530563948, -1.956710768453132, -1.9619941880524978, -1.9670920710377877, -1.9720092367388544, -1.9767501829497542, -1.981319203928779, -1.9857204859516302, -1.989958181550096, -1.9940364641290231, -1.997959565029627, -2.001731795323916, -2.0053575547076226, -2.0088413298374497, -2.01218768435387, -2.0154012426664547, -2.0184866693766406, -2.02144864598473, -2.0242918462922983, -2.0270209116749713, -2.029640427174916, -2.0321548991509015, -2.0345687350317863, -2.0368862255491043, -2.0391115296763003, -2.041248662376297, -2.043301485155548, -2.045273699338602, -2.04716884191258, -2.0489902837415603, -2.0507412299179224, -2.0524247219955956, -2.054043641839514, -2.0556007168248236, -2.0570985261232386, -2.0585395078268336, -2.059925966673993, -2.0612600821620157, -2.062543916851603, -2.0637794246914924, -2.0649684592143376, -2.0661127814788087, -2.0672140676549526, -2.068273916172848, -2.069293854373891, -2.070275344624684, -2.0712197898692786, -2.0721285386123585, -2.073002889338611, -2.0738440943854646, -2.0746533632956163, -2.0754318656833974, -2.0761807336550153, -2.0769010638259506, -2.077593918981953, -2.078260329430323, -2.0789012940881895, -2.0795177813527164, -2.0801107297959467, -2.080681048724169, -2.081229618637405, -2.0817572916213707, -2.08226489169945, -2.082753215168494, -2.0832230309374276, -2.083675080884299, -2.084110080242915, -2.0845287180271694, -2.084931657497923, -2.085319536674299, -2.085692968889489, -2.0860525433885115, -2.086398825964466, -2.086732359628296, -2.087053665306599, -2.0873632425610325, -2.0876615703234416, -2.087949107639959, -2.0882262944184316, -2.0884935521732237, -2.088751284762589, -2.0889998791136395, -2.0892397059313264, -2.0894711203881773, -2.0896944627919907, -2.0899100592297515, -2.0901182221863026, -2.090319251137056, -2.090513433114198, -2.0907010432467916, -2.0908823452750003, -2.0910575920391055, -2.091227025944619, -2.0913908794040696, -2.0915493752571486, -2.091702727170372, -2.0918511400171638, -2.0919948102405375, -2.092133926198382, -2.0922686684937983, -2.0923992102906253, -2.0925257176156955, -2.092648349648421, -2.092767258998837, -2.09288259197447, -2.0929944888370775, -2.093103084049311, -2.0932085065122763, -2.0933108797941853, -2.093410322350234, -2.0935069477344936, -2.09360086480375, -2.093692177913513, -2.093780987106664, -2.0938673882947896, -2.0939514734322433, -2.0940333306835814, -2.094113044583908, -2.094190696193024, -2.094266363242894, -2.094340120279227, -2.094412038796867, -2.0944821873694877, -2.0945506317737403, -2.0946174351079176, -2.0946826579055804, -2.0947463582441808]}