{"FCI": -1.73305586386681, "Energy": -1.715434271725792, "Loss": [1.587689987791336, 1.5765878559829298, 1.5559160181405889, 1.527376329203846, 1.4927161444513468, 1.453620038690333, 1.411620833082138, 1.368033679890936, 1.3239160054537864, 1.2800540864453438, 1.2369743677959113, 1.194975008770021, 1.1541712331837308, 1.1145472796609939, 1.0760081648124853, 1.0384258357983278, 1.0016761658373958, 0.9656651828532287, 0.9303445678722599, 0.8957176281649347, 0.8618376080031065, 0.8288004241334961, 0.7967338322056702, 0.7657847763309561, 0.7361063519799476, 0.7078454899962415, 0.6811321787524833, 0.6560707892538726, 0.6327338478754366, 0.6111584039503298, 0.591344958747813, 0.5732587588528739, 0.5568331165165243, 0.5419743110163916, 0.5285675568609896, 0.5164835019261438, 0.5055847415085741, 0.49573189772002835, 0.48678890811580255, 0.4786272806656717, 0.4711291909945261, 0.46418941004023173, 0.4577161460119095, 0.45163095704961637, 0.44586793699589544, 0.44037239616681867, 0.4350992546694353, 0.4300113423618372, 0.42507776285474574, 0.4202724352000975, 0.41557288189400676, 0.4109592903706982, 0.4064138407940866, 0.40192026771439526, 0.39746360768698563, 0.39303007868302203, 0.38860703859649504, 0.3841829773700217, 0.37974750802881807, 0.3752913341326862, 0.37080618305214524, 0.3662847047129628, 0.36172034319884133, 0.35710719349204856, 0.35243985771432407, 0.34771331485956003, 0.3429228157425605, 0.3380638113719558, 0.3331319188459109, 0.32812292474808613, 0.3230328223611442, 0.31785787614058714, 0.31259470498829967, 0.30724037497747814, 0.3017924922447034, 0.29624928763110414, 0.2906096861221211, 0.2848733559803458, 0.27904073446953165, 0.27311302903373813, 0.26709219456590794, 0.26098088886181403, 0.2547824094414485, 0.24850061560728745, 0.24213983991151017, 0.23570479316495888, 0.22920046680143497, 0.22263203588466438, 0.21600476538814564, 0.20932392165991223, 0.20259469026838875, 0.19582210076113624, 0.18901095829132145, 0.18216578159933514, 0.17529074648819976, 0.16838963369930124, 0.16146577996895645, 0.15452203100967615, 0.14756069519282297, 0.14058349678972754, 0.13359152773544014, 0.12658519699423723, 0.11956417671272992, 0.11252734443196524, 0.1054727206861526, 0.09839740133576233, 0.09129748396519152, 0.08416798761942698, 0.07700276506128095, 0.06979440660494005, 0.06253413442539454, 0.05521168606157173, 0.04781518562756579, 0.04033100102600687, 0.03274358522415435, 0.025035299412463546, 0.017186215622612827, 0.009173896145360655, 0.0009731468685872935, -0.007444258532218334, -0.016109886754811176, -0.02505898863990036, -0.03433088173886198, -0.04396937462229347, -0.054023235372863215, -0.06454670585359978, -0.07560006200532046, -0.08725021843260272, -0.09957137266690302, -0.11264568047067594, -0.1265639480254257, -0.14142631941701325, -0.15734292801234903, -0.17443446757779335, -0.19283262276690788, -0.21268027839733647, -0.23413140240539754, -0.25735046852714405, -0.2825112522627994, -0.30979479923458497, -0.3393863319211495, -0.3714708344510348, -0.4062270441029899, -0.44381959436211216, -0.48438911349984876, -0.528040203366311, -0.5748274248255583, -0.6247397145940681, -0.677684057375683, -0.7334697196544212, -0.791794866467872, -0.8522378363716746, -0.9142556054879128, -0.9771918637955594, -1.040296500441811, -1.102757064798584, -1.1637409908060372, -1.2224452889686264, -1.2781484558415666, -1.3302580614245427, -1.3783473311795824, -1.422175279328323, -1.4616874357091125, -1.4969974208912686, -1.5283528085025508, -1.5560911214655766, -1.5805929354873909, -1.602238781171189, -1.6213750824912945, -1.6382922163041376, -1.653215459378465, -1.6663075572724262, -1.6776801924697862, -1.6874108625270572, -1.6955615744200403, -1.7021961948017137, -1.7073940932566873, -1.7112586892608008, -1.713920490324616, -1.7155350502819178, -1.7162768917962707, -1.716330786539229, -1.715881878292943, -1.715106012707205, -1.7141613675706278, -1.7131821293766523, -1.7122745985591707, -1.7115157751125853, -1.7109542090643048, -1.7106127109225475, -1.7104924074553933, -1.7105775908575578, -1.7108408322403201, -1.7112478987134458, -1.711762111840065, -1.7123478993113597, -1.7129734081580523, -1.7136121556359716, -1.714243784613163, -1.7148540582777467]}