{"FCI": -2.1791824827206256, "Energy": -2.1348256081192827, "Loss": [-0.5385839727553282, -0.5423522317549093, -0.5495583131011963, -0.5599424259803353, -0.5733002949327728, -0.5894707241235381, -0.6083253157286909, -0.6297598648753169, -0.65368703626025, -0.6800300126416453, -0.7087168851205901, -0.7396756266528016, -0.7728295529503398, -0.8080932290439423, -0.8453688255091379, -0.8845429656251316, -0.9254841330266991, -0.968040727875617, -1.0120398672175939, -1.0572870211329557, -1.1035665601120586, -1.1506432611225845, -1.1982647814088203, -1.24616506259457, -1.2940685766065976, -1.341695273536541, -1.3887660444393732, -1.4350084737232573, -1.4801626300743231, -1.5239866345514965, -1.5662617509692507, -1.606796766847949, -1.645431471494336, -1.6820390883659209, -1.716527577990021, -1.7488397909326832, -1.7789525129603434, -1.8068745020324917, -1.8326436650357838, -1.8563235580082347, -1.877999414971909, -1.8977739167193, -1.9157629027158465, -1.9320912086877116, -1.9468887824337924, -1.9602871944743245, -1.9724166219754908, -1.9834033473220118, -1.9933677794646472, -2.002422978640161, -2.0106736442560913, -2.0182155118432594, -2.0251350975219764, -2.031509726460836, -2.0374077841136815, -2.042889134321982, -2.0480056554563677, -2.0528018536095662, -2.057315519642713, -2.0615784040690355, -2.065616890001393, -2.069452649554917, -2.0731032731885355, -2.0765828645938287, -2.0799025960568813, -2.083071220908805, -2.0860955409164306, -2.0889808273972497, -2.091731195589784, -2.0943499324551533, -2.096839778680281, -2.0992031662196062, -2.101442413257424, -2.1035598789852035, -2.1055580810525973, -2.1074397789489976, -2.1092080268878286, -2.1108661999859124, -2.112417997650414, -2.113867428102425, -2.115218777886642, -2.1164765700474946, -2.117645514407344, -2.1187304530753464, -2.119736303962599, -2.1206680046962787, -2.121530458926438, -2.122328486619676, -2.123066779545263, -2.12374986279253, -2.1243820628207, -2.124967482242723, -2.1255099812834977, -2.1260131656368553, -2.126480380271831, -2.126914708608111, -2.127318976391245, -2.1276957595446624, -2.128047395257011, -2.1283759955723207, -2.1286834627835813, -2.128971505982668, -2.1292416581846996, -2.1294952935207663, -2.1297336440721466, -2.1299578160010193, -2.130168804711867, -2.1303675088522915, -2.130554743030983, -2.1307312491902453, -2.13089770662291, -2.13105474066581, -2.1312029301357955, -2.1313428135992614, -2.131474894583085, -2.131599645845344, -2.131717512827772, -2.131828916410583, -2.131934255086007, -2.1320339066576226, -2.132128229563378, -2.132217563908123, -2.1323022322798417, -2.1323825404115455, -2.132458777739926, -2.1325312179002935, -2.1326001191891795, -2.132665725016436, -2.1327282643624477, -2.132787952249852, -2.1328449902349464, -2.1328995669199395, -2.1329518584851197, -2.133002029237854, -2.133050232174333, -2.133096609549679, -2.1331412934512217, -2.1331844063707357, -2.133226061770824, -2.133266364641831, -2.1333054120458175, -2.133343293644703, -2.1333800922103276, -2.1334158841143047, -2.1334507397965674, -2.1334847242112103, -2.1335178972490767, -2.133550314136687, -2.13358202581095, -2.133613079270238, -2.133643517901455, -2.1336733817838245, -2.1337027079696935, -2.1337315307432445, -2.133759881857589, -2.1337877907515073, -2.1338152847464538, -2.1338423892251996, -2.133869127793239, -2.133895522424083, -2.133921593589612, -2.133947360377295, -2.133972840594788, -2.133998050863744, -2.13402300670398, -2.1340477226089196, -2.134072212113685, -2.1340964878567803, -2.134120561636228, -2.1341444444610236, -2.1341681465987934, -2.13419167762006, -2.1342150464397247, -2.134238261356349, -2.13426133008935, -2.1342842598145375, -2.134307057198134, -2.134329728429447, -2.1343522792521834, -2.1343747149946406, -2.134397040598428, -2.134419260646308, -2.1344413793883366, -2.1344634007670873, -2.134485328441401, -2.1345071658085524, -2.1345289160255785, -2.134550582028704, -2.134572166551683, -2.134593672142778, -2.1346151011802625, -2.1346364558869197, -2.1346577383429657, -2.134678950498219, -2.134700094182781, -2.134721171117065, -2.134742182920586, -2.1347631311201334, -2.134784017156989, -2.1348048423935815]}