{"FCI": -2.1507101269745452, "Energy": -2.1085721729665265, "Loss": [-1.7030777136100759, -1.787166382783247, -1.8356161384360132, -1.8680654122178677, -1.892928172396877, -1.9135932009930072, -1.9314617257336761, -1.947180664052347, -1.9611096095264884, -1.9734927910758908, -1.9845218327136138, -1.994358877725036, -2.0031455192834224, -2.011006713480986, -2.0180529400997766, -2.024381749931523, -2.030079080860005, -2.035220460857449, -2.0398721276376524, -2.044092068022569, -2.0479309743506833, -2.051433116043081, -2.054637126744165, -2.057576709646816, -2.0602812652593143, -2.062776446942478, -2.065084650134107, -2.0672254413921825, -2.069215933338066, -2.0710711113462676, -2.0728041174768075, -2.0744264967290627, -2.075948410246813, -2.0773788196503333, -2.078725646228179, -2.079995908301869, -2.081195839685728, -2.082330991806586, -2.083406321724732, -2.084426268006885, -2.0853948161447105, -2.0863155549843846, -2.087191725432345, -2.088026262528242, -2.0888218318231435, -2.089580860869083, -2.090305566511855, -2.0909979785802086, -2.0916599604791353, -2.0922932271229713, -2.0928993605799007, -2.093479823747066, -2.094035972328471, -2.09456906534924, -2.095080274405695, -2.0955706918220733, -2.0960413378605973, -2.0964931671101494, -2.0969270741611394, -2.0973438986592305, -2.0977444298169763, -2.098129410452084, -2.0984995406105744, -2.0988554808263027, -2.0991978550599737, -2.0995272533559795, -2.099844234249888, -2.1001493269547726, -2.100443033351609, -2.1007258298050884, -2.1009981688235815, -2.1012604805801396, -2.101513174308535, -2.101756639587386, -2.1019912475232356, -2.1022173518429015, -2.1024352899030645, -2.1026453836257697, -2.1028479403657316, -2.1030432537164283, -2.1032316042596824, -2.103413260264108, -2.1035884783366456, -2.103757504030864, -2.1039205724160066, -2.1040779086094616, -2.1042297282759836, -2.1043762380958477, -2.104517636204676, -2.1046541126066467, -2.104785849563598, -2.1049130219611407, -2.1050357976539686, -2.1051543377914057, -2.105268797124945, -2.1053793242987173, -2.1054860621241605, -2.1055891478397424, -2.105688713357342, -2.105784885495086, -2.105877786198644, -2.1059675327508467, -2.1060542379707803, -2.106138010402908, -2.1062189544968413, -2.10629717077819, -2.1063727560111576, -2.1064458033534947, -2.10651640250368, -2.1065846398416275, -2.1066505985624686, -2.1067143588043513, -2.1067759977703706, -2.1068355898447297, -2.106893206704095, -2.1069489174236304, -2.107002788578388, -2.107054884340544, -2.1071052665718955, -2.1071539949128812, -2.1072011268673974, -2.1072467178843177, -2.10729082143523, -2.107333489089269, -2.107374770584481, -2.1074147138966626, -2.1074533653048535, -2.107490769454639, -2.107526969418566, -2.1075620067542675, -2.107595921560174, -2.1076287525291884, -2.107660536999835, -2.107691311005929, -2.1077211093238537, -2.107749965518211, -2.1077779119856066, -2.1078049799968057, -2.1078311997372956, -2.1078566003461585, -2.1078812099536086, -2.107905055716999, -2.107928163855546, -2.1079505596836707, -2.1079722676431802, -2.1079933113341243, -2.1080137135446964, -2.1080334962797007, -2.108052680788412, -2.1080712875909584, -2.108089336504038, -2.1081068466655903, -2.10812383655853, -2.1081403240337044, -2.1081563263319523, -2.108171860105358, -2.1081869414377934, -2.1082015858646646, -2.1082158083919853, -2.1082296235147076, -2.1082430452344934, -2.1082560870767924, -2.108268762107269, -2.108281082947749, -2.108293061791489, -2.1083047104179844, -2.1083160402072263, -2.108327062153471, -2.1083377868784523, -2.1083482246442955, -2.1083583853656918, -2.1083682786220397, -2.108377913668758, -2.1083872994484674, -2.1083964446017083, -2.1084053574771997, -2.108414046142015, -2.108422518390923, -2.108430781755919, -2.108438843515083, -2.108446710701286, -2.108454390110506, -2.1084618883099777, -2.108469211645897, -2.108476366251006, -2.1084833580518083, -2.108490192775595, -2.108496875957297, -2.1085034129459004, -2.108509808910835, -2.1085160688479916, -2.1085221975858124, -2.10852819979065, -2.108534079972581, -2.1085398424905137, -2.1085454915573303, -2.108551031244934, -2.108556465488893, -2.1085617980931377, -2.1085670327344137]}