{"FCI": -2.086219804606912, "Energy": -2.0591677980056304, "Loss": [0.7435746728380178, 0.541199280824156, 0.35186835355315366, 0.17372869665338503, 0.00497085984406944, -0.15563716731860494, -0.3086566318096476, -0.45412284111556567, -0.5917646217603053, -0.7212062590730631, -0.8421148392548856, -0.9542876317560417, -1.05768897292127, -1.1524510389146214, -1.2388526240968876, -1.3172873896216224, -1.388229682149586, -1.4522028828556766, -1.5097527720143435, -1.5614266892935544, -1.6077582461749846, -1.6492568360494155, -1.6864010148685902, -1.719634847484924, -1.7493664308522119, -1.775967952178546, -1.7997767836203395, -1.821097239661499, -1.8402027243325, -1.8573380738657248, -1.8727219595345972, -1.886549259118191, -1.8989933372138639, -1.9102081974441532, -1.9203304857993349, -1.9294813356916423, -1.937768053095087, -1.9452856453771317, -1.9521182008118245, -1.958340127821077, -1.964017264104958, -1.9692078662731418, -1.973963490585066, -1.978329775094131, -1.9823471329827793, -1.9860513662473431, -1.9894742082045185, -1.9926438025793798, -1.995585126232581, -1.9983203619042735, -2.0008692267096024, -2.003249261520771, -2.005476085818452, -2.0075636220885604, -2.0095242933836, -2.0113691972527707, -2.0131082588744906, -2.0147503658931187, -2.016303487165705, -2.0177747773621455, -2.019170669129103, -2.020496954322259, -2.021758855629479, -2.0229610897468886, -2.0241079231292245, -2.025203221210444, -2.0262504918824704, -2.027252923922755, -2.028213420977846, -2.029134631635636, -2.030018976054029, -2.0308686695568805, -2.0316857435579925, -2.032472064129722, -2.0332293484951265, -2.033959179687798, -2.0346630195945155, -2.0353422205699525, -2.035998035789459, -2.0366316284862975, -2.0372440802020875, -2.037836398163631, -2.038409521886097, -2.0389643290904313, -2.0395016410123494, -2.0400222271715016, -2.04052680966099, -2.0410160670103235, -2.041490637669048, -2.0419511231523657, -2.0423980908855914, -2.0428320767797277, -2.0432535875672326, -2.04366310292286, -2.044061077392764, -2.0444479421514172, -2.0448241066041946, -2.0451899598514314, -2.045545872027933, -2.0458921955303175, -2.0462292661433983, -2.0465574040753056, -2.046876914910403, -2.0471880904874005, -2.047491209710345, -2.0477865392981034, -2.04807433447831, -2.048354839630766, -2.048628288884741, -2.048894906674142, -2.049154908254531, -2.0494085001846987, -2.0496558807763963, -2.0498972405142433, -2.050132762448814, -2.05036262256455, -2.050586990124878, -2.050806027995969, -2.0510198929511447, -2.051228735956899, -2.051432702442409, -2.0516319325533625, -2.051826561391384, -2.0520167192400147, -2.052202531778252, -2.0523841202824507, -2.0525616018172155, -2.052735089416467, -2.052904692254663, -2.053070515809396, -2.05323266201562, -2.0533912294120107, -2.053546313280074, -2.053698005776418, -2.053846396058401, -2.0539915704038925, -2.0541336123251694, -2.0542726026774347, -2.0544086197623344, -2.054541739426415, -2.05467203515541, -2.054799578163849, -2.0549244374808784, -2.055046680032034, -2.055166370717585, -2.0552835724871508, -2.0553983464113035, -2.0555107517499076, -2.0556208460175456, -2.0557286850461427, -2.0558343230449303, -2.0559378126579095, -2.056039205018852, -2.0561385498040097, -2.0562358952827458, -2.0563312883659366, -2.056424774652538, -2.056516398474106, -2.0566062029377865, -2.056694229967221, -2.0567805203421705, -2.056865113736354, -2.056948048753926, -2.057029362964392, -2.0571090929363676, -2.057187274269821, -2.0572639416272476, -2.0573391287635476, -2.057412868554824, -2.0574851930261064, -2.0575561333779353, -2.0576257200122, -2.0576939825566227, -2.057760949888772, -2.057826650158861, -2.057891110811942, -2.0579543586091447, -2.05801641964823, -2.058077319383377, -2.0581370826442735, -2.058195733654553, -2.058253296049563, -2.058309792893385, -2.058365246695616, -2.0584196794270926, -2.058473112535475, -2.0585255669600695, -2.0585770631461693, -2.058627621059147, -2.058677260197581, -2.0587259996064615, -2.0587738578896424, -2.05882085322199, -2.0588670033610645, -2.0589123256585484, -2.05895683707113, -2.0590005541711105, -2.0590434931567634, -2.059085669862238, -2.059127099767041]}