{"FCI": -1.73305586386681, "Energy": -0.8372259582538979, "Loss": [2.5672302925789188, 2.3155268898553043, 2.119259618604513, 1.9631863852652138, 1.832818855123592, 1.718602638314014, 1.6147059095295369, 1.517466213215875, 1.424647715728447, 1.3351568240498413, 1.2488240906738628, 1.1661075864181656, 1.087741554879977, 1.014416657936577, 0.946567736326824, 0.8842964223829631, 0.8274047913651522, 0.7754888687588406, 0.7280423963035703, 0.6845398256084257, 0.6444879658955789, 0.6074494585957845, 0.5730469764857984, 0.5409572077585081, 0.5109012980495553, 0.48263559727106536, 0.45594432257932277, 0.43063437114578057, 0.4065318717574108, 0.3834799001451341, 0.3613368633159322, 0.3399752186206847, 0.3192803441305594, 0.29914948379200185, 0.27949075150002983, 0.26022220405097946, 0.2412709977452005, 0.22257263833640167, 0.20407032616552528, 0.18571439130282327, 0.16746180865686963, 0.1492757803386341, 0.13112537162231314, 0.11298518706291373, 0.09483507425376128, 0.07665984402441223, 0.05844899740800691, 0.040196451353965545, 0.021900256879758967, 0.003562305116750486, -0.01481198152098917, -0.03321397406856991, -0.05163217699826958, -0.07005258129002911, -0.08845902708534373, -0.10683357136255683, -0.12515685531895235, -0.14340846573332955, -0.16156728452014935, -0.1796118209578868, -0.1975205216421508, -0.21527205402274813, -0.2328455603613981, -0.2502208800186013, -0.26737873906508625, -0.2843009072476726, -0.3009703232617795, -0.31737119005254666, -0.33348904245775923, -0.34931078991113707, -0.3648247371506056, -0.3800205859420881, -0.3948894207610646, -0.4094236812035298, -0.4236171236563169, -0.4374647744739497, -0.4509628766108138, -0.46410883136464653, -0.47690113661437517, -0.48933932269188796, -0.5014238868189145, -0.5131562268664053, -0.5245385750538099, -0.535573932095539, -0.5462660022157092, -0.5566191293867571, -0.5666382350959991, -0.5763287579035175, -0.585696595020882, -0.5947480461102679, -0.6034897594759948, -0.6119286807935552, -0.6200720044947119, -0.6279271279005515, -0.6355016081678612, -0.6428031220877356, -0.6498394287503464, -0.6566183350648742, -0.6631476641015861, -0.6694352262017638, -0.6754887927830988, -0.6813160727518611, -0.6869246914195464, -0.692322171810693, -0.6975159182400213, -0.7025132020303831, -0.7073211492392384, -0.7119467302591391, -0.7163967511570123, -0.720677846618753, -0.724796474367468, -0.7287589109278398, -0.7325712486132926, -0.7362393936179192, -0.7397690651007736, -0.7431657951565191, -0.7464349295724348, -0.7495816292786475, -0.752610872404501, -0.7555274568610135, -0.758336003375208, -0.7610409589083373, -0.7636466003962695, -0.766157038755329, -0.7685762231027976, -0.7709079451459637, -0.7731558436985265, -0.7753234092874832, -0.7774139888176699, -0.7794307902652153, -0.7813768873741825, -0.7832552243343881, -0.7850686204208259, -0.7868197745783123, -0.7885112699369442, -0.790145578246328, -0.7917250642186994, -0.7932519897723428, -0.7947285181690178, -0.7961567180397031, -0.7975385672948844, -0.7988759569164585, -0.8001706946291964, -0.8014245084508617, -0.802639050120485, -0.8038158984052952, -0.8049565622871078, -0.8060624840294819, -0.8071350421275727, -0.8081755541426706, -0.8091852794238648, -0.8101654217194888, -0.8111171316810974, -0.8120415092630808, -0.8129396060207554, -0.8138124273103327, -0.8146609343938003, -0.815486046451972, -0.8162886425090389, -0.8170695632716429, -0.8178296128859197, -0.8185695606154251, -0.8192901424432159, -0.8199920626010264, -0.8206759950286137, -0.821342584766012, -0.8219924492817473, -0.8226261797395052, -0.8232443422061333, -0.8238474788033403, -0.8244361088058048, -0.8250107296878201, -0.825571818121075, -0.8261198309255149, -0.8266552059756196, -0.8271783630640696, -0.8276897047247064, -0.8281896170168414, -0.8286784702725032, -0.8291566198085621, -0.829624406605211, -0.8300821579525105, -0.8305301880664177, -0.8309687986758314, -0.8313982795819499, -0.8318189091912485, -0.8322309550235063, -0.8326346741957928, -0.8330303138837849, -0.8334181117614341, -0.83379829641995, -0.8341710877672416, -0.8345366974085591, -0.8348953290093953, -0.8352471786414224, -0.8355924351123175, -0.835931280280192, -0.8362638893533991, -0.8365904311764436, -0.8369110685025895]}