{"FCI": -2.1791824827206256, "Energy": -2.121787258806877, "Loss": [-0.6554854212229408, -0.7050849837153086, -0.7561801543215868, -0.808609147654796, -0.8621694547066113, -0.9166126356036597, -0.9716426371453455, -1.0269190995536748, -1.0820664230995563, -1.1366883253364226, -1.1903864662440757, -1.2427807726664306, -1.293528651808818, -1.342340495566347, -1.388989675839893, -1.4333163586335211, -1.475225584449491, -1.5146808903267828, -1.551695143963473, -1.5863202390415234, -1.6186369877258244, -1.6487461016639964, -1.6767607133752862, -1.7028005397846049, -1.7269875594269846, -1.7494429567023684, -1.7702850531440681, -1.7896279652351987, -1.80758077368607, -1.8242470411405183, -1.839724562837521, -1.8541052728477743, -1.8674752562052144, -1.8799148358085813, -1.891498714479335, -1.9022961591787066, -1.9123712179161367, -1.9217829616599407, -1.9305857444803045, -1.9388294757468112, -1.9465598987419022, -1.95381887065235, -1.9606446395789199, -1.967072114934683, -1.9731331283424471, -1.9788566828508962, -1.9842691889388353, -1.9893946863447514, -1.9942550512393287, -1.9988701886487126, -2.003258210341446, -2.007435598623036, -2.011417356645535, -2.0152171459506594, -2.0188474120303344, -2.022319498720211, -2.0256437522467197, -2.028829615733526, -2.031885714945093, -2.034819936007109, -2.037639495801036, -2.0403510056825107, -2.042960529127146, -2.0454736338594364, -2.0478954389757806, -2.050230657528717, -2.0524836349989872, -2.054658384043814, -2.056758615874826, -2.0587877685858778, -2.0607490327223967, -2.0626453743556374, -2.064479555901228, -2.066254154898346, -2.067971580946032, -2.069634090973984, -2.0712438030088753, -2.072802708581779, -2.0743126839086106, -2.07577549996311, -2.0771928315500827, -2.078566265477243, -2.079897307914027, -2.0811873910174707, -2.0824378788978852, -2.0836500729899914, -2.0848252168887367, -2.085964500703669, -2.0870690649804557, -2.088140004233243, -2.0891783701276405, -2.0901851743501765, -2.091161391196301, -2.09210795990633, -2.0930257867754873, -2.0939157470615526, -2.0947786867117757, -2.09561542392789, -2.096426750586544, -2.097213433530774, -2.097976215746274, -2.0987158174347824, -2.099432936996133, -2.1001282519286595, -2.100802419656887, -2.1014560782946243, -2.1020898473505216, -2.102704328382446, -2.103300105606328, -2.1038777464644367, -2.104437802157655, -2.104980808145741, -2.105507284618753, -2.1060177369433455, -2.106512656086086, -2.1069925190163636, -2.1074577890914523, -2.107908916424863, -2.1083463382402434, -2.1087704792118984, -2.109181751793367, -2.1095805565351284, -2.1099672823922693, -2.1103423070230907, -2.110705997079337, -2.1110587084886734, -2.1114007867297357, -2.1117325671007556, -2.112054374981458, -2.112366526089201, -2.1126693267292627, -2.1129630740395875, -2.1132480562305163, -2.1135245528190945, -2.113792834858805, -2.114053165164301, -2.114305798531448, -2.114550981953094, -2.1147889548299244, -2.115019949177402, -2.115244189827871, -2.1154618946288832, -2.1156732746368982, -2.115878534307123, -2.1160778716790105, -2.1162714785578696, -2.116459540692285, -2.1166422379476297, -2.1168197444757615, -2.1169922288804246, -2.117159854379372, -2.1173227789620634, -2.1174811555440547, -2.117635132117472, -2.1177848518977456, -2.1179304534668706, -2.1180720709129828, -2.1182098339664024, -2.1183438681321833, -2.118474294819382, -2.118601231466723, -2.1187247916650835, -2.1188450852767478, -2.1189622185513186, -2.1190762942385772, -2.1191874116981944, -2.1192956670064844, -2.1194011530601427, -2.1195039596769267, -2.119604173693836, -2.119701879062004, -2.119797156939352, -2.1198900857801304, -2.119980741422199, -2.1200691971715027, -2.1201555238841108, -2.120239790045934, -2.1203220618498224, -2.120402403270606, -2.120480876137673, -2.120557540205354, -2.120632453221288, -2.120705670992577, -2.120777247449805, -2.1208472347093767, -2.120915683133523, -2.120982641388699, -2.1210481565021158, -2.1211122739163173, -2.1211750375422387, -2.1212364898103906, -2.1212966717205965, -2.1213556228899164, -2.1214133815992793, -2.121469984838364, -2.121525468349173, -2.1215798666681898, -2.121633213167096, -2.121685540092215, -2.1217368786025723]}