{"FCI": -1.8024686671637793, "Energy": -1.7775565254831498, "Loss": [2.4032034609142863, 1.979238810111045, 1.5512448482010026, 1.1469856770917386, 0.7867617285780113, 0.47872790580858565, 0.2212391692790453, 0.007924643953567775, -0.16865192850984004, -0.31539774945193144, -0.43823544219724, -0.5420658839645557, -0.6308584211488999, -0.7077769839063224, -0.7753115425210358, -0.8354017342797663, -0.8895463678918434, -0.9388964574322957, -0.9843318833194038, -1.0265231449178926, -1.0659802734897044, -1.1030910947132322, -1.1381508835696228, -1.1713851879645993, -1.202967299358677, -1.2330315657241195, -1.2616834949675233, -1.289007391304837, -1.315072101133683, -1.3399353136752692, -1.3636467591279557, -1.386250567639667, -1.4077869911587864, -1.428293643124011, -1.4478063747745211, -1.4663598790775434, -1.4839880919256292, -1.500724443850037, -1.5166020028770804, -1.5316535394461437, -1.5459115368321026, -1.559408164762744, -1.572175229492638, -1.5842441101892295, -1.5956456888691286, -1.6064102791150967, -1.6165675572663507, -1.6261464986034277, -1.635175320157745, -1.6436814311055536, -1.6516913912041422, -1.6592308773581617, -1.6663246581369682, -1.6729965758746324, -1.6792695358574599, -1.6851655020234397, -1.6907054985530123, -1.695909616714505, -1.7007970263294399, -1.7053859912416645, -1.7096938882024457, -1.713737228619275, -1.7175316826563425, -1.721092105217287, -1.7244325633842206, -1.7275663649304072, -1.7305060875655232, -1.7332636086132414, -1.7358501348579727, -1.7382762323334646, -1.740551855858308, -1.7426863781533068, -1.7446886184027781, -1.7465668701457988, -1.7483289284061714, -1.749982115988241, -1.7515333088834883, -1.752988960747339, -1.7543551264193944, -1.755637484470411, -1.7568413587703893, -1.7579717390790504, -1.7590333006680519, -1.7600304229889452, -1.7609672074068694, -1.7618474940222617, -1.7626748776076053, -1.7634527226870993, -1.7641841777898475, -1.7648721889078989, -1.7655195121915805, -1.766128725914529, -1.76670224174157, -1.7672423153315706, -1.7677510563079395, -1.768230437627983, -1.7686823043821283, -1.769108382053159, -1.7695102842642623, -1.7698895200442917, -1.7702475006369176, -1.7705855458799822, -1.7709048901794875, -1.7712066881021586, -1.771492019609331, -1.7717618949533276, -1.7720172592570105, -1.7722589967957993, -1.7724879350006029, -1.7727048481990513, -1.772910461111205, -1.7731054521155203, -1.773290456299661, -1.7734660683096628, -1.7736328450106789, -1.77379130797133, -1.7739419457832795, -1.7740852162264316, -1.7742215482902934, -1.7743513440606857, -1.774474980480597, -1.7745928109938682, -1.7747051670790392, -1.7748123596809784, -1.7749146805468923, -1.77501240347333, -1.7751057854698784, -1.7751950678452508, -1.7752804772211044, -1.775362226478112, -1.7754405156393096, -1.7755155326943435, -1.7755874543692627, -1.775656446844994, -1.7757226664282422, -1.7757862601779484, -1.7758473664902374, -1.775906115644884, -1.7759626303155907, -1.776017026046762, -1.7760694116988467, -1.7761198898645958, -1.7761685572579942, -1.77621550507777, -1.776260819347201, -1.7763045812319365, -1.7763468673369611, -1.7763877499845775, -1.7764272974743032, -1.7764655743260191, -1.7765026415076177, -1.7765385566478695, -1.7765733742359588, -1.77660714580804, -1.7766399201221137, -1.776671743321844, -1.7767026590899309, -1.7767327087918878, -1.7767619316109369, -1.7767903646742147, -1.7768180431713523, -1.7768450004655987, -1.776871268198085, -1.7768968763857527, -1.7769218535131206, -1.7769462266185443, -1.7769700213752797, -1.7769932621675428, -1.7770159721619372, -1.777038173374772, -1.7770598867351393, -1.7770811321443658, -1.7771019285319518, -1.777122293908028, -1.7771422454129455, -1.7771617993638509, -1.7771809712985573, -1.7771997760168174, -1.7772182276193709, -1.7772363395445891, -1.7772541246030091, -1.7772715950101285, -1.7772887624170006, -1.7773056379394645, -1.777322232185362, -1.7773385552805885, -1.7773546168934216, -1.7773704262577041, -1.7773859921945458, -1.7774013231330679, -1.7774164271298305, -1.7774313118872471, -1.7774459847710844, -1.7774604528269895, -1.777474722796038, -1.7774888011295318, -1.7775026940031036, -1.7775164073298662, -1.7775299467730483, -1.7775433177579472]}