{"FCI": -1.9149681884122132, "Energy": -1.8883337147869135, "Loss": [3.246076285131317, 3.1035422667809995, 2.9413052751383817, 2.7589294574738528, 2.55895931279968, 2.3477479130208745, 2.1348954678813907, 1.9310599680304432, 1.7450264729228042, 1.5815411462376436, 1.4408675406553564, 1.3198628875618394, 1.2136526802246428, 1.1170651788611774, 1.0254740679845962, 0.9351047003379132, 0.8430188072485205, 0.7469761349473412, 0.6452957506552441, 0.5367714197539425, 0.4206517254932341, 0.2966715380587144, 0.16510871308570393, 0.02683372724182411, -0.11668037568278158, -0.2634134726949421, -0.41093023647944016, -0.5565790107452153, -0.6977283560292998, -0.8319997639976009, -0.9574555865919921, -1.0727140576048928, -1.1769827673980273, -1.2700204796620902, -1.3520490397256226, -1.4236405455886179, -1.4856016377352368, -1.5388699861178978, -1.5844308357679562, -1.623255667875741, -1.6562612780949886, -1.684285697121745, -1.7080768596091829, -1.7282902136981155, -1.745492121249388, -1.7601666474468443, -1.7727240260311998, -1.7835096498591418, -1.7928128644486392, -1.8008751488911436, -1.807897477508474, -1.8140467910814455, -1.8194615893185304, -1.8242567030203016, -1.8285273274390785, -1.8323524063942946, -1.8357974557985899, -1.8389169093674227, -1.8417560609939923, -1.8443526691549144, -1.8467382797044092, -1.8489393150236864, -1.8509779699583087, -1.8528729483787847, -1.8546400685218556, -1.8562927604458348, -1.857842474873242, -1.8592990193007726, -1.8606708344372151, -1.861965221694903, -1.8631885305356637, -1.86434631288584, -1.8654434505334914, -1.8664842603517295, -1.867472581316843, -1.868411846571571, -1.869305143197362, -1.870155261877921, -1.8709647382433963, -1.871735887361992, -1.8724708325828585, -1.8731715297174358, -1.8738397873706434, -1.8744772840880373, -1.875085582866257, -1.8756661434778037, -1.8762203329802893, -1.8767494347158262, -1.877254656052238, -1.877737135073381, -1.8781979463903746, -1.8786381062151052, -1.879058576813247, -1.8794602704337047, -1.879844052795232, -1.8802107461965736, -1.8805611323059708, -1.880895954676088, -1.8812159210230504, -1.8815217053015367, -1.8818139496032686, -1.8820932659012815, -1.8823602376590538, -1.8826154213207573, -1.8828593476958093, -1.883092523249882, -1.8833154313115954, -1.8835285332037357, -1.8837322693059408, -1.883927060055372, -1.884113306890366, -1.8842913931422431, -1.8844616848789857, -1.8846245317045704, -1.884780267517147, -1.8849292112288947, -1.8850716674500747, -1.885207927139487, -1.8853382682235826, -1.8854629561859075, -1.8855822446285018, -1.8856963758072811, -1.885805581142064, -1.8859100817034022, -1.8860100886766977, -1.886105803805238, -1.886197419813087, -1.8862851208086404, -1.8863690826699582, -1.8864494734128177, -1.88652645354198, -1.8866001763869165, -1.8866707884222829, -1.886738429574113, -1.8868032335122538, -1.8868653279299126, -1.8869248348103607, -1.8869818706821782, -1.8870365468626367, -1.8870889696906472, -1.8871392407490069, -1.887187457076977, -1.8872337113731315, -1.8872780921894234, -1.88732068411643, -1.887361567960373, -1.887400820912305, -1.8874385167096552, -1.8874747257906965, -1.887509515442035, -1.8875429499395031, -1.8875750906829052, -1.887605996324524, -1.887635722892166, -1.8876643239064745, -1.8876918504931823, -1.8877183514902376, -1.887743873550193, -1.8877684612380357, -1.8877921571245806, -1.887815001875867, -1.8878370343382975, -1.8878582916201352, -1.88787880916944, -1.8878986208482866, -1.8879177590038383, -1.8879362545362448, -1.8879541369633828, -1.8879714344827876, -1.8879881740308495, -1.8880043813392668, -1.8880200809890086, -1.8880352964618892, -1.888050050189831, -1.88806436360186, -1.8880782571691228, -1.8880917504477301, -1.8881048621197565, -1.8881176100325066, -1.8881300112358326, -1.8881420820178598, -1.8881538379392222, -1.8881652938655427, -1.8881764639986978, -1.8881873619064455, -1.888198000550967, -1.8882083923158712, -1.8882185490322607, -1.8882284820033692, -1.8882382020282966, -1.8882477194246043, -1.8882570440498045, -1.888266185322074, -1.888275152239875, -1.8882839534008116, -1.8882925970195554, -1.8883010909449751, -1.8883094426765956, -1.888317659380237, -1.8883257479028368]}