{"FCI": -2.167561072567176, "Energy": -2.1216234202632154, "Loss": [-0.5320786853871661, -0.6593012873844708, -0.7826660393094201, -0.9002435292334675, -1.010518762935412, -1.1123993470785605, -1.2052396594353192, -1.288834858078776, -1.363371206521425, -1.4293433351602065, -1.487456695455335, -1.5385320615270672, -1.5834241911511464, -1.6229610290566672, -1.6579045275683444, -1.6889303539177865, -1.7166218613517374, -1.7414734366432099, -1.7638990687903322, -1.7842431007594872, -1.8027912166738447, -1.8197805846881827, -1.8354086767054083, -1.8498406549893385, -1.86321541406179, -1.8756504534435305, -1.8872457790004729, -1.8980870193686228, -1.9082479185074792, -1.9177923366301362, -1.9267758648585493, -1.9352471360427452, -1.9432488956641314, -1.9508188822316708, -1.957990555414267, -1.964793701639603, -1.971254940417282, -1.9773981497140962, -1.9832448249346646, -1.9888143831493386, -1.994124421947404, -1.9991909405179145, -2.0040285291546263, -2.008650532262803, -2.0130691890453005, -2.0172957553203243, -2.0213406093334765, -2.0252133439465667, -2.0289228471925647, -2.03247737286306, -2.035884602529056, -2.0391517001762764, -2.042285360453846, -2.0452918513847216, -2.0481770522597738, -2.0509464873326153, -2.0536053558438483, -2.0561585588293636, -2.0586107231048367, -2.0609662227653556, -2.0632291984947067, -2.0654035749396593, -2.067493076372935, -2.069501240839231, -2.071431432955523, -2.073286855515198, -2.0750705600280255, -2.0767854563118133, -2.078434321238071, -2.080019806722383, -2.0815444470388362, -2.0830106655297733, -2.084420780773322, -2.0857770122640953, -2.0870814856568267, -2.088336237616179, -2.0895432203122275, -2.090704305595713, -2.0918212888843586, -2.092895892787031, -2.093929770491057, -2.0949245089333566, -2.095881631775937, -2.096802602202224, -2.0976888255500494, -2.098541651795184, -2.0993623778975854, -2.1001522500215293, -2.1009124656397073, -2.101644175529687, -2.1023484856714085, -2.1030264590523315, -2.103679117387012, -2.104307442756878, -2.104912379175361, -2.1054948340834048, -2.1060556797793737, -2.1065957547874565, -2.107115865168285, -2.107616785774649, -2.108099261455675, -2.108564008211923, -2.1090117143041898, -2.1094430413180034, -2.1098586251863267, -2.1102590771720156, -2.1106449848124202, -2.1110169128272145, -2.111375403991618, -2.111720979976176, -2.1120541421545487, -2.1123753723808116, -2.1126851337371937, -2.112983871253748, -2.1132720126009423, -2.1135499687560735, -2.113818134644843, -2.1140768897586506, -2.114326598748965, -2.1145676119991546, -2.11480026617503, -2.1150248847546704, -2.1152417785382527, -2.1154512461389015, -2.1156535744549188, -2.115849039124187, -2.1160379049616242, -2.116220426379937, -2.11639684779447, -2.1165674040128337, -2.1167323206097057, -2.1168918142872273, -2.117046093221954, -2.117195357398404, -2.1173397989299048, -2.117479602367164, -2.117614944995051, -2.117745997118, -2.117872922334346, -2.117995877800197, -2.118115014483205, -2.1182304774062115, -2.118342405881934, -2.118450933738161, -2.1185561895344747, -2.1186582967703202, -2.1187573740852637, -2.1188535354511826, -2.118946890357103, -2.11903754398679, -2.119125597389383, -2.119211147643276, -2.119294288013772, -2.1193751081043137, -2.1194536940019173, -2.1195301284168018, -2.119604490816608, -2.119676857555212, -2.1197473019965876, -2.1198158946336347, -2.1198827032024217, -2.119947792791788, -2.1200112259487605, -2.120073062779693, -2.120133361047319, -2.1201921762640823, -2.120249561781779, -2.1203055688774985, -2.1203602468361904, -2.1204136430299845, -2.120465802994381, -2.1205167705012657, -2.1205665876291997, -2.120615294830739, -2.1206629309970904, -2.1207095335203294, -2.1207551383529406, -2.1207997800651204, -2.1208434918996932, -2.1208863058249134, -2.1209282525849953, -2.120969361748931, -2.1210096617569656, -2.121049179965468, -2.121087942689986, -2.1211259752464664, -2.121163301990933, -2.121199946357416, -2.121235930894648, -2.121271277300943, -2.121306006457912, -2.1213401384627915, -2.1213736926593514, -2.1214066876677453, -2.121439141413046, -2.1214710711525697, -2.121502493502345, -2.1215334244623048, -2.1215638794404854, -2.121593873276372]}