{"FCI": -2.180316558115521, "Energy": -1.6881631485559496, "Loss": [-0.7176982450475938, -0.7849652732618906, -0.8467529119573542, -0.9032515930218272, -0.9547253557823443, -1.0014905180468503, -1.0438958234587845, -1.0823051099296588, -1.117083160920416, -1.1485849579162053, -1.1771481728818716, -1.2030884804705178, -1.2266971376561762, -1.2482402512651074, -1.267959199106768, -1.2860717564387398, -1.3027735811127994, -1.3182398106181323, -1.332626612241444, -1.346072599136334, -1.358700079420505, -1.3706161438530868, -1.3819136225162036, -1.3926719547489628, -1.4029580216246178, -1.412826988388773, -1.4223231969990164, -1.4314811375302683, -1.4403265130143137, -1.448877396655286, -1.457145464844616, -1.4651372756133174, -1.4728555516505406, -1.4803004210146846, -1.4874705678712314, -1.4943642500272623, -1.500980149007519, -1.507318030633966, -1.5133792078652075, -1.5191668112649932, -1.524685884352704, -1.529943330110252, -1.534947740490213, -1.5397091428372933, -1.5442386960975423, -1.5485483662434238, -1.5526506053209133, -1.5565580527476863, -1.5602832716647173, -1.5638385277952334, -1.5672356137332317, -1.57048571802896, -1.5735993358809255, -1.5765862166023235, -1.579455342166171, -1.5822149308813822, -1.5848724604478448, -1.5874347051312132, -1.5899077824642123, -1.5922972056208944, -1.594607938353325, -1.5968444500784256, -1.599010769326602, -1.6011105342988792, -1.603147039723281, -1.6051232795549155, -1.60704198533938, -1.6089056602618497, -1.6107166090495193, -1.612476963990798, -1.6141887073930021, -1.6158536908287806, -1.6174736515287036, -1.6190502262688127, -1.6205849630836393, -1.6220793311089667, -1.6235347288310864, -1.6249524909883066, -1.6263338943414292, -1.6276801625012103, -1.6289924699749783, -1.6302719455700052, -1.631519675270762, -1.6327367046874364, -1.633924041157501, -1.6350826555675106, -1.6362134839504008, -1.6373174289035692, -1.6383953608641675, -1.6394481192709345, -1.640476513636314, -1.6414813245472908, -1.642463304609708, -1.6434231793473095, -1.644361648064563, -1.6452793846796985, -1.6461770385331016, -1.6470552351746905, -1.647914577133007, -1.6487556446677702, -1.6495789965070553, -1.6503851705699857, -1.65117468467526, -1.651948037235648, -1.6527057079383223, -1.653448158411093, -1.6541758328741158, -1.6548891587768904, -1.6555885474202032, -1.6562743945629157, -1.6569470810130904, -1.6576069732035161, -1.6582544237512087, -1.6588897720010245, -1.6595133445530543, -1.6601254557738958, -1.6607264082918192, -1.6613164934759364, -1.661895991899215, -1.6624651737857774, -1.6630242994426006, -1.6635736196756015, -1.664113376190664, -1.6646438019795333, -1.6651651216912873, -1.6656775519892169, -1.6661813018938274, -1.6666765731120456, -1.6671635603532218, -1.6676424516319885, -1.6681134285586154, -1.6685766666171744, -1.6690323354316612, -1.669480599020908, -1.669921616042146, -1.6703555400240642, -1.6707825195893502, -1.6712026986674084, -1.6716162166973512, -1.6720232088219311, -1.6724238060723795, -1.6728181355448475, -1.673206320568692, -1.6735884808667387, -1.6739647327082323, -1.6743351890543758, -1.6746999596971115, -1.6750591513912043, -1.6754128679800273, -1.6757612105153772, -1.6761042773714143, -1.6764421643531504, -1.676774964799769, -1.6771027696826744, -1.6774256676991555, -1.6777437453611284, -1.67805708707978, -1.6783657752459624, -1.6786698903067099, -1.6789695108380451, -1.6792647136141392, -1.6795555736732553, -1.6798421643802224, -1.680124557486161, -1.6804028231850698, -1.6806770301678262, -1.6809472456734391, -1.6812135355379298, -1.6814759642408064, -1.681734594949325, -1.6819894895606355, -1.6822407087419307, -1.6824883119686316, -1.6827323575609108, -1.6829729027183236, -1.6832100035530257, -1.683443715121229, -1.6836740914534931, -1.6839011855833141, -1.6841250495747035, -1.6843457345483601, -1.6845632907067554, -1.6847777673581041, -1.6849892129392008, -1.685197675037483, -1.6854032004119055, -1.685605835013132, -1.6858056240027877, -1.6860026117719176, -1.686196841958769, -1.686388357465794, -1.6865772004759936, -1.686763412468687, -1.686947034234614, -1.687128105890519, -1.687306666893094, -1.6874827560526355, -1.6876564115459143, -1.6878276709289155, -1.6879965711488325]}