{"FCI": -1.9992515544331673, "Energy": -1.9667429168871464, "Loss": [0.9262754775766482, 0.5322341412064066, 0.2547535281968509, 0.05334516358677876, -0.1088813937994812, -0.25001247271922333, -0.3762998999025531, -0.48936771847049193, -0.5898501425930608, -0.678640760600002, -0.7570085568468616, -0.826353969621143, -0.8879797155846815, -0.9429844152679071, -0.9922564833293581, -1.0365145745904891, -1.0763552066095283, -1.1122900528579713, -1.1447698727523217, -1.174198097859014, -1.2009381127682457, -1.2253173285465597, -1.2476299104933204, -1.2681390876566097, -1.2870794129972924, -1.3046590623521177, -1.3210621448024686, -1.3364509656342303, -1.3509681879186393, -1.3647388551989188, -1.3778722547638678, -1.3904636145327909, -1.402595635956093, -1.4143398711365587, -1.425757955518592, -1.4369027088393072, -1.447819117254429, -1.4585452091163875, -1.4691128360978452, -1.4795483704118624, -1.489873327889185, -1.5001049256931385, -1.510256582514359, -1.5203383682036837, -1.530357408977894, -1.5403182535705973, -1.5502232049985283, -1.5600726219717136, -1.5698651933936805, -1.5795981888724149, -1.5892676876968204, -1.5988687883216173, -1.6083958000482168, -1.6178424182852003, -1.6272018845192817, -1.6364671319221078, -1.645630917355249, -1.6546859404140835, -1.6636249500632463, -1.6724408393597738, -1.6811267287289764, -1.6896760382476976, -1.6980825493957594, -1.7063404567543468, -1.71444441015529, -1.7223895478148532, -1.7301715210156001, -1.7377865109285178, -1.7452312381911885, -1.752502965876561, -1.7595994964984532, -1.766519163703623, -1.7732608192972357, -1.7798238162367122, -1.7862079882114243, -1.7924136264005734, -1.798441453971208, -1.8042925988442464, -1.8099685652167714, -1.8154712042885819, -1.8208026845979781, -1.8259654623279642, -1.830962251901192, -1.8357959971391389, -1.8404698432198057, -1.844987109629697, -1.8493512642682997, -1.8535658988302544, -1.8576347055583404, -1.861561455432642, -1.8653499778361649, -1.8690041417148995, -1.8725278382308057, -1.8759249648900382, -1.8791994111147279, -1.8823550452149176, -1.8853957027084098, -1.8883251759286532, -1.89114720485567, -1.893865469101032, -1.8964835809758058, -1.8990050795685511, -1.9014334257612822, -1.9037719981110055, -1.90602408952681, -1.9081929046738142, -1.9102815580383687, -1.9122930725912712, -1.9142303789894026, -1.9160963152587949, -1.9178936269065656, -1.9196249674114663, -1.9212928990471614, -1.9228998939952902, -1.9244483357089122, -1.925940520489923, -1.927378659247483, -1.9287648794071133, -1.9301012269432727, -1.9313896685103475, -1.9326320936503232, -1.93383031705671, -1.9349860808773467, -1.936101057040159, -1.9371768495881003, -1.938214997010949, -1.9392169745635677, -1.9401841965610043, -1.9411180186431771, -1.9420197400016863, -1.9428906055637123, -1.9437318081278476, -1.9445444904482967, -1.945329747264197, -1.9460886272717002, -1.9468221350371497, -1.9475312328499108, -1.9482168425141715, -1.9488798470793747, -1.9495210925092505, -1.9501413892897679, -1.950741513976468, -1.951322210682297, -1.9518841925064863, -1.952428142906081, -1.9529547170111234, -1.9534645428850466, -1.953958222731705, -1.9544363340505702, -1.954899430741756, -1.9553480441625928, -1.9557826841371917, -1.9562038399207982, -1.9566119811207219, -1.9570075585752318, -1.9573910051921932, -1.957762736749228, -1.9581231526565872, -1.9584726366847072, -1.958811557657706, -1.9591402701142613, -1.9594591149376182, -1.9597684199557022, -1.9600685005129221, -1.960359660015059, -1.9606421904481142, -1.9609163728727697, -1.9611824778952456, -1.9614407661159494, -1.9616914885567174, -1.9619348870679834, -1.9621711947165326, -1.9624006361550745, -1.9626234279742392, -1.9628397790380705, -1.9630498908038052, -1.9632539576265466, -1.963452167049876, -1.9636447000826829, -1.9638317314634421, -1.9640134299119314, -1.9641899583697127, -1.964361474229196, -1.964528129552539, -1.964690071280385, -1.964847441431284, -1.965000377291939, -1.9651490115991352, -1.9652934727133802, -1.9654338847849304, -1.9655703679123482, -1.9657030382943317, -1.9658320083746337, -1.965957386980945, -1.9660792794575246, -1.9661977877923973, -1.966313010738981, -1.9664250439325506, -1.9665339800018649, -1.9666399086760395]}