{"FCI": -2.0328647904561175, "Energy": -1.981470691982092, "Loss": [2.043408448574606, 1.8858203023684372, 1.7682789919826816, 1.6688805440983894, 1.5805079409163028, 1.4998198216618572, 1.4249407525097963, 1.354698492072106, 1.288305199728299, 1.22520277018921, 1.164979545434229, 1.1073218291483962, 1.051983878265594, 0.9987683732322172, 0.9475131642705166, 0.8980819877490145, 0.8503578837240002, 0.8042386214604801, 0.7596336587705522, 0.7164621364878121, 0.6746514328122589, 0.6341360003391375, 0.5948563746617583, 0.5567582848959866, 0.5197918194630687, 0.48391064263147504, 0.4490712835755272, 0.4152325251983789, 0.38235491933863514, 0.35040045027270406, 0.31933235847090824, 0.2891151240432431, 0.25971459332353564, 0.23109820654420749, 0.20323524700510337, 0.17609699327127748, 0.14965663985138872, 0.1238888797762826, 0.09876911021373105, 0.07427229874808125, 0.05037161564807523, 0.02703705590773912, 0.004234582194429917, -0.01807330027474561, -0.03992517538306232, -0.061358132621683104, -0.08240694247323313, -0.10310473139899934, -0.12348388132804584, -0.14357664348590887, -0.16341552981678764, -0.18303360783056533, -0.20246475442860826, -0.22174387469253115, -0.240907073043109, -0.25999176293595133, -0.2790367058802478, -0.2980819719922621, -0.31716880639852835, -0.3363393680908647, -0.35563628492095023, -0.37510194674725394, -0.3947774477736469, -0.41470110560268236, -0.43490654897828973, -0.4554204881206585, -0.4762604422908149, -0.4974328421637673, -0.5189319589097626, -0.5407399556316828, -0.5628280382691264, -0.5851583799772447, -0.6076863778393862, -0.6303628767249652, -0.6531361464901675, -0.6759535303026079, -0.6987627640502417, -0.7215130063030728, -0.7441556294264553, -0.7666448172144482, -0.788938001646205, -0.8109961575557066, -0.8327839641389094, -0.8542698400201514, -0.875425865214182, -0.8962276148652375, -0.9166539373351293, -0.9366867064079294, -0.9563105681388274, -0.9755126985854166, -0.9942825938759826, -1.012611920809099, -1.0304944535903446, -1.0479261075461002, -1.0649050598908112, -1.0814319301038329, -1.097509984495485, -1.1131453319691704, -1.1283470872561012, -1.143127488730055, -1.1575019657843666, -1.1714891531346292, -1.1851108457868897, -1.198391879739298, -1.2113599117102345, -1.224045059273273, -1.2364793553919053, -1.2486959756202567, -1.2607282211314392, -1.2726082928271316, -1.2843659667745908, -1.2960273557808062, -1.307613976620201, -1.319142303572602, -1.3306238781475497, -1.3420659076961798, -1.3534721833962173, -1.3648441164826164, -1.376181723488449, -1.3874844533974162, -1.3987518096506222, -1.4099837612141994, -1.4211809577004737, -1.4323447699283154, -1.443477177701293, -1.454580524130446, -1.4656571793519202, -1.4767089898748973, -1.4877363767856637, -1.4987279504067492, -1.5095562721476143, -1.5203931053779145, -1.5312483320295098, -1.542105827717228, -1.5528969900762077, -1.5636228012785613, -1.5742786135190054, -1.5848567429954457, -1.5953566501604388, -1.6057645833148797, -1.6161140117253079, -1.6263819806362048, -1.6365760200008972, -1.646660171298489, -1.656631101937922, -1.6664735050687498, -1.676186049626754, -1.6857669490250045, -1.6952301221346109, -1.7045741637136, -1.7138011436826557, -1.7228757009427207, -1.7317738884989755, -1.74051514151537, -1.749142978136893, -1.7577369764941295, -1.766164335076084, -1.7744228761902903, -1.782498531943248, -1.7904002445465246, -1.7981286239385388, -1.8056785685493546, -1.8130554864949504, -1.8202616890878807, -1.8273248698219264, -1.8342561335525116, -1.8410580244242998, -1.8477067727611516, -1.854191603047386, -1.8605007647595198, -1.866638173723312, -1.8726005799548, -1.87839347119265, -1.8840135457781413, -1.889466876245265, -1.8947512211448179, -1.8998745641899577, -1.9048278439290542, -1.909576620267383, -1.9140801030409675, -1.9187103495083535, -1.9232784678874117, -1.9276044206952887, -1.9317097615294287, -1.9356351038608013, -1.9393902543506278, -1.9430058877012137, -1.9464904037169912, -1.949881589527442, -1.9531588977648755, -1.9563217099272536, -1.959359977663992, -1.9622816579976283, -1.9651041966631133, -1.9678116395765424, -1.9704012472664016, -1.9728637373332645, -1.9752004602286604, -1.9774120668039668, -1.9794987613982946]}