{"FCI": -2.1742436774111105, "Energy": -1.8274470668348877, "Loss": [-0.32908990724277143, -0.37291718472286256, -0.4003980883373361, -0.42218688257955866, -0.4412158762622027, -0.45861757017348376, -0.4749808403162465, -0.4906546031568008, -0.5058662372399318, -0.5207781069025634, -0.535514489015585, -0.5501750142992818, -0.5648414059972109, -0.5795804546160702, -0.5944448171954421, -0.6094727211052396, -0.6246876047793452, -0.6400986709043377, -0.6557028221082809, -0.6714877027832641, -0.6874351242409331, -0.7035241949231568, -0.7197337738345851, -0.7360441238749911, -0.7524377646573653, -0.7688995832710415, -0.7854163621293334, -0.8019760075512552, -0.8185667505981697, -0.8351764167787278, -0.8517917706278852, -0.8683980540704909, -0.8849789154315585, -0.9015167800227121, -0.9179934939264884, -0.9343910006706035, -0.9506918926666059, -0.9668797913817287, -0.982939574947518, -0.9988574888993993, -1.0146211704303427, -1.0302196074138483, -1.0456430478381062, -1.060882874118351, -1.0759314582804085, -1.0907820156626395, -1.1054284741721625, -1.1198653718675455, -1.1340877879814955, -1.1480913035395586, -1.1618719806615, -1.1754263470643178, -1.1887513747045229, -1.2018444471582874, -1.2147033165792858, -1.2273260557841714, -1.239711013237918, -1.251856778454325, -1.263762163143233, -1.2754262001379302, -1.286848158630487, -1.2980275713675131, -1.3089642677891513, -1.3196584068185173, -1.3301105039226886, -1.3403214487280117, -1.3502925113892188, -1.3600253376918965, -1.3695219342885747, -1.378784646448591, -1.3878161312603916, -1.3966193294210578, -1.40519743865091, -1.41355389144492, -1.4216923393619367, -1.4296166453798616, -1.4373308849922577, -1.4448393556428534, -1.4521465927434993, -1.459257388924784, -1.466176811495038, -1.4729102116727542, -1.4794632184809224, -1.4858417107258448, -1.4920517625477334, -1.4980995616091792, -1.5039913035768302, -1.5097330711454855, -1.515330709154402, -1.5207897082616446, -1.5261151078772455, -1.5313114255002473, -1.5363826157919966, -1.5413320611498755, -1.5461625898524496, -1.5508764705574596, -1.5554713448664073, -1.5598305534411225, -1.564029910714402, -1.5683943345585973, -1.572603971255585, -1.576665322365956, -1.5805966465190615, -1.5844238106428148, -1.5881481648150149, -1.5917778617327805, -1.5953127447999398, -1.5987582578589266, -1.6021142193677962, -1.6053851413095095, -1.608568499690228, -1.6116658467022495, -1.614668710611053, -1.6175923301355652, -1.62045750329021, -1.6233030185124673, -1.6260928358359419, -1.628829214729583, -1.631496427377586, -1.6341104498313601, -1.63666818775427, -1.6391803694606202, -1.641643831524322, -1.6440659676400373, -1.646442132106552, -1.6487800706711135, -1.6510754504013898, -1.6533445651018948, -1.655584301576697, -1.6578109969035095, -1.660009341446838, -1.6621869577217512, -1.664331246652734, -1.6664508671413736, -1.66853938109012, -1.6706049469661013, -1.6726430173805684, -1.6746609718376537, -1.6766533500012426, -1.678618911636119, -1.6805415594092852, -1.6825085334397063, -1.684506710682792, -1.6864976730186119, -1.6884734141236852, -1.6904459523063857, -1.6924177504194624, -1.6943958975124613, -1.6963817934186824, -1.6983805511545704, -1.7003935896542484, -1.7024243992093568, -1.70447502212052, -1.7065490711295908, -1.708652188759024, -1.7107889670639138, -1.712961098238118, -1.7151644843776577, -1.7173964095702272, -1.7196535253826026, -1.7219354902144888, -1.7242406363826575, -1.7265690994702054, -1.7289193884235727, -1.7312916347992666, -1.733684692722507, -1.7360991476370198, -1.738534697207439, -1.740992035260596, -1.7434703911449163, -1.7459692142687564, -1.7484864218783125, -1.7510216539026233, -1.7535736072624695, -1.7561424452979475, -1.758727629812466, -1.7613264227823797, -1.763938147773406, -1.7665595752548555, -1.76919260481197, -1.7718342986449522, -1.774488757890162, -1.7771525469601688, -1.779830985789574, -1.7825196857493981, -1.785223865642116, -1.7879384674623011, -1.7906679701669186, -1.793407485936378, -1.796161104285604, -1.798924756461612, -1.8017029218693141, -1.804492403164146, -1.807298519081752, -1.810118495458019, -1.8129582765582746, -1.8158147361109558, -1.8186935107479605, -1.8215904349076073, -1.8245099784204823]}