{"FCI": -2.161571884135796, "Energy": -2.1295427733611243, "Loss": [-0.46583079570214414, -0.5553666274143827, -0.6209392811854337, -0.6757833036161147, -0.7242260194914644, -0.7683439200848208, -0.8093529815484294, -0.8480447019392738, -0.8849380127314976, -0.9203597937469449, -0.9545190005220189, -0.9875604875077729, -1.0195932171969704, -1.0507028701606929, -1.080957341140631, -1.1104096432984818, -1.1391004014504498, -1.1670605603352338, -1.194314032737146, -1.2208798928518336, -1.2467739871643437, -1.272010047936727, -1.2966004495509609, -1.3205567206346962, -1.34388988349866, -1.3666106626736478, -1.3887295898378935, -1.4102570302215152, -1.4312031607437548, -1.4515779361199472, -1.4713910787789855, -1.4906521170754583, -1.5093704759639583, -1.527555603964292, -1.5452171098054879, -1.562364884807644, -1.5790091978448888, -1.5951607608483438, -1.610830769488823, -1.6260309255207548, -1.6407734462157084, -1.6550710643550022, -1.668937020418365, -1.6823850470408874, -1.6954293442146366, -1.7080845417126846, -1.7203656426152623, -1.7322879387724754, -1.7438668862883535, -1.755117928218952, -1.766056255020355, -1.7766965033200408, -1.7870524110486448, -1.797136468396201, -1.8069596207718965, -1.8165310812001279, -1.825858289923221, -1.8349470243504473, -1.8438016281498142, -1.852425308694163, -1.8608204518095988, -1.8689889160382227, -1.8769322858040043, -1.8846520769165633, -1.8921498963502001, -1.899427562050302, -1.9064871895973712, -1.9133312525574753, -1.919962623145415, -1.9263845995475735, -1.932600925416077, -1.9386158047412856, -1.944433910638311, -1.9500603798807308, -1.9555007795477009, -1.9607610333735013, -1.9658473049464795, -1.9707658467325129, -1.9755228324008922, -1.9801241969325947, -1.9845755142812591, -1.9888819376340385, -1.9930482082928616, -1.9970787157187608, -2.0009775785314283, -2.0047487195814293, -2.008395920880737, -2.0119228566021876, -2.015333109518264, -2.0186301781490834, -2.021817480694058, -2.024898359665221, -2.027876088414367, -2.0307538717846514, -2.033534565296821, -2.0362122257394453, -2.038772337472729, -2.041297198820379, -2.043731937005509, -2.0460739316182353, -2.0483266144954144, -2.050489573844435, -2.0525614986821052, -2.054563402861477, -2.056524140402173, -2.0584400953704693, -2.060288223744202, -2.0620652491309865, -2.063774749314259, -2.065421885699515, -2.067010139202493, -2.0685425551266854, -2.070021082569101, -2.0714477901374573, -2.072823759539923, -2.074151875509201, -2.075435358928338, -2.076683357960744, -2.077899552114984, -2.0790868898349424, -2.0802397048180072, -2.081357844186685, -2.0824400902097073, -2.0834892643311655, -2.084506170999283, -2.0854936151430428, -2.0864522992877608, -2.0873850289922373, -2.088292411475109, -2.089177866012753, -2.090042259673452, -2.090890336616092, -2.091722552500792, -2.092542371477189, -2.0933482136624986, -2.0941425404723266, -2.0949243527323707, -2.0956965691164724, -2.0964581469328336, -2.097211334758267, -2.0979540417730718, -2.098687610223223, -2.099405367312668, -2.1001070728584885, -2.1007975126227967, -2.1015105031777592, -2.102237428118073, -2.1029671680403674, -2.10367960423704, -2.1043798082221765, -2.105064916645385, -2.105740554720759, -2.106402988474551, -2.1070574305877807, -2.107703461303734, -2.108347036124951, -2.1089790483376625, -2.109599115047001, -2.110197100474064, -2.1107763505860078, -2.111345486531419, -2.1119434123089116, -2.1125504565848803, -2.113153186252239, -2.1137319897603626, -2.1142920849285693, -2.1148291244209343, -2.11534747179944, -2.1158498445241527, -2.1163581456343716, -2.1168766884518075, -2.117399986771079, -2.1178974705110836, -2.1183591414208354, -2.118774317703112, -2.1191783720833026, -2.1196714963602004, -2.1201906130530817, -2.1206909947473727, -2.121164886314718, -2.121618977994491, -2.1220603238511537, -2.122489922831681, -2.122911567588078, -2.123323478897078, -2.1237278021123527, -2.1241238295345406, -2.12451484831224, -2.1249075736022793, -2.1253065882044204, -2.125717055334773, -2.126130915164039, -2.1265445760052124, -2.1269504158328463, -2.127348520126086, -2.127736309865251, -2.1281155523749336, -2.128484597326833, -2.128845588607966, -2.1291971113217354]}